step,train_loss,train_bpc,avg_val_loss,avg_val_bpc,step_time_ms,peak_memory_mb
1,8.8607816696167,12.783405773155842,,,,
2,8.450857162475586,12.192009719564505,,,,
3,8.121389389038086,11.716688196693495,,,,
4,7.856558799743652,11.334618418842714,,,,
5,7.653108596801758,11.04110181999059,,,,
6,7.491147041320801,10.80744068708355,,,,
7,7.3895440101623535,10.660858497891972,,,,
8,7.237534523010254,10.441555164609563,,,,
9,7.198858261108398,10.385757113363633,,,,
10,7.09792423248291,10.240140090808696,,,,
11,7.019969940185547,10.127675819895282,,,,
12,6.9321136474609375,10.0009259820706,,,,
13,6.84450101852417,9.874527676784279,,,,
14,6.836216449737549,9.862575570479917,,,,
15,6.743480682373047,9.728786138790118,,,,
16,6.664773941040039,9.615236313384457,,,,
17,6.5806732177734375,9.493904616992555,,,,
18,6.5604963302612305,9.46479552143812,,,,
19,6.432526111602783,9.280173521598103,,,,
20,6.4537835121154785,9.310841467899959,,,,
21,6.357799530029297,9.17236585293945,,,,
22,6.3142499923706055,9.109537150926247,,,,
23,6.309591293334961,9.10281606893053,,,,
24,6.287741661071777,9.071293712819188,,,,
25,6.23021125793457,8.988294885512795,,,,
26,6.163235664367676,8.891669528813242,,,,
27,6.120344161987305,8.829790171032803,,,,
28,6.193655490875244,8.935556061660414,,,,
29,6.0765910148620605,8.766667722651928,,,,
30,6.1146240234375,8.821537755513802,,,,
31,6.13203239440918,8.8466527259846,,,,
32,6.093806266784668,8.791504081228329,,,,
33,6.021753311157227,8.687553639463227,,,,
34,6.074843406677246,8.764146456990279,,,,
35,6.022461891174316,8.688575904339954,,,,
36,5.9528350830078125,8.588125653485212,,,,
37,5.99886417388916,8.65453159463636,,,,
38,5.998103618621826,8.653434345323856,,,,
39,5.929306507110596,8.554181093719118,,,,
40,5.99025821685791,8.642115823105271,,,,
41,6.054643630981445,8.735004340766878,,,,
42,5.960241794586182,8.59881127954862,,,,
43,5.929332733154297,8.554218929902309,,,,
44,5.99787712097168,8.653107578287216,,,,
45,5.945358753204346,8.5773395895537,,,,
46,5.900785446166992,8.51303390053489,,,,
47,5.971702575683594,8.61534569160257,,,,
48,5.906305313110352,8.52099738520044,,,,
49,5.883175849914551,8.487628623349435,,,,
50,5.829327583312988,8.409941996162894,,,,
51,5.919017791748047,8.539337615088451,,,,
52,5.8810834884643555,8.48460998386149,,,,
53,5.85286283493042,8.443896186957437,,,,
54,5.954832077026367,8.591006706852466,,,,
55,5.931138038635254,8.556823435166974,,,,
56,5.835715293884277,8.419157514526727,,,,
57,5.866759300231934,8.463944548533815,,,,
58,5.953758239746094,8.589457487133494,,,,
59,5.953156471252441,8.588589318711938,,,,
60,5.914149284362793,8.532313843627213,,,,
61,5.888988494873047,8.496014497405506,,,,
62,5.921197414398193,8.542482145876827,,,,
63,5.909617900848389,8.525776439102616,,,,
64,5.888232231140137,8.494923439468431,,,,
65,5.8227643966674805,8.40047331933699,,,,
66,5.810412406921387,8.382653164985191,,,,
67,5.814464092254639,8.388498511322716,,,,
68,5.855226993560791,8.447306946889348,,,,
69,5.811959266662598,8.384884811862786,,,,
70,5.879745960235596,8.48268033851881,,,,
71,5.853457450866699,8.44475403641994,,,,
72,5.875481128692627,8.476527487201542,,,,
73,5.796202659606934,8.362152833002344,,,,
74,5.872949600219727,8.47287526362782,,,,
75,5.8458251953125,8.4337430191811,,,,
76,5.815799236297607,8.39042471701238,,,,
77,5.817728519439697,8.393208084233942,,,,
78,5.893357276916504,8.502317317594326,,,,
79,5.828481674194336,8.408721607272371,,,,
80,5.8382062911987305,8.422751263999157,,,,
81,5.980241298675537,8.627664464918572,,,,
82,5.797539710998535,8.36408179041442,,,,
83,5.858630657196045,8.452217395536783,,,,
84,5.9115095138549805,8.528505459806507,,,,
85,5.871061325073242,8.470151058438153,,,,
86,5.908254623413086,8.523809645507349,,,,
87,5.8751325607299805,8.47602460993042,,,,
88,5.816652297973633,8.391655424861954,,,,
89,5.843507766723633,8.430399676448326,,,,
90,5.903643608093262,8.517157356571976,,,,
91,5.906250476837158,8.520918273181044,,,,
92,5.854179382324219,8.445795563353565,,,,
93,5.855329513549805,8.44745485196909,,,,
94,5.855318069458008,8.447438341634607,,,,
95,5.834466934204102,8.417356512206892,,,,
96,5.890695095062256,8.498476601035257,,,,
97,5.794988632202148,8.360401361685957,,,,
98,5.819805145263672,8.396204022011974,,,,
99,5.916134357452393,8.535177698729381,,,,
100,5.812902450561523,8.386245538596413,,,,
101,5.880432605743408,8.48367095858778,,,,
102,5.8499755859375,8.43973076715354,,,,
103,5.9131622314453125,8.53088982727807,,,,
104,5.891411781311035,8.499510560732245,,,,
105,5.784448623657227,8.345195343627271,,,,
106,5.706452369689941,8.232670534820752,,,,
107,5.854914665222168,8.446856352344087,,,,
108,5.790043354034424,8.353266833397564,,,,
109,5.837653160095215,8.421953264499153,,,,
110,5.820786476135254,8.397619783193875,,,,
111,5.881448745727539,8.485136938703734,,,,
112,5.800014495849609,8.367652150246332,,,,
113,5.791471481323242,8.3553271855549,,,,
114,5.808714866638184,8.380204132036905,,,,
115,5.9115190505981445,8.528519218418577,,,,
116,5.821474075317383,8.398611779124053,,,,
117,5.804906368255615,8.374709630307139,,,,
118,5.864402770996094,8.46054479549156,,,,
119,5.802954196929932,8.37189324241661,,,,
120,5.7959208488464355,8.361746266015704,,,,
121,5.834004878997803,8.416689907452147,,,,
122,5.854015827178955,8.445559603156582,,,,
123,5.851454734802246,8.441864727885445,,,,
124,5.759200572967529,8.308770106105131,,,,
125,5.843620777130127,8.430562716001345,,,,
126,5.942297458648682,8.572923075079544,,,,
127,5.871215343475342,8.470373260023068,,,,
128,5.829130172729492,8.409657192893066,,,,
129,5.7806267738342285,8.33968157984061,,,,
130,5.821952819824219,8.399302461449917,,,,
131,5.795653820037842,8.361361024877771,,,,
132,5.8359856605529785,8.419547571178883,,,,
133,5.858173847198486,8.451558358018676,,,,
134,5.82487678527832,8.40352085191028,,,,
135,5.817543029785156,8.3929404792292,,,,
136,5.769742488861084,8.323978875886231,,,,
137,5.750751972198486,8.296581351673183,,,,
138,5.762494087219238,8.313521642783169,,,,
139,5.752333641052246,8.298863217484831,,,,
140,5.790855407714844,8.354438379215242,,,,
141,5.816718101501465,8.39175035928523,,,,
142,5.8421173095703125,8.428393670808664,,,,
143,5.743916988372803,8.286720554403313,,,,
144,5.829360485076904,8.409989463374533,,,,
145,5.76458740234375,8.31654165813232,,,,
146,5.797503471374512,8.364029507688558,,,,
147,5.770724296569824,8.325395324998738,,,,
148,5.844664096832275,8.432067908161697,,,,
149,5.823643684387207,8.401741863369756,,,,
150,5.7683000564575195,8.321897885810792,,,,
151,5.834129333496094,8.416869457339647,,,,
152,5.779155254364014,8.337558625998359,,,,
153,5.797172546386719,8.363552083849763,,,,
154,5.814372539520264,8.388366428646853,,,,
155,5.779926300048828,8.33867100978414,,,,
156,5.76323127746582,8.314585183496105,,,,
157,5.784839153289795,8.345758758791497,,,,
158,5.822841167449951,8.400584076164147,,,,
159,5.79676628112793,8.362965966975624,,,,
160,5.791456699371338,8.355305859706194,,,,
161,5.79308557510376,8.357655830647584,,,,
162,5.7757368087768555,8.332626851502217,,,,
163,5.832027435302734,8.413837059239635,,,,
164,5.699376583099365,8.22246233259614,,,,
165,5.783609390258789,8.343984585765197,,,,
166,5.800459861755371,8.368294677429956,,,,
167,5.837686538696289,8.422001419641393,,,,
168,5.8495588302612305,8.439129515806123,,,,
169,5.882289886474609,8.486350448288222,,,,
170,5.754302978515625,8.301704370877085,,,,
171,5.777017593383789,8.334474633103087,,,,
172,5.787046432495117,8.348943189554873,,,,
173,5.83771276473999,8.422039255824584,,,,
174,5.775834083557129,8.33276718934532,,,,
175,5.771930694580078,8.32713578942547,,,,
176,5.805434226989746,8.37547116948516,,,,
177,5.73200798034668,8.269539487582119,,,,
178,5.805280685424805,8.375249655830848,,,,
179,5.743716239929199,8.28643093561926,,,,
180,5.778529167175293,8.336655373116027,,,,
181,5.758940696716309,8.308395183926251,,,,
182,5.806453704833984,8.37694196511534,,,,
183,5.7002854347229,8.223773528326317,,,,
184,5.793158531188965,8.357761084029912,,,,
185,5.807600975036621,8.378597126147243,,,,
186,5.720661640167236,8.253170178872995,,,,
187,5.857794761657715,8.451011453188933,,,,
188,5.752730369567871,8.299435575746902,,,,
189,5.710515975952148,8.238533079423364,,,,
190,5.732527732849121,8.27028933193988,,,,
191,5.833461761474609,8.415906354494817,,,,
192,5.792339324951172,8.356579219253183,,,,
193,5.812934875488281,8.386292317877448,,,,
194,5.771816253662109,8.32697068608064,,,,
195,5.709521293640137,8.237098056184564,,,,
196,5.735258102416992,8.274228422575241,,,,
197,5.746809005737305,8.290892853513244,,,,
198,5.779335975646973,8.337819351697068,,,,
199,5.722809791564941,8.256269306241544,,,,
200,5.756643295288086,8.305080734278823,5.789490127563477,8.35246869631144,,
201,5.7433366775512695,8.285883342858913,,,,
202,5.81441068649292,8.38842146309513,,,,
203,5.740607738494873,8.281946316015361,,,,
204,5.770918369293213,8.325675312754342,,,,
205,5.742011547088623,8.28397158371192,,,,
206,5.729896545410156,8.266493330870036,,,,
207,5.799455642700195,8.366845895579088,,,,
208,5.7584404945373535,8.30767354472323,,,,
209,5.798372268676758,8.365282917248047,,,,
210,5.797843933105469,8.364520690139424,,,,
211,5.829170227050781,8.409714979063756,,,,
212,5.7019500732421875,8.226175094062965,,,,
213,5.819353103637695,8.395551863799902,,,,
214,5.833685398101807,8.416228993947835,,,,
215,5.768487930297852,8.322168930468552,,,,
216,5.743188858032227,8.285670084371842,,,,
217,5.724652290344238,8.25892747009328,,,,
218,5.646089553833008,8.14558539972986,,,,
219,5.731956958770752,8.269465879007548,,,,
220,5.743488311767578,8.28610210479081,,,,
221,5.712906837463379,8.241982363469068,,,,
222,5.7427778244018555,8.285077088191667,,,,
223,5.752707481384277,8.299402555077936,,,,
224,5.694670677185059,8.21567314547068,,,,
225,5.62516975402832,8.115404508295248,,,,
226,5.776812553405762,8.334178822943603,,,,
227,5.674729347229004,8.18690388763435,,,,
228,5.648909568786621,8.14965382131867,,,,
229,5.647273540496826,8.14729353141823,,,,
230,5.699061393737793,8.222007610467259,,,,
231,5.745978832244873,8.289695166332635,,,,
232,5.6903767585754395,8.2094783303866,,,,
233,5.695908546447754,8.217459013317239,,,,
234,5.722664833068848,8.256060175338094,,,,
235,5.739019393920898,8.279654819175265,,,,
236,5.721306800842285,8.254100948979465,,,,
237,5.671097755432129,8.181664608158464,,,,
238,5.707748889923096,8.234541018131535,,,,
239,5.7001166343688965,8.223530000892696,,,,
240,5.712508678436279,8.241407941415186,,,,
241,5.631249904632568,8.124176311419856,,,,
242,5.717282772064209,8.24829550261694,,,,
243,5.611887454986572,8.096242201336114,,,,
244,5.74098014831543,8.282483589816657,,,,
245,5.714343070983887,8.244054410446664,,,,
246,5.734414100646973,8.273010785407132,,,,
247,5.6138200759887695,8.099030384071902,,,,
248,5.6598052978515625,8.165373035607532,,,,
249,5.677721977233887,8.191221340101608,,,,
250,5.754580497741699,8.302104746488292,,,,
251,5.6605143547058105,8.166395988414864,,,,
252,5.680400848388672,8.195086134231797,,,,
253,5.711416244506836,8.23983189240268,,,,
254,5.6999053955078125,8.223225247635368,,,,
255,5.772675514221191,8.32821033702806,,,,
256,5.611250400543213,8.095323126049903,,,,
257,5.674321174621582,8.186315019037794,,,,
258,5.666820526123047,8.175493870645507,,,,
259,5.682497024536133,8.198110277164568,,,,
260,5.670551776885986,8.180876927617513,,,,
261,5.665311813354492,8.173317258216187,,,,
262,5.654999732971191,8.15844007098595,,,,
263,5.628113746643066,8.119651791840957,,,,
264,5.634190559387207,8.128418779451339,,,,
265,5.606123924255371,8.087927184132198,,,,
266,5.560394287109375,8.021953263400018,,,,
267,5.744930267333984,8.288182406935647,,,,
268,5.768241882324219,8.32181395827717,,,,
269,5.652000427246094,8.154112987490242,,,,
270,5.652202606201172,8.154404670066105,,,,
271,5.625868320465088,8.116412326629304,,,,
272,5.598180770874023,8.076467636139908,,,,
273,5.6427154541015625,8.140717602779839,,,,
274,5.594122886657715,8.070613346704539,,,,
275,5.54110050201416,7.994118215323175,,,,
276,5.612717628479004,8.097439888516723,,,,
277,5.684756278991699,8.201369692363722,,,,
278,5.704166412353516,8.229372595507808,,,,
279,5.644810676574707,8.143740369851404,,,,
280,5.52330207824707,7.968440517618754,,,,
281,5.649075031280518,8.149892533238068,,,,
282,5.595431804656982,8.072501716211011,,,,
283,5.633644104003906,8.127630410979783,,,,
284,5.635249137878418,8.129945985391,,,,
285,5.617129802703857,8.103805310390456,,,,
286,5.661796569824219,8.168245833807545,,,,
287,5.5770063400268555,8.045919389763053,,,,
288,5.768683433532715,8.322450982015965,,,,
289,5.5510125160217285,8.008418228777115,,,,
290,5.665496826171875,8.173584175290326,,,,
291,5.595975875854492,8.07328664502955,,,,
292,5.685455322265625,8.20237819862838,,,,
293,5.613628387451172,8.098753835969314,,,,
294,5.6126861572265625,8.097394485096896,,,,
295,5.6850152015686035,8.201743238681395,,,,
296,5.654010772705078,8.157013302914393,,,,
297,5.567870140075684,8.032738639400927,,,,
298,5.52401876449585,7.9694744773157415,,,,
299,5.65533447265625,8.158922998269572,,,,
300,5.58234977722168,8.053628340105327,,,,
301,5.596712589263916,8.074349497811882,,,,
302,5.612257480621338,8.096776035484393,,,,
303,5.569101333618164,8.034514876219038,,,,
304,5.597964286804199,8.076155315645941,,,,
305,5.529760360717773,7.977757849711898,,,,
306,5.625734329223633,8.116219018129735,,,,
307,5.513554096221924,7.9543771522924,,,,
308,5.571976184844971,8.038662409827246,,,,
309,5.488966464996338,7.918904698656041,,,,
310,5.6355509757995605,8.130381445462985,,,,
311,5.590120792388916,8.064839545149772,,,,
312,5.529836654663086,7.97786791860845,,,,
313,5.681982517242432,8.197368000043445,,,,
314,5.531435966491699,7.980175237852425,,,,
315,5.506365776062012,7.944006598445373,,,,
316,5.525729656219482,7.971942772320924,,,,
317,5.556658744812012,8.016564015052582,,,,
318,5.637503623962402,8.133198521284118,,,,
319,5.542455673217773,7.996073314098183,,,,
320,5.654890537261963,8.15828253487776,,,,
321,5.564741134643555,8.02822443878108,,,,
322,5.539949417114258,7.992457550846443,,,,
323,5.512621879577637,7.953032247962653,,,,
324,5.529333114624023,7.977141463891205,,,,
325,5.470399856567383,7.89211874474946,,,,
326,5.651001453399658,8.152671772876012,,,,
327,5.518896102905273,7.962084038842865,,,,
328,5.470839500427246,7.892753016765842,,,,
329,5.589784145355225,8.064353866143735,,,,
330,5.557438850402832,8.017689469519828,,,,
331,5.546454429626465,8.001842300138724,,,,
332,5.561866283416748,8.024076905172873,,,,
333,5.545919418334961,8.001070442001653,,,,
334,5.597145080566406,8.074973450869212,,,,
335,5.564929962158203,8.028496859300047,,,,
336,5.554956436157227,8.01410810279826,,,,
337,5.55286169052124,8.011086023657299,,,,
338,5.514316558837891,7.955477153327319,,,,
339,5.527435302734375,7.974403500089469,,,,
340,5.5531816482543945,8.011547625092215,,,,
341,5.428203582763672,7.831242389788853,,,,
342,5.5669050216674805,8.031346267859542,,,,
343,5.52293062210083,7.967904619678666,,,,
344,5.409066200256348,7.803632982949941,,,,
345,5.516866207122803,7.959155518263973,,,,
346,5.537858009338379,7.989440287219706,,,,
347,5.555510520935059,8.01490747815947,,,,
348,5.456259250640869,7.871718162704114,,,,
349,5.460631370544434,7.878025798407158,,,,
350,5.50381326675415,7.940324105925098,,,,
351,5.477782249450684,7.902769286352092,,,,
352,5.455771446228027,7.871014409696783,,,,
353,5.536938667297363,7.988113957016252,,,,
354,5.558913230895996,8.019816550945698,,,,
355,5.493751525878906,7.925808082261674,,,,
356,5.477750301361084,7.902723195001661,,,,
357,5.528972148895264,7.976620700424393,,,,
358,5.513955116271973,7.954955701929903,,,,
359,5.528279781341553,7.975621825188181,,,,
360,5.427396297454834,7.830077723277211,,,,
361,5.567056655883789,8.03156502979144,,,,
362,5.5238776206970215,7.96927084985712,,,,
363,5.476335048675537,7.900681416970618,,,,
364,5.513256549835205,7.953947883595847,,,,
365,5.568869590759277,8.03418054194576,,,,
366,5.5171966552734375,7.959632254172164,,,,
367,5.460378170013428,7.877660507256725,,,,
368,5.5356855392456055,7.986306075390383,,,,
369,5.4735941886901855,7.89672719186198,,,,
370,5.467944145202637,7.888575902141686,,,,
371,5.538227081298828,7.989972745506778,,,,
372,5.480738639831543,7.9070344560934895,,,,
373,5.5011444091796875,7.936473758337582,,,,
374,5.531085014343262,7.979668920928285,,,,
375,5.455806732177734,7.871065316561438,,,,
376,5.563590049743652,8.026563774304348,,,,
377,5.4264373779296875,7.82869429483367,,,,
378,5.394839286804199,7.783107885465371,,,,
379,5.54716157913208,8.002862501223643,,,,
380,5.450072288513184,7.862792263124334,,,,
381,5.4350762367248535,7.841157533576396,,,,
382,5.525361061096191,7.971411001964456,,,,
383,5.482884407043457,7.91013014380902,,,,
384,5.5015082359313965,7.936998649388015,,,,
385,5.523585319519043,7.968849148397204,,,,
386,5.475034713745117,7.898805430215006,,,,
387,5.338691234588623,7.702103368978384,,,,
388,5.464399337768555,7.88346182603563,,,,
389,5.430598735809326,7.834697865209989,,,,
390,5.430619239807129,7.834727446225937,,,,
391,5.578968524932861,8.048750224196255,,,,
392,5.436479568481445,7.843182113342353,,,,
393,5.488933086395264,7.918856543513799,,,,
394,5.503320217132568,7.93961278568113,,,,
395,5.38259220123291,7.765439075846329,,,,
396,5.454272270202637,7.868851555879533,,,,
397,5.521152019500732,7.9653386385277924,,,,
398,5.394338607788086,7.782385558331747,,,,
399,5.4104084968566895,7.805569507598657,,,,
400,5.44591760635376,7.856798323776464,5.466851043701172,7.886998890026335,,
401,5.439877510070801,7.848084306822547,,,,
402,5.475611686706543,7.899637826245182,,,,
403,5.443572521209717,7.8534150810686905,,,,
404,5.422845363616943,7.823512113597872,,,,
405,5.4629364013671875,7.881351254944241,,,,
406,5.404844284057617,7.797542045386985,,,,
407,5.353849411010742,7.723971994931496,,,,
408,5.449108123779297,7.861401267444156,,,,
409,5.457799434661865,7.873940178553261,,,,
410,5.452816009521484,7.866750615816592,,,,
411,5.513506889343262,7.954309047162659,,,,
412,5.426713943481445,7.8290932945836715,,,,
413,5.428849220275879,7.832173847825927,,,,
414,5.422701835632324,7.823305046486233,,,,
415,5.403679847717285,7.795862118853356,,,,
416,5.352564811706543,7.722118709885798,,,,
417,5.542140960693359,7.9956192798999055,,,,
418,5.358277320861816,7.730360118515144,,,,
419,5.366649627685547,7.742438804050541,,,,
420,5.428680896759033,7.831931008322909,,,,
421,5.394115924835205,7.782064294739935,,,,
422,5.388916969299316,7.774563787370506,,,,
423,5.400964736938477,7.791945041997305,,,,
424,5.399991989135742,7.790541663566264,,,,
425,5.502889633178711,7.938991584346214,,,,
426,5.430235862731934,7.834174350020763,,,,
427,5.474140167236328,7.897514872402931,,,,
428,5.484529495239258,7.912503504390927,,,,
429,5.3285369873046875,7.68745388677789,,,,
430,5.403224945068359,7.795205833057664,,,,
431,5.342156410217285,7.707102560673665,,,,
432,5.469585418701172,7.890943759278765,,,,
433,5.284587860107422,7.624048698918997,,,,
434,5.396677017211914,7.7857591700110715,,,,
435,5.395094871520996,7.78347661626882,,,,
436,5.4838056564331055,7.911459225734888,,,,
437,5.364501953125,7.7393403646125964,,,,
438,5.279317378997803,7.61644500195905,,,,
439,5.336935043334961,7.699569720565873,,,,
440,5.385901927947998,7.7702140021648844,,,,
441,5.358441352844238,7.730596766642731,,,,
442,5.398591041564941,7.788520523453325,,,,
443,5.365191459655762,7.7403351122651864,,,,
444,5.387765884399414,7.772903122893775,,,,
445,5.321633338928223,7.677494027501123,,,,
446,5.389734268188477,7.775742900424822,,,,
447,5.296401023864746,7.641091491688898,,,,
448,5.441468238830566,7.85037924331566,,,,
449,5.428029537200928,7.830991295118594,,,,
450,5.3691935539245605,7.746108913819953,,,,
451,5.28595495223999,7.626020995959092,,,,
452,5.391861438751221,7.7788117588468175,,,,
453,5.379924774169922,7.761590792050623,,,,
454,5.432079792022705,7.836834577664309,,,,
455,5.373863220214844,7.7528458182195505,,,,
456,5.337874889373779,7.7009256317852754,,,,
457,5.265938758850098,7.597143733018019,,,,
458,5.373287200927734,7.752014798050582,,,,
459,5.336286544799805,7.69863413494518,,,,
460,5.4180908203125,7.81665275755086,,,,
461,5.2892889976501465,7.630831006738423,,,,
462,5.489083290100098,7.919073241653886,,,,
463,5.335546970367432,7.697567154579227,,,,
464,5.301976203918457,7.649134776304449,,,,
465,5.55198860168457,8.00982642272238,,,,
466,5.376582622528076,7.756769086451033,,,,
467,5.412356376647949,7.808379704113755,,,,
468,5.286377906799316,7.6266311904043524,,,,
469,5.317405700683594,7.671394834770925,,,,
470,5.347970008850098,7.715489810590942,,,,
471,5.362496376037598,7.73644692849448,,,,
472,5.418570041656494,7.817344127807329,,,,
473,5.435727596282959,7.84209724678071,,,,
474,5.350157737731934,7.718646036199576,,,,
475,5.376688003540039,7.756921119114396,,,,
476,5.287984848022461,7.6289495165379835,,,,
477,5.372224807739258,7.750482088666092,,,,
478,5.383383274078369,7.766580352717455,,,,
479,5.339261054992676,7.702925446049509,,,,
480,5.340736389160156,7.705053903336586,,,,
481,5.297874450683594,7.643217197253562,,,,
482,5.346734046936035,7.713706694466796,,,,
483,5.3260698318481445,7.683894533835634,,,,
484,5.278064727783203,7.614637808263784,,,,
485,5.335149765014648,7.696994108386552,,,,
486,5.3590312004089355,7.7314477367992005,,,,
487,5.4074811935424805,7.801346301624069,,,,
488,5.350922107696533,7.719748788956909,,,,
489,5.356386184692383,7.727631785741856,,,,
490,5.307412147521973,7.656977185183794,,,,
491,5.326271057128906,7.68418484055029,,,,
492,5.361883640289307,7.735562937669045,,,,
493,5.392855644226074,7.780246094155014,,,,
494,5.333533763885498,7.694662711571456,,,,
495,5.32264518737793,7.678953816241647,,,,
496,5.277499675750732,7.613822610498694,,,,
497,5.37252140045166,7.750909981501439,,,,
498,5.338544845581055,7.701892174283125,,,,
499,5.333286762237549,7.694306363518868,,,,
500,5.2837066650390625,7.622777403163819,,,,
501,5.343905448913574,7.709625890127124,,,,
502,5.3694891929626465,7.746535430794093,,,,
503,5.273988246917725,7.6087566895348795,,,,
504,5.375647068023682,7.755419366607062,,,,
505,5.236557960510254,7.554756200955768,,,,
506,5.395639419555664,7.784262233017961,,,,
507,5.251830101013184,7.576789242323104,,,,
508,5.213039875030518,7.520826775662949,,,,
509,5.310809135437012,7.66187800280278,,,,
510,5.413177490234375,7.809564320612898,,,,
511,5.420928955078125,7.820747320502601,,,,
512,5.21061897277832,7.517334151989227,,,,
513,5.317773818969727,7.671925917196789,,,,
514,5.353268146514893,7.723133407525888,,,,
515,5.335140228271484,7.696980349774483,,,,
516,5.4047746658325195,7.797441607518881,,,,
517,5.206259250640869,7.511044402481873,,,,
518,5.326596260070801,7.684654009221844,,,,
519,5.302703857421875,7.650184558405316,,,,
520,5.261281490325928,7.590424714814111,,,,
521,5.222099781036377,7.533897457128523,,,,
522,5.374210357666016,7.7533466316988635,,,,
523,5.307446479797363,7.657026716187242,,,,
524,5.1843132972717285,7.479383084388633,,,,
525,5.193549633026123,7.492708300177484,,,,
526,5.374576568603516,7.753874962402314,,,,
527,5.185649871826172,7.481311353870107,,,,
528,5.318735599517822,7.67331347322395,,,,
529,5.377214431762695,7.757680594500606,,,,
530,5.368152618408203,7.744607161312619,,,,
531,5.3214874267578125,7.677283520736467,,,,
532,5.346166610717773,7.71288805704869,,,,
533,5.319934844970703,7.67504361869163,,,,
534,5.343111038208008,7.708479797741774,,,,
535,5.31719970703125,7.671097648750234,,,,
536,5.164806365966797,7.451240531332047,,,,
537,5.263728618621826,7.593955174671023,,,,
538,5.230485916137695,7.54599609265142,,,,
539,5.307808876037598,7.657549543445865,,,,
540,5.384132385253906,7.7676610916954765,,,,
541,5.283722877502441,7.622800792804337,,,,
542,5.308603286743164,7.658695635831215,,,,
543,5.306996822357178,7.656377997628188,,,,
544,5.242890357971191,7.5638919193696,,,,
545,5.193009376525879,7.491928874803773,,,,
546,5.38149356842041,7.7638540837359775,,,,
547,5.189497947692871,7.4868629538399585,,,,
548,5.356442451477051,7.727712961553063,,,,
549,5.2567644119262695,7.583907948207617,,,,
550,5.291625022888184,7.63420117876473,,,,
551,5.351734161376953,7.720920334774586,,,,
552,5.3079423904418945,7.657742164014832,,,,
553,5.251755714416504,7.576681925148965,,,,
554,5.171941757202148,7.461534724882091,,,,
555,5.375065326690674,7.754580091270851,,,,
556,5.338486671447754,7.701808246749504,,,,
557,5.22544002532959,7.538716411005699,,,,
558,5.202644348144531,7.505829200577109,,,,
559,5.201615810394287,7.504345334265465,,,,
560,5.235075950622559,7.552618112640241,,,,
561,5.196498870849609,7.49696315095983,,,,
562,5.261726379394531,7.5910665540671305,,,,
563,5.183370590209961,7.47802304558561,,,,
564,5.21742582321167,7.527154361353494,,,,
565,5.25870418548584,7.586706449902457,,,,
566,5.343000888824463,7.708320885772377,,,,
567,5.310181617736816,7.6609726861286385,,,,
568,5.343381404876709,7.708869854393931,,,,
569,5.332688331604004,7.693443010611537,,,,
570,5.258576393127441,7.586522084500732,,,,
571,5.25618839263916,7.583076928038648,,,,
572,5.231602668762207,7.547607226124702,,,,
573,5.270819664001465,7.604185390674946,,,,
574,5.296135425567627,7.640708314342776,,,,
575,5.268927574157715,7.601455682040451,,,,
576,5.202603816986084,7.505770726475816,,,,
577,5.233899116516113,7.550920299910924,,,,
578,5.206849098205566,7.511895372638342,,,,
579,5.224964618682861,7.538030544194058,,,,
580,5.30840539932251,7.658410144630783,,,,
581,5.216007232666016,7.525107767808226,,,,
582,5.146977424621582,7.425518806069005,,,,
583,5.310433387756348,7.66133591348726,,,,
584,5.148939609527588,7.428349640502207,,,,
585,5.1479082107543945,7.426861646606942,,,,
586,5.209185600280762,7.515266232595253,,,,
587,5.235610008239746,7.553388594916107,,,,
588,5.32921028137207,7.688425244789963,,,,
589,5.236912727355957,7.555268021324736,,,,
590,5.200575351715088,7.502844269688734,,,,
591,5.238247394561768,7.557193539083795,,,,
592,5.172763824462891,7.462720717242441,,,,
593,5.2577972412109375,7.585398005894692,,,,
594,5.256892681121826,7.584093001539946,,,,
595,5.182281970977783,7.476452500017931,,,,
596,5.154034614562988,7.435700179000083,,,,
597,5.181707859039307,7.475624231571376,,,,
598,5.231714725494385,7.547768889816513,,,,
599,5.216853618621826,7.526328844629353,,,,
600,5.273953437805176,7.608706470600827,5.265273666381836,7.596184207412325,,
601,5.163451194763184,7.449285432557039,,,,
602,5.1938652992248535,7.493163710236969,,,,
603,5.215787887573242,7.524791319730639,,,,
604,5.162318229675293,7.447650909443238,,,,
605,5.236519813537598,7.554701166507492,,,,
606,5.151941299438477,7.432680163650932,,,,
607,5.16183614730835,7.446955411603149,,,,
608,5.213531494140625,7.521536032115108,,,,
609,5.140569686889648,7.416274394619827,,,,
610,5.217357635498047,7.5270559872772,,,,
611,5.160513877868652,7.445047780039779,,,,
612,5.210214614868164,7.516750786837501,,,,
613,5.180404186248779,7.47374342930154,,,,
614,5.155533790588379,7.437863032817334,,,,
615,5.175409317016602,7.466537356230388,,,,
616,5.234837532043457,7.552274147338516,,,,
617,5.195110321044922,7.4949598970425795,,,,
618,5.324117660522461,7.681078145945104,,,,
619,5.192070007324219,7.490573651514975,,,,
620,5.181371688842773,7.475139240495943,,,,
621,5.213520050048828,7.5215195217806246,,,,
622,5.224066734313965,7.536735170867759,,,,
623,5.25489616394043,7.581212636103295,,,,
624,5.164379119873047,7.450624145511354,,,,
625,5.284553527832031,7.6239991679155485,,,,
626,5.173759937286377,7.464157804273051,,,,
627,5.233843803405762,7.550840499960923,,,,
628,5.115499496459961,7.380105755212775,,,,
629,5.184922695159912,7.480262259699844,,,,
630,5.107244491577148,7.3681963006058275,,,,
631,5.151843547821045,7.4325391378772245,,,,
632,5.142580032348633,7.419174710043978,,,,
633,5.168431282043457,7.456470179779483,,,,
634,5.224979400634766,7.538051870042765,,,,
635,5.2291364669799805,7.544049249043653,,,,
636,5.206766128540039,7.511775672713342,,,,
637,5.164798736572266,7.451229524442391,,,,
638,5.260302543640137,7.589012393285225,,,,
639,5.102077960968018,7.360742572517434,,,,
640,5.161980628967285,7.447163854575995,,,,
641,5.281801223754883,7.620028432472428,,,,
642,5.096181869506836,7.352236310605759,,,,
643,5.095259189605713,7.350905164888081,,,,
644,5.033369064331055,7.261616588074335,,,,
645,5.206695079803467,7.5116731710534275,,,,
646,5.13332986831665,7.405829544267627,,,,
647,5.100984573364258,7.359165147643719,,,,
648,5.20244026184082,7.505534766278832,,,,
649,5.168126583099365,7.456030592123878,,,,
650,5.26117467880249,7.590270618358938,,,,
651,5.114856719970703,7.379178424759323,,,,
652,5.16003942489624,7.4443632890893445,,,,
653,5.269313335418701,7.602012217898643,,,,
654,5.164335250854492,7.450560855895837,,,,
655,5.097915172576904,7.354736938349304,,,,
656,5.231441497802734,7.5473747055807365,,,,
657,5.121399879455566,7.388618208499881,,,,
658,5.336482524871826,7.698916874423198,,,,
659,5.185984134674072,7.481793593223126,,,,
660,5.166274070739746,7.45335798172947,,,,
661,5.217020034790039,7.526568932409957,,,,
662,5.124591827392578,7.393223215959384,,,,
663,5.203725814819336,7.507389427185736,,,,
664,5.210762023925781,7.517540531170263,,,,
665,5.2072014808654785,7.512403753354293,,,,
666,5.167816162109375,7.455582749301031,,,,
667,5.18414306640625,7.4791374931632015,,,,
668,5.154635429382324,7.436566971560432,,,,
669,5.163527488708496,7.449395501453591,,,,
670,5.205406665802002,7.509814382562902,,,,
671,5.02869987487793,7.25488037160534,,,,
672,5.1552324295043945,7.4374282606759525,,,,
673,5.105867385864258,7.36620955702306,,,,
674,5.167139053344727,7.454605887844131,,,,
675,5.130064964294434,7.401119283425797,,,,
676,5.083413124084473,7.333814904906542,,,,
677,5.176297187805176,7.467818283014014,,,,
678,5.116771697998047,7.381941154062783,,,,
679,5.216407775878906,7.5256856295151255,,,,
680,5.184654235839844,7.479874954770101,,,,
681,5.149384021759033,7.428990791824623,,,,
682,5.177698135375977,7.469839423126954,,,,
683,5.272740364074707,7.606956375145647,,,,
684,5.188711166381836,7.485727868344264,,,,
685,5.142416000366211,7.418938061916391,,,,
686,5.1005964279174805,7.358605172132511,,,,
687,5.166585922241211,7.4538078883441266,,,,
688,5.106441497802734,7.367037825469616,,,,
689,5.141781806945801,7.418023114213801,,,,
690,5.270078659057617,7.603116346517183,,,,
691,5.243354320526123,7.564561275846758,,,,
692,5.166879177093506,7.454230965665249,,,,
693,5.073855400085449,7.320026023890965,,,,
694,5.041921615600586,7.273955311377836,,,,
695,5.079657554626465,7.3283967634737595,,,,
696,5.147359848022461,7.426070526412973,,,,
697,5.1958394050598145,7.496011742935257,,,,
698,5.118164539337158,7.383950599355464,,,,
699,5.2382402420043945,7.5571832201247435,,,,
700,5.108869552612305,7.37054076810239,,,,
701,5.146824359893799,7.425297980345297,,,,
702,5.147449970245361,7.426200545297025,,,,
703,5.167235374450684,7.454744849826027,,,,
704,5.070246696472168,7.314819765084046,,,,
705,5.150969505310059,7.4312781610810985,,,,
706,5.122831344604492,7.390683376171442,,,,
707,5.134758472442627,7.407890584355568,,,,
708,5.012495517730713,7.231502425908257,,,,
709,5.15407657623291,7.435760716893187,,,,
710,5.113254547119141,7.376866977931727,,,,
711,5.144052028656006,7.421298351816832,,,,
712,5.183239459991455,7.477833864669661,,,,
713,5.090993404388428,7.344750937709606,,,,
714,5.168335437774658,7.456331905728189,,,,
715,5.141714096069336,7.41792542806811,,,,
716,5.050350189208984,7.28611517272444,,,,
717,5.004739761352539,7.220313234643123,,,,
718,5.109134674072266,7.370923257517909,,,,
719,5.123405456542969,7.391511644617997,,,,
720,5.032144069671631,7.259849294354068,,,,
721,5.056960582733154,7.295651954680085,,,,
722,5.165997505187988,7.452958981979468,,,,
723,5.002657413482666,7.217309041697851,,,,
724,5.093879222869873,7.348914293721693,,,,
725,5.121823310852051,7.389229090875745,,,,
726,5.204168319702148,7.50802782678574,,,,
727,5.075594425201416,7.322534906801752,,,,
728,5.209690093994141,7.5159940631737046,,,,
729,5.131074905395508,7.402576320443907,,,,
730,5.211561679840088,7.51869419079225,,,,
731,5.123327255249023,7.3913988239990305,,,,
732,5.034780025482178,7.2636521747299465,,,,
733,5.124659538269043,7.393320902105073,,,,
734,5.088708877563477,7.341455062188471,,,,
735,5.1318359375,7.4036742576870145,,,,
736,5.097839832305908,7.354628245313958,,,,
737,5.07305908203125,7.318877179783201,,,,
738,4.951353073120117,7.143292524280723,,,,
739,5.0730462074279785,7.318858605656908,,,,
740,5.0569353103637695,7.295615494358102,,,,
741,5.073522090911865,7.319545160399152,,,,
742,5.042315483093262,7.274523542056286,,,,
743,5.1000895500183105,7.3578739019010415,,,,
744,5.116393089294434,7.381394937163643,,,,
745,5.024101257324219,7.248245968865657,,,,
746,5.174039840698242,7.464561619537276,,,,
747,5.0791521072387695,7.327667557034101,,,,
748,5.1474456787109375,7.426194353921594,,,,
749,5.027059078216553,7.252513202398864,,,,
750,5.077986717224121,7.3259862546392664,,,,
751,5.0827226638793945,7.332818781392745,,,,
752,5.129932880401611,7.40092872664864,,,,
753,5.014619827270508,7.234567156746632,,,,
754,5.052711486816406,7.289521805072731,,,,
755,5.139998435974121,7.415450253756893,,,,
756,5.126189708709717,7.395528471411549,,,,
757,5.112116813659668,7.375225575511892,,,,
758,5.144861221313477,7.422465770050889,,,,
759,5.067661285400391,7.311089805352133,,,,
760,5.103630542755127,7.362982474562271,,,,
761,5.102399826049805,7.361206925674763,,,,
762,5.12965202331543,7.400523535523208,,,,
763,5.146942138671875,7.4254678992043495,,,,
764,5.157034397125244,7.440027950426395,,,,
765,5.073057651519775,7.318875115991391,,,,
766,5.025737762451172,7.250606946696701,,,,
767,5.065095901489258,7.307388738705566,,,,
768,5.069713592529297,7.314050658669387,,,,
769,5.066637992858887,7.3096135062771275,,,,
770,5.119499683380127,7.385876805045128,,,,
771,5.075366973876953,7.322206763903906,,,,
772,5.077214241027832,7.324871807061676,,,,
773,4.983493804931641,7.18966179867575,,,,
774,5.047645568847656,7.2822132303416645,,,,
775,5.088744163513184,7.341505969053126,,,,
776,5.061731338500977,7.302534700367614,,,,
777,5.06688928604126,7.309976045705146,,,,
778,5.121531009674072,7.38880738941583,,,,
779,5.035305023193359,7.264409586324347,,,,
780,5.027705192565918,7.253445348366541,,,,
781,5.067668437957764,7.311100124311185,,,,
782,5.06511116027832,7.307410752484876,,,,
783,4.9898834228515625,7.198880068761996,,,,
784,5.015832901000977,7.236317252201812,,,,
785,5.21990442276001,7.530730224630234,,,,
786,5.053679466247559,7.290918304197737,,,,
787,5.022669315338135,7.246180113263493,,,,
788,5.0789794921875,7.327418526155652,,,,
789,5.057448387145996,7.2963557076874155,,,,
790,5.052671432495117,7.2894640189020405,,,,
791,5.062704563140869,7.303938766729258,,,,
792,5.064879417419434,7.307076418211599,,,,
793,5.000968933105469,7.2148730794310305,,,,
794,5.035694122314453,7.264970937696763,,,,
795,5.094172954559326,7.3493380589734185,,,,
796,5.103784561157227,7.363204676147185,,,,
797,5.101997375488281,7.36062631224545,,,,
798,5.161243438720703,7.4461003138630595,,,,
799,5.009820461273193,7.227643135222896,,,,
800,4.96925687789917,7.169122254648506,5.011263084411621,7.229724400470577,,
801,4.990800857543945,7.200203647243036,,,,
802,5.103969573974609,7.363471593221324,,,,
803,5.114231109619141,7.378275859807595,,,,
804,5.1068854331970215,7.367678288861429,,,,
805,5.052553653717041,7.289294100042988,,,,
806,4.958649635314941,7.153819238374733,,,,
807,4.971099376678467,7.171780418500242,,,,
808,5.155113220214844,7.43725627802509,,,,
809,5.117948532104492,7.383638966792101,,,,
810,5.0097808837890625,7.227586036982809,,,,
811,5.106450080871582,7.367050208220478,,,,
812,4.966373443603516,7.1649623382894365,,,,
813,5.005385398864746,7.221244692680195,,,,
814,5.0004377365112305,7.214106724738786,,,,
815,4.963120460510254,7.160269275712692,,,,
816,5.079551696777344,7.328244042879794,,,,
817,4.984701633453369,7.1914043268942915,,,,
818,4.984633445739746,7.191305952817998,,,,
819,5.040754318237305,7.272271257260587,,,,
820,5.038586139678955,7.269143236806695,,,,
821,5.058623313903809,7.298050768694319,,,,
822,5.001672744750977,7.215888465001724,,,,
823,4.912930488586426,7.087860452115828,,,,
824,5.0932135581970215,7.347953942599275,,,,
825,5.000274658203125,7.2138714524724055,,,,
826,5.020085334777832,7.2424522173233905,,,,
827,5.066485404968262,7.309393368484023,,,,
828,5.101778984069824,7.36031124002907,,,,
829,5.027030944824219,7.252472614493261,,,,
830,4.958513259887695,7.153622490222146,,,,
831,4.967337608337402,7.166353333969615,,,,
832,5.097874164581299,7.354677776317407,,,,
833,5.0689849853515625,7.312999500707314,,,,
834,4.9780731201171875,7.181841403575715,,,,
835,5.026092529296875,7.251118767065669,,,,
836,5.0088090896606445,7.2261840344129755,,,,
837,4.954281806945801,7.14751779404712,,,,
838,4.9776458740234375,7.181225017755024,,,,
839,5.042329788208008,7.274544179974391,,,,
840,5.004979133605957,7.220658575806055,,,,
841,5.002932548522949,7.217705977656042,,,,
842,4.933807849884033,7.117980117726734,,,,
843,5.017632007598877,7.238912814368634,,,,
844,5.083193778991699,7.333498456828954,,,,
845,5.056883811950684,7.295541197852929,,,,
846,4.876479148864746,7.035272285065602,,,,
847,4.996783256530762,7.2088344245939355,,,,
848,5.022150039672852,7.245430956836334,,,,
849,4.9765119552612305,7.179589118780016,,,,
850,4.963212013244629,7.160401358388555,,,,
851,5.005936622619629,7.222039940457785,,,,
852,5.038947105407715,7.269664000273507,,,,
853,5.123203754425049,7.391220649972737,,,,
854,5.0449395179748535,7.278309224167079,,,,
855,4.979942321777344,7.184538091541245,,,,
856,5.0676469802856445,7.31106916743403,,,,
857,4.931174278259277,7.114180677003873,,,,
858,4.998177528381348,7.210845933678427,,,,
859,4.870945930480957,7.027289538343155,,,,
860,5.0542521476745605,7.2917445088524815,,,,
861,4.924230575561523,7.104163031556416,,,,
862,4.943637371063232,7.132161119186278,,,,
863,5.095765113830566,7.351635059258342,,,,
864,4.942455291748047,7.130455739220323,,,,
865,5.035399436950684,7.26454579658383,,,,
866,4.976431846618652,7.179473546438636,,,,
867,5.034187316894531,7.262797076989857,,,,
868,4.97727632522583,7.1806918715373484,,,,
869,5.054631233215332,7.292291413682225,,,,
870,5.009810447692871,7.227628688680223,,,,
871,5.046454906463623,7.280495467624847,,,,
872,4.9942426681518555,7.2051691303387475,,,,
873,5.049958229064941,7.285549693768403,,,,
874,4.950138092041016,7.141539677103129,,,,
875,5.015980243682861,7.236529822758278,,,,
876,5.065465927124023,7.307922572853844,,,,
877,5.029702186584473,7.256326401733794,,,,
878,4.995063304901123,7.206353058907287,,,,
879,5.038009166717529,7.268310840776518,,,,
880,4.986741065979004,7.194346606085253,,,,
881,4.958373069763184,7.153420238624731,,,,
882,4.987227439880371,7.195048295300772,,,,
883,5.027287006378174,7.2528420332273145,,,,
884,4.998035430908203,7.210640930358598,,,,
885,4.9493608474731445,7.140418350219503,,,,
886,5.002340316772461,7.216851567846556,,,,
887,4.919294357299805,7.097041573949489,,,,
888,5.019701957702637,7.241899121118215,,,,
889,4.8684587478637695,7.023701292315553,,,,
890,4.985268592834473,7.192222276381795,,,,
891,4.918919563293457,7.096500860495176,,,,
892,4.975241661071777,7.1777564716524225,,,,
893,4.979334831237793,7.183661667952448,,,,
894,4.880993843078613,7.041785612019079,,,,
895,4.939952373504639,7.126844791482807,,,,
896,5.100227355957031,7.35807271384544,,,,
897,5.007359981536865,7.224093413309087,,,,
898,4.835020542144775,6.975460158748535,,,,
899,5.117083549499512,7.38239106067744,,,,
900,4.933400630950928,7.117392624991386,,,,
901,4.9722747802734375,7.173476167437749,,,,
902,4.991016387939453,7.2005145918757965,,,,
903,4.942023754119873,7.129833162024199,,,,
904,4.945643424987793,7.135055243234997,,,,
905,5.058696746826172,7.298156710007251,,,,
906,5.144538879394531,7.4220007289629555,,,,
907,4.96589469909668,7.164271655963571,,,,
908,4.942708969116211,7.130821718301358,,,,
909,4.989266395568848,7.19798988656113,,,,
910,5.01835823059082,7.2399605326776895,,,,
911,4.915867328643799,7.092097416702485,,,,
912,4.986284255981445,7.193687568567146,,,,
913,5.089200019836426,7.342163630710026,,,,
914,4.955705165863037,7.1495712668984215,,,,
915,5.062263488769531,7.3033024309210655,,,,
916,4.958385944366455,7.153438812751024,,,,
917,5.057890892028809,7.296994107287418,,,,
918,4.918485164642334,7.095874155715432,,,,
919,4.911712646484375,7.086103477354614,,,,
920,4.976576328277588,7.179681989411482,,,,
921,4.947702407836914,7.1380257275806995,,,,
922,4.984314918518066,7.190846415174892,,,,
923,5.016009330749512,7.236571786525089,,,,
924,4.925272464752197,7.105666159924957,,,,
925,4.9041748046875,7.075228670375258,,,,
926,5.003033638000488,7.217851818943974,,,,
927,4.979730129241943,7.184231962422709,,,,
928,4.939501762390137,7.126194697062545,,,,
929,5.006441116333008,7.222767771036237,,,,
930,4.958240509033203,7.153228993916972,,,,
931,4.946357250213623,7.136085075348364,,,,
932,4.881783962249756,7.042925513028997,,,,
933,4.96577262878418,7.164095545729087,,,,
934,4.932031631469727,7.115417576228879,,,,
935,4.984330177307129,7.190868428954203,,,,
936,4.979161739349365,7.1834119491433945,,,,
937,4.915775299072266,7.091964646096018,,,,
938,4.948600769042969,7.139321788837602,,,,
939,5.016846179962158,7.2377791047341455,,,,
940,4.880897521972656,7.0416466500371815,,,,
941,4.930526256561279,7.113245779313782,,,,
942,4.984930038452148,7.191733845653345,,,,
943,4.8982744216918945,7.0667162170881515,,,,
944,4.911898612976074,7.0863717702899605,,,,
945,5.094987869262695,7.350513732374717,,,,
946,4.9605817794799805,7.156606733179918,,,,
947,5.022211074829102,7.245519011953576,,,,
948,4.99117374420166,7.200741608974935,,,,
949,5.053152561187744,7.290158140880923,,,,
950,4.9609527587890625,7.157141943189402,,,,
951,4.931508541107178,7.114662916356893,,,,
952,4.872189044952393,7.029082973426352,,,,
953,4.959200382232666,7.154613798221719,,,,
954,5.080344200134277,7.32938738354273,,,,
955,4.916851997375488,7.093517993398612,,,,
956,5.01370906829834,7.23325320929404,,,,
957,4.885051727294922,7.047639901454449,,,,
958,4.978182315826416,7.181998939683906,,,,
959,4.908544063568115,7.0815321784946805,,,,
960,4.937270641326904,7.122975869768997,,,,
961,4.922957420349121,7.102326256845202,,,,
962,4.969404220581055,7.169334825204972,,,,
963,4.9895429611206055,7.198388886311132,,,,
964,4.959347248077393,7.1548256808475825,,,,
965,4.827714920043945,6.964920373973059,,,,
966,4.901257038116455,7.071019223012739,,,,
967,4.869387626647949,7.025041381131076,,,,
968,4.99125862121582,7.200864060622349,,,,
969,4.943211555480957,7.131546797157396,,,,
970,4.910300254821777,7.084065826907191,,,,
971,4.853304386138916,7.001838169807269,,,,
972,4.910959243774414,7.085016547001161,,,,
973,4.896540641784668,7.064214901414003,,,,
974,4.889641761779785,7.0542619214432705,,,,
975,4.882236480712891,7.043578359171673,,,,
976,4.875205993652344,7.033435510354388,,,,
977,4.977033615112305,7.180341714860192,,,,
978,4.914722442626953,7.090445695323599,,,,
979,4.916807651519775,7.09345401585249,,,,
980,4.8992919921875,7.068184260995917,,,,
981,4.888781547546387,7.053020894634645,,,,
982,4.900809288024902,7.070373256176098,,,,
983,4.921462059020996,7.100168906472779,,,,
984,4.814564228057861,6.945947935860477,,,,
985,4.952312469482422,7.1446766406548665,,,,
986,4.829540252685547,6.96755377232307,,,,
987,4.925398826599121,7.105848461534872,,,,
988,4.883176803588867,7.0449349583216785,,,,
989,4.849554538726807,6.996428283541729,,,,
990,4.947349548339844,7.137516658934146,,,,
991,4.985873222351074,7.193094572386971,,,,
992,4.956958770751953,7.151379836454895,,,,
993,4.930476188659668,7.113173546600421,,,,
994,4.943077087402344,7.131352800727223,,,,
995,4.974898815155029,7.1772618495485405,,,,
996,4.992887496948242,7.203214031563738,,,,
997,4.983165740966797,7.189188502420575,,,,
998,4.8233256340026855,6.95858797276829,,,,
999,5.0478434562683105,7.282498721542097,,,,
1000,4.882562637329102,7.044048903704433,4.873296737670898,7.030681036218169,,
1001,4.943870544433594,7.132497517251365,,,,
1002,4.835831642150879,6.9766303287050055,,,,
1003,4.8916144371032715,7.057107890349748,,,,
1004,4.8592305183410645,7.010387771346961,,,,
1005,4.863380432128906,7.016374831388797,,,,
1006,4.899152755737305,7.0679833852597085,,,,
1007,4.89970588684082,7.0687813847597125,,,,
1008,4.911602973937988,7.0859452533158205,,,,
1009,4.876162052154541,7.034814811214307,,,,
1010,4.87647819519043,7.035270909204396,,,,
1011,4.874074459075928,7.031803051032398,,,,
1012,4.939872741699219,7.12672990707203,,,,
1013,5.001224517822266,7.21524181023448,,,,
1014,4.904780864715576,7.076103030172244,,,,
1015,4.92562198638916,7.106170413057287,,,,
1016,5.051704406738281,7.288068895638242,,,,
1017,5.000967025756836,7.214870327708616,,,,
1018,4.922891139984131,7.102230634491321,,,,
1019,4.916101455688477,7.0924351906287795,,,,
1020,4.953486442565918,7.1463703258005635,,,,
1021,4.884697914123535,7.0471294569466885,,,,
1022,4.902334213256836,7.072573258245935,,,,
1023,4.8374786376953125,6.979006441009326,,,,
1024,4.874562740325928,7.032507491970332,,,,
1025,4.848682403564453,6.995170058468016,,,,
1026,4.857602596282959,7.008039176266778,,,,
1027,5.0105085372924805,7.228635819083675,,,,
1028,4.896063804626465,7.0635269708105515,,,,
1029,4.898447513580322,7.066965935897205,,,,
1030,4.905727386474609,7.077468572420094,,,,
1031,5.06854248046875,7.312361101107312,,,,
1032,4.890789031982422,7.055917082475174,,,,
1033,4.874389171600342,7.032257085230675,,,,
1034,4.8965044021606445,7.06416261868814,,,,
1035,4.888001441955566,7.0518954401673986,,,,
1036,4.887701988220215,7.051463419748431,,,,
1037,4.9901275634765625,7.199232289230963,,,,
1038,4.959725856781006,7.155371897746723,,,,
1039,4.845111846923828,6.990018834109374,,,,
1040,4.940862655639648,7.128158051004795,,,,
1041,4.908128261566162,7.080932303008471,,,,
1042,5.024616241455078,7.248988933917384,,,,
1043,4.838891983032227,6.981045467317956,,,,
1044,4.988924980163574,7.197497328249059,,,,
1045,4.821339130401611,6.955722053874312,,,,
1046,4.921586036682129,7.100347768429676,,,,
1047,4.933413505554199,7.11741119911768,,,,
1048,4.928213596343994,7.109909315887045,,,,
1049,4.96835994720459,7.167828257183414,,,,
1050,4.946595191955566,7.136428352719486,,,,
1051,4.803837776184082,6.930472936935842,,,,
1052,4.8005452156066895,6.92572277611901,,,,
1053,5.013923645019531,7.233562778065593,,,,
1054,4.877102375030518,7.036171410364314,,,,
1055,4.95841646194458,7.153482840309645,,,,
1056,4.887154579162598,7.050673675415669,,,,
1057,4.942182540893555,7.130062242915148,,,,
1058,4.883303642272949,7.045117947862197,,,,
1059,4.872104167938232,7.028960521778938,,,,
1060,4.79556131362915,6.918532525451738,,,,
1061,4.993596076965332,7.204236296440468,,,,
1062,4.880208969116211,7.040653278245798,,,,
1063,4.760357856750488,6.867744672790744,,,,
1064,4.9999799728393555,7.213446311359473,,,,
1065,4.881304740905762,7.0422341427725295,,,,
1066,5.010065078735352,7.227996043622466,,,,
1067,4.911282539367676,7.085482963950302,,,,
1068,4.804856300354004,6.9319423567048135,,,,
1069,4.919775485992432,7.097735695928371,,,,
1070,4.885457992553711,7.048226018328589,,,,
1071,4.917147636413574,7.093944510372752,,,,
1072,4.925919055938721,7.106598993823237,,,,
1073,4.9175124168396,7.094470777284392,,,,
1074,4.801364421844482,6.9269046408957395,,,,
1075,4.858438014984131,7.009244430684025,,,,
1076,4.818239688873291,6.951250504951879,,,,
1077,4.927220821380615,7.108477044370659,,,,
1078,4.965612411499023,7.163864401046328,,,,
1079,4.8966779708862305,7.064413025427797,,,,
1080,4.883092880249023,7.044813882535471,,,,
1081,4.893908500671387,7.060417524482952,,,,
1082,4.96641731262207,7.165025627904954,,,,
1083,4.917278289794922,7.094133003358097,,,,
1084,4.917646408081055,7.094664085783961,,,,
1085,4.928653717041016,7.110544275834029,,,,
1086,4.906083106994629,7.077981768650269,,,,
1087,4.898353099822998,7.066829725637721,,,,
1088,4.794749736785889,6.9173616675646645,,,,
1089,4.932989120483398,7.116798940880608,,,,
1090,4.858513832092285,7.009353811649974,,,,
1091,4.861597061157227,7.0138019709318895,,,,
1092,4.882086753845215,7.043362348962189,,,,
1093,4.797220230102539,6.920925836021145,,,,
1094,4.867680549621582,7.0225785895707205,,,,
1095,4.780707359313965,6.897102799223629,,,,
1096,4.936182022094727,7.1214053242013176,,,,
1097,4.946836948394775,7.1367771335354355,,,,
1098,4.80745792388916,6.935695706077243,,,,
1099,4.878642559051514,7.038393426213461,,,,
1100,4.8266754150390625,6.963420685257535,,,,
1101,4.942936897277832,7.131150549129808,,,,
1102,4.825356483459473,6.9615178692083886,,,,
1103,4.870706558227539,7.026944197180222,,,,
1104,4.867482662200928,7.022293098370288,,,,
1105,4.874039649963379,7.031752832098346,,,,
1106,4.9085373878479,7.081522547466233,,,,
1107,4.961320877075195,7.157673025615267,,,,
1108,4.768490314483643,6.879477329232605,,,,
1109,4.966167449951172,7.1646651522687455,,,,
1110,4.852418899536133,7.00056068267666,,,,
1111,4.888772487640381,7.053007823953179,,,,
1112,4.937425136566162,7.123198759284516,,,,
1113,4.882688045501709,7.044229829453141,,,,
1114,4.952221393585205,7.144545245909607,,,,
1115,4.8467302322387695,6.992353670577487,,,,
1116,4.844254493713379,6.9887819348843685,,,,
1117,4.817762851715088,6.950562574348428,,,,
1118,5.019424915313721,7.24149943343761,,,,
1119,4.868720531463623,7.024078966216847,,,,
1120,4.878044128417969,7.0375300733061295,,,,
1121,4.822439670562744,6.957309797707078,,,,
1122,4.912168502807617,7.0867611390115135,,,,
1123,4.900473117828369,7.069888265100666,,,,
1124,4.9277191162109375,7.109195931851265,,,,
1125,4.929321765899658,7.111508066609465,,,,
1126,4.890317916870117,7.055237407038964,,,,
1127,4.88677978515625,7.050132961961356,,,,
1128,4.916503429412842,7.093015116127489,,,,
1129,4.908522605895996,7.0815012216175255,,,,
1130,4.842682838439941,6.986514515615393,,,,
1131,4.929599761962891,7.111909130151277,,,,
1132,4.8372979164123535,6.978745715310618,,,,
1133,4.809913635253906,6.939238548685017,,,,
1134,4.767136096954346,6.877523606318803,,,,
1135,4.907280445098877,7.0797091623955355,,,,
1136,4.884448528289795,7.046769669241083,,,,
1137,4.873336315155029,7.030738134458256,,,,
1138,4.855798721313477,7.005436734793922,,,,
1139,4.823263645172119,6.958498541789841,,,,
1140,4.781434059143066,6.8981512054632885,,,,
1141,4.829941272735596,6.968132321960573,,,,
1142,4.767026901245117,6.877366070210613,,,,
1143,4.842296600341797,6.9859572918265975,,,,
1144,4.848993301391602,6.995618589221467,,,,
1145,4.893061637878418,7.059195759731223,,,,
1146,4.883984088897705,7.046099624833322,,,,
1147,4.812757968902588,6.943342054734604,,,,
1148,4.797540664672852,6.921388125386665,,,,
1149,4.99302864074707,7.20341765902236,,,,
1150,4.817030906677246,6.94950660087213,,,,
1151,4.865767478942871,7.019818611989674,,,,
1152,4.824541091918945,6.960341507876487,,,,
1153,4.768446922302246,6.879414727547691,,,,
1154,4.909582138061523,7.083029803418394,,,,
1155,4.864451885223389,7.017920611454752,,,,
1156,4.817173957824707,6.949712980053166,,,,
1157,4.810457706451416,6.940023477503555,,,,
1158,4.917186737060547,7.094000920682235,,,,
1159,4.81441593170166,6.945733989442804,,,,
1160,4.84044075012207,6.983279865917965,,,,
1161,4.915146827697754,7.09105795356067,,,,
1162,4.836427688598633,6.97749024195932,,,,
1163,4.785639762878418,6.904218753385728,,,,
1164,4.823582649230957,6.9589587673635505,,,,
1165,4.8636155128479,7.016713981176299,,,,
1166,4.803844928741455,6.9304832558948934,,,,
1167,4.926589012145996,7.107565536321086,,,,
1168,4.942448616027832,7.130446108191874,,,,
1169,4.836474895477295,6.977558347089062,,,,
1170,4.861698150634766,7.013947812219821,,,,
1171,4.831235885620117,6.970000053548943,,,,
1172,4.886820316314697,7.05019143606265,,,,
1173,4.891371726989746,7.056757733672591,,,,
1174,4.89338493347168,7.059662176680362,,,,
1175,4.875920295715332,7.034466030398358,,,,
1176,4.903337478637695,7.074020664235597,,,,
1177,4.79500675201416,6.9177324621599245,,,,
1178,4.925556659698486,7.106076166564614,,,,
1179,4.835809230804443,6.976597995966643,,,,
1180,4.813446044921875,6.9443347385953835,,,,
1181,4.787248134613037,6.90653914331117,,,,
1182,4.7988481521606445,6.923274431101328,,,,
1183,4.936954498291016,7.122519771778909,,,,
1184,4.8104400634765625,6.939998024071227,,,,
1185,4.893159866333008,7.059337473435534,,,,
1186,4.8338775634765625,6.973811189092062,,,,
1187,4.808218002319336,6.936792267459144,,,,
1188,4.879751205444336,7.039992864866485,,,,
1189,4.8370361328125,6.978368041409324,,,,
1190,4.822754859924316,6.957764519835959,,,,
1191,4.783330917358398,6.900887793403817,,,,
1192,4.827523231506348,6.964643825870471,,,,
1193,4.787593841552734,6.907037892998671,,,,
1194,4.7906813621521,6.911492243656019,,,,
1195,4.822813034057617,6.95784844736958,,,,
1196,4.832146167755127,6.971313313070931,,,,
1197,4.843733787536621,6.988030714665399,,,,
1198,4.819421291351318,6.952955196987231,,,,
1199,4.891034126281738,7.056270678805348,,,,
1200,4.778055667877197,6.893277217137837,4.814616012573242,6.946022645124011,,
1201,4.796139717102051,6.919366985273725,,,,
1202,4.937020301818848,7.122614706202185,,,,
1203,4.772002220153809,6.884543938127023,,,,
1204,4.8084492683410645,6.937125913801818,,,,
1205,4.834055423736572,6.97406778720715,,,,
1206,4.838729381561279,6.980810882982179,,,,
1207,4.781451225280762,6.898175970965013,,,,
1208,4.796520709991455,6.919916641825882,,,,
1209,4.859642028808594,7.010981455457739,,,,
1210,4.903509140014648,7.074268319252839,,,,
1211,4.888432025909424,7.052516641502315,,,,
1212,4.905673027038574,7.077390148331301,,,,
1213,4.781808853149414,6.898691918917601,,,,
1214,4.8723931312561035,7.029377407724629,,,,
1215,4.924139976501465,7.104032324741761,,,,
1216,4.864235877990723,7.0176089788913885,,,,
1217,4.789384841918945,6.909621760345234,,,,
1218,4.8352251052856445,6.975755280977416,,,,
1219,4.731316089630127,6.825846259387546,,,,
1220,4.832023620605469,6.971136514905844,,,,
1221,4.8720197677612305,7.028838758062126,,,,
1222,4.874016284942627,7.031719123498777,,,,
1223,4.796272277832031,6.919558229981484,,,,
1224,4.830239772796631,6.968562966518333,,,,
1225,4.88468074798584,7.0471046914449635,,,,
1226,4.818859100341797,6.952144126805762,,,,
1227,4.915940284729004,7.092202670084813,,,,
1228,4.884089469909668,7.0462516574966845,,,,
1229,4.879145622253418,7.039119193000102,,,,
1230,4.847672462463379,6.993713021449906,,,,
1231,4.9040985107421875,7.075118601478705,,,,
1232,4.832513332366943,6.971843019635588,,,,
1233,4.810422897338867,6.939973258569503,,,,
1234,4.905220031738281,7.076736614258023,,,,
1235,4.839081287384033,6.981318575767526,,,,
1236,4.870370864868164,7.026459894035392,,,,
1237,4.765042304992676,6.874502903039049,,,,
1238,4.828812122344971,6.9665033022916,,,,
1239,4.808854103088379,6.937709966884149,,,,
1240,4.844406604766846,6.989001384746869,,,,
1241,4.802231788635254,6.928155986663418,,,,
1242,4.852947235107422,7.0013229097852845,,,,
1243,4.769342422485352,6.880706661220972,,,,
1244,4.809423446655273,6.9385313560246695,,,,
1245,4.750409126281738,6.853391688680338,,,,
1246,4.881576061248779,7.042625575285893,,,,
1247,5.009476661682129,7.227147137257807,,,,
1248,4.827679634094238,6.964869467108403,,,,
1249,4.701934814453125,6.783458039394692,,,,
1250,4.824133396148682,6.959753327210536,,,,
1251,4.863873481750488,7.017086151632766,,,,
1252,4.824624061584473,6.960461207801488,,,,
1253,4.762225151062012,6.870438609033859,,,,
1254,4.762814521789551,6.8712888912597245,,,,
1255,4.81190299987793,6.942108595162615,,,,
1256,4.808169364929199,6.936722098537593,,,,
1257,4.839489936828613,6.981908132294683,,,,
1258,4.845292568206787,6.990279559808082,,,,
1259,4.892303466796875,7.058101950071736,,,,
1260,4.8545684814453125,7.003661873837018,,,,
1261,4.886533260345459,7.049777301839372,,,,
1262,4.826942443847656,6.963805926395468,,,,
1263,4.695156097412109,6.773678417936029,,,,
1264,4.870203018188477,7.026217742462977,,,,
1265,4.759585380554199,6.866630225213153,,,,
1266,4.817543029785156,6.950245438340237,,,,
1267,4.8831071853637695,7.044834520453575,,,,
1268,4.894495487213135,7.0612643670558,,,,
1269,4.830416679382324,6.968818188772214,,,,
1270,4.805296897888184,6.932578004582402,,,,
1271,4.733164310455322,6.828512678406524,,,,
1272,4.693580627441406,6.7714054952222265,,,,
1273,4.762083053588867,6.870233605714031,,,,
1274,4.853189468383789,7.001672378531837,,,,
1275,4.725299835205078,6.817166638963802,,,,
1276,4.861793518066406,7.014085398340511,,,,
1277,4.688510894775391,6.764091417046333,,,,
1278,4.749242782592773,6.851709010424296,,,,
1279,4.837350845336914,6.978822075607601,,,,
1280,4.799091339111328,6.923625275709088,,,,
1281,4.795574188232422,6.918551099578032,,,,
1282,4.793092250823975,6.914970420787068,,,,
1283,4.780783653259277,6.897212868120182,,,,
1284,4.764675140380859,6.873973196474392,,,,
1285,4.736248970031738,6.83296290148025,,,,
1286,4.870813846588135,7.027098981565999,,,,
1287,4.8501482009887695,6.997284757143025,,,,
1288,4.749899864196777,6.852656978795852,,,,
1289,4.775574684143066,6.88969791420808,,,,
1290,4.746162414550781,6.847264978726001,,,,
1291,4.786126613616943,6.904921130531852,,,,
1292,4.73642635345459,6.833218811664733,,,,
1293,4.7946014404296875,6.917147721146991,,,,
1294,4.711867809295654,6.797788321795185,,,,
1295,4.772521018981934,6.885292406623578,,,,
1296,4.859533309936523,7.010824607280153,,,,
1297,4.907620429992676,7.080199656915796,,,,
1298,4.835014343261719,6.97545121565069,,,,
1299,4.836535453796387,6.9776457142757,,,,
1300,4.822127342224121,6.956859203161817,,,,
1301,4.726515769958496,6.818920862002603,,,,
1302,4.849687576293945,6.996620216180092,,,,
1303,4.7781476974487305,6.8934099877443025,,,,
1304,4.782515525817871,6.899711432071916,,,,
1305,4.803165435791016,6.929502954784975,,,,
1306,4.793455123901367,6.915493935976294,,,,
1307,4.857516288757324,7.007914660827554,,,,
1308,4.79398775100708,6.91626235446035,,,,
1309,4.778477668762207,6.893886035721891,,,,
1310,4.772985458374023,6.8859624510313395,,,,
1311,4.778977870941162,6.894607674924911,,,,
1312,4.8558807373046875,7.005555058857716,,,,
1313,4.859585762023926,7.010900279646532,,,,
1314,4.808884620666504,6.93775399444277,,,,
1315,4.7512969970703125,6.854672615463964,,,,
1316,4.827832221984863,6.965089604901507,,,,
1317,4.770331859588623,6.882134117223133,,,,
1318,4.74034309387207,6.838869473641482,,,,
1319,4.747014045715332,6.8484936227837645,,,,
1320,4.819005012512207,6.952354633570418,,,,
1321,4.628620147705078,6.677687333252858,,,,
1322,4.690891742706299,6.767526254549365,,,,
1323,4.875707149505615,7.034158525418615,,,,
1324,4.819755554199219,6.95343743634025,,,,
1325,4.746586799621582,6.847877236963073,,,,
1326,4.739686012268066,6.837921505269926,,,,
1327,4.77626895904541,6.890699541166705,,,,
1328,4.843052864074707,6.987048349763671,,,,
1329,4.849248886108398,6.995987320024916,,,,
1330,4.819039344787598,6.952404164573867,,,,
1331,4.772683143615723,6.885526303028752,,,,
1332,4.646805763244629,6.703923630607281,,,,
1333,4.751155376434326,6.854468300074739,,,,
1334,4.759960174560547,6.867170938667466,,,,
1335,4.802105903625488,6.927974372984107,,,,
1336,4.749608993530273,6.852237341127746,,,,
1337,4.821164131164551,6.955469583342846,,,,
1338,4.8309173583984375,6.9695405159058375,,,,
1339,4.725137710571289,6.816932742558629,,,,
1340,4.734944820404053,6.83108141127981,,,,
1341,4.727071762084961,6.819722989086228,,,,
1342,4.765997409820557,6.8758808280377615,,,,
1343,4.743746280670166,6.843779234358314,,,,
1344,4.826559066772461,6.963252830190293,,,,
1345,4.783007621765137,6.900421376454678,,,,
1346,4.811703681945801,6.941821040170373,,,,
1347,4.816615104675293,6.948906725385921,,,,
1348,4.779955863952637,6.8960186205925895,,,,
1349,4.7728424072265625,6.885756071850304,,,,
1350,4.8017120361328125,6.927406142305656,,,,
1351,4.828067779541016,6.965429442619612,,,,
1352,4.764591217041016,6.873852120688184,,,,
1353,4.8266167640686035,6.963336069793311,,,,
1354,4.843172073364258,6.987220332414534,,,,
1355,4.778032302856445,6.8932435085382675,,,,
1356,4.6982598304748535,6.778156158233894,,,,
1357,4.659052848815918,6.721592440226322,,,,
1358,4.772983551025391,6.885959699308926,,,,
1359,4.821229457855225,6.955563829835518,,,,
1360,4.773709774017334,6.8870074176179825,,,,
1361,4.725618362426758,6.8176261766069075,,,,
1362,4.69135856628418,6.768199738610144,,,,
1363,4.718393325805664,6.807202652103415,,,,
1364,4.953993320465088,7.147101596032032,,,,
1365,4.757754325866699,6.8639885716959,,,,
1366,4.756952285766602,6.862831472420895,,,,
1367,4.735825538635254,6.832352019104385,,,,
1368,4.8592424392700195,7.010404969612047,,,,
1369,4.860487937927246,7.012201844348262,,,,
1370,4.798352241516113,6.922558983273738,,,,
1371,4.6998090744018555,6.780391244764506,,,,
1372,4.8955888748168945,7.062841791929515,,,,
1373,4.666291236877441,6.732035226786712,,,,
1374,4.7223052978515625,6.812846434774129,,,,
1375,4.780420780181885,6.896689352930955,,,,
1376,4.669681549072266,6.73692641337725,,,,
1377,4.6508049964904785,6.709693304578426,,,,
1378,4.7879486083984375,6.907549713367639,,,,
1379,4.854707717895508,7.003862749573226,,,,
1380,4.718648910522461,6.807571382906865,,,,
1381,4.659567356109619,6.722334717347446,,,,
1382,4.7610321044921875,6.868717406664024,,,,
1383,4.801338195800781,6.92686680471255,,,,
1384,4.804883003234863,6.931980880818607,,,,
1385,4.805212020874023,6.932455552934988,,,,
1386,4.7957353591918945,6.9187836201219985,,,,
1387,4.773012161254883,6.886000975145133,,,,
1388,4.78126859664917,6.897912493543891,,,,
1389,4.845531463623047,6.990624213040411,,,,
1390,4.8026933670043945,6.928821903487559,,,,
1391,4.744656085968018,6.845091805949698,,,,
1392,4.7543110847473145,6.859021024808379,,,,
1393,4.812625885009766,6.943151497957448,,,,
1394,4.7861127853393555,6.9049011805443525,,,,
1395,4.754596710205078,6.859433095239846,,,,
1396,4.724187850952148,6.8155623847965545,,,,
1397,4.723933219909668,6.815195029854311,,,,
1398,4.75886344909668,6.865588698279528,,,,
1399,4.913919925689697,7.08928790811799,,,,
1400,4.861146450042725,7.013151876511628,4.761436939239502,6.869301459746354,,
1401,4.799546718597412,6.924282249435384,,,,
1402,4.767611503601074,6.878209473130444,,,,
1403,4.817958831787109,6.950845313826447,,,,
1404,4.714232444763184,6.801199769657699,,,,
1405,4.754244804382324,6.858925402454499,,,,
1406,4.692812919616699,6.77029792695067,,,,
1407,4.793733596801758,6.915895687448709,,,,
1408,4.746615409851074,6.847918512799279,,,,
1409,4.711297988891602,6.79696624472406,,,,
1410,4.9030985832214355,7.0736760110032675,,,,
1411,4.781368732452393,6.898056958970616,,,,
1412,4.739748954772949,6.838012312109582,,,,
1413,4.760874271392822,6.868489701634282,,,,
1414,4.654234886169434,6.714641589409051,,,,
1415,4.6670989990234375,6.733200581228958,,,,
1416,4.794867992401123,6.91753227435432,,,,
1417,4.827421188354492,6.9644966087213325,,,,
1418,4.763293266296387,6.87197957358559,,,,
1419,4.7949628829956055,6.917669172544407,,,,
1420,4.7789130210876465,6.894514116362842,,,,
1421,4.756075859069824,6.861567055971752,,,,
1422,4.7547502517700195,6.859654608894157,,,,
1423,4.772770404815674,6.885652194329183,,,,
1424,4.6644086837768555,6.729319276764286,,,,
1425,4.918235778808594,7.095514368009828,,,,
1426,4.783003807067871,6.90041587300985,,,,
1427,4.7885284423828125,6.908386236981436,,,,
1428,4.715061187744141,6.802395393046497,,,,
1429,4.7418317794799805,6.841017192985457,,,,
1430,4.775547027587891,6.889658014233079,,,,
1431,4.676413536071777,6.746638617636775,,,,
1432,4.69163179397583,6.7685939228459215,,,,
1433,4.72379732131958,6.814998969632327,,,,
1434,4.674943923950195,6.744518415516938,,,,
1435,4.767979621887207,6.878740555556309,,,,
1436,4.787174224853516,6.906432514067634,,,,
1437,4.733218193054199,6.828590414564713,,,,
1438,4.722123622894287,6.812584333214214,,,,
1439,4.728594779968262,6.82192023943365,,,,
1440,4.737252235412598,6.834410307469911,,,,
1441,4.723313331604004,6.8143007200698245,,,,
1442,4.7306928634643555,6.824947134088836,,,,
1443,4.645624160766602,6.702218938571929,,,,
1444,4.713248252868652,6.799779880892176,,,,
1445,4.860728740692139,7.012549249303005,,,,
1446,4.766985893249512,6.877306908178716,,,,
1447,4.733853816986084,6.829507426059114,,,,
1448,4.739589691162109,6.8377825432880295,,,,
1449,4.6990790367126465,6.779338023010623,,,,
1450,4.724531650543213,6.816058382761643,,,,
1451,4.782705307006836,6.899985228452089,,,,
1452,4.727232933044434,6.819955509630193,,,,
1453,4.6409807205200195,6.695519870355521,,,,
1454,4.7731122970581055,6.886145440571858,,,,
1455,4.766058921813965,6.875969571085607,,,,
1456,4.6901044845581055,6.766390481123067,,,,
1457,4.728556156158447,6.821864517054771,,,,
1458,4.673203468322754,6.742007468814341,,,,
1459,4.773802757263184,6.887141564085655,,,,
1460,4.712358474731445,6.798496202386136,,,,
1461,4.644291877746582,6.700296860465886,,,,
1462,4.7291669845581055,6.822745756157792,,,,
1463,4.790884494781494,6.911785302093088,,,,
1464,4.7850518226623535,6.903370534951673,,,,
1465,4.723834037780762,6.815051940288793,,,,
1466,4.789584159851074,6.909909315337477,,,,
1467,4.740631580352783,6.83928567165657,,,,
1468,4.854697227478027,7.00384761509995,,,,
1469,4.708598613739014,6.793071869577923,,,,
1470,4.680009841918945,6.751826990248004,,,,
1471,4.781064033508301,6.89761737131501,,,,
1472,4.770476341247559,6.882342560195979,,,,
1473,4.524868011474609,6.528004640831524,,,,
1474,4.745410919189453,6.846180800094961,,,,
1475,4.757010459899902,6.862915399954517,,,,
1476,4.6738505363464355,6.742940990643224,,,,
1477,4.815543174743652,6.947360257389362,,,,
1478,4.737598419189453,6.834909745088017,,,,
1479,4.847411155700684,6.993336035479215,,,,
1480,4.688493728637695,6.764066651544608,,,,
1481,4.860435485839844,7.012126171981882,,,,
1482,4.677943706512451,6.74884618694325,,,,
1483,4.734379291534424,6.830265525584117,,,,
1484,4.695553302764893,6.774251464128704,,,,
1485,4.831950664520264,6.971031261523516,,,,
1486,4.842728614807129,6.986580556953324,,,,
1487,4.721113204956055,6.811126608265501,,,,
1488,4.680192947387695,6.75209115559973,,,,
1489,4.805405139923096,6.932734164829386,,,,
1490,4.772098541259766,6.8846829001089205,,,,
1491,4.751893997192383,6.8555339045794845,,,,
1492,4.668793201446533,6.735644798663021,,,,
1493,4.763964653015137,6.872948179875249,,,,
1494,4.745013236999512,6.8456070659716834,,,,
1495,4.73906135559082,6.837020316179405,,,,
1496,4.88179349899292,7.042939271641067,,,,
1497,4.736973285675049,6.834007868066892,,,,
1498,4.649500846862793,6.707811814377988,,,,
1499,4.777291297912598,6.8921744643805045,,,,
1500,4.758297920227051,6.864772812583835,,,,
1501,4.6635894775390625,6.728137411987557,,,,
1502,4.670398712158203,6.7379610610048415,,,,
1503,4.588649272918701,6.620021550418558,,,,
1504,4.847105979919434,6.992895759893006,,,,
1505,4.738332748413086,6.835969158217331,,,,
1506,4.613151550292969,6.655370864476899,,,,
1507,4.763596534729004,6.872417097449385,,,,
1508,4.6828389167785645,6.75590848251828,,,,
1509,4.831409454345703,6.970250460288598,,,,
1510,4.719501495361328,6.808801402825836,,,,
1511,4.767679691314697,6.878307847206738,,,,
1512,4.759140968322754,6.865989073890737,,,,
1513,4.7577009201049805,6.863911523468314,,,,
1514,4.710415363311768,6.795692885177072,,,,
1515,4.712395668029785,6.798549860973205,,,,
1516,4.691880226135254,6.7689523346903195,,,,
1517,4.544130325317383,6.55579428548854,,,,
1518,4.690925598144531,6.76757509762221,,,,
1519,4.76271915435791,6.871151305139034,,,,
1520,4.769015312194824,6.880234740827005,,,,
1521,4.654171466827393,6.714550094638792,,,,
1522,4.679842948913574,6.751586214536796,,,,
1523,4.784655570983887,6.902798864620205,,,,
1524,4.713101387023926,6.799567998266313,,,,
1525,4.703112602233887,6.785157227985216,,,,
1526,4.7428202629089355,6.8424432731264115,,,,
1527,4.707725524902344,6.791812268643004,,,,
1528,4.730900764465332,6.8252470718319405,,,,
1529,4.718597412109375,6.807497086401692,,,,
1530,4.610748291015625,6.651903694235505,,,,
1531,4.688900470733643,6.764653456349352,,,,
1532,4.7646989822387695,6.874007593004564,,,,
1533,4.7266364097595215,6.819094908445276,,,,
1534,4.68798828125,6.76333744510495,,,,
1535,4.646389007568359,6.703322379259864,,,,
1536,4.742745399475098,6.842335268021669,,,,
1537,4.7280683517456055,6.82116076404744,,,,
1538,4.636518478393555,6.689082215768424,,,,
1539,4.682748794555664,6.755778463634228,,,,
1540,4.725319862365723,6.817195532049148,,,,
1541,4.676457405090332,6.746701907252293,,,,
1542,4.675736904144287,6.7456624441104776,,,,
1543,4.635953903198242,6.688267705933938,,,,
1544,4.737999439239502,6.835488294725519,,,,
1545,4.612609386444092,6.654588687380776,,,,
1546,4.632781982421875,6.68369159155978,,,,
1547,4.6877665519714355,6.763017557374345,,,,
1548,4.751370906829834,6.854779244707498,,,,
1549,4.6921257972717285,6.769306618951097,,,,
1550,4.742886543273926,6.842538895480291,,,,
1551,4.790426731109619,6.9111248887137755,,,,
1552,4.725001811981201,6.8167366823366455,,,,
1553,4.859597206115723,7.010916789981015,,,,
1554,4.6918230056762695,6.768869783017905,,,,
1555,4.69798469543457,6.777759222275702,,,,
1556,4.747794151306152,6.849619077251011,,,,
1557,4.702442169189453,6.784189997556764,,,,
1558,4.66527795791626,6.730573374254378,,,,
1559,4.681865692138672,6.754504416156636,,,,
1560,4.646738052368164,6.703825944461591,,,,
1561,4.664178848266602,6.728987694213423,,,,
1562,4.684033393859863,6.757631748679926,,,,
1563,4.689957618713379,6.766178598497204,,,,
1564,4.718794822692871,6.807781889671521,,,,
1565,4.702534198760986,6.78432276816323,,,,
1566,4.742921352386475,6.842589114414343,,,,
1567,4.78464412689209,6.902782354285723,,,,
1568,4.737368583679199,6.834578162537153,,,,
1569,4.763185501098633,6.87182410126921,,,,
1570,4.73814582824707,6.8356994894207785,,,,
1571,4.737581253051758,6.834884979586293,,,,
1572,4.674952507019043,6.7445307982678,,,,
1573,4.71111536026001,6.796702767302938,,,,
1574,4.701282501220703,6.782516950329171,,,,
1575,4.684695720672607,6.75858728428812,,,,
1576,4.664262771606445,6.72910876999963,,,,
1577,4.687191486358643,6.762187913066583,,,,
1578,4.553169250488281,6.568834698007562,,,,
1579,4.619649410247803,6.66474529481013,,,,
1580,4.609358787536621,6.649899064457048,,,,
1581,4.717682838439941,6.806177635504272,,,,
1582,4.718589782714844,6.807486079512037,,,,
1583,4.706759452819824,6.790418521240412,,,,
1584,4.683210372924805,6.756444380458369,,,,
1585,4.581160545349121,6.609217600291356,,,,
1586,4.688506126403809,6.764084537740298,,,,
1587,4.690706253051758,6.7672586495446225,,,,
1588,4.774358749389648,6.887943691169279,,,,
1589,4.66301155090332,6.727303640096174,,,,
1590,4.709292411804199,6.794072808605945,,,,
1591,4.5763397216796875,6.602262621890464,,,,
1592,4.6439666748046875,6.699827691794332,,,,
1593,4.745405197143555,6.84617254492772,,,,
1594,4.709521293640137,6.794403015295601,,,,
1595,4.688117980957031,6.763524562229089,,,,
1596,4.725907325744629,6.818043062552599,,,,
1597,4.734450340270996,6.830368027244032,,,,
1598,4.605812072753906,6.644782236628578,,,,
1599,4.737937927246094,6.835399551677674,,,,
1600,4.760282039642334,6.867635291824795,4.760975074768067,6.8686351301638515,,
1601,4.658428192138672,6.7206912511358015,,,,
1602,4.660167217254639,6.723200134046588,,,,
1603,4.6079511642456055,6.6478682933156605,,,,
1604,4.665112495422363,6.730334662334981,,,,
1605,4.657503128051758,6.719356665765106,,,,
1606,4.658986568450928,6.721496817872443,,,,
1607,4.7166595458984375,6.804701336429266,,,,
1608,4.767346382141113,6.877826983714925,,,,
1609,4.579059600830078,6.60618657805255,,,,
1610,4.658622741699219,6.72097192682201,,,,
1611,4.722825050354004,6.8135962791318905,,,,
1612,4.679781913757324,6.751498159419555,,,,
1613,4.724017143249512,6.815316105640519,,,,
1614,4.665660381317139,6.7311250945983465,,,,
1615,4.603610992431641,6.6416067489630475,,,,
1616,4.591693878173828,6.624413987321594,,,,
1617,4.698001861572266,6.777783987777426,,,,
1618,4.662993907928467,6.727278186663847,,,,
1619,4.67410945892334,6.743314536960899,,,,
1620,4.82988977432251,6.9680580254554,,,,
1621,4.773597717285156,6.886845753926171,,,,
1622,4.669098854064941,6.736085762179833,,,,
1623,4.744305610656738,6.844586176956161,,,,
1624,4.7748332023620605,6.888628182119713,,,,
1625,4.737304210662842,6.834485291905687,,,,
1626,4.728349208831787,6.821565955172873,,,,
1627,4.62589168548584,6.67375099433991,,,,
1628,4.754084587097168,6.85869425777174,,,,
1629,4.7152180671691895,6.802621722215033,,,,
1630,4.662436485290527,6.726473995788412,,,,
1631,4.77256965637207,6.88536257554513,,,,
1632,4.750275611877441,6.853199068111371,,,,
1633,4.795661449432373,6.918676990878463,,,,
1634,4.743856430053711,6.8439381463277105,,,,
1635,4.758683204650879,6.865328660511423,,,,
1636,4.690863609313965,6.767485666643761,,,,
1637,4.726637840270996,6.819096972237086,,,,
1638,4.674416542053223,6.743757564269521,,,,
1639,4.744821548461914,6.845330517869096,,,,
1640,4.62370491027832,6.670596144592483,,,,
1641,4.606577396392822,6.645886365247118,,,,
1642,4.699590682983398,6.780076172548125,,,,
1643,4.686198711395264,6.7607556415501975,,,,
1644,4.665233135223389,6.730508708777654,,,,
1645,4.7538065910339355,6.858293194229928,,,,
1646,4.733428955078125,6.8288944798914395,,,,
1647,4.658388137817383,6.720633464965111,,,,
1648,4.677915096282959,6.748804911107043,,,,
1649,4.707245826721191,6.791120210455932,,,,
1650,4.653796672821045,6.714009381184479,,,,
1651,4.589049339294434,6.620598724194854,,,,
1652,4.666633605957031,6.73252916095999,,,,
1653,4.64020299911499,6.6943978555412915,,,,
1654,4.708069801330566,6.792308954538695,,,,
1655,4.734255313873291,6.83008666362722,,,,
1656,4.689298629760742,6.765227878403234,,,,
1657,4.706725120544434,6.7903689902369635,,,,
1658,4.60390567779541,6.64203189007598,,,,
1659,4.700983047485352,6.782084929910203,,,,
1660,4.698360443115234,6.778301311591221,,,,
1661,4.6880035400390625,6.763359458884261,,,,
1662,4.713147163391113,6.7996340396042445,,,,
1663,4.62214994430542,6.668352802894628,,,,
1664,4.645199775695801,6.701606680334857,,,,
1665,4.6858320236206055,6.760226622916144,,,,
1666,4.711529731750488,6.797300578997338,,,,
1667,4.68040657043457,6.7523993485100755,,,,
1668,4.705064296722412,6.787972927945143,,,,
1669,4.593070030212402,6.626399355043154,,,,
1670,4.712714195251465,6.7990093986163105,,,,
1671,4.722232818603516,6.812741869322404,,,,
1672,4.711694717407227,6.7975386029861316,,,,
1673,4.684321880340576,6.758047946695013,,,,
1674,4.678086280822754,6.749051878193682,,,,
1675,4.751972198486328,6.855646725198451,,,,
1676,4.75273323059082,6.8567446624415584,,,,
1677,4.72072696685791,6.810569384476705,,,,
1678,4.656499862670898,6.717909259775444,,,,
1679,4.603684425354004,6.641712690275979,,,,
1680,4.684330940246582,6.7580610173764795,,,,
1681,4.651806354522705,6.711137958845674,,,,
1682,4.619923114776611,6.665140166976511,,,,
1683,4.69883394241333,6.778984426680449,,,,
1684,4.637981414794922,6.691192786859812,,,,
1685,4.558627128601074,6.576708751694665,,,,
1686,4.690320014953613,6.7667014257558264,,,,
1687,4.65006685256958,6.708628388004284,,,,
1688,4.665950298309326,6.731543356405244,,,,
1689,4.696347236633301,6.77539686858345,,,,
1690,4.754787445068359,6.859708267481227,,,,
1691,4.607351303100586,6.647002876616519,,,,
1692,4.655035972595215,6.71579731282285,,,,
1693,4.627963542938232,6.676740052811906,,,,
1694,4.582796096801758,6.611577202261194,,,,
1695,4.646585464477539,6.703605806668486,,,,
1696,4.6942291259765625,6.77234108084292,,,,
1697,4.706043243408203,6.789385249474027,,,,
1698,4.681678295135498,6.75423405942948,,,,
1699,4.767866134643555,6.8785768280726876,,,,
1700,4.643378734588623,6.698979473360277,,,,
1701,4.608936309814453,6.6492895579423905,,,,
1702,4.647006988525391,6.704213937321938,,,,
1703,4.6528000831604,6.712571606223267,,,,
1704,4.60713005065918,6.646683676816518,,,,
1705,4.656650543212891,6.7181266458461355,,,,
1706,4.649076461791992,6.707199556140916,,,,
1707,4.651228904724121,6.710304874884895,,,,
1708,4.796045303344727,6.919230775014241,,,,
1709,4.755213260650635,6.860322589510109,,,,
1710,4.70722770690918,6.791094069093001,,,,
1711,4.700578212738037,6.781500876827873,,,,
1712,4.681866645812988,6.754505792017843,,,,
1713,4.6089324951171875,6.6492840544975635,,,,
1714,4.6627044677734375,6.726860612787552,,,,
1715,4.723716735839844,6.814882709360345,,,,
1716,4.6570258140563965,6.718668047231051,,,,
1717,4.644073009490967,6.699981100318902,,,,
1718,4.745270252227783,6.8459778605669435,,,,
1719,4.553766250610352,6.569695987123083,,,,
1720,4.665291786193848,6.7305933242418785,,,,
1721,4.698184967041016,6.778048153129151,,,,
1722,4.6042256355285645,6.642493491510896,,,,
1723,4.732771873474121,6.827946511519883,,,,
1724,4.597324848175049,6.63253775981775,,,,
1725,4.687355995178223,6.762425249124774,,,,
1726,4.728682041168213,6.8220461307340825,,,,
1727,4.775496006011963,6.8895844056585105,,,,
1728,4.514039993286133,6.512383112688354,,,,
1729,4.761172771453857,6.868920346192042,,,,
1730,4.645349979400635,6.701823378474944,,,,
1731,4.699815273284912,6.780400187862352,,,,
1732,4.628653526306152,6.6777354883951,,,,
1733,4.663667678833008,6.728250232606523,,,,
1734,4.66828727722168,6.734914904292759,,,,
1735,4.6399383544921875,6.694016054056377,,,,
1736,4.65226936340332,6.711805939461625,,,,
1737,4.619974613189697,6.665214463481683,,,,
1738,4.643049716949463,6.698504801243896,,,,
1739,4.5287580490112305,6.53361677869448,,,,
1740,4.556161880493164,6.573152150474822,,,,
1741,4.608883857727051,6.649213885576011,,,,
1742,4.5610456466674805,6.580197935715369,,,,
1743,4.6639862060546875,6.728709770249629,,,,
1744,4.7185845375061035,6.807478512275399,,,,
1745,4.730812072753906,6.825119116739699,,,,
1746,4.751851558685303,6.855472678755778,,,,
1747,4.6414794921875,6.6962394457667305,,,,
1748,4.696423530578613,6.775506937480003,,,,
1749,4.625703811645508,6.67347994968215,,,,
1750,4.6341118812561035,6.685610230012806,,,,
1751,4.693185806274414,6.770835888682568,,,,
1752,4.575476169586182,6.6010167795676145,,,,
1753,4.6871747970581055,6.762163835495462,,,,
1754,4.582455158233643,6.6110853318797265,,,,
1755,4.592782974243164,6.625985220819877,,,,
1756,4.603963851928711,6.642115817609601,,,,
1757,4.592218399047852,6.62517071098539,,,,
1758,4.750866889953613,6.854052102059651,,,,
1759,4.682388782501221,6.755259076028622,,,,
1760,4.679610252380371,6.751250504402312,,,,
1761,4.708341598510742,6.792701074982663,,,,
1762,4.602021217346191,6.639313188331141,,,,
1763,4.631102561950684,6.681268699974425,,,,
1764,4.597563743591309,6.632882413050079,,,,
1765,4.627810478210449,6.676519227088198,,,,
1766,4.680346488952637,6.7523126692540405,,,,
1767,4.52723503112793,6.531419528347056,,,,
1768,4.651820182800293,6.711157908833174,,,,
1769,4.670886993408203,6.7386655019427755,,,,
1770,4.648554801940918,6.70644696006074,,,,
1771,4.572107315063477,6.596156549854231,,,,
1772,4.806718826293945,6.934629413641894,,,,
1773,4.698067665100098,6.777878922200703,,,,
1774,4.602568626403809,6.640102932663903,,,,
1775,4.5690717697143555,6.591777183632661,,,,
1776,4.590620994567871,6.6228661434638285,,,,
1777,4.690199375152588,6.766527379313153,,,,
1778,4.689880847930908,6.766067841670048,,,,
1779,4.722820281982422,6.813589399825856,,,,
1780,4.65273380279541,6.712475983869386,,,,
1781,4.6245436668396,6.671806214523953,,,,
1782,4.7637786865234375,6.8726798869399035,,,,
1783,4.533398628234863,6.540311719327267,,,,
1784,4.676548957824707,6.746833989928155,,,,
1785,4.650818824768066,6.709713254565926,,,,
1786,4.545215606689453,6.557360015541995,,,,
1787,4.6169304847717285,6.6608227145092505,,,,
1788,4.727740287780762,6.820687467792266,,,,
1789,4.707361221313477,6.791286689661967,,,,
1790,4.588275909423828,6.619482900756056,,,,
1791,4.671637535095215,6.739748304712608,,,,
1792,4.6247968673706055,6.6721715056743855,,,,
1793,4.5973310470581055,6.632546702915595,,,,
1794,4.6843414306640625,6.758076151849755,,,,
1795,4.655115604400635,6.715912197233625,,,,
1796,4.676968097686768,6.747438680928589,,,,
1797,4.5616455078125,6.581063352414511,,,,
1798,4.519913673400879,6.520857041861666,,,,
1799,4.648018836975098,6.705673726062461,,,,
1800,4.727899074554443,6.820916548683215,4.668751049041748,6.735583985597676,,
1801,4.593879222869873,6.627566773277211,,,,
1802,4.606310844421387,6.645501812039789,,,,
1803,4.6308770179748535,6.680943308798993,,,,
1804,4.602388381958008,6.639842894895798,,,,
1805,4.65397834777832,6.714271482744395,,,,
1806,4.661863327026367,6.725647103203064,,,,
1807,4.5667009353637695,6.588356792672301,,,,
1808,4.676952362060547,6.747415979218675,,,,
1809,4.599243640899658,6.635305992566037,,,,
1810,4.7632904052734375,6.8719754460019695,,,,
1811,4.62821102142334,6.6770970887950964,,,,
1812,4.716391086578369,6.804314031499523,,,,
1813,4.602959632873535,6.640667035758733,,,,
1814,4.581910133361816,6.610299027199981,,,,
1815,4.607014179229736,6.646516509679879,,,,
1816,4.601902008056641,6.6391412056802785,,,,
1817,4.693105220794678,6.7707196284105855,,,,
1818,4.611431121826172,6.652888810859648,,,,
1819,4.587820053100586,6.618825239099157,,,,
1820,4.592160224914551,6.62508678345177,,,,
1821,4.7051897048950195,6.78815385369385,,,,
1822,4.630060195922852,6.67976488367528,,,,
1823,4.717827796936035,6.806386766407722,,,,
1824,4.510895729064941,6.507846898289197,,,,
1825,4.701591491699219,6.782962729360207,,,,
1826,4.6135430335998535,6.655935655502333,,,,
1827,4.580533027648926,6.608312283617215,,,,
1828,4.626058578491211,6.673991770051118,,,,
1829,4.62199592590332,6.668130601309713,,,,
1830,4.533499717712402,6.540457560615199,,,,
1831,4.624531269073486,6.6717883283282635,,,,
1832,4.688133239746094,6.763546576008399,,,,
1833,4.676696300506592,6.7470465604846215,,,,
1834,4.612217426300049,6.654023208424738,,,,
1835,4.643141746520996,6.6986375718503615,,,,
1836,4.640190124511719,6.6943792814149985,,,,
1837,4.6668477058410645,6.73283804180094,,,,
1838,4.591099739074707,6.623556825789694,,,,
1839,4.588109970092773,6.619243500906054,,,,
1840,4.65087890625,6.709799933821961,,,,
1841,4.586928844451904,6.617539496801306,,,,
1842,4.630515098571777,6.680421169470973,,,,
1843,4.580597400665283,6.608405154248681,,,,
1844,4.522538185119629,6.524643411903061,,,,
1845,4.5398335456848145,6.549595342820841,,,,
1846,4.595539093017578,6.6299614597078245,,,,
1847,4.6141486167907715,6.656809327368716,,,,
1848,4.693306922912598,6.771010623055846,,,,
1849,4.672564506530762,6.741085641805717,,,,
1850,4.774713039398193,6.888454823607644,,,,
1851,4.5864577293396,6.616859821365096,,,,
1852,4.556644439697266,6.573848336245515,,,,
1853,4.646726608276367,6.703809434127108,,,,
1854,4.524957180023193,6.52813328385437,,,,
1855,4.595982551574707,6.630601235169035,,,,
1856,4.557616233825684,6.575250338815348,,,,
1857,4.565004825592041,6.585909823515825,,,,
1858,4.620095252990723,6.665388509924356,,,,
1859,4.567101001739502,6.588933966448597,,,,
1860,4.689870834350586,6.766053395127376,,,,
1861,4.572205066680908,6.596297575627939,,,,
1862,4.559849262237549,6.57847191783131,,,,
1863,4.566929817199707,6.588686999361958,,,,
1864,4.604617118835449,6.643058282536329,,,,
1865,4.546462535858154,6.55915895407002,,,,
1866,4.638556480407715,6.692022431167574,,,,
1867,4.662134647369385,6.726038535716428,,,,
1868,4.722456455230713,6.8130645087754225,,,,
1869,4.575027942657471,6.60037012480037,,,,
1870,4.558061599731445,6.575892865998972,,,,
1871,4.555320739746094,6.571938640890334,,,,
1872,4.627405166625977,6.675934486075264,,,,
1873,4.6742448806762695,6.743509909252279,,,,
1874,4.563666343688965,6.583978802311938,,,,
1875,4.664942741394043,6.730089759040152,,,,
1876,4.677515506744385,6.748228425261351,,,,
1877,4.724298477172852,6.815721984696554,,,,
1878,4.617101669311523,6.661069681595889,,,,
1879,4.628803253173828,6.677951498604583,,,,
1880,4.595413684844971,6.629780533959117,,,,
1881,4.577230453491211,6.603547676257711,,,,
1882,4.787106990814209,6.906335515852548,,,,
1883,4.495393753051758,6.485482274370996,,,,
1884,4.53180456161499,6.538011967319929,,,,
1885,4.674488067626953,6.743860753860039,,,,
1886,4.611146926879883,6.6524788042199905,,,,
1887,4.5541486740112305,6.5702477074670504,,,,
1888,4.670009613037109,6.737399709632425,,,,
1889,4.563782691955566,6.584146657379179,,,,
1890,4.654927730560303,6.7156411525758655,,,,
1891,4.6527204513549805,6.71245672181249,,,,
1892,4.705296993255615,6.788308638079626,,,,
1893,4.62003231048584,6.665297703084701,,,,
1894,4.594057083129883,6.6278233713922985,,,,
1895,4.591254234313965,6.623779715305212,,,,
1896,4.573354721069336,6.597956176312859,,,,
1897,4.608623504638672,6.6488382754665265,,,,
1898,4.562681674957275,6.582558225615811,,,,
1899,4.649318695068359,6.707549024887469,,,,
1900,4.52362060546875,6.526205014372896,,,,
1901,4.60096549987793,6.6377901099751,,,,
1902,4.558582305908203,6.57664408621794,,,,
1903,4.626552581787109,6.674704466156293,,,,
1904,4.68422269821167,6.757904857129496,,,,
1905,4.614026069641113,6.6566325292036295,,,,
1906,4.601363182067871,6.638363844098378,,,,
1907,4.611755847930908,6.653357291600598,,,,
1908,4.528322696685791,6.532988698053528,,,,
1909,4.55291748046875,6.56847147064894,,,,
1910,4.645871162414551,6.7025752866245165,,,,
1911,4.547143936157227,6.560142006902352,,,,
1912,4.5834760665893555,6.612558191301716,,,,
1913,4.574843883514404,6.600104583587438,,,,
1914,4.680736064910889,6.75287470855706,,,,
1915,4.661392688751221,6.7249681156974574,,,,
1916,4.5360260009765625,6.544102216952283,,,,
1917,4.589360237121582,6.621047254948304,,,,
1918,4.679347038269043,6.750870766709207,,,,
1919,4.625185489654541,6.672732169116198,,,,
1920,4.620527267456055,6.666011775051083,,,,
1921,4.505507469177246,6.500073282470197,,,,
1922,4.484906196594238,6.47035192867869,,,,
1923,4.556861400604248,6.574161344670085,,,,
1924,4.636172294616699,6.688582778150319,,,,
1925,4.72504997253418,6.816806163327594,,,,
1926,4.678641319274902,6.749852629416099,,,,
1927,4.670224189758301,6.737709278403978,,,,
1928,4.702495574951172,6.78426704578435,,,,
1929,4.5450592041015625,6.557134374304064,,,,
1930,4.644561767578125,6.70068622918744,,,,
1931,4.608651638031006,6.64887886337213,,,,
1932,4.523542881011963,6.526092881684534,,,,
1933,4.568864345550537,6.591477933820159,,,,
1934,4.566771030426025,6.588457918471009,,,,
1935,4.532139778137207,6.538495582534155,,,,
1936,4.604408264160156,6.642756968932018,,,,
1937,4.609989166259766,6.650808508714811,,,,
1938,4.621374130249023,6.667233539802813,,,,
1939,4.638791084289551,6.692360893024473,,,,
1940,4.592938423156738,6.626209486196601,,,,
1941,4.653067588806152,6.712957535291802,,,,
1942,4.5517354011535645,6.566766090682984,,,,
1943,4.4586896896362305,6.432529504100941,,,,
1944,4.599071502685547,6.635057649618192,,,,
1945,4.509181976318359,6.505374475700393,,,,
1946,4.531225204467773,6.537176131636736,,,,
1947,4.564445495605469,6.585102880917977,,,,
1948,4.467933177947998,6.445865038848844,,,,
1949,4.538365364074707,6.547477204492815,,,,
1950,4.542173862457275,6.55297170622258,,,,
1951,4.599092960357666,6.635088606495347,,,,
1952,4.560442924499512,6.5793283914326075,,,,
1953,4.578157901763916,6.604885701281424,,,,
1954,4.672172546386719,6.74052016284968,,,,
1955,4.599864482879639,6.636201678211731,,,,
1956,4.654046058654785,6.714369168890085,,,,
1957,4.551441669464111,6.5663423254312585,,,,
1958,4.546566486358643,6.559308922941573,,,,
1959,4.57711124420166,6.603375693606848,,,,
1960,4.415919303894043,6.370824880693779,,,,
1961,4.500361442565918,6.492649135397752,,,,
1962,4.654810905456543,6.71547260957802,,,,
1963,4.594273567199707,6.628135691886265,,,,
1964,4.549506664276123,6.563550703042453,,,,
1965,4.598011016845703,6.633527691956116,,,,
1966,4.5348005294799805,6.542334235301413,,,,
1967,4.609862327575684,6.650625519174293,,,,
1968,4.602608680725098,6.640160718834593,,,,
1969,4.516532897949219,6.5159796138831965,,,,
1970,4.679903030395508,6.751672893792831,,,,
1971,4.540109157562256,6.549992966709636,,,,
1972,4.627330780029297,6.675827168901126,,,,
1973,4.614153861999512,6.656816894605354,,,,
1974,4.663155555725098,6.727511395138417,,,,
1975,4.553437232971191,6.569221315006701,,,,
1976,4.6124701499938965,6.654387811644568,,,,
1977,4.55482292175293,6.571220441340331,,,,
1978,4.537585258483887,6.546351750025568,,,,
1979,4.630873680114746,6.680938493284768,,,,
1980,4.504054069519043,6.497976469990878,,,,
1981,4.573241710662842,6.597793136759842,,,,
1982,4.539559364318848,6.549199782723857,,,,
1983,4.455011367797852,6.427222807425919,,,,
1984,4.68586540222168,6.760274778058386,,,,
1985,4.610456466674805,6.651482680706193,,,,
1986,4.561022758483887,6.580164915046404,,,,
1987,4.606654167175293,6.645997122074273,,,,
1988,4.599332809448242,6.635434635588883,,,,
1989,4.588677406311035,6.620062138324162,,,,
1990,4.609442710876465,6.650020140243256,,,,
1991,4.646207809448242,6.703060965630553,,,,
1992,4.598647117614746,6.63444539138112,,,,
1993,4.597975730895996,6.633476785091461,,,,
1994,4.5226240158081055,6.524767239411683,,,,
1995,4.640481948852539,6.694800294944311,,,,
1996,4.552160263061523,6.567379036850659,,,,
1997,4.569851398468018,6.592901950169304,,,,
1998,4.604122161865234,6.642344210569947,,,,
1999,4.593416213989258,6.62689879266126,,,,
2000,4.641901969909668,6.696848952281388,4.580418491363526,6.608147042686266,,
2001,4.453760147094727,6.4254176775224625,,,,
2002,4.572737693786621,6.597065994111993,,,,
2003,4.474192142486572,6.454894815949745,,,,
2004,4.521251678466797,6.52278737513495,,,,
2005,4.491032600402832,6.479190461071831,,,,
2006,4.550659656524658,6.565214119241598,,,,
2007,4.504661560058594,6.4988528935796746,,,,
2008,4.509982109069824,6.506528823252983,,,,
2009,4.554219722747803,6.570350209126965,,,,
2010,4.590268611907959,6.622357762747878,,,,
2011,4.637263298034668,6.690156763371014,,,,
2012,4.508836269378662,6.50487572601289,,,,
2013,4.629807472229004,6.679400280455451,,,,
2014,4.540253639221191,6.550201409682482,,,,
2015,4.498505592346191,6.48997170948912,,,,
2016,4.573196887969971,6.5977284712831175,,,,
2017,4.6178154945373535,6.662099513709256,,,,
2018,4.644927501678467,6.701213871960286,,,,
2019,4.4896721839904785,6.477227795060185,,,,
2020,4.611545085906982,6.653053226273872,,,,
2021,4.593667984008789,6.627262020019883,,,,
2022,4.529854774475098,6.535199019082417,,,,
2023,4.605495452880859,6.644325450707886,,,,
2024,4.558915138244629,6.577124261779149,,,,
2025,4.642946243286133,6.698355520302947,,,,
2026,4.6042022705078125,6.6424597829113265,,,,
2027,4.575142860412598,6.600535916075802,,,,
2028,4.607561111450195,6.6473055660820375,,,,
2029,4.62202262878418,6.668169125423506,,,,
2030,4.591182708740234,6.623676525714695,,,,
2031,4.523651123046875,6.526249041931517,,,,
2032,4.551390647888184,6.566268716856689,,,,
2033,4.591092586517334,6.6235465068306425,,,,
2034,4.671702861785889,6.73984255120528,,,,
2035,4.520435810089111,6.521610325872445,,,,
2036,4.523140907287598,6.525512956185824,,,,
2037,4.517962455749512,6.518042029832343,,,,
2038,4.589474201202393,6.621211670362529,,,,
2039,4.526240348815918,6.529984505108257,,,,
2040,4.562967300415039,6.582970296047278,,,,
2041,4.684800624847412,6.758738629020879,,,,
2042,4.600974082946777,6.637802492725962,,,,
2043,4.545115947723389,6.557216238045874,,,,
2044,4.570204734802246,6.593411706746461,,,,
2045,4.519477844238281,6.520228273290112,,,,
2046,4.576285362243652,6.602184197801671,,,,
2047,4.4264326095581055,6.385992374638672,,,,
2048,4.5836920738220215,6.612869823865079,,,,
2049,4.59237003326416,6.625389472917288,,,,
2050,4.520397663116455,6.5215552914241695,,,,
2051,4.572380065917969,6.596550046159406,,,,
2052,4.562517166137695,6.58232088955762,,,,
2053,4.538542747497559,6.547733114677299,,,,
2054,4.540810585021973,6.551004912627313,,,,
2055,4.52780818939209,6.532246420932404,,,,
2056,4.553772449493408,6.569704930220928,,,,
2057,4.472766876220703,6.452838591376029,,,,
2058,4.652824401855469,6.7126066906840425,,,,
2059,4.565271377563477,6.5862943767231545,,,,
2060,4.477691650390625,6.459943538648473,,,,
2061,4.51381778717041,6.512062537027146,,,,
2062,4.551676273345947,6.566680787288156,,,,
2063,4.565406322479248,6.586489061083931,,,,
2064,4.612867832183838,6.654961545767846,,,,
2065,4.523909568786621,6.526621900318587,,,,
2066,4.505538463592529,6.500117997959421,,,,
2067,4.428051948547363,6.388328586967993,,,,
2068,4.566654682159424,6.588290063403766,,,,
2069,4.465239524841309,6.441978918869948,,,,
2070,4.54049015045166,6.550542623261793,,,,
2071,4.591037750244141,6.623467394811246,,,,
2072,4.534668445587158,6.5421436785242575,,,,
2073,4.522543907165527,6.524651667070303,,,,
2074,4.549889087677002,6.564102423386421,,,,
2075,4.533907413482666,6.54104574128115,,,,
2076,4.57353401184082,6.598214838219757,,,,
2077,4.439852714538574,6.405353493542203,,,,
2078,4.550121784210205,6.564438133520905,,,,
2079,4.51479434967041,6.513471418903014,,,,
2080,4.4342803955078125,6.397314336510273,,,,
2081,4.494545936584473,6.48425913375806,,,,
2082,4.593585968017578,6.6271436959560885,,,,
2083,4.608556747436523,6.648741965182044,,,,
2084,4.491627216339111,6.480048310534335,,,,
2085,4.580517768859863,6.608290269837904,,,,
2086,4.590008735656738,6.6219828405689976,,,,
2087,4.525547027587891,6.5289842540108385,,,,
2088,4.597703456878662,6.63308397671689,,,,
2089,4.493426322937012,6.482643872701157,,,,
2090,4.482018947601318,6.4661865088747925,,,,
2091,4.44528865814209,6.413195902421548,,,,
2092,4.6296844482421875,6.679222794359761,,,,
2093,4.450870513916016,6.421248818065548,,,,
2094,4.503668785095215,6.49742062206329,,,,
2095,4.584396839141846,6.61388658529698,,,,
2096,4.500277996063232,6.492528747542147,,,,
2097,4.454744815826416,6.426838254218589,,,,
2098,4.52950382232666,6.534692702158277,,,,
2099,4.462305068969727,6.437745393936309,,,,
2100,4.541537284851074,6.552053318866973,,,,
2101,4.52474308013916,6.52782440301342,,,,
2102,4.49013614654541,6.477897151537343,,,,
2103,4.501493453979492,6.494282282650345,,,,
2104,4.495082855224609,6.485033743617547,,,,
2105,4.527088165283203,6.531207645721193,,,,
2106,4.513927459716797,6.512220761065939,,,,
2107,4.493243217468262,6.482379707349431,,,,
2108,4.531303405761719,6.537288952255702,,,,
2109,4.565129280090332,6.5860893734033255,,,,
2110,4.570870399475098,6.5943720578688785,,,,
2111,4.550192832946777,6.564540635180819,,,,
2112,4.432468414306641,6.394700200217158,,,,
2113,4.537717819213867,6.546542994733328,,,,
2114,4.446300506591797,6.414655691162071,,,,
2115,4.543139457702637,6.554364765694569,,,,
2116,4.4733428955078125,6.453669611544997,,,,
2117,4.528247356414795,6.532880005018184,,,,
2118,4.489090919494629,6.476389207654578,,,,
2119,4.620704174041748,6.666266997304964,,,,
2120,4.5921630859375,6.62509091103539,,,,
2121,4.490094184875488,6.477836613644239,,,,
2122,4.5205817222595215,6.521820832637101,,,,
2123,4.555499076843262,6.572195926936025,,,,
2124,4.501042366027832,6.49363150029948,,,,
2125,4.542081356048584,6.552838247685511,,,,
2126,4.485988616943359,6.471913531148524,,,,
2127,4.49309778213501,6.482169888515379,,,,
2128,4.405779838562012,6.356196724341992,,,,
2129,4.460569381713867,6.435241326539746,,,,
2130,4.50075626373291,6.493218741937409,,,,
2131,4.53423547744751,6.5415190375363235,,,,
2132,4.642845153808594,6.698209679015015,,,,
2133,4.599126815795898,6.635137449568192,,,,
2134,4.5267181396484375,6.530673811572915,,,,
2135,4.469430923461914,6.448025828874284,,,,
2136,4.5004706382751465,6.492806671505942,,,,
2137,4.524816036224365,6.527929656395748,,,,
2138,4.575342178344727,6.600823471068044,,,,
2139,4.528700828552246,6.5335342270220655,,,,
2140,4.436901092529297,6.40109520310684,,,,
2141,4.497418403625488,6.488403227713251,,,,
2142,4.443755149841309,6.410983517600848,,,,
2143,4.552652359008789,6.568088981233421,,,,
2144,4.5424699783325195,6.553398911127323,,,,
2145,4.547702789306641,6.560948261569597,,,,
2146,4.618071556091309,6.66246893244331,,,,
2147,4.588785648345947,6.620218298571145,,,,
2148,4.481802463531494,6.465874188380826,,,,
2149,4.544610977172852,6.556487719536819,,,,
2150,4.491368770599365,6.479675452147265,,,,
2151,4.502933502197266,6.496359833072767,,,,
2152,4.451527118682861,6.4221960985065,,,,
2153,4.512188911437988,6.509712566085756,,,,
2154,4.558236122131348,6.5761446485998345,,,,
2155,4.390082836151123,6.333550736806981,,,,
2156,4.48359489440918,6.468460119519199,,,,
2157,4.467501640319824,6.44524246165272,,,,
2158,4.435710906982422,6.399378128320627,,,,
2159,4.584599494934082,6.614178955803447,,,,
2160,4.542017936706543,6.552746752915251,,,,
2161,4.5526018142700195,6.568016060589455,,,,
2162,4.526650428771973,6.530576125427225,,,,
2163,4.488868713378906,6.47606863199337,,,,
2164,4.518380641937256,6.518645344971571,,,,
2165,4.513984203338623,6.51230262480775,,,,
2166,4.485498428344727,6.471206338488177,,,,
2167,4.527197360992432,6.531365181829384,,,,
2168,4.43017053604126,6.391385062639126,,,,
2169,4.474673748016357,6.45558962585923,,,,
2170,4.546985626220703,6.5599136139420064,,,,
2171,4.547704696655273,6.560951013292011,,,,
2172,4.5014801025390625,6.494263020593448,,,,
2173,4.423550605773926,6.381834522071413,,,,
2174,4.472529888153076,6.452496689866114,,,,
2175,4.574165344238281,6.5991256583387266,,,,
2176,4.496669292449951,6.487322488735229,,,,
2177,4.545903205871582,6.558352011472172,,,,
2178,4.450389862060547,6.420555384017269,,,,
2179,4.440195560455322,6.405848115646085,,,,
2180,4.519817352294922,6.520718079879769,,,,
2181,4.55604362487793,6.572981543685166,,,,
2182,4.437747001647949,6.402315591997363,,,,
2183,4.494309425354004,6.483917920178748,,,,
2184,4.498403549194336,6.489824492339981,,,,
2185,4.478630542755127,6.461298074006669,,,,
2186,4.3445048332214355,6.267795578006698,,,,
2187,4.486770153045654,6.473041049407581,,,,
2188,4.5313520431518555,6.537359121177254,,,,
2189,4.564996242523193,6.585897440764963,,,,
2190,4.4074015617370605,6.35853637632433,,,,
2191,4.4746623039245605,6.455573115524747,,,,
2192,4.47373628616333,6.454237154292845,,,,
2193,4.591789245605469,6.624551573442284,,,,
2194,4.452468395233154,6.423554073517713,,,,
2195,4.622675895690918,6.6691115903502345,,,,
2196,4.339691162109375,6.260850918564858,,,,
2197,4.481781482696533,6.465843919434274,,,,
2198,4.473302841186523,6.453611825374308,,,,
2199,4.580234050750732,6.607880951128851,,,,
2200,4.563814640045166,6.584192748729611,4.5425190925598145,6.553469767979479,,
2201,4.546662330627441,6.559447196992866,,,,
2202,4.480321884155273,6.46373816385711,,,,
2203,4.463812828063965,6.439920630504421,,,,
2204,4.527176856994629,6.531335600813435,,,,
2205,4.492855072021484,6.481819731838223,,,,
2206,4.607211112976074,6.646800625019104,,,,
2207,4.485929489135742,6.471828227753696,,,,
2208,4.510993957519531,6.5079886119935075,,,,
2209,4.551083087921143,6.565825001617463,,,,
2210,4.334057807922363,6.2527237064156855,,,,
2211,4.526535511016846,6.530410334151793,,,,
2212,4.493481159210205,6.482722984720554,,,,
2213,4.533596515655518,6.540597210527699,,,,
2214,4.470699787139893,6.4498564122100674,,,,
2215,4.436306953430176,6.400238041574941,,,,
2216,4.459259986877441,6.433352269102669,,,,
2217,4.592986106872559,6.626278279256947,,,,
2218,4.508201599121094,6.503960090379697,,,,
2219,4.468747615814209,6.447040024319538,,,,
2220,4.4706315994262695,6.449758038133774,,,,
2221,4.543498992919922,6.554883465369571,,,,
2222,4.4542365074157715,6.426104920195311,,,,
2223,4.4891276359558105,6.476442178311044,,,,
2224,4.538960933685303,6.548336429816525,,,,
2225,4.49149227142334,6.479853626173559,,,,
2226,4.3986358642578125,6.345890148041086,,,,
2227,4.498492240905762,6.4899524474322225,,,,
2228,4.470735549926758,6.449908007005327,,,,
2229,4.512065410614014,6.509534392059462,,,,
2230,4.511180877685547,6.50825828079006,,,,
2231,4.41193151473999,6.365071717057116,,,,
2232,4.496372699737549,6.486894595899882,,,,
2233,4.375576019287109,6.312621824058184,,,,
2234,4.4791340827941895,6.462024528723913,,,,
2235,4.534093856811523,6.541314722147098,,,,
2236,4.592429161071777,6.625474776312116,,,,
2237,4.478263854980469,6.460769055372614,,,,
2238,4.492450714111328,6.481236366686495,,,,
2239,4.459421157836914,6.433584789646636,,,,
2240,4.440234661102295,6.4059045259555685,,,,
2241,4.474765777587891,6.4557223964656965,,,,
2242,4.570736885070801,6.594179437299912,,,,
2243,4.446081161499023,6.414339243084484,,,,
2244,4.493338108062744,6.4825166055395185,,,,
2245,4.451617240905762,6.422326117390552,,,,
2246,4.515690803527832,6.514764728437502,,,,
2247,4.59175443649292,6.624501354508232,,,,
2248,4.488621234893799,6.4757115960101785,,,,
2249,4.475459098815918,6.456722647563114,,,,
2250,4.420731544494629,6.377767476343809,,,,
2251,4.542377471923828,6.553265452590254,,,,
2252,4.563289165496826,6.583434649204608,,,,
2253,4.49118185043335,6.479405783350712,,,,
2254,4.537923812866211,6.546840180754019,,,,
2255,4.409102439880371,6.360990224786841,,,,
2256,4.485328674316406,6.470961435193348,,,,
2257,4.394406318664551,6.339788203588474,,,,
2258,4.453742504119873,6.425392224090134,,,,
2259,4.391456127166748,6.335531976944921,,,,
2260,4.5211992263793945,6.522711702768571,,,,
2261,4.414283275604248,6.368464590793338,,,,
2262,4.472296714782715,6.452160291801026,,,,
2263,4.516670227050781,6.5161777378969905,,,,
2264,4.535205364227295,6.542918288383744,,,,
2265,4.515653610229492,6.514711069850432,,,,
2266,4.5575103759765625,6.575097618221382,,,,
2267,4.555967330932617,6.572871474788614,,,,
2268,4.433887958526611,6.396748169623632,,,,
2269,4.494924545288086,6.484805350657201,,,,
2270,4.43487548828125,6.39817287390338,,,,
2271,4.487387657165527,6.473931919539051,,,,
2272,4.41085147857666,6.3635135542403,,,,
2273,4.564858436584473,6.585698628820565,,,,
2274,4.505880832672119,6.5006119321327,,,,
2275,4.508720397949219,6.504708558876252,,,,
2276,4.453603267669678,6.425191348353927,,,,
2277,4.561464309692383,6.5808019387852,,,,
2278,4.432150840759277,6.39424203843526,,,,
2279,4.475197792053223,6.456345661592423,,,,
2280,4.450236797332764,6.420334558293561,,,,
2281,4.595427513122559,6.629800483946617,,,,
2282,4.545055866241455,6.557129558789839,,,,
2283,4.452711582183838,6.423904918125473,,,,
2284,4.437469482421875,6.401915216386154,,,,
2285,4.434039115905762,6.396966243624926,,,,
2286,4.492948532104492,6.481954566236499,,,,
2287,4.493720054626465,6.483067637952883,,,,
2288,4.306987285614014,6.213669198127155,,,,
2289,4.43537712097168,6.398896576898211,,,,
2290,4.496711730957031,6.487383714558936,,,,
2291,4.4851484298706055,6.470701397425243,,,,
2292,4.504499912261963,6.498619685105105,,,,
2293,4.550209045410156,6.564564024821337,,,,
2294,4.450771331787109,6.42110572850003,,,,
2295,4.485328674316406,6.470961435193348,,,,
2296,4.485854148864746,6.471719534718352,,,,
2297,4.45406436920166,6.4258565772474645,,,,
2298,4.457149982452393,6.430308176182398,,,,
2299,4.428513050079346,6.38899381586153,,,,
2300,4.44141960144043,6.407614033505144,,,,
2301,4.51594352722168,6.515129331657331,,,,
2302,4.464868545532227,6.441443708860462,,,,
2303,4.52379846572876,6.526461612487983,,,,
2304,4.458223819732666,6.431857395901369,,,,
2305,4.489280700683594,6.4766630040347515,,,,
2306,4.503582000732422,6.4972954186934615,,,,
2307,4.526735305786133,6.53069857707464,,,,
2308,4.437747955322266,6.40231696785857,,,,
2309,4.4138641357421875,6.367859899792904,,,,
2310,4.519093990325928,6.519674489154333,,,,
2311,4.5142621994018555,6.512703688349562,,,,
2312,4.427105903625488,6.386963732650745,,,,
2313,4.571341514587402,6.595051733305088,,,,
2314,4.457489967346191,6.430798670702658,,,,
2315,4.395134925842285,6.340839361550547,,,,
2316,4.48018217086792,6.463536600190299,,,,
2317,4.384296417236328,6.325202698934101,,,,
2318,4.524891376495361,6.528038349431093,,,,
2319,4.452306747436523,6.423320865043143,,,,
2320,4.3852057456970215,6.326514582594882,,,,
2321,4.456033706665039,6.428697730639718,,,,
2322,4.43764591217041,6.402169750709431,,,,
2323,4.429472923278809,6.390378620166278,,,,
2324,4.3946733474731445,6.340173444726406,,,,
2325,4.502330780029297,6.4954902887900055,,,,
2326,4.530405044555664,6.5359928909988,,,,
2327,4.4377946853637695,6.402384385057708,,,,
2328,4.390588283538818,6.3342799432466395,,,,
2329,4.420340538024902,6.377203373248979,,,,
2330,4.447237014770508,6.41600678686725,,,,
2331,4.372435569763184,6.308091113103854,,,,
2332,4.489652633666992,6.477199589905444,,,,
2333,4.529549598693848,6.534758743496209,,,,
2334,4.505603790283203,6.5002122444520944,,,,
2335,4.380043029785156,6.319066357951315,,,,
2336,4.460452079772949,6.4350720956112974,,,,
2337,4.413447380065918,6.367258648445488,,,,
2338,4.491562843322754,6.479955439902869,,,,
2339,4.453559398651123,6.42512805873841,,,,
2340,4.4210357666015625,6.378206376068811,,,,
2341,4.5915937423706055,6.6242695218948695,,,,
2342,4.501436233520508,6.494199730977931,,,,
2343,4.51544189453125,6.514405628662501,,,,
2344,4.471734046936035,6.451348533688953,,,,
2345,4.426505088806152,6.386096940090397,,,,
2346,4.4295806884765625,6.390534092482657,,,,
2347,4.427009582519531,6.386824770668849,,,,
2348,4.417231559753418,6.372718065714477,,,,
2349,4.434508800506592,6.397643855269326,,,,
2350,4.450295448303223,6.420419173757786,,,,
2351,4.453070640563965,6.424422929869872,,,,
2352,4.404165267944336,6.3538673913187065,,,,
2353,4.4425435066223145,6.409235485937479,,,,
2354,4.422208786010742,6.379898685353301,,,,
2355,4.424416542053223,6.38308380404728,,,,
2356,4.409340858459473,6.3613341900885665,,,,
2357,4.471739768981934,6.451356788856195,,,,
2358,4.4233293533325195,6.381515322271412,,,,
2359,4.561551094055176,6.580927142155028,,,,
2360,4.447330474853516,6.416141621265526,,,,
2361,4.483210563659668,6.467905647452818,,,,
2362,4.4666948318481445,6.444078483071681,,,,
2363,4.437295436859131,6.4016641217158945,,,,
2364,4.6025710105896,6.640106372316921,,,,
2365,4.432820796966553,6.395208580933108,,,,
2366,4.44835901260376,6.41762548757717,,,,
2367,4.561971664428711,6.581533896947271,,,,
2368,4.476052284240723,6.457578433233808,,,,
2369,4.6286187171936035,6.677685269461048,,,,
2370,4.47385835647583,6.454413264527329,,,,
2371,4.401445388793945,6.349943435156621,,,,
2372,4.432439804077148,6.394658924380951,,,,
2373,4.4508957862854,6.421285278387531,,,,
2374,4.433222770690918,6.395788506431818,,,,
2375,4.4330949783325195,6.395604141030093,,,,
2376,4.468634128570557,6.446876296835917,,,,
2377,4.455967903137207,6.428602796216442,,,,
2378,4.435576915740967,6.399184819821056,,,,
2379,4.433191776275635,6.395743790942594,,,,
2380,4.4119439125061035,6.365089603252806,,,,
2381,4.500782012939453,6.493255890189996,,,,
2382,4.451908111572266,6.422745755058658,,,,
2383,4.405736923217773,6.356134810587681,,,,
2384,4.355029106140137,6.2829788943554705,,,,
2385,4.5141777992248535,6.512581924632751,,,,
2386,4.3880109786987305,6.330561678334986,,,,
2387,4.471987724304199,6.451714512769989,,,,
2388,4.477453708648682,6.459600261277351,,,,
2389,4.442434310913086,6.409077949829289,,,,
2390,4.415434837341309,6.370125943200673,,,,
2391,4.479659080505371,6.462781940318313,,,,
2392,4.507210731506348,6.5025305705857255,,,,
2393,4.449476718902588,6.41923799691166,,,,
2394,4.399803161621094,6.347574202158334,,,,
2395,4.426401615142822,6.385947659149448,,,,
2396,4.480425834655762,6.463888132728663,,,,
2397,4.451967239379883,6.422831058453486,,,,
2398,4.590817928314209,6.623150258803054,,,,
2399,4.449963092803955,6.41993968612718,,,,
2400,4.52276611328125,6.524972242731511,4.444147777557373,6.41154995965973,,
2401,4.482743263244629,6.4672314754614355,,,,
2402,4.465843677520752,6.44285052694452,,,,
2403,4.482068061828613,6.466257365726948,,,,
2404,4.433215141296387,6.395777499542162,,,,
2405,4.474808216094971,6.455783622289403,,,,
2406,4.353626251220703,6.280955002520117,,,,
2407,4.483371257781982,6.468137480066181,,,,
2408,4.373197555541992,6.309190426208169,,,,
2409,4.396997451782227,6.343526418487627,,,,
2410,4.332563400268555,6.250567731904469,,,,
2411,4.5065460205078125,6.501571595324514,,,,
2412,4.47222375869751,6.452055038418698,,,,
2413,4.482580184936523,6.466996203195055,,,,
2414,4.44527530670166,6.413176640364651,,,,
2415,4.375040054321289,6.311848590059905,,,,
2416,4.3300909996032715,6.247000811725575,,,,
2417,4.467888832092285,6.445801061302722,,,,
2418,4.376426696777344,6.313849092254741,,,,
2419,4.380664825439453,6.319963419458216,,,,
2420,4.512765884399414,6.510544962115932,,,,
2421,4.3298187255859375,6.246608003351004,,,,
2422,4.47618293762207,6.457766926219153,,,,
2423,4.3872175216674805,6.329416961810843,,,,
2424,4.344744682312012,6.268141607100234,,,,
2425,4.4539103507995605,6.42563437566255,,,,
2426,4.435616493225098,6.399241918061143,,,,
2427,4.405941963195801,6.356430620747166,,,,
2428,4.446687698364258,6.415214290812074,,,,
2429,4.41655158996582,6.371737076673956,,,,
2430,4.381619930267334,6.321341344456928,,,,
2431,4.383371353149414,6.323868113563405,,,,
2432,4.449347019195557,6.419050879787521,,,,
2433,4.4191789627075195,6.375527574298972,,,,
2434,4.5012030601501465,6.493863332912843,,,,
2435,4.413081169128418,6.366730317742038,,,,
2436,4.449295997619629,6.418977271212952,,,,
2437,4.48974609375,6.47733442430372,,,,
2438,4.458615303039551,6.432422186926803,,,,
2439,4.423712730407715,6.382068418476586,,,,
2440,4.4395647048950195,6.404937983457719,,,,
2441,4.3904218673706055,6.334039855466035,,,,
2442,4.47574520111084,6.457135405925185,,,,
2443,4.498166084289551,6.489481902899462,,,,
2444,4.498376846313477,6.489785968226188,,,,
2445,4.5323004722595215,6.538727415147519,,,,
2446,4.3350019454956055,6.254085809010519,,,,
2447,4.386652946472168,6.328602451976356,,,,
2448,4.384563446044922,6.325587940072033,,,,
2449,4.433720111846924,6.396506018051217,,,,
2450,4.432032585144043,6.394071431645603,,,,
2451,4.420990467071533,6.378141022661484,,,,
2452,4.351081848144531,6.277284204820101,,,,
2453,4.532233238220215,6.538630416932432,,,,
2454,4.329956531524658,6.246806815295401,,,,
2455,4.546873092651367,6.559751262319592,,,,
2456,4.399013996124268,6.346435677009623,,,,
2457,4.40211296081543,6.350906538001452,,,,
2458,4.456026554107666,6.4286874116806665,,,,
2459,4.38315486907959,6.323555793069438,,,,
2460,4.463408946990967,6.439337953283298,,,,
2461,4.4981584548950195,6.489470896009807,,,,
2462,4.3838348388671875,6.324536782109959,,,,
2463,4.374946594238281,6.3117137556616285,,,,
2464,4.417804718017578,6.373544958299825,,,,
2465,4.416115760803223,6.371108308102401,,,,
2466,4.44191837310791,6.4083336089163545,,,,
2467,4.432964324951172,6.3954156480447475,,,,
2468,4.473504066467285,6.453902132088964,,,,
2469,4.339556694030762,6.260656922134685,,,,
2470,4.350003719329834,6.275728793725698,,,,
2471,4.387811660766602,6.330274123342743,,,,
2472,4.403288841247559,6.352602974869563,,,,
2473,4.365922927856445,6.298695356921917,,,,
2474,4.418944835662842,6.375189800372677,,,,
2475,4.537489891052246,6.546214163904878,,,,
2476,4.4114789962768555,6.364418870914442,,,,
2477,4.442596435546875,6.409311846234462,,,,
2478,4.389589786529541,6.332839416563012,,,,
2479,4.36796236038208,6.301637636112878,,,,
2480,4.376643180847168,6.3141614127487085,,,,
2481,4.432892799377441,6.39531245845423,,,,
2482,4.411278247833252,6.364129252130389,,,,
2483,4.3272247314453125,6.242865660868229,,,,
2484,4.419370651245117,6.37580412240156,,,,
2485,4.376027584075928,6.313273294339653,,,,
2486,4.4528093338012695,6.424045943899181,,,,
2487,4.467995643615723,6.445955157757895,,,,
2488,4.379778861999512,6.318685244397003,,,,
2489,4.406627655029297,6.357419864954928,,,,
2490,4.395033836364746,6.340693520262615,,,,
2491,4.342117786407471,6.264351797405822,,,,
2492,4.385629653930664,6.32712615290135,,,,
2493,4.418288230895996,6.374242519931725,,,,
2494,4.394381046295166,6.339751743266491,,,,
2495,4.394266605377197,6.339586639921662,,,,
2496,4.499629497528076,6.491593161921454,,,,
2497,4.349302291870117,6.274716847808021,,,,
2498,4.469424247741699,6.448016197845836,,,,
2499,4.3978424072265625,6.344745431516943,,,,
2500,4.380180358886719,6.319264481965109,,,,
2501,4.358059406280518,6.287350693340403,,,,
2502,4.414193153381348,6.368334571909286,,,,
2503,4.487236976623535,6.4737145334683595,,,,
2504,4.477933883666992,6.460293007395026,,,,
2505,4.422977447509766,6.3810076294860645,,,,
2506,4.434909820556641,6.398222404906829,,,,
2507,4.414592742919922,6.368911057754978,,,,
2508,4.408482551574707,6.360095915002354,,,,
2509,4.334291934967041,6.25306148034198,,,,
2510,4.228166103363037,6.099954269376666,,,,
2511,4.329578876495361,6.246261974257468,,,,
2512,4.386111259460449,6.3278209628108355,,,,
2513,4.420761585235596,6.377810815971826,,,,
2514,4.433650016784668,6.39640489225251,,,,
2515,4.4607086181640625,6.435442202275953,,,,
2516,4.540736675262451,6.550898283383778,,,,
2517,4.473025798797607,6.453212137693702,,,,
2518,4.510515213012695,6.507297929667642,,,,
2519,4.408387660980225,6.359959016812267,,,,
2520,4.436805248260498,6.400956929055547,,,,
2521,4.521446228027344,6.523068050821158,,,,
2522,4.307765483856201,6.214791900871988,,,,
2523,4.488951683044434,6.476188331918371,,,,
2524,4.3656110763549805,6.2982454503072605,,,,
2525,4.421104431152344,6.378305438075708,,,,
2526,4.394330024719238,6.339678134691921,,,,
2527,4.400040626525879,6.347916791598854,,,,
2528,4.415166854858398,6.369739326201533,,,,
2529,4.337649345397949,6.25790519972088,,,,
2530,4.360721588134766,6.291191409899471,,,,
2531,4.381476879119873,6.321134965275893,,,,
2532,4.36191463470459,6.292912612269307,,,,
2533,4.378415107727051,6.316717762871133,,,,
2534,4.41494083404541,6.369413247095498,,,,
2535,4.362246513366699,6.293391411969308,,,,
2536,4.3776044845581055,6.315548280845266,,,,
2537,4.377790451049805,6.315816573780611,,,,
2538,4.323671340942383,6.23773920201131,,,,
2539,4.403206825256348,6.35248465080577,,,,
2540,4.414872169494629,6.369314185088601,,,,
2541,4.371545791625977,6.306807434597815,,,,
2542,4.491211891174316,6.479449122978729,,,,
2543,4.347377777099609,6.271940359892492,,,,
2544,4.3864336013793945,6.328286003898769,,,,
2545,4.475318908691406,6.4565203959657,,,,
2546,4.415829658508301,6.37069554974033,,,,
2547,4.398134231567383,6.345166445046255,,,,
2548,4.4859514236450195,6.471859872561455,,,,
2549,4.361543655395508,6.292377402259821,,,,
2550,4.3479390144348145,6.272750054212754,,,,
2551,4.372196197509766,6.307745771940922,,,,
2552,4.506139278411865,6.50098479051977,,,,
2553,4.532988548278809,6.539720099008298,,,,
2554,4.353731155395508,6.2811063472528765,,,,
2555,4.369887351989746,6.304414811959011,,,,
2556,4.397524356842041,6.344286581804441,,,,
2557,4.367304801940918,6.300688979810719,,,,
2558,4.347896575927734,6.272688828389047,,,,
2559,4.39990758895874,6.347724858960491,,,,
2560,4.416163921356201,6.37117778909335,,,,
2561,4.3204755783081055,6.23312869110698,,,,
2562,4.284365177154541,6.181032394438222,,,,
2563,4.4079909324646,6.3593866585501955,,,,
2564,4.379952907562256,6.318936339067263,,,,
2565,4.347812175750732,6.272567064672236,,,,
2566,4.354042053222656,6.281554878006326,,,,
2567,4.38193416595459,6.3217946907246025,,,,
2568,4.417983531951904,6.37380293227612,,,,
2569,4.481866836547852,6.465967059012292,,,,
2570,4.344459533691406,6.2677302245993705,,,,
2571,4.30657958984375,6.213081017461205,,,,
2572,4.291278839111328,6.191006700257661,,,,
2573,4.306392669677734,6.212811348664651,,,,
2574,4.334103107452393,6.252789059823013,,,,
2575,4.34536075592041,6.269030413439893,,,,
2576,4.281435012817383,6.176805060880014,,,,
2577,4.421623229980469,6.379053906572263,,,,
2578,4.427699089050293,6.387819518321439,,,,
2579,4.415881156921387,6.370769846245503,,,,
2580,4.397219657897949,6.343846994148835,,,,
2581,4.416514873504639,6.37168410601749,,,,
2582,4.3932294845581055,6.338090390859156,,,,
2583,4.319262504577637,6.2313785956518,,,,
2584,4.302791118621826,6.2076154088167845,,,,
2585,4.321227073669434,6.23421286973802,,,,
2586,4.3602213859558105,6.290469770696451,,,,
2587,4.385547637939453,6.327007828837557,,,,
2588,4.370140552520752,6.304780103109444,,,,
2589,4.38924503326416,6.332342042736717,,,,
2590,4.3261847496032715,6.241365284222102,,,,
2591,4.313999176025391,6.223785217650906,,,,
2592,4.480106353759766,6.46342721922435,,,,
2593,4.416110992431641,6.371101428796367,,,,
2594,4.353963851928711,6.281442057387361,,,,
2595,4.43005895614624,6.391224086877918,,,,
2596,4.356203079223633,6.2846725795011675,,,,
2597,4.615987777709961,6.659462675706227,,,,
2598,4.459593772888184,6.433833820525085,,,,
2599,4.413928508758545,6.36795277042437,,,,
2600,4.39040470123291,6.334015089964311,4.411767292022705,6.364834793757288,,
2601,4.308689117431641,6.216124422450872,,,,
2602,4.358798027038574,6.288416297845149,,,,
2603,4.404606819152832,6.3545044150575025,,,,
2604,4.398759365081787,6.34606832206738,,,,
2605,4.353982925415039,6.281469574611498,,,,
2606,4.409871578216553,6.362099856850207,,,,
2607,4.3568902015686035,6.285663887500741,,,,
2608,4.318959712982178,6.2309417597186085,,,,
2609,4.4607720375061035,6.435533697046213,,,,
2610,4.355231285095215,6.283270576931334,,,,
2611,4.434696197509766,6.397914211996482,,,,
2612,4.38286018371582,6.323130651956506,,,,
2613,4.406642913818359,6.357441878734239,,,,
2614,4.37872838973999,6.3171697332776,,,,
2615,4.365477561950684,6.298052829738294,,,,
2616,4.346541404724121,6.270733729614038,,,,
2617,4.406184196472168,6.356780089493719,,,,
2618,4.391051292419434,6.3349479238625905,,,,
2619,4.385218143463135,6.326532468790572,,,,
2620,4.359153747558594,6.288929494075323,,,,
2621,4.34149169921875,6.26344854452349,,,,
2622,4.34568452835083,6.269497518319636,,,,
2623,4.3251214027404785,6.239831198976406,,,,
2624,4.349078178405762,6.2743935204243995,,,,
2625,4.303212642669678,6.208223539470235,,,,
2626,4.346231460571289,6.270286574721795,,,,
2627,4.42824125289917,6.388601695417563,,,,
2628,4.387185096740723,6.329370182529808,,,,
2629,4.409162521362305,6.361076904042875,,,,
2630,4.36630916595459,6.2992525807107125,,,,
2631,4.325384140014648,6.240210248738907,,,,
2632,4.310482025146484,6.21871104151985,,,,
2633,4.420660018920898,6.377664286753292,,,,
2634,4.344298362731934,6.267497704055404,,,,
2635,4.280134201049805,6.174928386193799,,,,
2636,4.389942646026611,6.333348485209567,,,,
2637,4.4942216873168945,6.483791340947714,,,,
2638,4.337885856628418,6.258246413300192,,,,
2639,4.413641452789307,6.367538636201092,,,,
2640,4.377764701843262,6.315779425528025,,,,
2641,4.460977554321289,6.4358301951363,,,,
2642,4.365051746368408,6.297438507709412,,,,
2643,4.319674968719482,6.2319736556237855,,,,
2644,4.219226837158203,6.087057634353766,,,,
2645,4.487597465515137,6.474234609004569,,,,
2646,4.491519927978516,6.479893526148559,,,,
2647,4.3103132247924805,6.218467514086227,,,,
2648,4.379287242889404,6.317975987944846,,,,
2649,4.317201614379883,6.228405359583684,,,,
2650,4.375188827514648,6.312063224408182,,,,
2651,4.338685035705566,6.259399384991576,,,,
2652,4.335261344909668,6.2544600432587965,,,,
2653,4.413473606109619,6.367296484628678,,,,
2654,4.309818267822266,6.217753442119845,,,,
2655,4.394157409667969,6.339429103813472,,,,
2656,4.3357744216918945,6.255200256588109,,,,
2657,4.322184085845947,6.235593546459146,,,,
2658,4.4071044921875,6.35810779555838,,,,
2659,4.318645477294922,6.230488413450934,,,,
2660,4.443793773651123,6.411039239979728,,,,
2661,4.200718879699707,6.06035629591141,,,,
2662,4.349874496459961,6.275542364532162,,,,
2663,4.412596225738525,6.366030692318327,,,,
2664,4.310320854187012,6.218478520975883,,,,
2665,4.4074578285217285,6.358617552135537,,,,
2666,4.453531265258789,6.425087470832806,,,,
2667,4.336272716522217,6.2559191440687165,,,,
2668,4.428117275238037,6.388422833460665,,,,
2669,4.315826892852783,6.226422055653934,,,,
2670,4.3370466232299805,6.257035655438117,,,,
2671,4.4237518310546875,6.382124828786069,,,,
2672,4.419988632202148,6.376695680463632,,,,
2673,4.366010665893555,6.298821936152953,,,,
2674,4.369521617889404,6.303887169186164,,,,
2675,4.2720746994018555,6.163300983134266,,,,
2676,4.316496849060059,6.227388598151784,,,,
2677,4.414874076843262,6.369316936811014,,,,
2678,4.369270324707031,6.303524629758145,,,,
2679,4.407527923583984,6.358718677934244,,,,
2680,4.365932464599609,6.2987091155339865,,,,
2681,4.234783172607422,6.109500682360759,,,,
2682,4.431007385253906,6.392592380848184,,,,
2683,4.385229110717773,6.326548291194451,,,,
2684,4.3485331535339355,6.273607215744654,,,,
2685,4.314846038818359,6.225006982402635,,,,
2686,4.390630722045898,6.334341169070346,,,,
2687,4.398101806640625,6.34511966576522,,,,
2688,4.22525691986084,6.09575720476501,,,,
2689,4.383134841918945,6.323526899984093,,,,
2690,4.435266494750977,6.39873697699821,,,,
2691,4.31273078918457,6.221955322245726,,,,
2692,4.436393737792969,6.400363244944768,,,,
2693,4.368570327758789,6.302514747632278,,,,
2694,4.265408992767334,6.153684401228621,,,,
2695,4.3492207527160645,6.274599211674831,,,,
2696,4.346431255340576,6.270574817644642,,,,
2697,4.314569473266602,6.224607982652633,,,,
2698,4.288196563720703,6.186559916836952,,,,
2699,4.188072204589844,6.042111000446676,,,,
2700,4.202812194824219,6.06337631126056,,,,
2701,4.444660186767578,6.412289209886199,,,,
2702,4.337857723236084,6.2582058253945885,,,,
2703,4.276156425476074,6.169189669099809,,,,
2704,4.27781867980957,6.17158779518344,,,,
2705,4.271942615509033,6.16311042635711,,,,
2706,4.332219123840332,6.250071046008777,,,,
2707,4.338226318359375,6.258737595751056,,,,
2708,4.363760948181152,6.29557627956587,,,,
2709,4.456028938293457,6.428690851333683,,,,
2710,4.298327445983887,6.201175690437878,,,,
2711,4.288830757141113,6.187474864539542,,,,
2712,4.3738203048706055,6.310088863576277,,,,
2713,4.349997043609619,6.27571916269725,,,,
2714,4.3098273277282715,6.217766512801311,,,,
2715,4.3698930740356445,6.304423067126252,,,,
2716,4.291065216064453,6.190698507347315,,,,
2717,4.372350692749023,6.30796866145644,,,,
2718,4.388243675231934,6.33089738846947,,,,
2719,4.35995626449585,6.2900872812809325,,,,
2720,4.469147682189941,6.447617198095834,,,,
2721,4.358987808227539,6.2886900942253225,,,,
2722,4.4314775466918945,6.3932706804231865,,,,
2723,4.340914249420166,6.262615460562711,,,,
2724,4.384286880493164,6.325188940322032,,,,
2725,4.2518720626831055,6.134154739327244,,,,
2726,4.336062431335449,6.2556157666725944,,,,
2727,4.379206657409668,6.317859727672862,,,,
2728,4.294584274291992,6.195775435200785,,,,
2729,4.264834403991699,6.152855444851463,,,,
2730,4.3372673988342285,6.257354167307516,,,,
2731,4.357479572296143,6.2865141697266065,,,,
2732,4.213118553161621,6.078245243323556,,,,
2733,4.285236358642578,6.182289243650727,,,,
2734,4.453249454498291,6.424680903846166,,,,
2735,4.268083095550537,6.157542316052776,,,,
2736,4.301852703094482,6.2062615613891925,,,,
2737,4.347121715545654,6.271570941158439,,,,
2738,4.376718521118164,6.314270105784053,,,,
2739,4.3069634437561035,6.2136348015969824,,,,
2740,4.403143882751465,6.352393843966114,,,,
2741,4.514767646789551,6.51343289478922,,,,
2742,4.41087007522583,6.363540383533834,,,,
2743,4.403918266296387,6.353511043266119,,,,
2744,4.3492021560668945,6.274572382381296,,,,
2745,4.379343032836914,6.318056475825449,,,,
2746,4.251674652099609,6.133869936057415,,,,
2747,4.317416667938232,6.22871561628584,,,,
2748,4.331214427947998,6.248621576227306,,,,
2749,4.344998359680176,6.26850758618127,,,,
2750,4.3044538497924805,6.210014222831019,,,,
2751,4.291354656219482,6.19111608122361,,,,
2752,4.224564075469971,6.094757641598195,,,,
2753,4.3644118309021,6.2965153048395806,,,,
2754,4.394054412841797,6.3392805108031265,,,,
2755,4.337526321411133,6.257727713625189,,,,
2756,4.320508003234863,6.233175470388015,,,,
2757,4.3562846183776855,6.284790215634358,,,,
2758,4.332580089569092,6.25059180947559,,,,
2759,4.288525581359863,6.187034588953334,,,,
2760,4.346145153045654,6.270162059282571,,,,
2761,4.237358093261719,6.113215507619396,,,,
2762,4.389398574829102,6.332563556391029,,,,
2763,4.188967704772949,6.043402934119958,,,,
2764,4.323252201080322,6.2371345110108765,,,,
2765,4.340218544006348,6.2616117698122755,,,,
2766,4.442593574523926,6.409307718650841,,,,
2767,4.3122735023498535,6.221295596797016,,,,
2768,4.2355637550354,6.110626824758609,,,,
2769,4.4726972579956055,6.452738153507925,,,,
2770,4.372333526611328,6.307943895954716,,,,
2771,4.375866413116455,6.313040773795686,,,,
2772,4.282668590545654,6.178584737351142,,,,
2773,4.3812055587768555,6.320743532762529,,,,
2774,4.2453293800354,6.12471564351729,,,,
2775,4.328546524047852,6.244772604500996,,,,
2776,4.247169494628906,6.127370367716008,,,,
2777,4.243508338928223,6.122088436542709,,,,
2778,4.3492889404296875,6.274697585751125,,,,
2779,4.4082746505737305,6.35979597725925,,,,
2780,4.33552885055542,6.254845972327332,,,,
2781,4.309836387634277,6.217779583482776,,,,
2782,4.304500579833984,6.210081640030157,,,,
2783,4.302440166473389,6.207109091892645,,,,
2784,4.399443626403809,6.347055502483332,,,,
2785,4.28409481048584,6.180642337786065,,,,
2786,4.2926554679870605,6.192992755909825,,,,
2787,4.371260166168213,6.306395364166347,,,,
2788,4.236466407775879,6.111929077390942,,,,
2789,4.310312271118164,6.218466138225021,,,,
2790,4.322751045227051,6.2364114959466495,,,,
2791,4.294430255889893,6.19555323361587,,,,
2792,4.312358379364014,6.22141804844443,,,,
2793,4.258754730224609,6.144084329657459,,,,
2794,4.263721466064453,6.151249814823007,,,,
2795,4.386184215545654,6.3279262161931635,,,,
2796,4.337078094482422,6.2570810588579455,,,,
2797,4.35800838470459,6.287277084765834,,,,
2798,4.301845550537109,6.206251242430141,,,,
2799,4.417906761169434,6.373692175448964,,,,
2800,4.38272762298584,6.322939407248746,4.341996955871582,6.264177475790906,,
2801,4.329730033874512,6.2464800482587615,,,,
2802,4.322455406188965,6.2359849789725095,,,,
2803,4.336766242980957,6.256631152243288,,,,
2804,4.363724231719971,6.295523308909404,,,,
2805,4.3115034103393555,6.220184588872442,,,,
2806,4.372614860534668,6.308349775010752,,,,
2807,4.317496299743652,6.228830500696617,,,,
2808,4.3715715408325195,6.306844582850401,,,,
2809,4.245612144470215,6.125123586365136,,,,
2810,4.3672380447387695,6.300592669526236,,,,
2811,4.299882888793945,6.203419720066335,,,,
2812,4.2698469161987305,6.160086971354942,,,,
2813,4.17952299118042,6.029777092657398,,,,
2814,4.28945255279541,6.188371926046443,,,,
2815,4.324932098388672,6.2395580905268355,,,,
2816,4.218348979949951,6.085791154112812,,,,
2817,4.308224678039551,6.215454378043111,,,,
2818,4.398205757141113,6.3452696346367725,,,,
2819,4.316360950469971,6.2271925379298,,,,
2820,4.232060432434082,6.105572598615052,,,,
2821,4.283708572387695,6.1800851139972695,,,,
2822,4.34334659576416,6.266124594570916,,,,
2823,4.2790093421936035,6.173305557900258,,,,
2824,4.393973350524902,6.33916356260054,,,,
2825,4.294468879699707,6.19560895599475,,,,
2826,4.376395225524902,6.313803688834914,,,,
2827,4.373435974121094,6.309534391509895,,,,
2828,4.236350059509277,6.1117612223236994,,,,
2829,4.36333703994751,6.294964709259402,,,,
2830,4.358210563659668,6.287568767341697,,,,
2831,4.256505966186523,6.140840048931583,,,,
2832,4.259160041809082,6.144669070670393,,,,
2833,4.363712310791016,6.295506110644317,,,,
2834,4.256838798522949,6.141320224492793,,,,
2835,4.373706817626953,6.309925136092655,,,,
2836,4.327012062072754,6.24255884381909,,,,
2837,4.388608932495117,6.331424343311713,,,,
2838,4.337034225463867,6.257017769242428,,,,
2839,4.32048225402832,6.233138322135429,,,,
2840,4.334136486053467,6.252837214965255,,,,
2841,4.318934440612793,6.230905299396626,,,,
2842,4.3267316818237305,6.2421543406242606,,,,
2843,4.282722473144531,6.178662473509332,,,,
2844,4.291044235229492,6.190668238400763,,,,
2845,4.213624954223633,6.078975825624421,,,,
2846,4.377250671386719,6.315037836337505,,,,
2847,4.310630798339844,6.218925675868126,,,,
2848,4.2328386306762695,6.106695301359885,,,,
2849,4.33374547958374,6.252273111870425,,,,
2850,4.350008964538574,6.275736360962336,,,,
2851,4.212478160858154,6.0773213525231204,,,,
2852,4.3013787269592285,6.205577758369362,,,,
2853,4.349832534790039,6.275481826639059,,,,
2854,4.242639541625977,6.1208350269832215,,,,
2855,4.253881454467773,6.1370536788901875,,,,
2856,4.346940040588379,6.2713088395985235,,,,
2857,4.209376335144043,6.07284636394767,,,,
2858,4.270525932312012,6.1610665845342565,,,,
2859,4.2974348068237305,6.199887884348216,,,,
2860,4.354578495025635,6.282328799935209,,,,
2861,4.349526405334473,6.275040175191643,,,,
2862,4.235084533691406,6.10993545450214,,,,
2863,4.2591552734375,6.144662191364358,,,,
2864,4.447040557861328,6.415723359458628,,,,
2865,4.35563850402832,6.283858069666681,,,,
2866,4.371970176696777,6.307419692834886,,,,
2867,4.325259685516357,6.240030698851407,,,,
2868,4.304294586181641,6.209784454009466,,,,
2869,4.233447074890137,6.107573100809889,,,,
2870,4.374140739440918,6.310551152941796,,,,
2871,4.279070854187012,6.173394300948103,,,,
2872,4.304929733276367,6.210700777573263,,,,
2873,4.318406581878662,6.230143760218605,,,,
2874,4.304227828979492,6.209688143724983,,,,
2875,4.347463607788086,6.272064187401114,,,,
2876,4.23869514465332,6.115144465031473,,,,
2877,4.179415702819824,6.029622308271622,,,,
2878,4.19266414642334,6.048735772157912,,,,
2879,4.374896049499512,6.311640835017663,,,,
2880,4.235044002532959,6.109876980400847,,,,
2881,4.320200443267822,6.232731755148789,,,,
2882,4.257747173309326,6.142630732292367,,,,
2883,4.29681921005249,6.198999765939161,,,,
2884,4.3135833740234375,6.2231853421646965,,,,
2885,4.203376770019531,6.064190821095047,,,,
2886,4.261101722717285,6.147470324087647,,,,
2887,4.185604095458984,6.038550271643213,,,,
2888,4.319241523742676,6.231348326705248,,,,
2889,4.413269996643066,6.367002738261005,,,,
2890,4.294174671173096,6.19518450281242,,,,
2891,4.339709281921387,6.26087705992779,,,,
2892,4.284307956695557,6.180949842765807,,,,
2893,4.225010871887207,6.09540223257363,,,,
2894,4.335719108581543,6.255120456638109,,,,
2895,4.353750228881836,6.281133864477014,,,,
2896,4.3839850425720215,6.324753480250047,,,,
2897,4.248584270477295,6.129411457816448,,,,
2898,4.215656280517578,6.081906409995123,,,,
2899,4.247544288635254,6.127911081170321,,,,
2900,4.253864765167236,6.137029601319067,,,,
2901,4.343387603759766,6.266183756602812,,,,
2902,4.272284984588623,6.163604360530388,,,,
2903,4.365109443664551,6.297521747312429,,,,
2904,4.37034797668457,6.305079352921945,,,,
2905,4.285890579223633,6.183233084438662,,,,
2906,4.250988006591797,6.132879315988446,,,,
2907,4.220712661743164,6.0892012261141195,,,,
2908,4.353123664855957,6.28022992366408,,,,
2909,4.239935874938965,6.116934460461653,,,,
2910,4.263688087463379,6.1512016596807655,,,,
2911,4.36398458480835,6.295898919018888,,,,
2912,4.372618198394775,6.308354590524976,,,,
2913,4.262302875518799,6.14920322127774,,,,
2914,4.313002586364746,6.222347442689692,,,,
2915,4.345647811889648,6.269444547663171,,,,
2916,4.1941022872924805,6.05081057085792,,,,
2917,4.33327579498291,6.251595500226025,,,,
2918,4.3413920402526855,6.2633047670273685,,,,
2919,4.310434341430664,6.2186422484595045,,,,
2920,4.207493782043457,6.070130413925245,,,,
2921,4.198941707611084,6.057792378552347,,,,
2922,4.280644416809082,6.175664471939491,,,,
2923,4.415940284729004,6.370855149640331,,,,
2924,4.259827613830566,6.145632173515224,,,,
2925,4.359933853149414,6.29005494854257,,,,
2926,4.382107257843018,6.322044409533656,,,,
2927,4.250847339630127,6.132676376460427,,,,
2928,4.26621150970459,6.1548421884342295,,,,
2929,4.296000957489014,6.197819277023639,,,,
2930,4.359968185424805,6.290104479546018,,,,
2931,4.328700065612793,6.244994118155307,,,,
2932,4.283445358276367,6.179705376304164,,,,
2933,4.312155246734619,6.221124990007359,,,,
2934,4.276775360107422,6.170082603023088,,,,
2935,4.28498649597168,6.181928768014519,,,,
2936,4.253322124481201,6.13624673629234,,,,
2937,4.321967124938965,6.2352805380345755,,,,
2938,4.214019775390625,6.079545432164078,,,,
2939,4.135098457336426,5.965686037986864,,,,
2940,4.181638717651367,6.032829440744912,,,,
2941,4.313411712646484,6.2229376871474535,,,,
2942,4.272501468658447,6.163916681024355,,,,
2943,4.261794567108154,6.1484698872544605,,,,
2944,4.418642520904541,6.37475365237009,,,,
2945,4.238643646240234,6.1150701685263,,,,
2946,4.241267204284668,6.118855162706489,,,,
2947,4.25997257232666,6.145841304418674,,,,
2948,4.2677154541015625,6.1570119215575145,,,,
2949,4.324568748474121,6.239033887407006,,,,
2950,4.284856796264648,6.1817416508903795,,,,
2951,4.325615406036377,6.240543895081581,,,,
2952,4.239261627197266,6.115961726588373,,,,
2953,4.328591346740723,6.244837269977721,,,,
2954,4.396368503570557,6.342619038021676,,,,
2955,4.244256973266602,6.123168487590128,,,,
2956,4.354273796081543,6.281889212279604,,,,
2957,4.291421890258789,6.191213079438697,,,,
2958,4.296655654907227,6.1987638057421774,,,,
2959,4.344334125518799,6.267549298850663,,,,
2960,4.273605823516846,6.165509928301948,,,,
2961,4.317497253417969,6.228831876557824,,,,
2962,4.208146572113037,6.071072190921369,,,,
2963,4.239251613616943,6.115947280045701,,,,
2964,4.3195390701293945,6.231777595401802,,,,
2965,4.30472993850708,6.210412534650417,,,,
2966,4.300400257110596,6.2041661247710795,,,,
2967,4.3126935958862305,6.221901663658656,,,,
2968,4.303217887878418,6.208231106706873,,,,
2969,4.158992767333984,6.000158240525806,,,,
2970,4.394873142242432,6.3404616876492526,,,,
2971,4.296973705291748,6.19922265545468,,,,
2972,4.231448173522949,6.104689295720221,,,,
2973,4.241662979125977,6.1194261451073535,,,,
2974,4.31563663482666,6.226147571343157,,,,
2975,4.273379325866699,6.1651831612653085,,,,
2976,4.365609169006348,6.298242698584846,,,,
2977,4.273705959320068,6.165654393728673,,,,
2978,4.286221981048584,6.183711196208061,,,,
2979,4.336997032165527,6.256964110655359,,,,
2980,4.275139331817627,6.167722313122647,,,,
2981,4.2344770431518555,6.109059030913343,,,,
2982,4.2124128341674805,6.077227106030447,,,,
2983,4.252638816833496,6.1352609317375935,,,,
2984,4.184018135070801,6.0362622144561335,,,,
2985,4.319581985473633,6.231839509156113,,,,
2986,4.2681660652160645,6.157662015977777,,,,
2987,4.259552955627441,6.145235925487636,,,,
2988,4.251036643981934,6.1329494849099975,,,,
2989,4.288400650024414,6.18685435113523,,,,
2990,4.24467658996582,6.123773866521165,,,,
2991,4.262887954711914,6.150047312128175,,,,
2992,4.365032196044922,6.29741030255467,,,,
2993,4.2346978187561035,6.109377542782741,,,,
2994,4.2256646156311035,6.096345385430961,,,,
2995,4.2905659675598145,6.189978244005502,,,,
2996,4.213170051574707,6.078319539828728,,,,
2997,4.375610828399658,6.3126720429922365,,,,
2998,4.337337493896484,6.257455293106223,,,,
2999,4.262672424316406,6.149736367495414,,,,
3000,4.1827263832092285,6.034398610451384,4.336186313629151,6.255794491043371,,
3001,4.266648769378662,6.1554730207975945,,,,
3002,4.181257247924805,6.032279096262151,,,,
3003,4.2766571044921875,6.169911996233433,,,,
3004,4.262462615966797,6.149433678029896,,,,
3005,4.2829813957214355,6.179036019827006,,,,
3006,4.292481899261475,6.192742349170168,,,,
3007,4.327194690704346,6.242822321240212,,,,
3008,4.314365386962891,6.224313548354356,,,,
3009,4.312084197998047,6.221022488347446,,,,
3010,4.25638484954834,6.140665314558307,,,,
3011,4.36625862121582,6.299179660066747,,,,
3012,4.337783336639404,6.25809850822045,,,,
3013,4.295485019683838,6.197074936110704,,,,
3014,4.199790000915527,6.059016207095887,,,,
3015,4.268693447113037,6.158422867225194,,,,
3016,4.271638870239258,6.162672214562711,,,,
3017,4.203432083129883,6.064270621045047,,,,
3018,4.418837547302246,6.375035015986901,,,,
3019,4.318922996520996,6.230888789062143,,,,
3020,4.214972496032715,6.080919917509774,,,,
3021,4.3125457763671875,6.221688405171586,,,,
3022,4.229064464569092,6.101250330633568,,,,
3023,4.30610466003418,6.212395838580167,,,,
3024,4.327358245849609,6.243058281437196,,,,
3025,4.299151420593262,6.202364434520641,,,,
3026,4.3558549880981445,6.284170390160648,,,,
3027,4.320791244506836,6.233584101166465,,,,
3028,4.305180549621582,6.211062629070678,,,,
3029,4.294085502624512,6.1950558597895755,,,,
3030,4.272604942321777,6.164065961965304,,,,
3031,4.187329292297363,6.041039204566499,,,,
3032,4.279276371002197,6.17369079903819,,,,
3033,4.251101970672607,6.133043731402671,,,,
3034,4.3478193283081055,6.272577383631288,,,,
3035,4.2439703941345215,6.122755041297454,,,,
3036,4.3362836837768555,6.255934966472595,,,,
3037,4.3518218994140625,6.278351873116658,,,,
3038,4.231515407562256,6.104786293935308,,,,
3039,4.29470157623291,6.195944666129234,,,,
3040,4.273491382598877,6.16534482495712,,,,
3041,4.310968399047852,6.219412730735369,,,,
3042,4.274613380432129,6.1669635256670405,,,,
3043,4.333188056945801,6.2514689209949905,,,,
3044,4.2022600173950195,6.062579687621764,,,,
3045,4.280182361602783,6.174997867184747,,,,
3046,4.258584499359131,6.143838738432027,,,,
3047,4.3318681716918945,6.2495647290846374,,,,
3048,4.2570390701293945,6.1416091553462415,,,,
3049,4.304122447967529,6.20953611106162,,,,
3050,4.299697399139404,6.2031521150615925,,,,
3051,4.180267810821533,6.030851640259989,,,,
3052,4.247645854949951,6.128057610388856,,,,
3053,4.241268157958984,6.118856538567695,,,,
3054,4.232512474060059,6.106224756827124,,,,
3055,4.298062324523926,6.200793201022359,,,,
3056,4.290981292724609,6.190577431561108,,,,
3057,4.268296241760254,6.157849821032519,,,,
3058,4.251872539520264,6.134155427257848,,,,
3059,4.265366077423096,6.153622487474311,,,,
3060,4.345386505126953,6.26906756169248,,,,
3061,4.1840434074401855,6.036298674778116,,,,
3062,4.2764434814453125,6.169603803323087,,,,
3063,4.199726104736328,6.058924024395024,,,,
3064,4.194331169128418,6.051140777547577,,,,
3065,4.2902021408081055,6.189453352955068,,,,
3066,4.203758239746094,6.064741165577808,,,,
3067,4.268466949462891,6.158096100188554,,,,
3068,4.199506759643555,6.058607576317437,,,,
3069,4.18573522567749,6.038739452559161,,,,
3070,4.280716896057129,6.175769037391216,,,,
3071,4.378077030181885,6.316230020073286,,,,
3072,4.377691268920898,6.315673484215094,,,,
3073,4.228384494781494,6.100269341593047,,,,
3074,4.119993209838867,5.943893772330736,,,,
3075,4.206331253051758,6.068453239114031,,,,
3076,4.218392848968506,6.08585444372833,,,,
3077,4.216508388519287,6.08313574198349,,,,
3078,4.3196845054626465,6.231987414235855,,,,
3079,4.339594841003418,6.260711956582961,,,,
3080,4.146936416625977,5.982764603148145,,,,
3081,4.247126579284668,6.127308453961698,,,,
3082,4.244234561920166,6.123136154851766,,,,
3083,4.263759613037109,6.151304849271283,,,,
3084,4.236009120941162,6.111269351942232,,,,
3085,4.330385208129883,6.247425264907903,,,,
3086,4.214180946350098,6.079777952708045,,,,
3087,4.276086807250977,6.1690892312317045,,,,
3088,4.240599632263184,6.117892059861657,,,,
3089,4.154631614685059,5.993866427226641,,,,
3090,4.188126564025879,6.0421894245354695,,,,
3091,4.172865867614746,6.020172893502616,,,,
3092,4.321117401123047,6.234054645699225,,,,
3093,4.240039825439453,6.117084429333206,,,,
3094,4.2834882736206055,6.179767290058475,,,,
3095,4.279512405395508,6.174031324686898,,,,
3096,4.271768569946289,6.1628593316868505,,,,
3097,4.2994818687438965,6.202841170428833,,,,
3098,4.133028984069824,5.962700419167886,,,,
3099,4.262447357177734,6.149411664250586,,,,
3100,4.224059581756592,6.094029811019744,,,,
3101,4.331501007080078,6.24903502251998,,,,
3102,4.211413860321045,6.075785891416217,,,,
3103,4.316911220550537,6.227986409846182,,,,
3104,4.188115119934082,6.042172914200987,,,,
3105,4.130097389221191,5.958471021817868,,,,
3106,4.206639766693115,6.068898330214464,,,,
3107,4.316904544830322,6.227976778817734,,,,
3108,4.24368953704834,6.1223498501720215,,,,
3109,4.21992301940918,6.088062013034804,,,,
3110,4.255607604980469,6.139543987674681,,,,
3111,4.227540969848633,6.099052392355541,,,,
3112,4.208035469055176,6.0709119030907654,,,,
3113,4.285700798034668,6.1829592880584885,,,,
3114,4.251888275146484,6.134178128967761,,,,
3115,4.305632591247559,6.21171478728275,,,,
3116,4.196857452392578,6.054785433884661,,,,
3117,4.250247955322266,6.131811647691889,,,,
3118,4.30333137512207,6.208394834190495,,,,
3119,4.256253719329834,6.140476133642357,,,,
3120,4.288639068603516,6.187198316436955,,,,
3121,4.386312007904053,6.328110581594888,,,,
3122,4.275347709655762,6.168022938796355,,,,
3123,4.222051620483398,6.091132935248611,,,,
3124,4.21784782409668,6.085068139048585,,,,
3125,4.349978923797607,6.275693021334319,,,,
3126,4.176023006439209,6.024727682028066,,,,
3127,4.295223236083984,6.19669726220941,,,,
3128,4.2922186851501465,6.192362611477064,,,,
3129,4.217306613922119,6.0842873378136675,,,,
3130,4.358870506286621,6.288520863296874,,,,
3131,4.228747844696045,6.100793544712877,,,,
3132,4.266956329345703,6.15591673603682,,,,
3133,4.244882583618164,6.124071052541856,,,,
3134,4.246654510498047,6.126627402664281,,,,
3135,4.232425689697266,6.106099553457296,,,,
3136,4.233673095703125,6.107899179915925,,,,
3137,4.265262603759766,6.153473206533362,,,,
3138,4.290185928344727,6.189429963314551,,,,
3139,4.187329292297363,6.041039204566499,,,,
3140,4.238264560699463,6.114523263696556,,,,
3141,4.194479942321777,6.0513554118958535,,,,
3142,4.181328773498535,6.032382285852669,,,,
3143,4.3042449951171875,6.209712909226707,,,,
3144,4.244443416595459,6.1234374684560775,,,,
3145,4.216437339782715,6.0830332403235765,,,,
3146,4.141012191772461,5.9742177533308665,,,,
3147,4.228365898132324,6.100242512299512,,,,
3148,4.126012325286865,5.952577520338101,,,,
3149,4.181606292724609,6.0327826614638775,,,,
3150,4.239902019500732,6.1168856173888075,,,,
3151,4.219963073730469,6.0881197992054945,,,,
3152,4.264376640319824,6.152195031472149,,,,
3153,4.176471710205078,6.025375024725914,,,,
3154,4.311239242553711,6.2198034753181295,,,,
3155,4.241727828979492,6.119519703669423,,,,
3156,4.198019981384277,6.056462608695876,,,,
3157,4.208310604095459,6.071308839048957,,,,
3158,4.254425048828125,6.137837919778122,,,,
3159,4.290392875671387,6.189728525196449,,,,
3160,4.351260662078857,6.277542178796395,,,,
3161,4.242859840393066,6.121152850922016,,,,
3162,4.25871467590332,6.14402654348677,,,,
3163,4.203035354614258,6.063698262782975,,,,
3164,4.250511169433594,6.132191385384995,,,,
3165,4.300143241882324,6.2037953301758195,,,,
3166,4.251244068145752,6.133248734722499,,,,
3167,4.241519927978516,6.119219765926318,,,,
3168,4.2483367919921875,6.129054421833257,,,,
3169,4.231791973114014,6.1051852936853095,,,,
3170,4.19374942779541,6.050301502211366,,,,
3171,4.256796836853027,6.141259686599689,,,,
3172,4.360476493835449,6.290837813569297,,,,
3173,4.289246559143066,6.188074740025752,,,,
3174,4.208029747009277,6.070903647923524,,,,
3175,4.211949348449707,6.076558437483893,,,,
3176,4.297956466674805,6.200640480428392,,,,
3177,4.261683464050293,6.148309599423857,,,,
3178,4.232391834259033,6.106050710384451,,,,
3179,4.313258647918701,6.222716861423746,,,,
3180,4.129434585571289,5.957514798279071,,,,
3181,4.284557342529297,6.181309630471413,,,,
3182,4.333701133728027,6.252209134324303,,,,
3183,4.142927646636963,5.9769811705649305,,,,
3184,4.197478294372559,6.055681119530355,,,,
3185,4.152512550354004,5.990809263624904,,,,
3186,4.256804466247559,6.141270693489344,,,,
3187,4.148289680480957,5.984716950200739,,,,
3188,4.193758487701416,6.050314572892832,,,,
3189,4.288209915161133,6.186579178893849,,,,
3190,4.280630588531494,6.175644521951992,,,,
3191,4.3263163566589355,6.241555153068655,,,,
3192,4.236039161682129,6.11131269157025,,,,
3193,4.193985462188721,6.050642027860075,,,,
3194,4.219543933868408,6.087515108205061,,,,
3195,4.281893730163574,6.177466850120534,,,,
3196,4.282763481140137,6.178721635541229,,,,
3197,4.207771301269531,6.070530789536454,,,,
3198,4.2771148681640625,6.1705724096127454,,,,
3199,4.22725772857666,6.098643761577091,,,,
3200,4.20260763168335,6.06308118903168,4.352529907226563,6.279373312476662,,
3201,4.178656578063965,6.028527122750928,,,,
3202,4.376652240753174,6.314174483430174,,,,
3203,4.316520690917969,6.227422994681956,,,,
3204,4.1873979568481445,6.0411382665733955,,,,
3205,4.277432918548584,6.171031259325248,,,,
3206,4.185128211975098,6.037863716900968,,,,
3207,4.27750301361084,6.171132385123955,,,,
3208,4.215858459472656,6.082198092570986,,,,
3209,4.216970443725586,6.083802346738235,,,,
3210,4.215487957000732,6.081663570492105,,,,
3211,4.272745609283447,6.164268901493322,,,,
3212,4.143505096435547,5.977814254525709,,,,
3213,4.27520751953125,6.167820687198941,,,,
3214,4.226053714752197,6.096906736803377,,,,
3215,4.212857723236084,6.077868945283468,,,,
3216,4.252410411834717,6.134931412978541,,,,
3217,4.1473846435546875,5.983411257915389,,,,
3218,4.2212114334106445,6.08992080152533,,,,
3219,4.265897750854492,6.154389530097159,,,,
3220,4.163092613220215,6.006073067854279,,,,
3221,4.190211296081543,6.045197057133758,,,,
3222,4.251675605773926,6.133871311918623,,,,
3223,4.351657390594482,6.278114537058467,,,,
3224,4.091243743896484,5.902417060387455,,,,
3225,4.257219314575195,6.1418691931143465,,,,
3226,4.275067329406738,6.1676184356015264,,,,
3227,4.281388282775879,6.176737643680876,,,,
3228,4.233639240264893,6.10785033684308,,,,
3229,4.2046356201171875,6.066006957888158,,,,
3230,4.332939147949219,6.2511098212199885,,,,
3231,4.17681884765625,6.025875838205227,,,,
3232,4.258261680603027,6.143373009413491,,,,
3233,4.248376846313477,6.129112208003947,,,,
3234,4.204733848571777,6.066148671592469,,,,
3235,4.139387130737305,5.971873285834305,,,,
3236,4.1819539070129395,6.033284162873793,,,,
3237,4.254525184631348,6.137982385204847,,,,
3238,4.269004821777344,6.158872085909247,,,,
3239,4.180398464202881,6.031040133245336,,,,
3240,4.2056498527526855,6.067470186281699,,,,
3241,4.278232574462891,6.172184918947235,,,,
3242,4.240513324737549,6.117767544422432,,,,
3243,4.186975002288818,6.040528072128135,,,,
3244,4.166628360748291,6.0111740732788705,,,,
3245,4.180319309234619,6.030925936765162,,,,
3246,4.200697898864746,6.060326026964858,,,,
3247,4.260444641113281,6.14652235571609,,,,
3248,4.288804531097412,6.187437028356353,,,,
3249,4.253968715667725,6.137179570190619,,,,
3250,4.3268842697143555,6.242374478417365,,,,
3251,4.109990119934082,5.9294623641315365,,,,
3252,4.164045333862305,6.007447553199976,,,,
3253,4.2685160636901855,6.158166957040709,,,,
3254,4.289711952209473,6.188746160294721,,,,
3255,4.237924098968506,6.114032081245692,,,,
3256,4.234598159790039,6.1092337652866195,,,,
3257,4.270997047424316,6.161746259970466,,,,
3258,4.2255401611328125,6.09616583554346,,,,
3259,4.229951858520508,6.102530569486591,,,,
3260,4.20613431930542,6.068169123774806,,,,
3261,4.355162143707275,6.283170826993834,,,,
3262,4.166284561157227,6.010678075313782,,,,
3263,4.281041145324707,6.176236830201563,,,,
3264,4.156908988952637,5.997151983788724,,,,
3265,4.153679370880127,5.992492629811549,,,,
3266,4.299849510192871,6.203371564924094,,,,
3267,4.164454460144043,6.008037797657736,,,,
3268,4.1954545974731445,6.052761542049308,,,,
3269,4.170876979827881,6.017303534955621,,,,
3270,4.257687568664551,6.142544740966936,,,,
3271,4.235662937164307,6.110769914324126,,,,
3272,4.17585563659668,6.024486218386255,,,,
3273,4.2239789962768555,6.093913550747761,,,,
3274,4.179593086242676,6.029878218456106,,,,
3275,4.1712846755981445,6.017891715621571,,,,
3276,4.1670050621032715,6.0117175384555965,,,,
3277,4.251574516296387,6.133725470630691,,,,
3278,4.265951156616211,6.154466578324746,,,,
3279,4.1871562004089355,6.040789485757446,,,,
3280,4.189185619354248,6.043717318405735,,,,
3281,4.219303607940674,6.087168391180922,,,,
3282,4.222095489501953,6.091196224864128,,,,
3283,4.1907429695129395,6.045964099756606,,,,
3284,4.146129608154297,5.981600624567105,,,,
3285,4.163830757141113,6.0071379844284225,,,,
3286,4.243204593658447,6.121650224748311,,,,
3287,4.142220973968506,5.975961657410616,,,,
3288,4.215461730957031,6.081625734308915,,,,
3289,4.228946685791016,6.101080411774515,,,,
3290,4.173202991485596,6.020659260439256,,,,
3291,4.147036552429199,5.98290906857487,,,,
3292,4.255087852478027,6.138794143316919,,,,
3293,4.193959712982178,6.050604879607488,,,,
3294,4.226162433624268,6.0970635849809645,,,,
3295,4.228397846221924,6.100288603649943,,,,
3296,4.236742973327637,6.112328077140943,,,,
3297,4.170278549194336,6.01644018204829,,,,
3298,4.1092329025268555,5.928369930333256,,,,
3299,4.333933353424072,6.2525441565281845,,,,
3300,4.209957599639893,6.073684951353277,,,,
3301,4.284669876098633,6.181471982093827,,,,
3302,4.277832984924316,6.171608433101543,,,,
3303,4.223092555999756,6.092634687755945,,,,
3304,4.254328727722168,6.137698957796225,,,,
3305,4.154730796813965,5.9940095167921585,,,,
3306,4.235177993774414,6.110070288900417,,,,
3307,4.255786895751953,6.139802649581579,,,,
3308,4.193345069885254,6.04971813705964,,,,
3309,4.2491912841796875,6.130287193474642,,,,
3310,4.157764434814453,5.998386131291316,,,,
3311,4.137978553771973,5.96984113883171,,,,
3312,4.217092514038086,6.083978456972718,,,,
3313,4.188109397888184,6.0421646590337454,,,,
3314,4.247853755950928,6.1283575481319605,,,,
3315,4.240791320800781,6.118168607964244,,,,
3316,4.0912322998046875,5.902400550052971,,,,
3317,4.295175552368164,6.196628469149065,,,,
3318,4.108290672302246,5.927010579460836,,,,
3319,4.232571601867676,6.106310060221952,,,,
3320,4.186962127685547,6.040509498001842,,,,
3321,4.278061866760254,6.1719386397911995,,,,
3322,4.245750904083252,6.125323774170741,,,,
3323,4.19528865814209,6.052522142199307,,,,
3324,4.2188920974731445,6.0865747070701435,,,,
3325,4.187054634094238,6.040642956538911,,,,
3326,4.062050819396973,5.860300572982963,,,,
3327,4.286693096160889,6.184390871644271,,,,
3328,4.1553850173950195,5.994953357580094,,,,
3329,4.247868537902832,6.128378873980668,,,,
3330,4.1488423347473145,5.985514261770139,,,,
3331,4.169823169708252,6.015783208321993,,,,
3332,4.162909030914307,6.0058082145719505,,,,
3333,4.206248760223389,6.068334227119633,,,,
3334,4.24776554107666,6.128230280970322,,,,
3335,4.161833763122559,6.004256931061168,,,,
3336,4.2409467697143555,6.118392873340969,,,,
3337,4.218622207641602,6.0861853383485895,,,,
3338,4.189577579498291,6.044282797361771,,,,
3339,4.235576629638672,6.110645398884902,,,,
3340,4.24981689453125,6.13118975842637,,,,
3341,4.233476161956787,6.107615064576699,,,,
3342,4.180544853210449,6.031251327940595,,,,
3343,4.16761589050293,6.012598777558618,,,,
3344,4.231819152832031,6.105224505729706,,,,
3345,4.16512393951416,6.0090036522249815,,,,
3346,4.244050979614258,6.122871301569437,,,,
3347,4.191023826599121,6.046369290882039,,,,
3348,4.148262977600098,5.984678426086946,,,,
3349,4.394383907318115,6.339755870850111,,,,
3350,4.181199073791504,6.03219516872853,,,,
3351,4.250429153442383,6.132073061321201,,,,
3352,4.20114803314209,6.060975433454516,,,,
3353,4.275391578674316,6.168086228411873,,,,
3354,4.1812849044799805,6.0323189962371515,,,,
3355,4.270281791687012,6.1607143640652895,,,,
3356,4.2334489822387695,6.107575852532302,,,,
3357,4.108953475952148,5.9279668029996335,,,,
3358,4.193889617919922,6.050503753808781,,,,
3359,4.25255823135376,6.135144671465611,,,,
3360,4.071910381317139,5.874524914070524,,,,
3361,4.243442535400391,6.121993502119433,,,,
3362,4.1603522300720215,6.002119530676246,,,,
3363,4.331688404083252,6.2493053792471365,,,,
3364,4.289938926696777,6.189073615261963,,,,
3365,4.214508533477783,6.080250561032615,,,,
3366,4.19273567199707,6.048838961748429,,,,
3367,4.2692952156066895,6.159291035646749,,,,
3368,4.126034736633301,5.9526098530764635,,,,
3369,4.267118453979492,6.156150632441994,,,,
3370,4.177299499511719,6.026569272253505,,,,
3371,4.141337871551514,5.9746876099330235,,,,
3372,4.1362128257751465,5.96729373180713,,,,
3373,4.256101608276367,6.140256683779857,,,,
3374,4.174400329589844,6.022386654184523,,,,
3375,4.2261762619018555,6.097083534968464,,,,
3376,4.163736343383789,6.0070017741689385,,,,
3377,4.156241416931152,5.996188880943892,,,,
3378,4.2584733963012695,6.143678450601423,,,,
3379,4.233962059020996,6.108316065861616,,,,
3380,4.260939598083496,6.147236427682473,,,,
3381,4.252856254577637,6.135574628092767,,,,
3382,4.221556663513184,6.0904188632822285,,,,
3383,4.114727020263672,5.936296266746221,,,,
3384,4.374745845794678,6.311424136877576,,,,
3385,4.25401496887207,6.137246299459154,,,,
3386,4.231833457946777,6.105245143647809,,,,
3387,4.234701633453369,6.109383046227569,,,,
3388,4.17171573638916,6.018513604887092,,,,
3389,4.1454057693481445,5.980556345911066,,,,
3390,4.233437538146973,6.10755934219782,,,,
3391,4.185263633728027,6.038059089192348,,,,
3392,4.177760124206543,6.02723381321644,,,,
3393,4.150485992431641,5.987885558560236,,,,
3394,4.165186405181885,6.009093771134034,,,,
3395,4.250042915344238,6.1315158375324055,,,,
3396,4.162772178649902,6.0056107784887605,,,,
3397,4.257719993591309,6.14259152024797,,,,
3398,4.142185211181641,5.975910062615357,,,,
3399,4.154445648193359,5.993598134291295,,,,
3400,4.307991027832031,6.21511729204742,4.285490417480469,6.182655773076246,,
3401,4.102728843688965,5.918986556902181,,,,
3402,4.195855140686035,6.053339403756207,,,,
3403,4.127026557922363,5.954040748731642,,,,
3404,4.151721954345703,5.989668674684381,,,,
3405,4.168844223022461,6.014370886793109,,,,
3406,4.1864094734191895,6.039712186432442,,,,
3407,4.140103340148926,5.972906557600688,,,,
3408,4.190737724304199,6.045956532519968,,,,
3409,4.199837684631348,6.059085000156232,,,,
3410,4.225141525268555,6.095590725558975,,,,
3411,4.199325084686279,6.058345474757521,,,,
3412,4.216039657592773,6.082459506200298,,,,
3413,4.212968826293945,6.078029233114072,,,,
3414,4.138298511505127,5.970302740266626,,,,
3415,4.109419822692871,5.928639599129808,,,,
3416,4.196599960327148,6.054413951358798,,,,
3417,4.303940296173096,6.209273321571102,,,,
3418,4.231136322021484,6.1042393891055635,,,,
3419,4.172785758972168,6.020057321161237,,,,
3420,4.122971534729004,5.9481905868798925,,,,
3421,4.202012538909912,6.062222651638573,,,,
3422,4.247097015380859,6.127265802264284,,,,
3423,4.2031965255737305,6.063930783326942,,,,
3424,4.183855056762695,6.036026942189753,,,,
3425,4.196853160858154,6.05477924250923,,,,
3426,4.207023620605469,6.069452114350242,,,,
3427,4.26737117767334,6.156515235661823,,,,
3428,4.212301254272461,6.07706613026924,,,,
3429,4.175119400024414,6.0234240535345265,,,,
3430,4.257005214691162,6.141560312273397,,,,
3431,4.290582656860352,6.190002321576622,,,,
3432,4.172472953796387,6.019606038685373,,,,
3433,4.174787521362305,6.022945253834525,,,,
3434,4.250290393829346,6.131872873515596,,,,
3435,4.168079376220703,6.013267446105172,,,,
3436,4.154772758483887,5.994070054685262,,,,
3437,4.120729446411133,5.944955937182465,,,,
3438,4.195818901062012,6.053287121030345,,,,
3439,4.193139553070068,6.0494216389695525,,,,
3440,4.186556339263916,6.039924069058304,,,,
3441,4.163943767547607,6.00730102398144,,,,
3442,4.051724910736084,5.845403435765227,,,,
3443,4.281786918640137,6.177312753665361,,,,
3444,4.189623832702637,6.044349526630306,,,,
3445,4.242714881896973,6.120943720018567,,,,
3446,4.232100486755371,6.1056303847857425,,,,
3447,4.213993072509766,6.079506908050285,,,,
3448,4.145817756652832,5.981150717952448,,,,
3449,4.192378997802734,6.048324389657047,,,,
3450,4.164311408996582,6.007831418476701,,,,
3451,4.245741844177246,6.1253107034892755,,,,
3452,4.283773899078369,6.180179360489942,,,,
3453,4.214207649230957,6.079816476821838,,,,
3454,4.293004989624023,6.193497009042154,,,,
3455,4.218983173370361,6.086706101815402,,,,
3456,4.235421180725098,6.110421133508177,,,,
3457,4.14430570602417,5.978969290008904,,,,
3458,4.202934265136719,6.063552421495044,,,,
3459,4.162534713745117,6.005268189048242,,,,
3460,4.17017936706543,6.0162970924827714,,,,
3461,4.217975616455078,6.08525250445031,,,,
3462,4.196687698364258,6.054540530589833,,,,
3463,4.07493782043457,5.878892585471836,,,,
3464,4.105833530426025,5.923465673061252,,,,
3465,4.16700553894043,6.011718226386201,,,,
3466,4.056239128112793,5.851916074788099,,,,
3467,4.201161861419678,6.060995383442016,,,,
3468,4.181285858154297,6.032320372098358,,,,
3469,4.094562530517578,5.9072050573874755,,,,
3470,4.187769889831543,6.041674852444088,,,,
3471,4.1199951171875,5.94389652405315,,,,
3472,4.146596908569336,5.982274796558488,,,,
3473,4.141347408294678,5.974701368545093,,,,
3474,4.210406303405762,6.074332294051125,,,,
3475,4.165287971496582,6.009240300352569,,,,
3476,4.209685325622559,6.073292142978707,,,,
3477,4.186947822570801,6.040488860083738,,,,
3478,4.210292816162109,6.074168566567503,,,,
3479,4.188265800476074,6.042390300271677,,,,
3480,4.19392204284668,6.050550533089815,,,,
3481,4.1858720779418945,6.038936888642352,,,,
3482,4.129742622375488,5.9579592014489,,,,
3483,4.157777786254883,5.998405393348212,,,,
3484,4.180882453918457,6.031738382807839,,,,
3485,4.241779804229736,6.119594688105199,,,,
3486,4.239675045013428,6.1165581624215655,,,,
3487,4.154944896697998,5.9943183976331085,,,,
3488,4.112018585205078,5.932388820918618,,,,
3489,4.196107864379883,6.053704006976036,,,,
3490,4.170689105987549,6.017032490297861,,,,
3491,4.149473190307617,5.986424393958505,,,,
3492,4.108932971954346,5.927937221983685,,,,
3493,4.2432332038879395,6.121691500584518,,,,
3494,4.149211883544922,5.986047407987814,,,,
3495,4.048074722290039,5.840137326995808,,,,
3496,4.213250160217285,6.078435112170108,,,,
3497,4.011287689208984,5.787064856800751,,,,
3498,4.163352966308594,6.006448677963764,,,,
3499,4.331345558166504,6.2488107571432545,,,,
3500,4.068037986755371,5.868938229639896,,,,
3501,4.175539970397949,6.024030808326771,,,,
3502,4.231438159942627,6.104674849177549,,,,
3503,4.188887596130371,6.043287361778577,,,,
3504,4.19782829284668,6.056186060593288,,,,
3505,4.095510482788086,5.908572663427136,,,,
3506,4.187808990478516,6.041731262753571,,,,
3507,4.166451454162598,6.01091885102499,,,,
3508,4.225423812866211,6.095997980476218,,,,
3509,4.147310256958008,5.9833039407412505,,,,
3510,4.107287406921387,5.925563173471175,,,,
3511,4.1724934577941895,6.0196356197013206,,,,
3512,4.165124893188477,6.009005028086189,,,,
3513,4.282881736755371,6.1788922423308845,,,,
3514,4.15703010559082,5.997326718162,,,,
3515,4.173462867736816,6.021034182618137,,,,
3516,4.225129127502441,6.095572839363285,,,,
3517,4.191775798797607,6.047454157443681,,,,
3518,4.111842155456543,5.932134286595341,,,,
3519,4.165160655975342,6.009056622881448,,,,
3520,4.177263259887695,6.026516989527644,,,,
3521,4.123338222503662,5.948719605513947,,,,
3522,4.179860591888428,6.030264147524642,,,,
3523,4.146550178527832,5.982207379359349,,,,
3524,4.039493560791016,5.827757327856099,,,,
3525,4.077882766723633,5.883141244878751,,,,
3526,4.243027687072754,6.121395002494431,,,,
3527,4.250338077545166,6.131941666575941,,,,
3528,4.2344512939453125,6.109021882660757,,,,
3529,4.175901412963867,6.024552259724187,,,,
3530,4.136125564575195,5.967167840506699,,,,
3531,4.103386878967285,5.919935901134943,,,,
3532,4.090420722961426,5.901229692165898,,,,
3533,4.138142108917236,5.9700770990286935,,,,
3534,4.2265424728393555,6.097611865671914,,,,
3535,4.142770767211914,5.976754841396395,,,,
3536,4.206511497497559,6.068713276882135,,,,
3537,4.174985408782959,6.023230745034957,,,,
3538,4.162812232971191,6.00566856465945,,,,
3539,4.135795593261719,5.96669179252911,,,,
3540,4.222875595092773,6.092321679331374,,,,
3541,4.147491455078125,5.983565354370562,,,,
3542,4.121528625488281,5.94610890887385,,,,
3543,4.126386642456055,5.953117545861811,,,,
3544,4.208126068115234,6.071042609905421,,,,
3545,4.041689872741699,5.830925936215595,,,,
3546,4.186756134033203,6.040212311981151,,,,
3547,4.1865339279174805,6.039891736319943,,,,
3548,4.130385875701904,5.958887219832956,,,,
3549,4.1068010330200195,5.924861484255654,,,,
3550,4.037815570831299,5.825336500062554,,,,
3551,4.136977195739746,5.968396484564463,,,,
3552,4.156561374664307,5.996650482378808,,,,
3553,4.115384101867676,5.9372442351177765,,,,
3554,4.194668769836426,6.0516278324148205,,,,
3555,4.201612949371338,6.06164616579288,,,,
3556,4.197666168212891,6.055952164188115,,,,
3557,4.103583812713623,5.920220016474169,,,,
3558,4.109162330627441,5.928268116603945,,,,
3559,4.118053436279297,5.941095270635897,,,,
3560,4.104733943939209,5.921879305089694,,,,
3561,4.166749954223633,6.011349495582751,,,,
3562,4.132004737854004,5.961222744231673,,,,
3563,4.172545909881592,6.019711292067701,,,,
3564,4.2272233963012695,6.098594230573643,,,,
3565,4.1245012283325195,5.9503974682557645,,,,
3566,4.178105354309082,6.027731874973338,,,,
3567,4.133694171905518,5.9636600823597,,,,
3568,4.136425495147705,5.967600548856269,,,,
3569,4.236849784851074,6.112482173596116,,,,
3570,4.168337821960449,6.0136403044922435,,,,
3571,4.122277736663818,5.9471896478518715,,,,
3572,4.218149185180664,6.085502911189966,,,,
3573,4.182572364807129,6.034176408866469,,,,
3574,4.124151229858398,5.949892527192831,,,,
3575,4.228111267089844,6.099875157357269,,,,
3576,4.094264507293701,5.906775100760318,,,,
3577,4.228156089782715,6.099939822833994,,,,
3578,4.1566619873046875,5.996795635736136,,,,
3579,4.131483554840088,5.9604708360821,,,,
3580,4.216979026794434,6.083814729489097,,,,
3581,4.071012496948242,5.873229540744226,,,,
3582,4.165193557739258,6.009104090093086,,,,
3583,4.170680046081543,6.017019419616395,,,,
3584,4.021378993988037,5.80162353216159,,,,
3585,4.1848673820495605,6.03748741886088,,,,
3586,4.207855701446533,6.0706525532532645,,,,
3587,4.188790798187256,6.043147711866077,,,,
3588,4.266108512878418,6.154693595423884,,,,
3589,4.086971282958984,5.896253202180532,,,,
3590,4.062197685241699,5.860512455608826,,,,
3591,4.246353626251221,6.126193318453503,,,,
3592,4.121233940124512,5.945683767760916,,,,
3593,4.30454158782959,6.210140802062054,,,,
3594,4.16567850112915,6.009803715516796,,,,
3595,4.0898966789245605,5.9004736564327045,,,,
3596,4.188735008239746,6.0430672239854735,,,,
3597,4.090724468231201,5.901667903960296,,,,
3598,4.111895561218262,5.932211334822927,,,,
3599,4.1483330726623535,5.984779551885653,,,,
3600,4.131474018096924,5.960457077470032,4.329810333251953,6.2465958957723835,,
3601,4.123605728149414,5.949105534582483,,,,
3602,4.133444786071777,5.963300294654096,,,,
3603,4.193530559539795,6.049985742064382,,,,
3604,4.082336902618408,5.889567204645589,,,,
3605,4.106449127197266,5.924353791470307,,,,
3606,4.257818222045898,6.142733233952281,,,,
3607,4.140539169311523,5.973535326172243,,,,
3608,4.1529436111450195,5.991431152890423,,,,
3609,4.190308570861816,6.045337394976862,,,,
3610,4.1762847900390625,6.0251053559293615,,,,
3611,4.218205451965332,6.085584087001173,,,,
3612,4.1666765213012695,6.011243554269819,,,,
3613,4.185478210449219,6.038368657963901,,,,
3614,4.1914873123168945,6.047037959428594,,,,
3615,4.128713607788086,5.956474647206653,,,,
3616,4.125617980957031,5.952008601729047,,,,
3617,4.20967960357666,6.073283887811465,,,,
3618,4.178576469421387,6.028411550409548,,,,
3619,4.196682929992676,6.054533651283799,,,,
3620,4.143904685974121,5.978390740371402,,,,
3621,4.130883693695068,5.959605419382959,,,,
3622,4.172708511352539,6.019945876403477,,,,
3623,4.140353679656982,5.973267721167501,,,,
3624,4.049490928649902,5.842180480888057,,,,
3625,4.146617889404297,5.98230506550504,,,,
3626,4.297884464263916,6.200536602907271,,,,
3627,4.240327835083008,6.11749993941769,,,,
3628,4.23570442199707,6.110829764286627,,,,
3629,4.149935722351074,5.987091686643853,,,,
3630,4.1807861328125,6.031599420825941,,,,
3631,4.3077497482299805,6.214769199162074,,,,
3632,4.244744300842285,6.123871552666855,,,,
3633,4.086752891540527,5.895938129964151,,,,
3634,4.195148944854736,6.052320578532496,,,,
3635,4.17420768737793,6.022108730220728,,,,
3636,4.14262056350708,5.976538143256308,,,,
3637,4.159271240234375,6.000559991998221,,,,
3638,4.2409257888793945,6.1183626043944175,,,,
3639,4.05192756652832,5.845695806271693,,,,
3640,4.031441688537598,5.816140931686221,,,,
3641,4.157913684844971,5.9986014535701955,,,,
3642,4.097023963928223,5.91075615516249,,,,
3643,4.160614490509033,6.002497892508144,,,,
3644,4.068605422973633,5.869756867058004,,,,
3645,4.066953659057617,5.867373875447648,,,,
3646,4.175174713134766,6.023503853484527,,,,
3647,4.106518745422363,5.924454229338411,,,,
3648,4.043771743774414,5.833929441230263,,,,
3649,4.090420722961426,5.901229692165898,,,,
3650,4.05353307723999,5.848012068613514,,,,
3651,4.167941093444824,6.013067946230172,,,,
3652,4.147190093994141,5.9831305822291805,,,,
3653,4.10715389251709,5.9253705529022085,,,,
3654,4.116972923278809,5.939536419888476,,,,
3655,4.077945709228516,5.883232051718406,,,,
3656,4.1605024337768555,6.002336228816333,,,,
3657,4.113152503967285,5.934024719893625,,,,
3658,4.1480393409729,5.984355786633928,,,,
3659,4.228168487548828,6.099957709029684,,,,
3660,4.276245594024658,6.1693183121226545,,,,
3661,4.172835350036621,6.020128865943995,,,,
3662,4.121757507324219,5.946439115563506,,,,
3663,4.130419731140137,5.958936062905801,,,,
3664,4.211766242980957,6.076294272132168,,,,
3665,4.248597145080566,6.129430031942741,,,,
3666,4.146248817443848,5.981772607217968,,,,
3667,4.201761245727539,6.061860112210554,,,,
3668,4.188182353973389,6.0422699124160735,,,,
3669,4.104548454284668,5.92161170008495,,,,
3670,4.201332092285156,6.061240974667448,,,,
3671,4.115481376647949,5.93738457296088,,,,
3672,4.167610168457031,6.012590522391377,,,,
3673,4.1368279457092285,5.968181162285582,,,,
3674,4.045170307159424,5.835947141690186,,,,
3675,4.087933540344238,5.897641446138296,,,,
3676,4.221071243286133,6.089718549927915,,,,
3677,4.140316009521484,5.973213374649828,,,,
3678,4.134379863739014,5.964649326567463,,,,
3679,4.135058879852295,5.965628939746778,,,,
3680,4.047961235046387,5.839973599512186,,,,
3681,4.114693641662598,5.936248111603979,,,,
3682,4.150254726409912,5.987551912217562,,,,
3683,4.226208209991455,6.097129626318895,,,,
3684,4.155028343200684,5.994438785488712,,,,
3685,4.171360969543457,6.018001784518124,,,,
3686,4.208075523376465,6.070969689261455,,,,
3687,4.1651177406311035,6.008994709127137,,,,
3688,4.077744007110596,5.882941057073147,,,,
3689,4.162827968597412,6.0056912663693645,,,,
3690,4.207551002502441,6.070212965597659,,,,
3691,4.18463134765625,6.037146893212172,,,,
3692,4.058043003082275,5.854518516260955,,,,
3693,4.113076686859131,5.933915338927676,,,,
3694,4.133278846740723,5.963060894804094,,,,
3695,4.222413063049316,6.091654386646027,,,,
3696,4.0838093757629395,5.891691534349047,,,,
3697,4.177535533905029,6.026909797902214,,,,
3698,4.169568061828613,6.015415165449148,,,,
3699,4.211062431335449,6.075278886561474,,,,
3700,4.146671295166016,5.982382113732626,,,,
3701,4.183691024780273,6.035790294062166,,,,
3702,4.1103925704956055,5.930042977560849,,,,
3703,4.136283874511719,5.967396233467044,,,,
3704,4.191572666168213,6.047161099006612,,,,
3705,4.094363212585449,5.906917502395232,,,,
3706,4.174319744110107,6.022270393912539,,,,
3707,4.175200462341309,6.023541001737113,,,,
3708,4.288689613342285,6.187271237080921,,,,
3709,4.074953079223633,5.8789145992511465,,,,
3710,4.12037467956543,5.944444116813497,,,,
3711,4.194355010986328,6.051175174077749,,,,
3712,4.266475677490234,6.155223301988542,,,,
3713,4.098923206329346,5.913496182756036,,,,
3714,4.140233039855957,5.9730936747248276,,,,
3715,4.1775312423706055,6.026903606526783,,,,
3716,4.143311500549316,5.977534954700708,,,,
3717,4.2004594802856445,6.059982061663132,,,,
3718,4.063902854919434,5.862972495446767,,,,
3719,4.10029935836792,5.915481550477597,,,,
3720,4.189424991607666,6.0440626595686675,,,,
3721,4.172267913818359,6.019310228525888,,,,
3722,4.0870771408081055,5.896405922774497,,,,
3723,4.1271514892578125,5.954220986549746,,,,
3724,4.052135467529297,5.845995744014798,,,,
3725,4.148042678833008,5.9843606021481515,,,,
3726,4.221796989440918,6.090765580306368,,,,
3727,4.097376823425293,5.911265223809044,,,,
3728,4.101871013641357,5.917748969746572,,,,
3729,4.1221113204956055,5.946949560071267,,,,
3730,4.120108604431152,5.944060251536771,,,,
3731,4.146315097808838,5.981868229571848,,,,
3732,4.209102630615234,6.0724514917812895,,,,
3733,4.0828351974487305,5.890286092126195,,,,
3734,4.165119171142578,6.008996772918947,,,,
3735,4.1232590675354,5.948605409033774,,,,
3736,4.1413679122924805,5.9747309495610414,,,,
3737,4.148858070373535,5.985536963480054,,,,
3738,4.177675247192383,6.027111361569025,,,,
3739,4.115400314331055,5.937267624758294,,,,
3740,4.101593971252441,5.917349282065967,,,,
3741,4.150636672973633,5.988102944630927,,,,
3742,4.166400909423828,6.010845930381024,,,,
3743,4.177024841308594,6.026173024225918,,,,
3744,4.081799507141113,5.8887919068554995,,,,
3745,4.087891578674316,5.897580908245192,,,,
3746,4.179271697998047,6.02941455322938,,,,
3747,4.141658306121826,5.975149899298543,,,,
3748,4.141401290893555,5.974779104703283,,,,
3749,4.112529277801514,5.933125594594914,,,,
3750,4.046844005584717,5.8383617781082995,,,,
3751,4.167574882507324,6.0125396155267214,,,,
3752,4.183815956115723,6.03597053188027,,,,
3753,4.1383137702941895,5.9703247540459365,,,,
3754,4.219229698181152,6.087061761937386,,,,
3755,4.050375461578369,5.84345659215746,,,,
3756,4.08991813659668,5.90050461330986,,,,
3757,4.077676296234131,5.882843370927456,,,,
3758,4.100865364074707,5.916298124103894,,,,
3759,4.115368366241455,5.937221533407863,,,,
3760,4.086597442626953,5.895713864587425,,,,
3761,4.123027801513672,5.9482717626911,,,,
3762,4.066686630249023,5.866988634309716,,,,
3763,4.148597240447998,5.985160665439966,,,,
3764,4.111778259277344,5.932042103894479,,,,
3765,4.087955951690674,5.8976737788766584,,,,
3766,4.123417377471924,5.94883380199412,,,,
3767,4.188283920288086,6.042416441634608,,,,
3768,4.138347148895264,5.970372909188177,,,,
3769,4.038054466247559,5.825681153294883,,,,
3770,4.056606292724609,5.852445781352757,,,,
3771,4.1010212898254395,5.916523077411222,,,,
3772,4.2289958000183105,6.101151268626671,,,,
3773,4.021617889404297,5.801968185393919,,,,
3774,4.130212783813477,5.958637501023903,,,,
3775,4.225749492645264,6.096467837078375,,,,
3776,4.181996822357178,6.033346076628104,,,,
3777,4.096263408660889,5.9096589058499855,,,,
3778,4.173524856567383,6.021123613596585,,,,
3779,4.008232116699219,5.782656597493836,,,,
3780,4.207880973815918,6.070689013575247,,,,
3781,4.194607734680176,6.051539777297578,,,,
3782,4.064908504486084,5.864423341089446,,,,
3783,4.1902570724487305,6.04526309847169,,,,
3784,4.113842964172363,5.935020843407422,,,,
3785,4.116153717041016,5.938354555111747,,,,
3786,4.183374881744385,6.035334196072077,,,,
3787,4.13176965713501,5.960883594444171,,,,
3788,4.248377799987793,6.129113583865154,,,,
3789,4.039622783660889,5.827943757049634,,,,
3790,4.1716389656066895,6.018402848059936,,,,
3791,4.1564435958862305,5.996480563519755,,,,
3792,4.051028251647949,5.844398369153584,,,,
3793,4.139348983764648,5.971818251386029,,,,
3794,4.207143783569336,6.069625472862311,,,,
3795,4.104338645935059,5.921309010619432,,,,
3796,4.083520889282227,5.891275336333958,,,,
3797,4.169729232788086,6.015647685993114,,,,
3798,3.991708517074585,5.758818082257742,,,,
3799,4.138805389404297,5.971034010498094,,,,
3800,4.215476036071777,6.081646372227018,4.236481094360352,6.111950265653529,,
3801,4.055933475494385,5.851475111271287,,,,
3802,4.12407112121582,5.949776954851451,,,,
3803,4.139199256896973,5.971602241176545,,,,
3804,4.021451950073242,5.801728785543918,,,,
3805,4.143080234527588,5.977201308358035,,,,
3806,4.263085842132568,6.150332803328607,,,,
3807,4.194833755493164,6.051865856403614,,,,
3808,4.070609092712402,5.8726475514537055,,,,
3809,4.139440059661865,5.971949646131288,,,,
3810,4.09210729598999,5.9036629027103045,,,,
3811,4.093575477600098,5.905781041038331,,,,
3812,3.999701499938965,5.770349518998094,,,,
3813,4.103104114532471,5.919527958287097,,,,
3814,4.141621112823486,5.975096240711474,,,,
3815,4.124608039855957,5.9505515647109375,,,,
3816,4.076942443847656,5.881784645728745,,,,
3817,4.112736225128174,5.9334241564768115,,,,
3818,4.062572002410889,5.8610524811325355,,,,
3819,4.095736503601074,5.908898742533172,,,,
3820,4.049455165863037,5.842128886092799,,,,
3821,4.175441741943359,6.02388909462246,,,,
3822,4.138023376464844,5.969905804308435,,,,
3823,4.09603214263916,5.909325259507312,,,,
3824,4.044587135314941,5.835105802562165,,,,
3825,4.045296669006348,5.8361294433001,,,,
3826,4.0276336669921875,5.81064711788706,,,,
3827,4.106308460235596,5.924150851942289,,,,
3828,4.089297294616699,5.899608927664167,,,,
3829,4.131591320037842,5.9606263083984805,,,,
3830,4.220183849334717,6.088438311074892,,,,
3831,4.124819278717041,5.950856317968266,,,,
3832,4.144361972808838,5.979050465820111,,,,
3833,4.2416181564331055,6.119361479630629,,,,
3834,4.075634002685547,5.879896964152874,,,,
3835,4.119861602783203,5.943703903484184,,,,
3836,4.0967912673950195,5.910420445028006,,,,
3837,4.1927876472473145,6.048913946184205,,,,
3838,4.124898433685303,5.950970514448439,,,,
3839,4.067779064178467,5.868564683322223,,,,
3840,4.127490043640137,5.954709417278196,,,,
3841,4.189702033996582,6.044462347249272,,,,
3842,4.105445861816406,5.922906385480646,,,,
3843,4.119864463806152,5.943708031067804,,,,
3844,4.157423496246338,5.997894260909848,,,,
3845,4.137307167053223,5.968872532542051,,,,
3846,4.133184432983398,5.962924684544611,,,,
3847,4.1885085105896,6.042740456948834,,,,
3848,4.133665084838867,5.9636181185928905,,,,
3849,4.086980819702148,5.896266960792601,,,,
3850,4.063157081604004,5.86189657198297,,,,
3851,4.174724578857422,6.022854446994869,,,,
3852,4.1774749755859375,6.026822430715575,,,,
3853,4.078831672668457,5.884510226779619,,,,
3854,4.091365814208984,5.902593170621938,,,,
3855,4.155645847320557,5.995329655620182,,,,
3856,4.129823207855225,5.958075461720884,,,,
3857,4.226466178894043,6.097501796775362,,,,
3858,4.095964431762695,5.909227573361622,,,,
3859,4.122775077819824,5.947907159471271,,,,
3860,4.005684852600098,5.778981672210199,,,,
3861,4.100066184997559,5.915145152412509,,,,
3862,4.18011474609375,6.0306308145362815,,,,
3863,4.063385009765625,5.862225402811419,,,,
3864,4.112289905548096,5.932780253431981,,,,
3865,4.148692607879639,5.985298251560656,,,,
3866,4.115416526794434,5.937291014398811,,,,
3867,4.095673084259033,5.908807247762913,,,,
3868,4.183234214782715,6.03513125654406,,,,
3869,4.091306686401367,5.90250786722711,,,,
3870,4.202056407928467,6.06228594125409,,,,
3871,4.157301425933838,5.9977181506753645,,,,
3872,4.152204990386963,5.990365548385678,,,,
3873,4.146932125091553,5.982758411772714,,,,
3874,4.120865821838379,5.945152685335052,,,,
3875,4.185201644897461,6.0379696582139,,,,
3876,4.143726825714111,5.978134142256315,,,,
3877,4.180051803588867,6.030540007696626,,,,
3878,4.155179023742676,5.994656171559403,,,,
3879,4.087869167327881,5.89754857550683,,,,
3880,4.128738880157471,5.956511107528636,,,,
3881,4.129803657531738,5.958047256566142,,,,
3882,4.089892387390137,5.9004674650572735,,,,
3883,4.073410987854004,5.8766898316795855,,,,
3884,4.0718793869018555,5.8744801985813,,,,
3885,4.058729648590088,5.855509136329925,,,,
3886,4.061855316162109,5.860018521435548,,,,
3887,4.123174667358398,5.948483645316963,,,,
3888,4.084609031677246,5.892845193971034,,,,
3889,4.166935920715332,6.011617788518096,,,,
3890,4.03308629989624,5.818513604337524,,,,
3891,4.057017803192139,5.853039465463535,,,,
3892,4.134035587310791,5.964152640671772,,,,
3893,4.067835807800293,5.868646547064033,,,,
3894,4.099092960357666,5.913741086050865,,,,
3895,4.038656234741211,5.826549321716438,,,,
3896,4.014322757720947,5.791443535091719,,,,
3897,4.10036563873291,5.915577172831477,,,,
3898,4.156588554382324,5.996689694423205,,,,
3899,4.091558456420898,5.902871094585732,,,,
3900,4.07478666305542,5.878674511470542,,,,
3901,4.115062713623047,5.9367805698910505,,,,
3902,4.119241237640381,5.942808905769094,,,,
3903,4.193417549133301,6.0498227025113644,,,,
3904,4.063535690307617,5.8624427888821105,,,,
3905,4.051286697387695,5.8447712275406545,,,,
3906,4.132685661315918,5.962205109133401,,,,
3907,4.176794052124023,6.025840065813847,,,,
3908,4.186975002288818,6.040528072128135,,,,
3909,4.043121337890625,5.832991103887156,,,,
3910,4.090740203857422,5.90169060567021,,,,
3911,4.1351213455200195,5.96571905865583,,,,
3912,4.105079650878906,5.922378054777195,,,,
3913,4.070891380310059,5.8730548063709485,,,,
3914,4.1596808433532715,6.001150924386586,,,,
3915,4.077206611633301,5.882165759283057,,,,
3916,4.047544956207275,5.839373036095373,,,,
3917,4.16373348236084,6.006997646585318,,,,
3918,4.114344596862793,5.935744546402253,,,,
3919,3.989055633544922,5.754990780345441,,,,
3920,4.067409038543701,5.868030849173945,,,,
3921,4.075749397277832,5.88006344335891,,,,
3922,4.111572265625,5.931744917873788,,,,
3923,4.158287048339844,5.999140103232698,,,,
3924,4.123684883117676,5.949219731062656,,,,
3925,4.013054847717285,5.789614327617142,,,,
3926,4.131507873535156,5.960505920542877,,,,
3927,4.139862060546875,5.972558464715342,,,,
3928,4.019340515136719,5.798682628831836,,,,
3929,4.085310935974121,5.893857827819314,,,,
3930,4.139892578125,5.972602492273963,,,,
3931,4.159970283508301,6.0015684982628805,,,,
3932,4.150707721710205,5.9882054462908405,,,,
3933,4.012915134429932,5.78941276395033,,,,
3934,4.128723621368408,5.956489093749325,,,,
3935,4.164402008056641,6.007962125291357,,,,
3936,4.078291416168213,5.883730801405909,,,,
3937,4.067032337188721,5.867487383997218,,,,
3938,4.110738277435303,5.930541727248351,,,,
3939,4.118125915527344,5.9411998360876215,,,,
3940,4.194490909576416,6.051371234299733,,,,
3941,4.126340389251709,5.953050816593276,,,,
3942,4.063267230987549,5.862055483952367,,,,
3943,4.08710241317749,5.89644238309648,,,,
3944,4.005267143249512,5.778379045001576,,,,
3945,4.0592827796936035,5.856307135829929,,,,
3946,4.153378963470459,5.992059233531374,,,,
3947,4.182798385620117,6.034502487972505,,,,
3948,4.104546070098877,5.921608260431934,,,,
3949,4.0157341957092285,5.793479809677934,,,,
3950,4.088892459869385,5.899024874581836,,,,
3951,4.1989922523498535,6.057865299196313,,,,
3952,4.073645114898682,5.87702760560588,,,,
3953,4.1267595291137695,5.95365550759371,,,,
3954,4.024232387542725,5.805740108892642,,,,
3955,4.233885765075684,6.108205996965063,,,,
3956,4.1696672439575195,6.015558255014665,,,,
3957,4.078002452850342,5.883313915460217,,,,
3958,4.052048206329346,5.845869852714366,,,,
3959,4.111754417419434,5.932007707364306,,,,
3960,3.9902355670928955,5.756693064623681,,,,
3961,4.014922142028809,5.7923082638602565,,,,
3962,4.194367408752441,6.051193060273439,,,,
3963,4.146965026855469,5.982805878984352,,,,
3964,4.12827205657959,5.955837623467857,,,,
3965,4.113112926483154,5.933967621653538,,,,
3966,4.066778659820557,5.867121404916182,,,,
3967,4.057880401611328,5.8542839319251785,,,,
3968,4.118196964263916,5.941302337747535,,,,
3969,4.085968971252441,5.894807172052077,,,,
3970,4.116128444671631,5.938318094789764,,,,
3971,4.195671081542969,6.0530738625432745,,,,
3972,4.115156173706055,5.936915404289327,,,,
3973,4.090338706970215,5.901111368102104,,,,
3974,4.152556419372559,5.990872553240421,,,,
3975,4.088217735290527,5.898051452777953,,,,
3976,4.051485061645508,5.845057406671691,,,,
3977,4.136228561401367,5.967316433517044,,,,
3978,4.125698089599609,5.952124174070427,,,,
3979,4.131391525268555,5.960338065475635,,,,
3980,4.102328300476074,5.918408695195282,,,,
3981,4.1490325927734375,5.9857887460809165,,,,
3982,4.240230560302734,6.117359601574586,,,,
3983,4.098660469055176,5.913117132993535,,,,
3984,4.085824012756348,5.894598041148628,,,,
3985,4.171356678009033,6.017995593142693,,,,
3986,4.152956485748291,5.991449727016716,,,,
3987,4.162226676940918,6.004823785878412,,,,
3988,4.159274101257324,6.000564119581842,,,,
3989,4.1696600914001465,6.015547936055613,,,,
3990,4.076809883117676,5.881593401020986,,,,
3991,4.13689661026001,5.968280224292479,,,,
3992,4.115445613861084,5.937332978165622,,,,
3993,4.023190975189209,5.804237668454705,,,,
3994,4.103106498718262,5.919531397940114,,,,
3995,4.124374866485596,5.95021516664585,,,,
3996,4.189623832702637,6.044349526630306,,,,
3997,4.098528861999512,5.912927264146982,,,,
3998,4.103819847106934,5.920560542122877,,,,
3999,4.132498741149902,5.961935440336848,,,,
4000,4.106459140777588,5.92436823801298,4.256918621063233,6.141435384075811,,
4001,4.081616401672363,5.888527741503774,,,,
4002,4.077515602111816,5.882611538314094,,,,
4003,4.080179214477539,5.886454318664972,,,,
4004,4.174991130828857,6.0232390002021985,,,,
4005,4.172842025756836,6.020138496972444,,,,
4006,4.081605911254883,5.888512607030498,,,,
4007,4.09546422958374,5.908505934158601,,,,
4008,4.1292877197265625,5.957302915653208,,,,
4009,4.017502784729004,5.796031344286135,,,,
4010,4.063173294067383,5.861919961623487,,,,
4011,4.123761177062988,5.949329799959208,,,,
4012,4.120560646057129,5.944712409748843,,,,
4013,4.029811859130859,5.813789584883625,,,,
4014,4.075050354003906,5.87905493709425,,,,
4015,4.083342552185059,5.891018050288268,,,,
4016,4.073551654815674,5.876892771207603,,,,
4017,4.043806076049805,5.833978972233711,,,,
4018,4.119109153747559,5.942618348991938,,,,
4019,4.046287536621094,5.837558963094072,,,,
4020,4.227701187133789,6.099283537038301,,,,
4021,4.131818771362305,5.960954451296327,,,,
4022,4.087747573852539,5.89737315320295,,,,
4023,4.088601589202881,5.898605236913731,,,,
4024,4.12593936920166,5.952472266955773,,,,
4025,4.072173118591309,5.874903963833026,,,,
4026,4.2415547370910645,6.11926998486037,,,,
4027,4.040849208831787,5.829713114561711,,,,
4028,4.147797107696533,5.984006317887374,,,,
4029,4.261320114135742,6.147785396304027,,,,
4030,4.1963324546813965,6.054028022290262,,,,
4031,4.086811065673828,5.896022057497772,,,,
4032,4.094154357910156,5.906616188790921,,,,
4033,4.041999816894531,5.831373091107839,,,,
4034,4.124394416809082,5.950243371800592,,,,
4035,4.09358549118042,5.9057954875810035,,,,
4036,4.068845748901367,5.870103584082143,,,,
4037,4.122384071350098,5.9473430563764405,,,,
4038,4.0769853591918945,5.881846559483056,,,,
4039,4.07769250869751,5.882866760567974,,,,
4040,4.097858428955078,5.91196003371853,,,,
4041,4.056604385375977,5.852443029630343,,,,
4042,4.028186321258545,5.81144442945646,,,,
4043,4.13335657119751,5.9631730274924575,,,,
4044,4.067523002624512,5.868195264588169,,,,
4045,4.0559000968933105,5.851426956129045,,,,
4046,4.148261070251465,5.984675674364532,,,,
4047,4.1094160079956055,5.928634095684981,,,,
4048,4.076486587524414,5.881126984071845,,,,
4049,4.134592533111572,5.964956143616603,,,,
4050,4.049646377563477,5.842404746264783,,,,
4051,4.150005340576172,5.987192124511957,,,,
4052,4.169209957122803,6.014898529565955,,,,
4053,4.024306297302246,5.805846738136177,,,,
4054,4.0667572021484375,5.8670904480390265,,,,
4055,4.047276496887207,5.83898573116563,,,,
4056,4.097878932952881,5.911989614734479,,,,
4057,4.0519938468933105,5.8457914286255726,,,,
4058,4.042980194091797,5.832787476428535,,,,
4059,4.071367263793945,5.8737413611131934,,,,
4060,4.142309188842773,5.976088924572254,,,,
4061,4.034984588623047,5.821252256069864,,,,
4062,4.115748405456543,5.9377698140988135,,,,
4063,4.063859462738037,5.862909893761853,,,,
4064,4.0569539070129395,5.852947282762672,,,,
4065,4.068502426147461,5.869608274047658,,,,
4066,4.093488693237305,5.905655837668503,,,,
4067,4.093743324279785,5.906023192610746,,,,
4068,3.993746519088745,5.761758297656892,,,,
4069,4.181060791015625,6.031995668853529,,,,
4070,4.035157680511475,5.821501974878917,,,,
4071,4.062963008880615,5.861616584227365,,,,
4072,4.077569961547852,5.882689962402887,,,,
4073,4.125899314880371,5.952414480785083,,,,
4074,4.099827766418457,5.9148011871107835,,,,
4075,4.072585105895996,5.875498335874408,,,,
4076,3.9450128078460693,5.691450414122969,,,,
4077,4.070801734924316,5.8729254754175,,,,
4078,4.073225975036621,5.876422914605446,,,,
4079,4.042299270629883,5.831805111526806,,,,
4080,4.192973613739014,6.049182239119551,,,,
4081,4.107526779174805,5.9259085146341075,,,,
4082,4.068316459655762,5.869339981112312,,,,
4083,4.047947406768799,5.839953649524686,,,,
4084,4.052452564239502,5.8464532178660935,,,,
4085,4.041999816894531,5.831373091107839,,,,
4086,3.962928295135498,5.7172969987905375,,,,
4087,4.01544713973999,5.793065675454657,,,,
4088,4.055147171020508,5.850340713706196,,,,
4089,3.947638511657715,5.695238503990874,,,,
4090,4.046614170074463,5.838030195557436,,,,
4091,4.0775346755981445,5.882639055538231,,,,
4092,4.107649803161621,5.926086000729797,,,,
4093,4.065242290496826,5.864904892511862,,,,
4094,4.0291290283203125,5.812804468259483,,,,
4095,4.0697102546691895,5.8713508022662,,,,
4096,4.124848365783691,5.950898281735077,,,,
4097,4.050458908081055,5.843576980013063,,,,
4098,3.9663383960723877,5.722216734501119,,,,
4099,4.021700859069824,5.80208788531892,,,,
4100,4.116748809814453,5.939213092504854,,,,
4101,4.04810094833374,5.840175163178997,,,,
4102,4.048989772796631,5.84145746582383,,,,
4103,4.088615417480469,5.898625186901231,,,,
4104,4.04150915145874,5.830665210516887,,,,
4105,4.170001029968262,6.016039806437081,,,,
4106,4.184210777282715,6.0365401384199275,,,,
4107,4.083115577697754,5.890690595321025,,,,
4108,4.043239116668701,5.833161022746208,,,,
4109,4.072368144989014,5.875185327449837,,,,
4110,4.11710786819458,5.939731104249253,,,,
4111,4.03521728515625,5.821587966204349,,,,
4112,4.062021255493164,5.860257921285549,,,,
4113,4.138646125793457,5.970804241676542,,,,
4114,4.009733200073242,5.7848222030335,,,,
4115,4.028736114501953,5.812237613442239,,,,
4116,4.067811965942383,5.868612150533861,,,,
4117,4.090231895446777,5.900957271646931,,,,
4118,4.114802360534668,5.936404959781566,,,,
4119,4.101722717285156,5.917535023328899,,,,
4120,4.115514755249023,5.937432728103122,,,,
4121,3.9521985054016113,5.701817184351678,,,,
4122,4.076388835906982,5.8809859582981385,,,,
4123,4.071675777435303,5.8741864522136265,,,,
4124,4.0153398513793945,5.79291089106888,,,,
4125,4.160984992980957,6.003032414587025,,,,
4126,4.0359697341918945,5.822673520696594,,,,
4127,3.9379167556762695,5.68121297484771,,,,
4128,4.06062650680542,5.858245724270454,,,,
4129,4.034210681915283,5.820135744700463,,,,
4130,4.16550350189209,6.009551244985329,,,,
4131,4.076420783996582,5.881032049648569,,,,
4132,4.092279434204102,5.903911245658151,,,,
4133,4.053522109985352,5.847996246209634,,,,
4134,4.143861770629883,5.9783288266170915,,,,
4135,4.097350120544434,5.911226699695251,,,,
4136,4.040048599243164,5.828558079078516,,,,
4137,4.06535005569458,5.865060364828242,,,,
4138,4.073898792266846,5.877393584686915,,,,
4139,4.142867565155029,5.9768944913088955,,,,
4140,4.044623851776123,5.83515877321863,,,,
4141,4.181761741638184,6.033006926840602,,,,
4142,4.033708095550537,5.819410665844425,,,,
4143,4.014369010925293,5.791510264360253,,,,
4144,4.1515679359436035,5.989446473099466,,,,
4145,3.9881324768066406,5.7536589466971595,,,,
4146,4.048117637634277,5.840199240750118,,,,
4147,3.9506349563598633,5.699561459902961,,,,
4148,4.07169246673584,5.874210529784747,,,,
4149,4.081509590148926,5.888373645048601,,,,
4150,4.058200836181641,5.854746221290697,,,,
4151,4.050516128540039,5.843659531685478,,,,
4152,4.046929836273193,5.8384856056169205,,,,
4153,4.0228271484375,5.803712777404272,,,,
4154,4.072412967681885,5.875249992926562,,,,
4155,4.044486999511719,5.83496133713544,,,,
4156,4.131237030029297,5.960115175960117,,,,
4157,4.159532070159912,6.000936290038309,,,,
4158,4.160329818725586,6.002087197937883,,,,
4159,4.167545318603516,6.0124969638293075,,,,
4160,4.048556327819824,5.840832136905293,,,,
4161,4.0583882331848145,5.855016578017854,,,,
4162,4.055800437927246,5.851283178632924,,,,
4163,4.129533767700195,5.957657887844588,,,,
4164,4.113089561462402,5.933933913053969,,,,
4165,4.029321670532227,5.8130823922232775,,,,
4166,4.094261169433594,5.906770285246094,,,,
4167,4.116322994232178,5.938598770475972,,,,
4168,4.169063568115234,6.014687334870696,,,,
4169,4.038121223449707,5.825777463579366,,,,
4170,4.107477188110352,5.925836969851348,,,,
4171,4.063324451446533,5.862138035624781,,,,
4172,4.0314106941223145,5.816096216196997,,,,
4173,4.043581008911133,5.833654268988883,,,,
4174,3.977799415588379,5.738751490520372,,,,
4175,4.057608604431152,5.853891811481211,,,,
4176,4.055367469787598,5.850658537644991,,,,
4177,4.059385299682617,5.856455040909671,,,,
4178,4.145837306976318,5.98117892310719,,,,
4179,4.070977687835693,5.8731793218101735,,,,
4180,4.030050754547119,5.814134238115954,,,,
4181,4.05214786529541,5.8460136302104875,,,,
4182,4.077802658081055,5.883025672537371,,,,
4183,4.108872413635254,5.927849854797047,,,,
4184,4.142147541046143,5.975855716097684,,,,
4185,4.1127095222473145,5.933385632363018,,,,
4186,4.028573989868164,5.812003717037066,,,,
4187,4.040083408355713,5.828608298012568,,,,
4188,4.0362935066223145,5.823140625576338,,,,
4189,4.161533355712891,6.003823534780994,,,,
4190,4.043665885925293,5.833776720636298,,,,
4191,4.123838424682617,5.949441244716967,,,,
4192,4.133695602416992,5.963662146151511,,,,
4193,4.063101768493652,5.861816772032969,,,,
4194,4.07254695892334,5.875443301426132,,,,
4195,3.988535165786743,5.754239904091774,,,,
4196,3.9726085662841797,5.731262677971201,,,,
4197,4.042945861816406,5.832737945425086,,,,
4198,4.039581298828125,5.827883907087134,,,,
4199,4.123579025268555,5.949067010468689,,,,
4200,4.064044952392578,5.863177498766596,4.230873489379883,6.103860201756942,,
4201,4.099760055541992,5.914703500965094,,,,
4202,4.131609916687012,5.960653137692015,,,,
4203,3.9905245304107666,5.757109950569372,,,,
4204,3.98391056060791,5.747568009134202,,,,
4205,4.04086446762085,5.829735128341021,,,,
4206,4.080446243286133,5.886839559802905,,,,
4207,4.075606346130371,5.879857064177875,,,,
4208,4.08985710144043,5.900416558192618,,,,
4209,4.075309753417969,5.879429171342528,,,,
4210,4.058347702026367,5.854958103916561,,,,
4211,4.091266632080078,5.90245008105642,,,,
4212,4.093769073486328,5.906060340863332,,,,
4213,4.061283111572266,5.859193004711407,,,,
4214,4.016048908233643,5.7939338438762125,,,,
4215,4.143957138061523,5.978466412737782,,,,
4216,3.974212169647217,5.733576188590607,,,,
4217,4.021404266357422,5.801659992483573,,,,
4218,4.141584396362305,5.975043270055008,,,,
4219,4.029949188232422,5.813987708897419,,,,
4220,4.007513046264648,5.781619198143831,,,,
4221,4.063642501831055,5.862596885337283,,,,
4222,3.9870030879974365,5.752029583062885,,,,
4223,4.1166462898254395,5.939065187425112,,,,
4224,4.166463851928711,6.01093673722068,,,,
4225,4.021764278411865,5.8021793800891786,,,,
4226,4.089016914367676,5.899204424469337,,,,
4227,4.089971542358398,5.900581661537447,,,,
4228,4.086324214935303,5.895319680351648,,,,
4229,4.048798561096191,5.841181605651847,,,,
4230,4.138088703155518,5.970000050801107,,,,
4231,4.017320156097412,5.795767866865013,,,,
4232,4.117094039916992,5.939711154261753,,,,
4233,4.112235069274902,5.9327011414125845,,,,
4234,4.122514724731445,5.947531549361787,,,,
4235,4.013107776641846,5.789690687914125,,,,
4236,4.166065692901611,6.010362315166798,,,,
4237,4.029449462890625,5.813266757625002,,,,
4238,4.227078437805176,6.098385099670194,,,,
4239,4.0830979347229,5.890665141888697,,,,
4240,4.036721229553223,5.823757699327634,,,,
4241,4.141989707946777,5.975628011067942,,,,
4242,4.053396224975586,5.847814632530323,,,,
4243,4.062943935394287,5.861589067003227,,,,
4244,4.012459754943848,5.788755790224035,,,,
4245,4.053314685821533,5.847696996397133,,,,
4246,4.0259881019592285,5.8082730693745495,,,,
4247,4.103503227233887,5.920103756202185,,,,
4248,4.060988903045654,5.858768551529077,,,,
4249,4.039379119873047,5.827592224511271,,,,
4250,4.0134172439575195,5.790137154875764,,,,
4251,3.9872820377349854,5.7524320224659045,,,,
4252,3.9762930870056152,5.736578317744069,,,,
4253,3.9293525218963623,5.668857397244424,,,,
4254,4.074658393859863,5.878489458138214,,,,
4255,4.045026779174805,5.835740074578547,,,,
4256,4.133831024169922,5.963857518442891,,,,
4257,4.0249433517456055,5.806765813422388,,,,
4258,4.115330696105957,5.93716718689019,,,,
4259,4.040709495544434,5.8295115508949,,,,
4260,3.9937686920166016,5.761790286429953,,,,
4261,4.008073806762695,5.78242820453349,,,,
4262,4.121535778045654,5.946119227832901,,,,
4263,3.988492012023926,5.7541776463721614,,,,
4264,4.0713911056518555,5.873775757643366,,,,
4265,4.092432975769043,5.9041327593124615,,,,
4266,4.085219383239746,5.893725745143452,,,,
4267,4.10671329498291,5.92473490502462,,,,
4268,4.163382530212402,6.006491329661178,,,,
4269,4.01202392578125,5.78812702165248,,,,
4270,4.071778297424316,5.874334357293368,,,,
4271,4.020326614379883,5.800105269319773,,,,
4272,3.999089241027832,5.769466216103262,,,,
4273,4.035147666931152,5.821487528336244,,,,
4274,4.211089611053467,6.07531809860587,,,,
4275,4.0726799964904785,5.875635234064495,,,,
4276,4.129335403442383,5.957371708713553,,,,
4277,4.007538318634033,5.781655658465814,,,,
4278,4.151022911071777,5.988660168419722,,,,
4279,4.01085090637207,5.78643471236799,,,,
4280,4.012332916259766,5.788572800683516,,,,
4281,4.061708450317383,5.859806638809685,,,,
4282,3.926253318786621,5.664386192287293,,,,
4283,4.170424938201904,6.016651376743549,,,,
4284,4.070674896240234,5.872742485876982,,,,
4285,4.081879615783691,5.888907479196879,,,,
4286,4.075873851776123,5.88024299324641,,,,
4287,4.082124710083008,5.889261075527053,,,,
4288,3.9084341526031494,5.6386785696016215,,,,
4289,4.058718681335449,5.855493313926046,,,,
4290,3.9694156646728516,5.726656294650492,,,,
4291,4.015048503875732,5.792490565470171,,,,
4292,3.992598533630371,5.760102104729084,,,,
4293,4.094672203063965,5.907363281426269,,,,
4294,4.154334545135498,5.993437846460691,,,,
4295,4.029297351837158,5.813047307762501,,,,
4296,3.9664156436920166,5.722328179258878,,,,
4297,4.140287399291992,5.973172098813621,,,,
4298,4.05070161819458,5.84392713669022,,,,
4299,4.011467933654785,5.787324894568856,,,,
4300,4.04733943939209,5.839076538005285,,,,
4301,4.003877639770508,5.77637441522312,,,,
4302,4.037835121154785,5.825364705217296,,,,
4303,4.083803653717041,5.891683279181805,,,,
4304,4.078953742980957,5.884686337014102,,,,
4305,4.026640892028809,5.809214846370674,,,,
4306,4.052793502807617,5.846945088247561,,,,
4307,4.029626846313477,5.813522667809486,,,,
4308,4.076211929321289,5.880730736044257,,,,
4309,4.090456008911133,5.901280599030553,,,,
4310,4.059118270874023,5.8560697997717375,,,,
4311,3.9803950786590576,5.742496240760258,,,,
4312,4.0819220542907715,5.888968705020586,,,,
4313,4.099841117858887,5.914820449167681,,,,
4314,4.025542736053467,5.8076305421909264,,,,
4315,4.062699317932129,5.861236158603656,,,,
4316,4.059669494628906,5.856865047549327,,,,
4317,4.068229675292969,5.869214777742484,,,,
4318,4.113128662109375,5.933990323363452,,,,
4319,4.035050868988037,5.821347878423744,,,,
4320,4.061491966247559,5.859494318315718,,,,
4321,4.006476402282715,5.780123637011928,,,,
4322,4.050814628601074,5.844090176243238,,,,
4323,4.006067276000977,5.779533392554168,,,,
4324,4.004771709442139,5.77766428510459,,,,
4325,4.097378730773926,5.911267975531458,,,,
4326,4.041538715362549,5.830707862214301,,,,
4327,4.077402114868164,5.882447810830472,,,,
4328,4.057516098022461,5.8537583529441415,,,,
4329,3.9763338565826416,5.736637135810664,,,,
4330,4.087023735046387,5.896328874546911,,,,
4331,4.035944938659668,5.8226377483052145,,,,
4332,4.116877555847168,5.939398833767786,,,,
4333,3.9733119010925293,5.732277375611291,,,,
4334,4.050756454467773,5.844006248709617,,,,
4335,4.052471160888672,5.846480047159628,,,,
4336,4.071595191955566,5.874070191941643,,,,
4337,4.115046501159668,5.936757180250533,,,,
4338,3.9563751220703125,5.707842768507307,,,,
4339,4.013520240783691,5.79028574788611,,,,
4340,3.966946601867676,5.723094189985821,,,,
4341,3.9156250953674316,5.649052907066968,,,,
4342,4.097854137420654,5.911953842343099,,,,
4343,3.9810938835144043,5.743504403059616,,,,
4344,4.058748245239258,5.85553596562346,,,,
4345,4.062162399291992,5.860461548744171,,,,
4346,4.033437728881836,5.819020609192268,,,,
4347,3.9720518589019775,5.730459518991672,,,,
4348,4.081186294555664,5.887907228099461,,,,
4349,4.204174518585205,6.06534172899462,,,,
4350,4.066921234130859,5.867327096166614,,,,
4351,4.124569892883301,5.950496530262662,,,,
4352,4.08255672454834,5.88988434065378,,,,
4353,4.083957195281982,5.891904792836116,,,,
4354,4.090785026550293,5.901755271146935,,,,
4355,4.084542274475098,5.892748883686551,,,,
4356,4.046690940856934,5.838140952384592,,,,
4357,4.123183250427246,5.948496028067825,,,,
4358,4.04023551940918,5.828827747875069,,,,
4359,3.9978461265563965,5.767672781020065,,,,
4360,4.007270812988281,5.781269729397279,,,,
4361,4.022401809692383,5.803099143305992,,,,
4362,4.114770412445068,5.936358868431135,,,,
4363,4.091540336608887,5.902844953222801,,,,
4364,4.04289436340332,5.8326636489199135,,,,
4365,4.100111961364746,5.915211193750441,,,,
4366,4.108704566955566,5.9276077032246315,,,,
4367,4.067229270935059,5.867771499336444,,,,
4368,4.1024956703186035,5.918650158837093,,,,
4369,4.097158908843994,5.910950839523267,,,,
4370,4.044066905975342,5.834355270273799,,,,
4371,4.099366188049316,5.914135270286643,,,,
4372,4.017336845397949,5.795791944436134,,,,
4373,3.9702272415161133,5.727827152537565,,,,
4374,4.047517776489258,5.839333824050977,,,,
4375,4.098761558532715,5.913262974281467,,,,
4376,4.076547622680664,5.881215039189088,,,,
4377,4.128756523132324,5.956536560960963,,,,
4378,4.011390209197998,5.787212761880493,,,,
4379,4.06684684753418,5.867219778992475,,,,
4380,4.037649154663086,5.825096412281949,,,,
4381,3.9049692153930664,5.633679721871643,,,,
4382,4.165510654449463,6.009561563944381,,,,
4383,4.1457977294921875,5.981121824867103,,,,
4384,4.036249160766602,5.8230766480302165,,,,
4385,4.068117141723633,5.86905242612007,,,,
4386,4.021764755249023,5.802180068019782,,,,
4387,4.080234527587891,5.886534118614972,,,,
4388,4.101850509643555,5.917719388730624,,,,
4389,3.958409547805786,5.710777824426932,,,,
4390,4.101799964904785,5.917646468086658,,,,
4391,3.983315944671631,5.746710159671698,,,,
4392,4.0392608642578125,5.8274216177216145,,,,
4393,3.9849143028259277,5.749016103054467,,,,
4394,4.002951145172119,5.775037766060613,,,,
4395,4.011641502380371,5.787575301308512,,,,
4396,4.048050880432129,5.840102930465635,,,,
4397,4.042366027832031,5.831901421811289,,,,
4398,4.106996536254883,5.92514353580307,,,,
4399,4.0170111656188965,5.795322087833976,,,,
4400,4.045557975769043,5.836506429270791,4.209194374084473,6.072583849629393,,
4401,4.030389785766602,5.814623356775008,,,,
4402,4.0537896156311035,5.848382175278171,,,,
4403,4.017162799835205,5.7955408497658745,,,,
4404,4.038846492767334,5.826823806027216,,,,
4405,4.084957122802734,5.8933473833115535,,,,
4406,4.038719177246094,5.826640128556094,,,,
4407,3.9817662239074707,5.7444743852104825,,,,
4408,4.0478129386901855,5.839759653094513,,,,
4409,4.131588459014893,5.96062218081486,,,,
4410,4.094689846038818,5.907388734858596,,,,
4411,4.166342735290527,6.010762002847403,,,,
4412,4.042534351348877,5.8321442613143075,,,,
4413,4.0226240158081055,5.803419718967201,,,,
4414,3.954550266265869,5.705210058087899,,,,
4415,4.007782936096191,5.782008566865385,,,,
4416,4.034511566162109,5.82056982891124,,,,
4417,3.994516372680664,5.762868961616165,,,,
4418,4.0198822021484375,5.799464117997356,,,,
4419,3.9967422485351562,5.766080221673075,,,,
4420,4.000810623168945,5.771949645581721,,,,
4421,4.067774772644043,5.868558491946792,,,,
4422,4.07924222946167,5.885102535029191,,,,
4423,4.002118110656738,5.773835951296384,,,,
4424,4.058126449584961,5.854638904116559,,,,
4425,4.004295825958252,5.776977730362346,,,,
4426,4.019976615905762,5.79960032825684,,,,
4427,4.047006130218506,5.838595674513473,,,,
4428,3.887589454650879,5.608606027237053,,,,
4429,4.007476806640625,5.781566915417969,,,,
4430,4.030612945556641,5.814945308297423,,,,
4431,3.9869260787963867,5.751918482270428,,,,
4432,4.008790969848633,5.7834628521610805,,,,
4433,4.0302228927612305,5.8143825810638,,,,
4434,3.987023115158081,5.75205847614823,,,,
4435,3.9577269554138184,5.7097930517680915,,,,
4436,4.086970806121826,5.896252514249928,,,,
4437,3.966738224029541,5.722793564312113,,,,
4438,4.130976676940918,5.959739565850632,,,,
4439,4.034395217895508,5.820401973843999,,,,
4440,3.9962642192840576,5.765390571243115,,,,
4441,4.058722496032715,5.855498817370873,,,,
4442,4.00104284286499,5.772284667785602,,,,
4443,4.033803939819336,5.819548939895719,,,,
4444,4.090791702270508,5.901764902175382,,,,
4445,4.038848876953125,5.826827245680233,,,,
4446,4.080211639404297,5.886501097946007,,,,
4447,4.13938570022583,5.971871222042495,,,,
4448,3.9545891284942627,5.705266124432081,,,,
4449,3.980844736099243,5.743144959319313,,,,
4450,3.9829022884368896,5.746113379873204,,,,
4451,4.039510250091553,5.82778140542722,,,,
4452,4.051999568939209,5.845799683792815,,,,
4453,4.013981819152832,5.790951664710251,,,,
4454,4.10993766784668,5.929386691765156,,,,
4455,4.061061859130859,5.858873804911405,,,,
4456,4.0982232093811035,5.91248630063017,,,,
4457,4.0924177169799805,5.904110745533151,,,,
4458,4.0075483322143555,5.781670105008486,,,,
4459,4.0298051834106445,5.813779953855176,,,,
4460,3.9961962699890137,5.765292541132124,,,,
4461,4.072905540466309,5.875960625239927,,,,
4462,4.097312927246094,5.9111730411081815,,,,
4463,3.9999237060546875,5.770670094659302,,,,
4464,4.063721179962158,5.862710393886853,,,,
4465,4.084503173828125,5.892692473377068,,,,
4466,3.966726303100586,5.722776366047027,,,,
4467,4.024011611938477,5.805421597023244,,,,
4468,4.062446594238281,5.860871555383827,,,,
4469,4.130645751953125,5.959262142011837,,,,
4470,4.042101860046387,5.8315203082569775,,,,
4471,3.9849367141723633,5.7490484357928295,,,,
4472,3.9425387382507324,5.687881086186962,,,,
4473,4.022806167602539,5.80368250845772,,,,
4474,4.027637481689453,5.810652621331887,,,,
4475,4.106849670410156,5.9249316531772065,,,,
4476,4.08481502532959,5.893142379991725,,,,
4477,4.091892719268799,5.903353333938751,,,,
4478,4.053836822509766,5.848450280407912,,,,
4479,3.9283390045166016,5.667395200746789,,,,
4480,4.080473899841309,5.886879459777905,,,,
4481,4.010356426239014,5.785721328332211,,,,
4482,3.9370908737182617,5.680021479042533,,,,
4483,3.8758389949798584,5.591653697341505,,,,
4484,4.151700973510742,5.989638405737829,,,,
4485,4.054080009460449,5.848801125015672,,,,
4486,4.0576629638671875,5.853970235570005,,,,
4487,4.048959732055664,5.841414126195812,,,,
4488,3.990432024002075,5.756976492032303,,,,
4489,4.007400035858154,5.781456158590814,,,,
4490,4.089169502258301,5.899424562262442,,,,
4491,3.9486825466156006,5.69674472804713,,,,
4492,4.030622959136963,5.814959754840095,,,,
4493,3.9205844402313232,5.6562077293081625,,,,
4494,4.0696821212768555,5.871310214360596,,,,
4495,4.093686103820801,5.905940640938332,,,,
4496,3.96036958694458,5.713605563172418,,,,
4497,4.000377655029297,5.771325004593788,,,,
4498,4.033134460449219,5.8185830853284735,,,,
4499,4.1240973472595215,5.949814791034641,,,,
4500,4.0128092765808105,5.789260043356364,,,,
4501,3.9389679431915283,5.682729517863018,,,,
4502,4.139244079589844,5.97166690665327,,,,
4503,3.977708339691162,5.738620095775112,,,,
4504,4.030744552612305,5.815135177143976,,,,
4505,3.9766416549682617,5.737081195015191,,,,
4506,4.095603942871094,5.908707497825413,,,,
4507,3.955681324005127,5.706841829479286,,,,
4508,4.052021026611328,5.84583064066997,,,,
4509,4.007035255432129,5.780929891679174,,,,
4510,3.8965401649475098,5.621519172594436,,,,
4511,4.060223579406738,5.8576644229105375,,,,
4512,4.054079532623291,5.848800437085068,,,,
4513,3.953792095184326,5.704116248428412,,,,
4514,4.0024542808532715,5.774320942371817,,,,
4515,3.939774990081787,5.683893840409359,,,,
4516,3.9784140586853027,5.73963823306822,,,,
4517,4.036482334136963,5.823413046095304,,,,
4518,4.044801235198975,5.835414683403115,,,,
4519,3.9848709106445312,5.748953501369553,,,,
4520,4.00876522064209,5.783425703908494,,,,
4521,4.044746398925781,5.835335571383718,,,,
4522,4.079468250274658,5.885428614135226,,,,
4523,4.110097885131836,5.929617836447917,,,,
4524,4.036692142486572,5.823715735560823,,,,
4525,4.192692279815674,6.048776360063515,,,,
4526,3.944725275039673,5.691035591969088,,,,
4527,4.0074567794799805,5.781538022332624,,,,
4528,3.9735898971557617,5.732678439153104,,,,
4529,4.054264545440674,5.8490673541592075,,,,
4530,4.077165126800537,5.882105909320557,,,,
4531,4.033825397491455,5.819579896772874,,,,
4532,4.005705833435059,5.779011941156751,,,,
4533,3.971898078918457,5.730237661372059,,,,
4534,3.955984354019165,5.707279009377779,,,,
4535,3.9484095573425293,5.696350887776655,,,,
4536,4.078421592712402,5.883918606460651,,,,
4537,4.010035037994385,5.785257663105485,,,,
4538,4.064461708068848,5.863778750114013,,,,
4539,4.137079238891602,5.9685437017136005,,,,
4540,4.0347795486450195,5.8209564459103795,,,,
4541,4.014898777008057,5.792274555260688,,,,
4542,3.89904522895813,5.625133216019667,,,,
4543,4.055908203125,5.851438650949304,,,,
4544,4.007850646972656,5.782106253011075,,,,
4545,3.9309189319610596,5.671117249276762,,,,
4546,4.0209527015686035,5.801008522202104,,,,
4547,4.031330108642578,5.815979955925013,,,,
4548,4.054990768432617,5.850115072468264,,,,
4549,4.000400543212891,5.771358025262753,,,,
4550,3.9862558841705322,5.750951595807277,,,,
4551,4.082149505615234,5.889296847918432,,,,
4552,3.957914113998413,5.710063064529946,,,,
4553,3.9498932361602783,5.6984913838492925,,,,
4554,4.019472122192383,5.7988724976783885,,,,
4555,4.063600540161133,5.86253634744418,,,,
4556,3.9798898696899414,5.741767378285902,,,,
4557,3.997087001800537,5.7665775954993705,,,,
4558,3.9833874702453613,5.746813349262216,,,,
4559,3.9853134155273438,5.7495919009695555,,,,
4560,3.96970796585083,5.727077996110407,,,,
4561,3.9856438636779785,5.750068636877748,,,,
4562,4.100951194763184,5.916421951612515,,,,
4563,4.0450334548950195,5.835749705606995,,,,
4564,3.986920118331909,5.751909883137885,,,,
4565,4.0996551513671875,5.914552156232334,,,,
4566,3.9493913650512695,5.697767336889161,,,,
4567,4.023952484130859,5.805336293628416,,,,
4568,4.013696670532227,5.790540282209387,,,,
4569,4.044483184814453,5.834955833690612,,,,
4570,3.9666430950164795,5.722656322156724,,,,
4571,4.0611796379089355,5.859043723770458,,,,
4572,4.084705829620361,5.892984843883535,,,,
4573,4.004151344299316,5.7767692873895005,,,,
4574,3.987852096557617,5.75325444350233,,,,
4575,3.998675584793091,5.768869436304768,,,,
4576,3.9692842960357666,5.726466769769241,,,,
4577,4.010965824127197,5.786600503643422,,,,
4578,4.054697036743164,5.849691307216538,,,,
4579,3.9247689247131348,5.662244664318749,,,,
4580,3.9940226078033447,5.762156609476291,,,,
4581,3.982727289199829,5.745860909341738,,,,
4582,4.014365196228027,5.7915047609154255,,,,
4583,3.974815845489502,5.734447108734577,,,,
4584,3.9198319911956787,5.655122174815917,,,,
4585,4.013265132904053,5.789917705013264,,,,
4586,3.993802785873413,5.7618394734680995,,,,
4587,3.9853782653808594,5.749685459531626,,,,
4588,4.0525312423706055,5.846566726415663,,,,
4589,3.9578824043273926,5.710017317144817,,,,
4590,3.9343085289001465,5.676007403971394,,,,
4591,4.064162254333496,5.863346729695045,,,,
4592,3.9860153198242188,5.750604534817836,,,,
4593,4.048521995544434,5.840782605901844,,,,
4594,4.083678722381592,5.891503041363701,,,,
4595,4.022573471069336,5.803346798323235,,,,
4596,4.114702224731445,5.936260494354841,,,,
4597,4.147174835205078,5.983108568449871,,,,
4598,4.048859596252441,5.841269660769088,,,,
4599,3.98305606842041,5.746335237492818,,,,
4600,4.0212507247924805,5.801438478829262,4.2066529273986815,6.068917317099118,,
4601,3.888469934463501,5.609876291096326,,,,
4602,4.028284072875977,5.811585455230167,,,,
4603,3.9630658626556396,5.717495466769633,,,,
4604,3.9502077102661133,5.698945074082269,,,,
4605,4.08401346206665,5.891985968647323,,,,
4606,3.9964632987976074,5.765677782270056,,,,
4607,3.976663589477539,5.7371128398229505,,,,
4608,3.9858295917510986,5.7503365858477915,,,,
4609,4.068905830383301,5.870190263338178,,,,
4610,3.953305244445801,5.703413871282288,,,,
4611,4.01618766784668,5.794134031681816,,,,
4612,3.955134153366089,5.706052429111826,,,,
4613,3.997286558151245,5.766865494456915,,,,
4614,4.110787391662598,5.930612584100507,,,,
4615,4.015419006347656,5.7930250875490525,,,,
4616,4.100452423095703,5.915702376201304,,,,
4617,3.994490623474121,5.7628318133635785,,,,
4618,4.042138576507568,5.831573278913443,,,,
4619,4.077355861663818,5.882381081561937,,,,
4620,3.9918622970581055,5.759039939877355,,,,
4621,4.027451038360596,5.810383640465938,,,,
4622,4.029472351074219,5.813299778293968,,,,
4623,3.960449457168579,5.713720791548496,,,,
4624,4.045670986175537,5.83666946882381,,,,
4625,3.9148778915405273,5.64797491981136,,,,
4626,3.9339234828948975,5.675451900009108,,,,
4627,4.042154312133789,5.831595980623357,,,,
4628,4.011411666870117,5.787243718757649,,,,
4629,4.012090682983398,5.788223331936964,,,,
4630,4.087259292602539,5.896668712265016,,,,
4631,3.9420695304870605,5.687204162473167,,,,
4632,3.992889881134033,5.760522430327793,,,,
4633,3.986687660217285,5.751574516968702,,,,
4634,3.9364047050476074,5.679031546904167,,,,
4635,4.013096809387207,5.7896748655102455,,,,
4636,4.01338005065918,5.790083496288696,,,,
4637,3.8855416774749756,5.605651709260531,,,,
4638,4.09214973449707,5.903724128534011,,,,
4639,3.9869909286499023,5.752012040832497,,,,
4640,3.94063138961792,5.685129363773158,,,,
4641,4.0196309089660645,5.799101578569338,,,,
4642,4.182644367218018,6.034280286387591,,,,
4643,4.061284065246582,5.859194380572613,,,,
4644,4.094611644744873,5.907275914239631,,,,
4645,3.998060703277588,5.767982349791618,,,,
4646,3.972215175628662,5.730695135223354,,,,
4647,3.9931886196136475,5.760953418850855,,,,
4648,4.063074588775635,5.861777559988573,,,,
4649,4.0939226150512695,5.906281854517643,,,,
4650,4.034621238708496,5.8207280529500345,,,,
4651,3.931621551513672,5.672130915020947,,,,
4652,3.9560818672180176,5.7074196911861845,,,,
4653,4.020741939544678,5.800704456875379,,,,
4654,4.029016971588135,5.8126428045676715,,,,
4655,4.026068210601807,5.808388641715929,,,,
4656,3.922722339630127,5.659292066168736,,,,
4657,3.899282455444336,5.625475461494884,,,,
4658,4.0524115562438965,5.846394055834196,,,,
4659,3.9932045936584473,5.76097646452607,,,,
4660,4.0381035804748535,5.825752010147038,,,,
4661,4.050243854522705,5.843266723310907,,,,
4662,4.007770538330078,5.781990680669695,,,,
4663,3.987299919128418,5.752457819863533,,,,
4664,4.030851364135742,5.815289273599149,,,,
4665,4.006760597229004,5.7805336436515855,,,,
4666,4.042995929718018,5.832810178138448,,,,
4667,4.043392658233643,5.83338253640052,,,,
4668,3.9855799674987793,5.749976454176885,,,,
4669,3.9960739612579346,5.765116086932338,,,,
4670,3.969562292098999,5.7268678333110525,,,,
4671,3.9858384132385254,5.750349312563956,,,,
4672,4.10281229019165,5.919106944757785,,,,
4673,4.037459373474121,5.824822615901776,,,,
4674,3.9786148071289062,5.739927851852273,,,,
4675,4.088877201080322,5.899002860802526,,,,
4676,4.0185346603393555,5.797520026112004,,,,
4677,3.9800751209259033,5.742034639325342,,,,
4678,4.003508567810059,5.775841956936048,,,,
4679,3.9529078006744385,5.702840481124311,,,,
4680,3.9363412857055664,5.678940052133907,,,,
4681,3.9493954181671143,5.69777318429929,,,,
4682,4.034820556640625,5.821015607942277,,,,
4683,3.9594008922576904,5.712208032151507,,,,
4684,3.945863962173462,5.69267837025013,,,,
4685,3.992793083190918,5.760382780415292,,,,
4686,3.9241814613342285,5.6613971338152975,,,,
4687,4.022339344024658,5.803009024396941,,,,
4688,3.94943904876709,5.697836129949506,,,,
4689,4.019139289855957,5.79839232211718,,,,
4690,4.024673938751221,5.806377132631438,,,,
4691,4.025668621063232,5.807812155870237,,,,
4692,3.990436553955078,5.756983027373036,,,,
4693,4.000129699707031,5.770967280679993,,,,
4694,3.967484951019287,5.723870863637117,,,,
4695,4.004615783691406,5.777439331797262,,,,
4696,4.012317657470703,5.7885507869042065,,,,
4697,3.954554319381714,5.7052159054980285,,,,
4698,3.954758644104004,5.705510683761608,,,,
4699,4.067720413208008,5.868480067857998,,,,
4700,4.017910957336426,5.796620212882689,,,,
4701,4.091203689575195,5.9023592742167645,,,,
4702,4.011120319366455,5.78682339315894,,,,
4703,4.021035194396973,5.801127534196501,,,,
4704,3.9880876541137695,5.753594281220435,,,,
4705,3.942349910736084,5.687608665667996,,,,
4706,3.98898983001709,5.754895845922165,,,,
4707,3.8876748085021973,5.6087291668150705,,,,
4708,4.134307384490967,5.9645447611157385,,,,
4709,3.996760606765747,5.766106707001308,,,,
4710,3.9950060844421387,5.763575466345909,,,,
4711,3.956177234649658,5.707557277306875,,,,
4712,3.9739575386047363,5.733208833648365,,,,
4713,3.92568302154541,5.663563427285565,,,,
4714,4.0069475173950195,5.780803312448138,,,,
4715,4.057125568389893,5.853194937779915,,,,
4716,4.016632556915283,5.794775870934837,,,,
4717,3.973876953125,5.733092573376381,,,,
4718,4.058128356933594,5.854641655838973,,,,
4719,3.939547300338745,5.683565353546212,,,,
4720,4.062846660614014,5.861448729160123,,,,
4721,3.98568058013916,5.750121607534213,,,,
4722,3.9976253509521484,5.767354269150666,,,,
4723,4.045837879180908,5.836910244535018,,,,
4724,4.021656513214111,5.802023907772798,,,,
4725,3.8706607818603516,5.584183114953327,,,,
4726,4.035417556762695,5.821876897057797,,,,
4727,4.0598673820495605,5.85715053874976,,,,
4728,4.050087928771973,5.843041770003579,,,,
4729,3.9858429431915283,5.750355847904689,,,,
4730,3.9697723388671875,5.727170866741873,,,,
4731,3.9587957859039307,5.7113350482157275,,,,
4732,3.9930076599121094,5.760692349186845,,,,
4733,3.9206137657165527,5.656250037040275,,,,
4734,4.015585899353027,5.7932658632602605,,,,
4735,4.030592918395996,5.814916415212078,,,,
4736,3.988598585128784,5.754331398862033,,,,
4737,4.0404253005981445,5.829101544255242,,,,
4738,4.091742038726807,5.903135947868061,,,,
4739,3.9799318313598633,5.741827916179005,,,,
4740,3.9053955078125,5.634294731831129,,,,
4741,3.9717836380004883,5.7300725580272305,,,,
4742,3.9537503719329834,5.70405605450061,,,,
4743,3.9033708572387695,5.631373778488875,,,,
4744,3.937041759490967,5.679950622190377,,,,
4745,4.079516410827637,5.885498095126175,,,,
4746,4.061215877532959,5.85909600649632,,,,
4747,3.982405662536621,5.74539690014971,,,,
4748,3.954263687133789,5.704796611795225,,,,
4749,4.0104522705078125,5.785859602383505,,,,
4750,3.986785411834717,5.75171554274241,,,,
4751,4.021824836730957,5.802266747275817,,,,
4752,4.016631603240967,5.7947744950736295,,,,
4753,4.080351829528809,5.886703349543422,,,,
4754,3.9106698036193848,5.641903932235903,,,,
4755,4.021918296813965,5.8024015816740935,,,,
4756,4.0137715339660645,5.790648287314129,,,,
4757,3.9639735221862793,5.7188049426733025,,,,
4758,3.9819588661193848,5.7447523091742765,,,,
4759,3.982931613922119,5.746155687605317,,,,
4760,3.9531445503234863,5.703182038668925,,,,
4761,4.079923152923584,5.8860848999309185,,,,
4762,3.9640965461730957,5.718982428768993,,,,
4763,4.068930625915527,5.870226035729558,,,,
4764,3.8655619621276855,5.576827073010623,,,,
4765,3.9882843494415283,5.7538780525943585,,,,
4766,4.003819465637207,5.776290487689498,,,,
4767,4.028873443603516,5.812435737456033,,,,
4768,3.967385768890381,5.7237277740716,,,,
4769,3.9298930168151855,5.669637166583436,,,,
4770,3.9680562019348145,5.724695004500052,,,,
4771,3.948890209197998,5.697044321824933,,,,
4772,3.917876720428467,5.652301315376465,,,,
4773,3.906661033630371,5.636120499652688,,,,
4774,4.005490303039551,5.778700996523991,,,,
4775,3.952183246612549,5.7017951705723675,,,,
4776,3.9880003929138184,5.753468389920004,,,,
4777,4.072400093078613,5.875231418800269,,,,
4778,4.07487678527832,5.878804530354595,,,,
4779,4.02078104019165,5.800760867184862,,,,
4780,3.957505702972412,5.70947385196809,,,,
4781,3.916645050048828,5.6505243906277505,,,,
4782,3.9701669216156006,5.727740129316229,,,,
4783,3.9623920917510986,5.716523420826957,,,,
4784,3.972189426422119,5.730657986970767,,,,
4785,3.9916462898254395,5.758728307313992,,,,
4786,4.061861991882324,5.860028152463996,,,,
4787,3.9894802570343018,5.755603382547815,,,,
4788,4.004581451416016,5.777389800793813,,,,
4789,4.00398063659668,5.776523008233465,,,,
4790,4.084926128387451,5.893302667822329,,,,
4791,4.108441352844238,5.927227965531527,,,,
4792,3.9499075412750244,5.698512021767397,,,,
4793,4.106440544128418,5.924341408719445,,,,
4794,4.0122175216674805,5.788406321477481,,,,
4795,3.97810697555542,5.739195205759597,,,,
4796,3.9526407718658447,5.702455239986379,,,,
4797,3.9798903465270996,5.741768066216505,,,,
4798,4.0443501472473145,5.834763901052249,,,,
4799,3.9151618480682373,5.648384582485716,,,,
4800,3.910470485687256,5.64161637724366,4.205483245849609,6.067229823328852,,
4801,4.0011982917785645,5.772508933162327,,,,
4802,3.926609516143799,5.664900076448071,,,,
4803,4.064749717712402,5.864194260198497,,,,
4804,4.030384063720703,5.8146151016077665,,,,
4805,4.007055282592773,5.780958784764518,,,,
4806,4.080741882324219,5.887266076777045,,,,
4807,3.9903345108032227,5.7568358102238975,,,,
4808,3.968282699584961,5.725021771536691,,,,
4809,4.047718048095703,5.8396227549044255,,,,
4810,4.078510284423828,5.884046561552893,,,,
4811,3.946347236633301,5.693375587916727,,,,
4812,3.9717345237731934,5.730001701175075,,,,
4813,3.9405465126037598,5.685006912125743,,,,
4814,3.9531373977661133,5.703171719709873,,,,
4815,4.012825012207031,5.789282745066278,,,,
4816,3.965444564819336,5.72092720858495,,,,
4817,3.9736692905426025,5.732792979598578,,,,
4818,3.919365167617798,5.654448690755138,,,,
4819,3.9437060356140137,5.689565140304212,,,,
4820,3.9788804054260254,5.740311029198395,,,,
4821,3.9895050525665283,5.755639154939194,,,,
4822,3.9296164512634277,5.669238166833434,,,,
4823,4.018436431884766,5.797378312407693,,,,
4824,4.027144432067871,5.809941301087918,,,,
4825,3.970872163772583,5.728757578678733,,,,
4826,3.9746761322021484,5.734245545067766,,,,
4827,3.853501319885254,5.559427244257531,,,,
4828,4.079354286193848,5.885264198721002,,,,
4829,4.025148868560791,5.8070623115124755,,,,
4830,4.069650173187256,5.871264123010166,,,,
4831,4.009406089782715,5.784350282639533,,,,
4832,4.1468915939331055,5.982699937671421,,,,
4833,4.056582927703857,5.852412072753188,,,,
4834,3.976776361465454,5.737275535410666,,,,
4835,3.9737327098846436,5.732884474368837,,,,
4836,3.9452855587005615,5.691843910428144,,,,
4837,4.041714668273926,5.830961708606975,,,,
4838,3.9453396797180176,5.691921990551635,,,,
4839,4.015352249145508,5.79292877726457,,,,
4840,4.002567291259766,5.774483981924836,,,,
4841,3.997433662414551,5.7670777210480795,,,,
4842,3.964996576309204,5.720280897783008,,,,
4843,4.032020568847656,5.8169760794388115,,,,
4844,3.985060214996338,5.749226609819123,,,,
4845,3.9562973976135254,5.707730635818945,,,,
4846,4.05917501449585,5.856151663513549,,,,
4847,3.975738763809204,5.735778598417557,,,,
4848,4.003413200378418,5.775704370815358,,,,
4849,4.054380893707275,5.84923520922645,,,,
4850,4.010712623596191,5.786235212492989,,,,
4851,3.937437057495117,5.680520916660638,,,,
4852,3.9838500022888184,5.747480641947564,,,,
4853,3.9449965953826904,5.6914270244824525,,,,
4854,3.9563236236572266,5.707768472002135,,,,
4855,4.002895832061768,5.774957966110613,,,,
4856,4.010392665863037,5.785773611058073,,,,
4857,3.9439637660980225,5.6899369667953765,,,,
4858,3.9448211193084717,5.6911738660203826,,,,
4859,3.9310755729675293,5.671343234479995,,,,
4860,4.037055969238281,5.824240626611256,,,,
4861,4.008706092834473,5.783340400513667,,,,
4862,3.956571102142334,5.708125507985326,,,,
4863,3.9854750633239746,5.749825109444126,,,,
4864,3.903043508529663,5.630901514129605,,,,
4865,4.059659481048584,5.856850601006655,,,,
4866,4.064818382263184,5.864293322205394,,,,
4867,3.98294997215271,5.746182172933549,,,,
4868,4.02677059173584,5.809401963494813,,,,
4869,4.001759052276611,5.773317939551985,,,,
4870,3.8715782165527344,5.585506693434367,,,,
4871,3.9672017097473145,5.723462232858668,,,,
4872,3.9290366172790527,5.668401643219638,,,,
4873,3.9461331367492676,5.693066707075778,,,,
4874,3.999476909637451,5.7700255036838675,,,,
4875,3.991992473602295,5.759227744932097,,,,
4876,4.003101825714111,5.7752551521313045,,,,
4877,3.937659740447998,5.68084218025245,,,,
4878,4.062723159790039,5.861270555133829,,,,
4879,3.9428045749664307,5.688264607498387,,,,
4880,4.023075580596924,5.80407118924867,,,,
4881,4.008845329284668,5.783541276249874,,,,
4882,3.8699138164520264,5.58310547166302,,,,
4883,3.9952261447906494,5.763892946319402,,,,
4884,3.998708486557007,5.7689169035164065,,,,
4885,4.000967502593994,5.772175974750256,,,,
4886,3.9646050930023193,5.7197161067575735,,,,
4887,4.041802406311035,5.83108828783801,,,,
4888,3.9594757556915283,5.712316037256249,,,,
4889,3.861311435699463,5.570694859611459,,,,
4890,4.047287940979004,5.839002241500113,,,,
4891,4.013161659240723,5.789768424072315,,,,
4892,3.9411962032318115,5.6859442175729455,,,,
4893,3.889209747314453,5.61094361542758,,,,
4894,3.8627986907958984,5.572840515163623,,,,
4895,3.9641900062561035,5.71911726316727,,,,
4896,3.923410415649414,5.660284750029517,,,,
4897,3.922508716583252,5.65898387325839,,,,
4898,3.999246120452881,5.7696925452717975,,,,
4899,4.0478515625,5.839815375473392,,,,
4900,3.8603193759918213,5.569263619990979,,,,
4901,4.017413139343262,5.795902013332686,,,,
4902,3.980045795440674,5.74199233159323,,,,
4903,3.9000868797302246,5.626636000422907,,,,
4904,4.009140491485596,5.783967105293411,,,,
4905,3.8433096408843994,5.544723759504666,,,,
4906,3.8829574584960938,5.601923469355127,,,,
4907,4.00507116317749,5.778096305523558,,,,
4908,4.039186000823975,5.827313612616873,,,,
4909,3.937476634979248,5.680578014900725,,,,
4910,4.008479118347168,5.783012945546424,,,,
4911,4.07204532623291,5.874719598431301,,,,
4912,4.012510776519775,5.788829398798604,,,,
4913,3.9921958446502686,5.759521147334469,,,,
4914,3.967639446258545,5.724093753152636,,,,
4915,3.995684862136841,5.764554735559922,,,,
4916,3.888914108276367,5.610517098453441,,,,
4917,3.9529409408569336,5.702888292301251,,,,
4918,3.952601432800293,5.702398485711594,,,,
4919,4.05436897277832,5.849218010961364,,,,
4920,3.8843672275543213,5.603957336184231,,,,
4921,3.892937421798706,5.61632151292006,,,,
4922,3.9537744522094727,5.704090794996084,,,,
4923,4.075380325317383,5.879530985071839,,,,
4924,4.015096664428711,5.79256004646112,,,,
4925,3.922581195831299,5.659088438710115,,,,
4926,4.026248931884766,5.808649367414637,,,,
4927,3.978055953979492,5.739121597185028,,,,
4928,3.917426109313965,5.651651220956204,,,,
4929,4.02201509475708,5.802541231586594,,,,
4930,3.961392402648926,5.715081174316821,,,,
4931,4.003776550292969,5.776228573935188,,,,
4932,3.963024139404297,5.717435272841831,,,,
4933,3.906620502471924,5.636062025551395,,,,
4934,4.004145622253418,5.776761032222259,,,,
4935,3.9755945205688477,5.735570499410013,,,,
4936,3.975419282913208,5.735317684913245,,,,
4937,3.9731321334838867,5.73201802577379,,,,
4938,3.9401426315307617,5.68442423490462,,,,
4939,4.006018161773682,5.779462535702012,,,,
4940,3.9023051261901855,5.629836253590161,,,,
4941,4.067349910736084,5.867945545779117,,,,
4942,3.8787477016448975,5.595850074022558,,,,
4943,3.924870014190674,5.66239050560668,,,,
4944,3.946364402770996,5.693400353418452,,,,
4945,3.9157512187957764,5.649234864711581,,,,
4946,3.9451851844787598,5.691699101036117,,,,
4947,3.9294142723083496,5.668946484257571,,,,
4948,3.934229850769043,5.675893895421825,,,,
4949,3.90848970413208,5.638758713516924,,,,
4950,3.9993510246276855,5.769843890004557,,,,
4951,3.982235908508301,5.745151996854881,,,,
4952,3.898521900177002,5.624378212182379,,,,
4953,3.912590742111206,5.644675260671907,,,,
4954,4.038299560546875,5.826034749625057,,,,
4955,3.9727210998535156,5.731425029593615,,,,
4956,3.9439985752105713,5.689987185729429,,,,
4957,3.9515743255615234,5.70091668319176,,,,
4958,4.020263671875,5.800014462480117,,,,
4959,3.996152400970459,5.7652292515166055,,,,
4960,4.041717052459717,5.830965148259992,,,,
4961,4.074793815612793,5.878684830429593,,,,
4962,3.965104579925537,5.7204367140646895,,,,
4963,4.089978218078613,5.9005912925658945,,,,
4964,3.888258457183838,5.609571193873695,,,,
4965,3.939068078994751,5.682873983289743,,,,
4966,3.953277587890625,5.703373971307288,,,,
4967,3.910341501235962,5.641430292015427,,,,
4968,3.858668804168701,5.566882348207132,,,,
4969,3.9758200645446777,5.735895890585446,,,,
4970,3.933095932006836,5.674257996446818,,,,
4971,3.8938937187194824,5.617701157745282,,,,
4972,4.008162975311279,5.782556847556336,,,,
4973,3.9001166820526123,5.626678996085622,,,,
4974,3.9911017417907715,5.7579426905648505,,,,
4975,3.9908535480499268,5.757584622685754,,,,
4976,3.906050443649292,5.635239604514969,,,,
4977,3.9105868339538574,5.641784232310902,,,,
4978,3.9954707622528076,5.764245854718972,,,,
4979,3.997352123260498,5.766960084914889,,,,
4980,3.8706068992614746,5.584105378795138,,,,
4981,4.01434326171875,5.791473116107667,,,,
4982,4.0076375007629395,5.781798748031332,,,,
4983,4.047338008880615,5.839074474213475,,,,
4984,3.911191463470459,5.642656528316079,,,,
4985,3.9402084350585938,5.6845191693278965,,,,
4986,3.960977554321289,5.714482674691818,,,,
4987,4.066754341125488,5.867086320455406,,,,
4988,3.8816590309143066,5.60005023432193,,,,
4989,3.9461658000946045,5.6931138303221145,,,,
4990,3.9761319160461426,5.736345797200102,,,,
4991,4.056804180145264,5.852731272553189,,,,
4992,4.0548295974731445,5.849882551924297,,,,
4993,4.044495105743408,5.834973031955699,,,,
4994,3.966942071914673,5.723087654645088,,,,
4995,4.059556007385254,5.8567013200657065,,,,
4996,4.072656631469727,5.875601525464925,,,,
4997,3.952821731567383,5.702716309650389,,,,
4998,3.94926118850708,5.6975795318344185,,,,
4999,4.030643463134766,5.814989335856044,,,,
5000,3.955843925476074,5.707076413815063,4.12715744972229,5.954229585682289,,
5001,3.913288116455078,5.645681359179454,,,,
5002,4.026877403259277,5.809556059949986,,,,
5003,4.028985977172852,5.812598089078447,,,,
5004,4.0036301612854,5.776017379239928,,,,
5005,3.950491189956665,5.699354048826021,,,,
5006,3.928762674331665,5.668006427087955,,,,
5007,4.0356221199035645,5.822172019286678,,,,
5008,3.9162824153900146,5.650001219403825,,,,
5009,4.075078964233398,5.879096212930458,,,,
5010,3.9247255325317383,5.662182062633835,,,,
5011,3.946755886077881,5.693965144443886,,,,
5012,3.9297256469726562,5.669395702941625,,,,
5013,4.025501728057861,5.807571380159029,,,,
5014,4.043461322784424,5.833481598407417,,,,
5015,3.9610443115234375,5.714578984976302,,,,
5016,3.9769392013549805,5.737510463711745,,,,
5017,4.071724891662598,5.874257309065782,,,,
5018,4.062643051147461,5.861154982792449,,,,
5019,3.8902463912963867,5.612439176559483,,,,
5020,4.036954402923584,5.824094097392721,,,,
5021,3.90763783454895,5.637529725493859,,,,
5022,3.882800340652466,5.60169679622129,,,,
5023,4.001140117645264,5.772425005628706,,,,
5024,4.008788585662842,5.783459412508064,,,,
5025,3.97287654876709,5.731649294970341,,,,
5026,4.010658264160156,5.786156788404196,,,,
5027,3.8241262435913086,5.5170479673625215,,,,
5028,3.9945316314697266,5.762890975395475,,,,
5029,3.929669141769409,5.669314183165116,,,,
5030,3.9849798679351807,5.749110693512442,,,,
5031,4.028378009796143,5.811720977559047,,,,
5032,3.980276107788086,5.742324602074697,,,,
5033,3.8952646255493164,5.619678958230204,,,,
5034,4.021193981170654,5.8013566150874505,,,,
5035,4.00330924987793,5.775554401943805,,,,
5036,3.9567770957946777,5.708422694006017,,,,
5037,3.9508869647979736,5.699925031226885,,,,
5038,3.92915678024292,5.668575001731707,,,,
5039,3.9184460639953613,5.653122704516986,,,,
5040,3.9742236137390137,5.73359269892509,,,,
5041,4.084425449371338,5.892580340688705,,,,
5042,3.9136743545532227,5.646238582968249,,,,
5043,3.977853298187256,5.738829226678561,,,,
5044,4.044125080108643,5.834439197807421,,,,
5045,3.932076930999756,5.6727878887472425,,,,
5046,3.992600202560425,5.760104512486196,,,,
5047,3.903815269470215,5.632014929811292,,,,
5048,4.009634971618652,5.784680489329189,,,,
5049,3.9055004119873047,5.634446076563888,,,,
5050,3.8928449153900146,5.616188054382991,,,,
5051,3.994410991668701,5.762716928952802,,,,
5052,3.9466514587402344,5.693814487641729,,,,
5053,3.8982934951782227,5.624048693423326,,,,
5054,3.901506185531616,5.628683625864079,,,,
5055,3.9538521766662598,5.704202927684447,,,,
5056,3.921905040740967,5.658112953114421,,,,
5057,3.8401081562042236,5.540104993433094,,,,
5058,4.0518293380737305,5.845554092567382,,,,
5059,4.019291877746582,5.7986124599102835,,,,
5060,4.078041076660156,5.883369637839096,,,,
5061,3.8504114151000977,5.554969453947167,,,,
5062,4.0289459228515625,5.812540302907758,,,,
5063,3.951781749725342,5.701215933004262,,,,
5064,3.9765841960906982,5.7369982993774755,,,,
5065,3.9348325729370117,5.676763439704588,,,,
5066,3.84289288520813,5.544122508157249,,,,
5067,3.9051005840301514,5.633869246752894,,,,
5068,3.9471399784088135,5.694519272544966,,,,
5069,3.9226505756378174,5.659188532612917,,,,
5070,3.9263663291931152,5.664549231840311,,,,
5071,3.969316244125366,5.726512861119672,,,,
5072,3.963639736175537,5.718323391250887,,,,
5073,3.8193373680114746,5.510139080312061,,,,
5074,3.9705963134765625,5.728359610824637,,,,
5075,3.8642196655273438,5.574890548361908,,,,
5076,3.8882226943969727,5.609519599078436,,,,
5077,3.87355375289917,5.5883567899244655,,,,
5078,4.0099873542785645,5.78518887004514,,,,
5079,3.8762660026550293,5.5922697391968965,,,,
5080,3.9505772590637207,5.699478220299944,,,,
5081,4.0067243576049805,5.780481360925723,,,,
5082,3.8933820724487305,5.616963008207779,,,,
5083,3.9773244857788086,5.738066311639334,,,,
5084,3.987086772918701,5.752150314883791,,,,
5085,3.962008476257324,5.71596998065648,,,,
5086,3.9781885147094727,5.7393128418927875,,,,
5087,3.9542040824890137,5.704710620469794,,,,
5088,3.962104558944702,5.716108598673076,,,,
5089,4.022876739501953,5.80378432218703,,,,
5090,4.019944667816162,5.799554236906409,,,,
5091,4.008655071258545,5.783266791939097,,,,
5092,3.9314732551574707,5.6719169686032735,,,,
5093,3.9551773071289062,5.706114686831437,,,,
5094,3.936037540435791,5.678501840339509,,,,
5095,3.9143893718719482,5.6472701349081245,,,,
5096,3.9928534030914307,5.760469803636629,,,,
5097,3.9120240211486816,5.643857655149705,,,,
5098,3.935181140899658,5.67726631697571,,,,
5099,4.08195686340332,5.889018923954638,,,,
5100,4.019253730773926,5.798557425462008,,,,
5101,3.969052791595459,5.726132779461265,,,,
5102,4.049520015716553,5.842222444654868,,,,
5103,4.016453742980957,5.794517896958542,,,,
5104,3.9816107749938965,5.744250119833757,,,,
5105,3.9480974674224854,5.695900637196695,,,,
5106,3.8625810146331787,5.572526474843148,,,,
5107,4.0641679763793945,5.863354984862286,,,,
5108,3.937406063079834,5.680476201171413,,,,
5109,3.939786911010742,5.683911038674446,,,,
5110,3.9036009311676025,5.63170570500504,,,,
5111,4.04011869430542,5.828659204877224,,,,
5112,3.922039270401001,5.658306605579292,,,,
5113,3.8863892555236816,5.606874505908166,,,,
5114,3.9112367630004883,5.642721881723406,,,,
5115,4.033125400543213,5.818570014647007,,,,
5116,4.028476715087891,5.811863379193961,,,,
5117,3.972817897796631,5.731564679506116,,,,
5118,3.940034866333008,5.68426876258824,,,,
5119,3.9706103801727295,5.728379904777439,,,,
5120,3.9121813774108887,5.644084672248844,,,,
5121,4.02315092086792,5.804179882284014,,,,
5122,3.980917453765869,5.7432498687363385,,,,
5123,3.990422487258911,5.7569627334202345,,,,
5124,3.845032215118408,5.547208908809633,,,,
5125,3.9584286212921143,5.71080534165107,,,,
5126,4.052109718322754,5.8459585957622116,,,,
5127,4.0100884437561035,5.785334711333071,,,,
5128,3.970057964324951,5.727582937173341,,,,
5129,3.928382396697998,5.667457802431702,,,,
5130,3.982569694519043,5.745633548277297,,,,
5131,3.9592888355255127,5.712046368459696,,,,
5132,3.9244630336761475,5.661803356836635,,,,
5133,3.951766014099121,5.701193231294348,,,,
5134,3.9709181785583496,5.7288239639819665,,,,
5135,3.868572473526001,5.581170322875512,,,,
5136,3.946444511413574,5.693515925759832,,,,
5137,3.914799690246582,5.647862099192394,,,,
5138,3.9074745178222656,5.637294109262176,,,,
5139,3.8532824516296387,5.559111484110547,,,,
5140,3.9577479362487793,5.709823320714643,,,,
5141,4.040410995483398,5.829080906337139,,,,
5142,3.9656295776367188,5.721194125659089,,,,
5143,3.8975353240966797,5.622954883763839,,,,
5144,3.9576797485351562,5.7097249466383495,,,,
5145,3.909696102142334,5.6404991779436555,,,,
5146,3.912299633026123,5.644255279038499,,,,
5147,3.9240646362304688,5.661228590817451,,,,
5148,3.8741021156311035,5.5891479101184345,,,,
5149,3.916248321533203,5.649952032365679,,,,
5150,3.999100685119629,5.769482726437745,,,,
5151,4.014549255371094,5.7917703021283575,,,,
5152,3.900364398956299,5.627036376034115,,,,
5153,3.9039573669433594,5.63221993313112,,,,
5154,3.9431138038635254,5.688710730494725,,,,
5155,3.921017646789551,5.656832714261398,,,,
5156,3.8246452808380127,5.517796779824378,,,,
5157,3.90047550201416,5.627196663864719,,,,
5158,3.9417810440063477,5.6867879644580785,,,,
5159,3.851778984069824,5.556942438917865,,,,
5160,3.8673667907714844,5.579430890344686,,,,
5161,4.024005889892578,5.805413341856003,,,,
5162,4.008413314819336,5.782918011123147,,,,
5163,3.9117159843444824,5.643413251979875,,,,
5164,3.9063096046447754,5.635613494797945,,,,
5165,3.8912720680236816,5.613918915287507,,,,
5166,3.9575557708740234,5.7095460846814525,,,,
5167,4.065771102905273,5.865667807551089,,,,
5168,3.977668285369873,5.738562309604422,,,,
5169,4.046357154846191,5.837659400962176,,,,
5170,3.9043514728546143,5.6327885077748725,,,,
5171,3.86014986038208,5.569019060661452,,,,
5172,3.9079737663269043,5.6380143726039895,,,,
5173,3.9795384407043457,5.741260373431158,,,,
5174,3.9052693843841553,5.634112774186516,,,,
5175,3.942134380340576,5.687297721035236,,,,
5176,3.925938129425049,5.663931470158412,,,,
5177,3.8638157844543457,5.5743078711407845,,,,
5178,3.9609665870666504,5.71446685228794,,,,
5179,3.8663151264190674,5.577913659398774,,,,
5180,3.8845860958099365,5.604273096331215,,,,
5181,3.9517338275909424,5.701146795978615,,,,
5182,4.030117988586426,5.81423123633104,,,,
5183,3.8628106117248535,5.57285771342871,,,,
5184,3.9057583808898926,5.634818247020355,,,,
5185,4.011887550354004,5.787930273499893,,,,
5186,3.897213935852051,5.622491218537113,,,,
5187,4.037118911743164,5.8243314334509115,,,,
5188,3.8967583179473877,5.621833900845515,,,,
5189,3.8950436115264893,5.619360102395504,,,,
5190,3.9575259685516357,5.709503089018737,,,,
5191,3.996856689453125,5.766245325017903,,,,
5192,3.845949411392212,5.548532143325372,,,,
5193,3.9422690868377686,5.687492061430711,,,,
5194,3.9246184825897217,5.66202762221336,,,,
5195,3.885723114013672,5.605913466855145,,,,
5196,3.8515686988830566,5.556639061521743,,,,
5197,3.959275722503662,5.712027450368101,,,,
5198,3.9515886306762695,5.700937321109864,,,,
5199,3.859637975692749,5.568280567158647,,,,
5200,3.929863452911377,5.669594514886022,4.166984939575196,6.0116885077841316,,
5201,3.870326519012451,5.583700875600308,,,,
5202,3.9298620223999023,5.6695924510942115,,,,
5203,3.9440860748291016,5.6901134209951625,,,,
5204,3.9565072059631348,5.708033325284463,,,,
5205,3.9065024852752686,5.635891762727041,,,,
5206,3.902916193008423,5.6307178366584845,,,,
5207,3.9966912269592285,5.766006613098505,,,,
5208,3.9609286785125732,5.714412161804965,,,,
5209,4.050370216369629,5.8434490249208215,,,,
5210,3.9575486183166504,5.709535765722401,,,,
5211,3.965463161468506,5.720954037878484,,,,
5212,3.8722710609436035,5.586506256601182,,,,
5213,4.019692420959473,5.799190321617183,,,,
5214,4.013894081115723,5.790825085479216,,,,
5215,3.967273473739624,5.723565766414487,,,,
5216,3.921168088912964,5.657049756366787,,,,
5217,3.9280242919921875,5.6669411665485105,,,,
5218,3.8658089637756348,5.577183421063211,,,,
5219,3.9148757457733154,5.647971824123645,,,,
5220,3.8955776691436768,5.62013058467137,,,,
5221,3.899462938308716,5.6257358432282905,,,,
5222,3.882742404937744,5.601613212652971,,,,
5223,3.961653232574463,5.715457472356909,,,,
5224,3.912874937057495,5.645085267311563,,,,
5225,3.8749237060546875,5.590333214548181,,,,
5226,4.014006614685059,5.790987437101631,,,,
5227,3.8929996490478516,5.61641128786381,,,,
5228,3.8122663497924805,5.499937757393482,,,,
5229,3.83413028717041,5.5314807514229285,,,,
5230,3.9128406047821045,5.645035736308115,,,,
5231,3.984353542327881,5.7482070966648084,,,,
5232,3.928327798843384,5.667379034377608,,,,
5233,3.9597952365875244,5.712776950760562,,,,
5234,3.8975486755371094,5.622974145820735,,,,
5235,3.976381301879883,5.736705584905708,,,,
5236,3.9586880207061768,5.711179575899347,,,,
5237,3.8659236431121826,5.577348868373341,,,,
5238,3.9446141719818115,5.690875304138484,,,,
5239,3.9157485961914062,5.649231081093262,,,,
5240,3.910061836242676,5.641026820716503,,,,
5241,3.827634334564209,5.522109072812112,,,,
5242,3.899825096130371,5.6262583265216115,,,,
5243,3.9101457595825195,5.64114789650271,,,,
5244,3.9488091468811035,5.696927373622347,,,,
5245,3.9511327743530273,5.700279659452964,,,,
5246,3.9775571823120117,5.738402021773818,,,,
5247,3.8830413818359375,5.602044545141335,,,,
5248,3.863612174987793,5.574014124773111,,,,
5249,3.9617719650268555,5.715628767077169,,,,
5250,3.997577667236328,5.767285476090321,,,,
5251,3.8862431049346924,5.606663655178209,,,,
5252,3.8534693717956543,5.5593811529070996,,,,
5253,3.912867784500122,5.645074948352511,,,,
5254,3.9363138675689697,5.678900496124209,,,,
5255,4.00253963470459,5.774444081949835,,,,
5256,3.8725085258483887,5.5868488460417005,,,,
5257,3.8874099254608154,5.608347021364853,,,,
5258,3.9214487075805664,5.657454603526918,,,,
5259,3.9642539024353027,5.719209445868132,,,,
5260,3.903702974319458,5.631852922154179,,,,
5261,3.9646096229553223,5.719722642098307,,,,
5262,3.8977036476135254,5.623197723266857,,,,
5263,3.8647985458374023,5.575725696114498,,,,
5264,3.8623013496398926,5.572123003544224,,,,
5265,3.886218786239624,5.606628570717432,,,,
5266,3.8152942657470703,5.504306116725397,,,,
5267,4.030240535736084,5.814408034496128,,,,
5268,4.014697074890137,5.791983560615428,,,,
5269,3.873922348022461,5.5888885602809335,,,,
5270,3.9046738147735596,5.633253548862806,,,,
5271,3.868231773376465,5.580678796459346,,,,
5272,3.8999366760253906,5.6264193022828195,,,,
5273,3.9297451972961426,5.669423908096366,,,,
5274,3.9147188663482666,5.647745494955109,,,,
5275,3.8713510036468506,5.585178894501823,,,,
5276,3.883042097091675,5.602045577037241,,,,
5277,3.970914363861084,5.728818460537139,,,,
5278,3.9201722145080566,5.655613013301479,,,,
5279,3.894726276397705,5.618902284578907,,,,
5280,3.8066163063049316,5.4917864676731885,,,,
5281,3.9096670150756836,5.640457214176845,,,,
5282,3.9399147033691406,5.684095404076171,,,,
5283,3.973979949951172,5.733241166386727,,,,
5284,3.9102296829223633,5.641268972288917,,,,
5285,3.970634698867798,5.728414989238215,,,,
5286,3.893279552459717,5.616815103128037,,,,
5287,3.8245620727539062,5.517676735934075,,,,
5288,4.053718090057373,5.848278985687653,,,,
5289,3.8783538341522217,5.595281843344107,,,,
5290,3.9121642112731934,5.6440599067471195,,,,
5291,3.8791279792785645,5.596398698678811,,,,
5292,3.9026200771331787,5.630290631753741,,,,
5293,3.883589029312134,5.602834633439398,,,,
5294,3.9277915954589844,5.666605456414026,,,,
5295,4.007270812988281,5.781269729397279,,,,
5296,4.000808238983154,5.771946205928703,,,,
5297,3.868597984313965,5.581207127162797,,,,
5298,3.9571404457092285,5.708946897125847,,,,
5299,3.9378323554992676,5.681091211130899,,,,
5300,3.943397045135498,5.689119361273175,,,,
5301,3.897632598876953,5.623095221606943,,,,
5302,3.8701486587524414,5.583444277485221,,,,
5303,3.9158883094787598,5.649432644760073,,,,
5304,3.9764404296875,5.736790888300535,,,,
5305,3.9077935218811035,5.637754334835885,,,,
5306,3.8859164714813232,5.6061924227148445,,,,
5307,3.896548271179199,5.621530867414695,,,,
5308,3.8959481716156006,5.620665106750251,,,,
5309,3.8266162872314453,5.520640340973744,,,,
5310,3.9230546951293945,5.659771553799342,,,,
5311,3.945345640182495,5.691930589684178,,,,
5312,3.8573286533355713,5.564948919246133,,,,
5313,3.975400447845459,5.735290511654408,,,,
5314,3.8814492225646973,5.599747544856411,,,,
5315,3.8520889282226562,5.557389593810108,,,,
5316,3.862332582473755,5.57216806299875,,,,
5317,3.9160819053649902,5.649711944585074,,,,
5318,3.977018356323242,5.737624660191918,,,,
5319,3.839531898498535,5.539273629298823,,,,
5320,3.9936182498931885,5.761573244324564,,,,
5321,3.8761606216430664,5.592117706533534,,,,
5322,3.874589204788208,5.589850631229861,,,,
5323,3.852078914642334,5.557375147267436,,,,
5324,3.905829668045044,5.6349210926455715,,,,
5325,3.8723981380462646,5.586689590107002,,,,
5326,4.002871513366699,5.774922881649837,,,,
5327,3.883164644241333,5.602222375202327,,,,
5328,3.884752035140991,5.604512496181217,,,,
5329,3.9455723762512207,5.6922577006861195,,,,
5330,3.902829170227051,5.630592289323355,,,,
5331,3.9205024242401123,5.656089405244369,,,,
5332,3.967794418334961,5.724317330598757,,,,
5333,3.8954570293426514,5.6199565382286965,,,,
5334,3.96555495262146,5.721086464519649,,,,
5335,3.976574659347534,5.736984540765406,,,,
5336,3.894679069519043,5.618834179449165,,,,
5337,3.880096197128296,5.597795541769118,,,,
5338,3.9297146797180176,5.669379880537745,,,,
5339,3.889561176300049,5.611450620282324,,,,
5340,3.975456714630127,5.735371687465616,,,,
5341,3.8364500999450684,5.534827533808718,,,,
5342,3.925117015838623,5.662746853659269,,,,
5343,3.9147586822509766,5.647802937160497,,,,
5344,3.796067237854004,5.476567378933037,,,,
5345,3.898745059967041,5.624700163704794,,,,
5346,3.9599149227142334,5.712949621342028,,,,
5347,3.880136489868164,5.59785367190511,,,,
5348,3.8237192630767822,5.516460818592476,,,,
5349,3.939877986907959,5.684042433419705,,,,
5350,3.9082388877868652,5.638396862019508,,,,
5351,3.8487601280212402,5.552587150267415,,,,
5352,3.7842764854431152,5.459556918901498,,,,
5353,3.9123849868774414,5.644378418616517,,,,
5354,3.9304516315460205,5.6704430772853796,,,,
5355,3.8569304943084717,5.564374497192251,,,,
5356,3.848283052444458,5.5518988756986625,,,,
5357,3.903327226638794,5.631310832838659,,,,
5358,3.9460911750793457,5.6930061691826745,,,,
5359,4.005985260009766,5.779415068490374,,,,
5360,3.8611326217651367,5.570436885635164,,,,
5361,3.9302356243133545,5.670131444722016,,,,
5362,3.8831024169921875,5.602132600258577,,,,
5363,3.924849033355713,5.662360236660129,,,,
5364,3.9067115783691406,5.636193420296654,,,,
5365,3.945708751678467,5.692454448838706,,,,
5366,3.8921828269958496,5.615232862740099,,,,
5367,3.865447521209717,5.576661969665794,,,,
5368,3.8842923641204834,5.6038493310794895,,,,
5369,3.9059627056121826,5.6351130252839345,,,,
5370,3.9502546787261963,5.699012835246709,,,,
5371,3.925710439682007,5.663602983295264,,,,
5372,3.920964241027832,5.656755666033812,,,,
5373,3.838846445083618,5.538284729056363,,,,
5374,3.99019718170166,5.756637686210103,,,,
5375,3.9723963737487793,5.7309565488526655,,,,
5376,3.9815845489501953,5.744212283650567,,,,
5377,3.889796018600464,5.611789426104523,,,,
5378,3.8671646118164062,5.579139207768823,,,,
5379,3.9677906036376953,5.7243118271539295,,,,
5380,3.8750388622283936,5.590499349788915,,,,
5381,3.863206148147583,5.573428351864273,,,,
5382,4.004576206207275,5.777382233557176,,,,
5383,3.9798672199249268,5.741734701582238,,,,
5384,3.8858397006988525,5.606081665887689,,,,
5385,3.9362094402313232,5.678749839322053,,,,
5386,3.9311275482177734,5.671418218915771,,,,
5387,3.8297441005706787,5.525152821767082,,,,
5388,3.9191091060638428,5.654079272021085,,,,
5389,3.891077756881714,5.6136385835666,,,,
5390,3.8544373512268066,5.5607776520321055,,,,
5391,4.028255462646484,5.811544179393961,,,,
5392,3.8209853172302246,5.512516568477588,,,,
5393,4.002547740936279,5.774455776770094,,,,
5394,3.9230973720550537,5.659833123588351,,,,
5395,3.840792179107666,5.5410918298837455,,,,
5396,3.8960061073303223,5.620748690318571,,,,
5397,3.9585471153259277,5.710976292406028,,,,
5398,3.856229543685913,5.563363239205177,,,,
5399,3.899705171585083,5.626085311974844,,,,
5400,3.866468906402588,5.578135517018388,4.1868692398071286,6.040375489120288,,
5401,3.921326160430908,5.657277805361831,,,,
5402,3.9796948432922363,5.74148601466909,,,,
5403,3.9496116638183594,5.698085160827955,,,,
5404,3.876826047897339,5.59307771369065,,,,
5405,3.902461528778076,5.630061894828094,,,,
5406,3.8692808151245117,5.582192243786939,,,,
5407,3.8050451278686523,5.489519736334817,,,,
5408,3.8938798904418945,5.617681207757782,,,,
5409,3.877150058746338,5.593545162535695,,,,
5410,3.9049415588378906,5.633639821896644,,,,
5411,3.923067569732666,5.6597901279256355,,,,
5412,3.9808433055877686,5.743142895527503,,,,
5413,3.9045891761779785,5.6331314411806925,,,,
5414,3.919705867767334,5.654940217171304,,,,
5415,3.855360984802246,5.562110173610991,,,,
5416,3.839510917663574,5.5392433603522715,,,,
5417,3.972102403640747,5.730532439635637,,,,
5418,3.828296661376953,5.523064608420306,,,,
5419,3.8682374954223633,5.580687051626588,,,,
5420,3.92443585395813,5.661764144792238,,,,
5421,3.8865885734558105,5.607162060900409,,,,
5422,3.929050922393799,5.668422281137741,,,,
5423,3.9530582427978516,5.703057523229701,,,,
5424,3.828502655029297,5.523361794440997,,,,
5425,3.930589199066162,5.670641545264475,,,,
5426,3.936595916748047,5.67930740707615,,,,
5427,3.918792724609375,5.653622830065695,,,,
5428,4.0351738929748535,5.8215253645194345,,,,
5429,3.8051724433898926,5.489703413805938,,,,
5430,3.918919086456299,5.653805131675609,,,,
5431,3.8732457160949707,5.5879123867546365,,,,
5432,3.9654898643493652,5.7209925619922775,,,,
5433,3.784128189086914,5.4593429724838245,,,,
5434,3.848839282989502,5.552701346747589,,,,
5435,3.9136946201324463,5.646267820018896,,,,
5436,3.9912710189819336,5.758186905929075,,,,
5437,3.878687620162964,5.595763394766523,,,,
5438,3.8018569946289062,5.484920232320142,,,,
5439,3.894528865814209,5.618617481309078,,,,
5440,3.8477585315704346,5.551142152034866,,,,
5441,3.8128557205200195,5.500788039619348,,,,
5442,3.891556739807129,5.6143296098577675,,,,
5443,3.8619465827941895,5.571611183175256,,,,
5444,3.9323432445526123,5.67317209798927,,,,
5445,3.875227451324463,5.59077142634258,,,,
5446,3.89115571975708,5.613751060220265,,,,
5447,3.8765811920166016,5.592724461325778,,,,
5448,3.98124361038208,5.7437204132690995,,,,
5449,3.9857356548309326,5.750201063518912,,,,
5450,3.9690122604370117,5.726074305359972,,,,
5451,3.8559582233428955,5.562971806691814,,,,
5452,3.9512362480163574,5.7004289403939135,,,,
5453,3.881610870361328,5.599980753330981,,,,
5454,3.919490337371826,5.654629272538544,,,,
5455,3.86924147605896,5.582135489512154,,,,
5456,3.859712600708008,5.568388228298087,,,,
5457,3.7824995517730713,5.456993345507737,,,,
5458,3.845090866088867,5.547293524273858,,,,
5459,3.8933420181274414,5.616905222037088,,,,
5460,3.948063850402832,5.695852138089152,,,,
5461,3.7920446395874023,5.470763996362322,,,,
5462,4.011663913726807,5.787607634046874,,,,
5463,3.823965072631836,5.516815446818555,,,,
5464,3.8666434288024902,5.5783872996192505,,,,
5465,4.090953826904297,5.901998798580556,,,,
5466,3.9415206909179688,5.686412354348595,,,,
5467,3.9366226196289062,5.6793459311899435,,,,
5468,3.8654980659484863,5.57673489030976,,,,
5469,3.8487489223480225,5.552570983898234,,,,
5470,3.9048616886138916,5.633524593520566,,,,
5471,3.899596691131592,5.625928807762558,,,,
5472,3.9405839443206787,5.685060914678115,,,,
5473,3.9764366149902344,5.7367853848557075,,,,
5474,3.9206628799438477,5.65632089389243,,,,
5475,3.9325389862060547,5.673454493501987,,,,
5476,3.873933792114258,5.588905070615416,,,,
5477,3.9059948921203613,5.635159460599667,,,,
5478,3.9101550579071045,5.641161311149477,,,,
5479,3.937676429748535,5.6808662578235705,,,,
5480,3.8750553131103516,5.590523083394734,,,,
5481,3.85036563873291,5.554903412609236,,,,
5482,3.908783197402954,5.639182134803348,,,,
5483,3.823021173477173,5.515453688189023,,,,
5484,3.820584774017334,5.511938706770689,,,,
5485,3.9176392555236816,5.6519587259359465,,,,
5486,3.937558174133301,5.680695651033915,,,,
5487,3.9715635776519775,5.729755078053738,,,,
5488,3.9750516414642334,5.734787290417984,,,,
5489,3.908339023590088,5.638541327446234,,,,
5490,3.87727689743042,5.593728152076213,,,,
5491,3.8398594856262207,5.539746237623395,,,,
5492,3.962219715118408,5.716274733913809,,,,
5493,3.987288475036621,5.7524413095290505,,,,
5494,3.8924694061279297,5.615646309032773,,,,
5495,3.9260377883911133,5.664075247654533,,,,
5496,3.858828067779541,5.567112117028684,,,,
5497,3.922189712524414,5.658523647684682,,,,
5498,3.9514636993408203,5.70075708329176,,,,
5499,3.891399383544922,5.614102592758628,,,,
5500,3.8324031829833984,5.5289890667772275,,,,
5501,3.9630823135375977,5.7175192003754525,,,,
5502,3.8650336265563965,5.576064845901999,,,,
5503,3.8291141986846924,5.524244065439923,,,,
5504,3.909188747406006,5.639767219781583,,,,
5505,3.8122377395629883,5.499896481557275,,,,
5506,3.946043014526367,5.692936688191726,,,,
5507,3.8478527069091797,5.5512780183290475,,,,
5508,3.7693557739257812,5.438030882388905,,,,
5509,3.92094087600708,5.656721957434242,,,,
5510,3.940707206726074,5.685238744739107,,,,
5511,3.993192195892334,5.7609585783303805,,,,
5512,3.860490322113037,5.569510243112315,,,,
5513,3.91195011138916,5.64375102590617,,,,
5514,3.9229543209075928,5.659626744407316,,,,
5515,3.9494097232818604,5.697793822217394,,,,
5516,4.016643524169922,5.794791693338715,,,,
5517,3.8420233726501465,5.542868066701856,,,,
5518,3.8741087913513184,5.589157541146883,,,,
5519,3.8701424598693848,5.583435334387375,,,,
5520,3.8643529415130615,5.575082824965572,,,,
5521,3.821336030960083,5.513022541436427,,,,
5522,3.971464157104492,5.729611644522918,,,,
5523,3.901719808578491,5.628991818774425,,,,
5524,3.823756217956543,5.516514133214243,,,,
5525,3.8378195762634277,5.536803270501831,,,,
5526,3.9160642623901367,5.649686491152747,,,,
5527,3.8146860599517822,5.5034286612406955,,,,
5528,3.9108493328094482,5.642162938108102,,,,
5529,3.9549572467803955,5.7057972068579454,,,,
5530,3.9558475017547607,5.707081573294588,,,,
5531,3.978358745574951,5.739558433118219,,,,
5532,3.9286794662475586,5.6678863831976525,,,,
5533,3.880146026611328,5.597867430517179,,,,
5534,3.946305513381958,5.693315393988926,,,,
5535,3.901015043258667,5.627975057342524,,,,
5536,3.7924413681030273,5.471336354624394,,,,
5537,3.8702940940856934,5.583654096319274,,,,
5538,3.8668007850646973,5.578614316718389,,,,
5539,3.8854479789733887,5.605516530896954,,,,
5540,3.903925657272339,5.63217418574599,,,,
5541,3.889660358428955,5.611593709847842,,,,
5542,3.920222759246826,5.655685933945445,,,,
5543,3.8885152339935303,5.609941644503653,,,,
5544,3.8827319145202637,5.601598078179695,,,,
5545,3.7852554321289062,5.460969240430384,,,,
5546,3.936223268508911,5.678769789309553,,,,
5547,3.8868021965026855,5.607470253810755,,,,
5548,3.899639844894409,5.625991065482171,,,,
5549,3.9000959396362305,5.626649071104372,,,,
5550,3.916370391845703,5.650128142600162,,,,
5551,4.013598918914795,5.79039925643568,,,,
5552,4.004891395568848,5.777836955686056,,,,
5553,3.9258980751037598,5.663873683987721,,,,
5554,3.8101019859313965,5.496815240384417,,,,
5555,3.99983286857605,5.770539043879344,,,,
5556,3.9312903881073,5.67165314721685,,,,
5557,3.826737403869629,5.52081507534702,,,,
5558,3.823430061340332,5.516043588681482,,,,
5559,3.824955940246582,5.518244966612526,,,,
5560,3.910876512527466,5.6422021501524995,,,,
5561,3.8309450149536133,5.526885374991874,,,,
5562,3.9012255668640137,5.628278778703947,,,,
5563,3.799778461456299,5.4819215428196975,,,,
5564,3.8389768600463867,5.538472878076407,,,,
5565,3.9047603607177734,5.6333784082673315,,,,
5566,3.966823101043701,5.722916015959528,,,,
5567,3.9593043327331543,5.712068726204309,,,,
5568,3.944990634918213,5.691418425349909,,,,
5569,3.9533562660217285,5.703487479856857,,,,
5570,3.8978357315063477,5.623388280044013,,,,
5571,3.9241747856140137,5.661387502786849,,,,
5572,3.8373050689697266,5.536060993380707,,,,
5573,3.9108805656433105,5.642207997562628,,,,
5574,3.8683643341064453,5.580870041167106,,,,
5575,3.8489344120025635,5.5528385889029765,,,,
5576,3.8643903732299805,5.575136827517944,,,,
5577,3.884274959564209,5.603824221612463,,,,
5578,3.873784065246582,5.588689060405933,,,,
5579,3.816044807434082,5.505388919495229,,,,
5580,3.9888083934783936,5.754634088327552,,,,
5581,3.82690691947937,5.521059634676547,,,,
5582,3.849179744720459,5.553192529198452,,,,
5583,3.952691078186035,5.702527816665043,,,,
5584,3.8489322662353516,5.5528354932152615,,,,
5585,3.8276009559631348,5.5220609176698705,,,,
5586,3.8572349548339844,5.564813740882554,,,,
5587,3.8015241622924805,5.484440056758933,,,,
5588,3.8950750827789307,5.619405505815332,,,,
5589,3.932292938232422,5.673099521310606,,,,
5590,3.86431884765625,5.575033637927426,,,,
5591,3.868051528930664,5.580418758691242,,,,
5592,3.8752148151397705,5.590753196181589,,,,
5593,3.8573031425476074,5.564912114958847,,,,
5594,3.9149839878082275,5.648127984370628,,,,
5595,3.946234941482544,5.693213580259615,,,,
5596,3.8121867179870605,5.499822872982706,,,,
5597,3.865917205810547,5.577339581310194,,,,
5598,3.9124820232391357,5.644518412494319,,,,
5599,3.8898861408233643,5.611919444988576,,,,
5600,3.963839054107666,5.718610946243129,4.2069899559021,6.069403546449639,,
5601,3.832029342651367,5.528449729184122,,,,
5602,3.8563191890716553,5.563492570158626,,,,
5603,3.9255194664001465,5.663327467088581,,,,
5604,3.8381640911102295,5.537300300362824,,,,
5605,3.9281342029571533,5.667099734552607,,,,
5606,3.813687801361084,5.50198847852237,,,,
5607,3.805574893951416,5.490284027235251,,,,
5608,3.8763294219970703,5.592361233967155,,,,
5609,3.9102041721343994,5.641232168001633,,,,
5610,3.9222917556762695,5.6586708648338195,,,,
5611,3.8192811012268066,5.5100579045008535,,,,
5612,3.9067201614379883,5.636205803047517,,,,
5613,3.9298877716064453,5.669629599346798,,,,
5614,3.838893413543701,5.538352490220802,,,,
5615,3.8331401348114014,5.530052263524862,,,,
5616,3.9149208068847656,5.648036833565671,,,,
5617,3.9266018867492676,5.6648890695584155,,,,
5618,3.9514694213867188,5.700765338459001,,,,
5619,3.8152244091033936,5.504205334891992,,,,
5620,3.881067991256714,5.599197544338952,,,,
5621,3.8651347160339355,5.57621068718993,,,,
5622,3.910520076751709,5.641687922026419,,,,
5623,3.938413143157959,5.6819291106059024,,,,
5624,3.8627824783325195,5.572817125523106,,,,
5625,3.980508804321289,5.742660312209181,,,,
5626,3.8708159923553467,5.584407036364751,,,,
5627,3.912083148956299,5.643942958544533,,,,
5628,3.8486311435699463,5.552401065039182,,,,
5629,3.8926029205322266,5.615838929601739,,,,
5630,3.8429360389709473,5.544184765876862,,,,
5631,3.8234481811523438,5.516069730044413,,,,
5632,3.833529472351074,5.530613958862579,,,,
5633,3.8336005210876465,5.530716460522494,,,,
5634,3.913278579711914,5.645667600567385,,,,
5635,3.929415464401245,5.66894820408408,,,,
5636,3.9178624153137207,5.652280677458362,,,,
5637,3.865262031555176,5.576394364661052,,,,
5638,3.9068603515625,5.636408054644931,,,,
5639,3.7700259685516357,5.438997768852056,,,,
5640,3.8628101348876953,5.572857025498106,,,,
5641,3.967132329940796,5.723362138955865,,,,
5642,3.8242740631103516,5.517261225849591,,,,
5643,3.842568874359131,5.543655059312204,,,,
5644,3.793001413345337,5.472144329118147,,,,
5645,3.939329147338867,5.683250625295132,,,,
5646,3.846766710281372,5.5497112563796875,,,,
5647,3.808562755584717,5.494594600396477,,,,
5648,3.857870101928711,5.565730064446352,,,,
5649,3.8590967655181885,5.5674997659237295,,,,
5650,3.9883618354797363,5.75398984131742,,,,
5651,3.846831798553467,5.549805158907058,,,,
5652,3.8290090560913086,5.524092376741862,,,,
5653,3.997506618499756,5.7671829744304075,,,,
5654,3.8638741970062256,5.574392142639708,,,,
5655,3.853619337081909,5.559597507081885,,,,
5656,3.8722786903381348,5.586517263490837,,,,
5657,3.902820587158203,5.630579906572493,,,,
5658,3.9662156105041504,5.722039592370731,,,,
5659,3.930652141571045,5.670732352104131,,,,
5660,3.8145177364349365,5.503185821737677,,,,
5661,3.9481968879699707,5.696044070727515,,,,
5662,3.8296709060668945,5.525047224419452,,,,
5663,3.9455406665802,5.69221195330099,,,,
5664,3.9411773681640625,5.68591704431411,,,,
5665,3.9306726455688477,5.670761933120079,,,,
5666,3.9023637771606445,5.629920869054386,,,,
5667,3.909806728363037,5.640658777843656,,,,
5668,3.8815667629241943,5.599917119750162,,,,
5669,3.91512393951416,5.648329892002741,,,,
5670,3.9137933254241943,5.64641022165381,,,,
5671,3.7735486030578613,5.444079856185052,,,,
5672,3.8607587814331055,5.569897548042059,,,,
5673,3.8166608810424805,5.506277725834889,,,,
5674,3.84726881980896,5.550435647305122,,,,
5675,3.876253843307495,5.592252196966508,,,,
5676,3.8393783569335938,5.5390521156445125,,,,
5677,3.8612637519836426,5.570626066551114,,,,
5678,3.8364367485046387,5.534808271751822,,,,
5679,3.963881731033325,5.7186725160321386,,,,
5680,3.866065502166748,5.577553527727868,,,,
5681,3.844170093536377,5.545965130278594,,,,
5682,3.941437244415283,5.68629196649299,,,,
5683,3.937694549560547,5.680892399186502,,,,
5684,3.91001033782959,5.64095252421133,,,,
5685,3.8890652656555176,5.610735172454734,,,,
5686,3.7922444343566895,5.471052239285168,,,,
5687,3.8967857360839844,5.621873456855213,,,,
5688,3.8372554779052734,5.535989448597947,,,,
5689,3.7926721572875977,5.471669313036464,,,,
5690,3.9804487228393555,5.742573632953146,,,,
5691,3.9374327659606934,5.680514725285207,,,,
5692,3.9273173809051514,5.665921309428894,,,,
5693,3.821535110473633,5.513309752463367,,,,
5694,3.767632007598877,5.435544013257429,,,,
5695,3.813997507095337,5.502435289449312,,,,
5696,3.8442656993865967,5.546103060364586,,,,
5697,3.92446231842041,5.66180232494073,,,,
5698,3.854400157928467,5.560723993445037,,,,
5699,3.9753382205963135,5.735200736710658,,,,
5700,3.831838607788086,5.528174556942742,,,,
5701,3.8929195404052734,5.616295715522431,,,,
5702,3.845449447631836,5.547810848087654,,,,
5703,3.935929775238037,5.678346368023129,,,,
5704,3.8440141677856445,5.5457401769712655,,,,
5705,3.904853582382202,5.633512898700307,,,,
5706,3.914705514907837,5.647726232898212,,,,
5707,3.833603858947754,5.530721276036718,,,,
5708,3.786057949066162,5.462127027635992,,,,
5709,3.9819648265838623,5.744760908306819,,,,
5710,3.8718130588531494,5.585845499256567,,,,
5711,3.9368014335632324,5.679603905166237,,,,
5712,3.932953357696533,5.674052305196386,,,,
5713,3.812868118286133,5.500805925815038,,,,
5714,3.78741192817688,5.4640804065844915,,,,
5715,3.906175136566162,5.635419498367772,,,,
5716,3.7795352935791016,5.452716824911382,,,,
5717,3.820916175842285,5.512416818540087,,,,
5718,3.8138911724090576,5.502281880924742,,,,
5719,3.8954622745513916,5.619964105465335,,,,
5720,3.8162994384765625,5.505756274437473,,,,
5721,3.834524154663086,5.5320489821013785,,,,
5722,3.8798015117645264,5.597370400656185,,,,
5723,3.8216705322265625,5.513505124754747,,,,
5724,3.804783582687378,5.489142406398823,,,,
5725,3.8684747219085693,5.581029297101805,,,,
5726,3.8834428787231445,5.602623782709441,,,,
5727,3.8396546840667725,5.5394507714292125,,,,
5728,3.957240581512451,5.709091362552571,,,,
5729,3.8499622344970703,5.554321423318716,,,,
5730,3.932216167449951,5.672988764483451,,,,
5731,3.8439648151397705,5.5456689761538085,,,,
5732,3.7767434120178223,5.448688991228176,,,,
5733,3.884389638900757,5.603989668922593,,,,
5734,3.918339252471924,5.652968608061813,,,,
5735,3.8801794052124023,5.597915585659421,,,,
5736,3.8477697372436523,5.551158318404047,,,,
5737,3.840576648712158,5.540780885250985,,,,
5738,3.744763135910034,5.40255120548121,,,,
5739,3.863469362258911,5.573808089557377,,,,
5740,3.8699347972869873,5.583135740609572,,,,
5741,3.770437240600586,5.439591108997533,,,,
5742,3.774873971939087,5.445991959297345,,,,
5743,3.880441188812256,5.598293259560715,,,,
5744,3.913097381591797,5.645406186938073,,,,
5745,3.8344640731811523,5.5319623028453435,,,,
5746,3.9790198802948,5.740512248899905,,,,
5747,3.8806400299072266,5.5985801266223545,,,,
5748,3.9178786277770996,5.6523040670988784,,,,
5749,3.8111677169799805,5.498352765283131,,,,
5750,3.8512935638427734,5.556242125563552,,,,
5751,3.860273838043213,5.569197922618349,,,,
5752,3.8984851837158203,5.624325241525914,,,,
5753,3.8119773864746094,5.499520871447791,,,,
5754,3.791088104248047,5.469384007571799,,,,
5755,3.921135902404785,5.657003321051054,,,,
5756,3.9108262062072754,5.642129573473835,,,,
5757,3.821621894836426,5.513434955833195,,,,
5758,3.9686243534088135,5.7255146738140645,,,,
5759,3.866607189178467,5.578335016893388,,,,
5760,3.908201217651367,5.638342515501836,,,,
5761,3.8215792179107666,5.5133733860441865,,,,
5762,3.9360756874084473,5.678556874787785,,,,
5763,3.943054676055908,5.688625427099897,,,,
5764,3.9222207069396973,5.658568363173906,,,,
5765,3.851602077484131,5.556687216663985,,,,
5766,3.797916889190674,5.479235861743824,,,,
5767,3.8766860961914062,5.592875806058537,,,,
5768,3.8360300064086914,5.534221466947078,,,,
5769,3.9061946868896484,5.635447703522513,,,,
5770,3.8789329528808594,5.596117335061999,,,,
5771,3.885368824005127,5.60540233441678,,,,
5772,3.889033317565918,5.6106890811043035,,,,
5773,3.8155336380004883,5.50465145788833,,,,
5774,3.860361099243164,5.56932381391878,,,,
5775,3.7472290992736816,5.406108838596958,,,,
5776,3.807054042816162,5.492417987967157,,,,
5777,3.890605926513672,5.612957876234486,,,,
5778,3.8781862258911133,5.595040035736995,,,,
5779,3.8268537521362305,5.520982930414262,,,,
5780,3.8206870555877686,5.512086267885129,,,,
5781,3.8326761722564697,5.529382907047704,,,,
5782,3.8867526054382324,5.607398709027996,,,,
5783,3.8111507892608643,5.498328343746708,,,,
5784,3.849119186401367,5.553105162011814,,,,
5785,3.979308605194092,5.740928790880295,,,,
5786,3.9071991443634033,5.636896829338683,,,,
5787,3.8774027824401855,5.593909765755524,,,,
5788,3.877368927001953,5.593860922682679,,,,
5789,3.792153835296631,5.470921532470513,,,,
5790,3.866084575653076,5.577581044952006,,,,
5791,3.8465986251831055,5.549468760841971,,,,
5792,3.8493435382843018,5.553428833360738,,,,
5793,3.83474063873291,5.532361302595346,,,,
5794,3.858774185180664,5.567034380870495,,,,
5795,3.854600429534912,5.5610129242984865,,,,
5796,3.9452311992645264,5.69176548633935,,,,
5797,3.9023427963256836,5.629890600107834,,,,
5798,3.9244306087493896,5.6617565775556,,,,
5799,3.8339123725891113,5.531166367137151,,,,
5800,3.801429271697998,5.484303158568846,4.101482009887695,5.917187755960276,,
5801,3.812169075012207,5.499797419550378,,,,
5802,3.8816986083984375,5.6001073325620165,,,,
5803,3.941995620727539,5.687097533229632,,,,
5804,3.9109721183776855,5.642340080238491,,,,
5805,3.8940796852111816,5.6179694506806275,,,,
5806,3.7784953117370605,5.451216448265256,,,,
5807,3.8004555702209473,5.4828984042765985,,,,
5808,3.9317612648010254,5.672332478687758,,,,
5809,3.929246425628662,5.668704332685156,,,,
5810,3.8288211822509766,5.523821332084102,,,,
5811,3.9687013626098633,5.725625774606522,,,,
5812,3.774413585662842,5.445327762299713,,,,
5813,3.8397557735443115,5.539596612717144,,,,
5814,3.8120005130767822,5.499554236082058,,,,
5815,3.786051034927368,5.462117052642242,,,,
5816,3.851423978805542,5.556430274583596,,,,
5817,3.845388412475586,5.547722792970411,,,,
5818,3.794240951538086,5.473932604721819,,,,
5819,3.8667187690734863,5.578495992654596,,,,
5820,3.8533244132995605,5.559172022003651,,,,
5821,3.8683109283447266,5.58079299293952,,,,
5822,3.893043041229248,5.6164738895487245,,,,
5823,3.7919492721557617,5.470626410241632,,,,
5824,3.9215593338012695,5.657614203426919,,,,
5825,3.886141300201416,5.6065167819943715,,,,
5826,3.8218226432800293,5.513724574617248,,,,
5827,3.8833179473876953,5.602443544891337,,,,
5828,3.89430832862854,5.618299313404982,,,,
5829,3.8610098361968994,5.570259743504776,,,,
5830,3.7772011756896973,5.449349404607489,,,,
5831,3.811065196990967,5.498204860203389,,,,
5832,3.92579984664917,5.66373197028341,,,,
5833,3.8673408031463623,5.579393398126798,,,,
5834,3.8551383018493652,5.561788910019179,,,,
5835,3.8398194313049316,5.5396884514527045,,,,
5836,3.8796520233154297,5.597154734412004,,,,
5837,3.7497575283050537,5.409756590621758,,,,
5838,3.7884392738342285,5.465562553069628,,,,
5839,3.85518741607666,5.5618597668713345,,,,
5840,3.813539981842041,5.5017752200353005,,,,
5841,3.8219902515411377,5.513966382224361,,,,
5842,3.805363655090332,5.489979273977922,,,,
5843,3.905339002609253,5.63421321205462,,,,
5844,3.9501163959503174,5.6988133353717085,,,,
5845,3.9241771697998047,5.6613909424398665,,,,
5846,3.7599315643310547,5.424434621942296,,,,
5847,3.800217390060425,5.482554782940174,,,,
5848,3.8765878677368164,5.592734092354226,,,,
5849,3.859713077545166,5.56838891622869,,,,
5850,3.76112699508667,5.426159263965148,,,,
5851,3.8667263984680176,5.578506999544251,,,,
5852,3.8944783210754395,5.6185445606651125,,,,
5853,3.9693102836608887,5.726504261987129,,,,
5854,3.884308338165283,5.603872376754705,,,,
5855,3.839582920074463,5.539347237873393,,,,
5856,3.8857264518737793,5.605918282369369,,,,
5857,3.813816547393799,5.502174219785302,,,,
5858,3.8524327278137207,5.557885591775197,,,,
5859,3.7774405479431152,5.4496947457704215,,,,
5860,3.875152111053467,5.5906627333072345,,,,
5861,3.8338587284088135,5.531088974944263,,,,
5862,3.770796775817871,5.440109808672535,,,,
5863,3.9468789100646973,5.694142630539576,,,,
5864,3.817373275756836,5.507305494156445,,,,
5865,3.8991284370422363,5.625253259909969,,,,
5866,3.8136439323425293,5.501925188906853,,,,
5867,3.8435425758361816,5.545059813604452,,,,
5868,3.831057548522949,5.527047726614288,,,,
5869,3.8853020668029785,5.605306024132298,,,,
5870,3.8457369804382324,5.548225670241535,,,,
5871,3.921773672103882,5.65792342823317,,,,
5872,3.8810338973999023,5.599148357300805,,,,
5873,3.8955116271972656,5.620035306282792,,,,
5874,3.840320110321045,5.540410778586328,,,,
5875,3.8638694286346436,5.574385263333673,,,,
5876,3.945732593536377,5.692488845368879,,,,
5877,3.840545654296875,5.540736169761761,,,,
5878,3.8518006801605225,5.5569737397603225,,,,
5879,3.925751209259033,5.663661801361859,,,,
5880,3.8518526554107666,5.557048724196099,,,,
5881,3.801759719848633,5.484779894477038,,,,
5882,3.8505465984344482,5.555164482273246,,,,
5883,3.919853925704956,5.655153819623676,,,,
5884,3.8723530769348145,5.586624580664975,,,,
5885,3.804624557495117,5.488912981542573,,,,
5886,3.904574394226074,5.633110115331986,,,,
5887,3.82517671585083,5.518563478481925,,,,
5888,3.8082218170166016,5.494102730015008,,,,
5889,3.7598023414611816,5.42424819274876,,,,
5890,3.8487892150878906,5.552629114034226,,,,
5891,3.7839369773864746,5.459067112311841,,,,
5892,3.8429274559020996,5.544172383126,,,,
5893,3.851431131362915,5.556440593542647,,,,
5894,3.728205680847168,5.3786638471722705,,,,
5895,3.818966865539551,5.509604558233179,,,,
5896,3.907259702682495,5.636984196525321,,,,
5897,3.861372709274292,5.570783258694003,,,,
5898,3.684474468231201,5.315573043599155,,,,
5899,3.925103187561035,5.662726903671769,,,,
5900,3.8650622367858887,5.576106121738206,,,,
5901,3.879018783569336,5.59624116257062,,,,
5902,3.820962429046631,5.512483547808622,,,,
5903,3.8247621059417725,5.517965322822223,,,,
5904,3.7963790893554688,5.477017285547694,,,,
5905,3.916146755218506,5.649805503147144,,,,
5906,3.9682369232177734,5.724955730198761,,,,
5907,3.8174290657043457,5.507385982037048,,,,
5908,3.7983806133270264,5.479904874255681,,,,
5909,3.8293559551239014,5.524592846255873,,,,
5910,3.91513729095459,5.6483491540596376,,,,
5911,3.8082096576690674,5.494085187784621,,,,
5912,3.8760581016540527,5.591969801453792,,,,
5913,3.963968276977539,5.718797375436664,,,,
5914,3.8130030632019043,5.501000610175814,,,,
5915,3.9411416053771973,5.68586544951885,,,,
5916,3.8233728408813477,5.515961037009069,,,,
5917,3.9439735412597656,5.689951069372747,,,,
5918,3.809704065322876,5.496241162295837,,,,
5919,3.7878029346466064,5.464644509679322,,,,
5920,3.841512680053711,5.54213129302556,,,,
5921,3.80519962310791,5.489742625850335,,,,
5922,3.7753520011901855,5.446681609727305,,,,
5923,3.8690242767333984,5.581822137122282,,,,
5924,3.8051605224609375,5.489686215540852,,,,
5925,3.7887327671051025,5.465985974356052,,,,
5926,3.8457159996032715,5.548195401294983,,,,
5927,3.875271797180176,5.5908354038887005,,,,
5928,3.8042473793029785,5.4883688284352425,,,,
5929,3.833322525024414,5.530315396980682,,,,
5930,3.831770420074463,5.528076182866448,,,,
5931,3.861147880554199,5.570458899414475,,,,
5932,3.7487783432006836,5.408343925127571,,,,
5933,3.8691859245300293,5.582055345596853,,,,
5934,3.8627946376800537,5.572834667753494,,,,
5935,3.890749454498291,5.613164943346124,,,,
5936,3.859917640686035,5.568684038457571,,,,
5937,3.8604941368103027,5.569515746557143,,,,
5938,3.810694694519043,5.4976703381245065,,,,
5939,3.8582496643066406,5.566277657206698,,,,
5940,3.800938367843628,5.483594934012593,,,,
5941,3.7525227069854736,5.413745900191172,,,,
5942,3.8382370471954346,5.537405553745152,,,,
5943,3.802053928375244,5.485204347659367,,,,
5944,3.7637546062469482,5.4299501055554655,,,,
5945,3.924830913543701,5.662334095297198,,,,
5946,3.8526177406311035,5.558152508849336,,,,
5947,3.867112159729004,5.579063535402443,,,,
5948,3.8845582008361816,5.604232852390913,,,,
5949,3.8836731910705566,5.6029560531909075,,,,
5950,3.8725571632385254,5.586919014963253,,,,
5951,3.7569849491119385,5.420183554778268,,,,
5952,3.798821449279785,5.480540866098571,,,,
5953,3.8368701934814453,5.535433600670359,,,,
5954,3.944941520690918,5.691347568497753,,,,
5955,3.8167595863342285,5.506420127469803,,,,
5956,3.8587241172790527,5.566962148157132,,,,
5957,3.7537426948547363,5.415505970640102,,,,
5958,3.857206344604492,5.564772465046347,,,,
5959,3.8291242122650146,5.5242585119825955,,,,
5960,3.864987850189209,5.575998804564068,,,,
5961,3.8576126098632812,5.565358581920488,,,,
5962,3.874565362930298,5.589816234699688,,,,
5963,3.887235641479492,5.608095582729292,,,,
5964,3.857700824737549,5.565485849082126,,,,
5965,3.7543373107910156,5.416363820102605,,,,
5966,3.8383288383483887,5.5375379803863165,,,,
5967,3.772482395172119,5.442541643355735,,,,
5968,3.861906051635742,5.571552709073963,,,,
5969,3.8324975967407227,5.529125277036711,,,,
5970,3.8210721015930176,5.512641771847416,,,,
5971,3.775200843811035,5.446463535726011,,,,
5972,3.770244598388672,5.439313185033739,,,,
5973,3.7872769832611084,5.463885722223715,,,,
5974,3.8276591300964355,5.522144845203491,,,,
5975,3.812272548675537,5.499946700491327,,,,
5976,3.8259005546569824,5.519607757137964,,,,
5977,3.8956034183502197,5.620167732923956,,,,
5978,3.8575518131256104,5.565270870768548,,,,
5979,3.8468658924102783,5.549854345945206,,,,
5980,3.8232834339141846,5.515832050020921,,,,
5981,3.8002264499664307,5.4825678536216405,,,,
5982,3.815927743911743,5.505220032532082,,,,
5983,3.790334463119507,5.4682967332530446,,,,
5984,3.7737698554992676,5.444399055985054,,,,
5985,3.9007558822631836,5.627601167059549,,,,
5986,3.7729289531707764,5.443185890365867,,,,
5987,3.8015990257263184,5.484548061863674,,,,
5988,3.7862162590026855,5.462355420596338,,,,
5989,3.7379310131073,5.39269453579496,,,,
5990,3.818162441253662,5.5084440193051565,,,,
5991,3.8833861351013184,5.60254191896763,,,,
5992,3.8451197147369385,5.547335144075367,,,,
5993,3.9008288383483887,5.627706420441877,,,,
5994,3.778160572052002,5.4507335209816326,,,,
5995,3.880563259124756,5.598469369795199,,,,
5996,3.8997650146484375,5.6261716472655765,,,,
5997,3.871379852294922,5.585220514303332,,,,
5998,3.7548134326934814,5.4170507188101515,,,,
5999,3.9136571884155273,5.646213817466525,,,,
6000,3.8173980712890625,5.507341266547824,4.086881256103515,5.896123320882599,,
6001,3.8587632179260254,5.567018558466615,,,,
6002,3.8022894859313965,5.485544185377472,,,,
6003,3.804399013519287,5.48858759036714,,,,
6004,3.7983193397521973,5.479816475173137,,,,
6005,3.7589011192321777,5.422948003908237,,,,
6006,3.7833573818206787,5.458230932663346,,,,
6007,3.8768370151519775,5.593093536094529,,,,
6008,3.790644645690918,5.4687442321105895,,,,
6009,3.825429916381836,5.518928769632357,,,,
6010,3.783461332321167,5.458380901534898,,,,
6011,3.815347671508789,5.5043831649529835,,,,
6012,3.8002047538757324,5.482536552779183,,,,
6013,3.8997654914855957,5.6261723351961805,,,,
6014,3.7974555492401123,5.478570288884985,,,,
6015,3.823713779449463,5.516452907390536,,,,
6016,3.9477896690368652,5.695456577992168,,,,
6017,3.873076915740967,5.587668859321014,,,,
6018,3.7963876724243164,5.477029668298556,,,,
6019,3.8732118606567383,5.587863543681792,,,,
6020,3.8459267616271973,5.548499466621708,,,,
6021,3.841085910797119,5.541515595135471,,,,
6022,3.8437752723693848,5.545395523738936,,,,
6023,3.7438108921051025,5.4011774080661175,,,,
6024,3.7989420890808105,5.480714912541244,,,,
6025,3.7862143516540527,5.4623526688739235,,,,
6026,3.75704026222229,5.420263354728268,,,,
6027,3.9386496543884277,5.682270324185215,,,,
6028,3.8164210319519043,5.505931696741353,,,,
6029,3.808173179626465,5.494032561093457,,,,
6030,3.8495025634765625,5.553658258216989,,,,
6031,3.9889204502105713,5.754795752019363,,,,
6032,3.8285586833953857,5.5234426262869025,,,,
6033,3.7753868103027344,5.446731828661357,,,,
6034,3.841275691986084,5.541789391515644,,,,
6035,3.8322434425354004,5.528758610025071,,,,
6036,3.811147928237915,5.498324216163088,,,,
6037,3.926112651824951,5.664183252759274,,,,
6038,3.903481960296631,5.631534066319479,,,,
6039,3.7453882694244385,5.403453082502335,,,,
6040,3.8359603881835938,5.534121029078974,,,,
6041,3.8943686485290527,5.618386336626319,,,,
6042,3.921297073364258,5.65723584159502,,,,
6043,3.812844753265381,5.500772217215468,,,,
6044,3.9222943782806396,5.658674648452139,,,,
6045,3.8037757873535156,5.4876884650684294,,,,
6046,3.8046298027038574,5.488920548779211,,,,
6047,3.882345676422119,5.6010408543909,,,,
6048,3.8931751251220703,5.61666444632588,,,,
6049,3.8356728553771973,5.533706206925093,,,,
6050,3.8672943115234375,5.579326324892961,,,,
6051,3.7653069496154785,5.432189663635001,,,,
6052,3.769308090209961,5.43796208932856,,,,
6053,3.9191930294036865,5.654200347807292,,,,
6054,3.840254545211792,5.540316188128354,,,,
6055,3.895475387573242,5.619983023556929,,,,
6056,3.8250133991241455,5.518327862250242,,,,
6057,3.906975507736206,5.636574189885665,,,,
6058,3.8093419075012207,5.495718679002516,,,,
6059,3.7707347869873047,5.440020377694086,,,,
6060,3.7278847694396973,5.3782008698761485,,,,
6061,3.928610324859619,5.667786633260152,,,,
6062,3.781848907470703,5.4560546641993275,,,,
6063,3.7311699390411377,5.382940367768626,,,,
6064,3.917482852935791,5.651733084698014,,,,
6065,3.817941188812256,5.508124819505155,,,,
6066,3.9192299842834473,5.65425366242906,,,,
6067,3.8412389755249023,5.541736420859179,,,,
6068,3.7462310791015625,5.404668999843935,,,,
6069,3.858827590942383,5.567111429098081,,,,
6070,3.801135540008545,5.48387939331712,,,,
6071,3.847663402557373,5.551004909879477,,,,
6072,3.8373448848724365,5.536118435586094,,,,
6073,3.8155388832092285,5.504659025124968,,,,
6074,3.758333206176758,5.422128678559527,,,,
6075,3.802155017852783,5.485350188947298,,,,
6076,3.785045623779297,5.460666550964865,,,,
6077,3.900331497192383,5.626988908822477,,,,
6078,3.8676042556762695,5.579773479785205,,,,
6079,3.8740344047546387,5.589050223972745,,,,
6080,3.8567562103271484,5.564123058556689,,,,
6081,3.8557746410369873,5.562706953409485,,,,
6082,3.906707763671875,5.636187916851827,,,,
6083,3.850315570831299,5.554831179895873,,,,
6084,3.845335006713867,5.547645744742825,,,,
6085,3.837071180343628,5.5357235634197135,,,,
6086,3.8320093154907227,5.5284208360987765,,,,
6087,3.832092761993408,5.528541223954381,,,,
6088,3.749001979827881,5.40866656458059,,,,
6089,3.8189449310302734,5.50957291342542,,,,
6090,3.7776687145233154,5.450023920564172,,,,
6091,3.807748794555664,5.493420302856385,,,,
6092,3.8581910133361816,5.566193041742474,,,,
6093,3.7390074729919434,5.394247539132252,,,,
6094,3.8032732009887695,5.486963386212392,,,,
6095,3.7475569248199463,5.406581790886831,,,,
6096,3.8135809898376465,5.501834382067197,,,,
6097,3.8490543365478516,5.553011603449745,,,,
6098,3.7927873134613037,5.471835448277197,,,,
6099,3.8300204277038574,5.525551477551782,,,,
6100,3.777448892593384,5.449706784555982,,,,
6101,3.8715806007385254,5.585510133087385,,,,
6102,3.7643699645996094,5.43083787999922,,,,
6103,3.807435989379883,5.492969020380521,,,,
6104,3.8382115364074707,5.537368749457867,,,,
6105,3.8359251022338867,5.5340701222143185,,,,
6106,3.8978073596954346,5.623347348173108,,,,
6107,3.9460225105285645,5.6929071071757775,,,,
6108,3.7493796348571777,5.409211405618523,,,,
6109,3.892512321472168,5.615708222787084,,,,
6110,3.82305908203125,5.515508378671997,,,,
6111,3.8152260780334473,5.504207742649104,,,,
6112,3.8668508529663086,5.578686549431752,,,,
6113,3.831986427307129,5.528387815429811,,,,
6114,3.9005212783813477,5.62726270520265,,,,
6115,3.8152999877929688,5.504314371892638,,,,
6116,3.7891125679016113,5.466533911081701,,,,
6117,3.7612695693969727,5.426364955215579,,,,
6118,3.913010597229004,5.645280983568245,,,,
6119,3.8354878425598145,5.5334392898509535,,,,
6120,3.810861110687256,5.497910425905111,,,,
6121,3.7702903747558594,5.43937922637167,,,,
6122,3.849933624267578,5.554280147482509,,,,
6123,3.85542368888855,5.562200636485344,,,,
6124,3.846684455871582,5.549592588350592,,,,
6125,3.9021220207214355,5.629572088238437,,,,
6126,3.829709768295288,5.525103290763633,,,,
6127,3.824740409851074,5.517934021979767,,,,
6128,3.882420778274536,5.601149203460944,,,,
6129,3.840564012527466,5.540762655089994,,,,
6130,3.8091890811920166,5.4954981972441095,,,,
6131,3.8850860595703125,5.604994391568934,,,,
6132,3.8421263694763184,5.543016659712202,,,,
6133,3.7324211597442627,5.384745497672082,,,,
6134,3.7869648933410645,5.4634354716437565,,,,
6135,3.8290820121765137,5.52419763012419,,,,
6136,3.8293352127075195,5.524562921274622,,,,
6137,3.879763603210449,5.597315710173211,,,,
6138,3.8245484828948975,5.5176571299118775,,,,
6139,3.807258367538452,5.492712766230736,,,,
6140,3.716273307800293,5.361449071751507,,,,
6141,3.818040370941162,5.508267909070673,,,,
6142,3.7619237899780273,5.427308796003515,,,,
6143,3.7682723999023438,5.4364679040578645,,,,
6144,3.7853751182556152,5.4611419110118495,,,,
6145,3.8560104370117188,5.563047135092892,,,,
6146,3.85345458984375,5.559359827058393,,,,
6147,3.76000714302063,5.424543658942942,,,,
6148,3.8213748931884766,5.513078607780607,,,,
6149,3.8992085456848145,5.6253688322513495,,,,
6150,3.7866358757019043,5.462960799527375,,,,
6151,3.803274631500244,5.486965450004202,,,,
6152,3.8321282863616943,5.528592474784338,,,,
6153,3.7489843368530273,5.4086411111482615,,,,
6154,3.8967409133911133,5.621808791378489,,,,
6155,3.820936918258667,5.512446743521338,,,,
6156,3.7751505374908447,5.4463909590473465,,,,
6157,3.8111720085144043,5.498358956658562,,,,
6158,3.8891677856445312,5.610883077534477,,,,
6159,3.8000974655151367,5.482381768393407,,,,
6160,3.817909002304077,5.508078384189422,,,,
6161,3.866213798522949,5.577767474145541,,,,
6162,3.813642740249634,5.501923469080344,,,,
6163,3.7945549488067627,5.474385607024191,,,,
6164,3.7742385864257812,5.445075291768246,,,,
6165,3.818425178527832,5.508823069067658,,,,
6166,3.7813973426818848,5.455403193917859,,,,
6167,3.9164180755615234,5.6501969356605075,,,,
6168,3.9168384075164795,5.65080334648745,,,,
6169,3.820927858352661,5.512433672839872,,,,
6170,3.8420376777648926,5.54288870461996,,,,
6171,3.7992517948150635,5.481161723468186,,,,
6172,3.8499178886413574,5.554257445772595,,,,
6173,3.855875253677368,5.562852106766813,,,,
6174,3.854647636413574,5.561081029428228,,,,
6175,3.831800937652588,5.528120210425069,,,,
6176,3.870932102203369,5.584574547466691,,,,
6177,3.754720449447632,5.416916572342479,,,,
6178,3.8804383277893066,5.598289131977094,,,,
6179,3.853797674179077,5.559854793127576,,,,
6180,3.8156280517578125,5.504787668147813,,,,
6181,3.755702257156372,5.418333021454985,,,,
6182,3.763522148132324,5.429614739386283,,,,
6183,3.841346025466919,5.541890861279654,,,,
6184,3.769289016723633,5.437934572104422,,,,
6185,3.8656089305877686,5.5768948341750635,,,,
6186,3.80836820602417,5.494313924710268,,,,
6187,3.788926839828491,5.466265962111656,,,,
6188,3.868673324584961,5.581315820198142,,,,
6189,3.837076187133789,5.53573078669105,,,,
6190,3.842874050140381,5.544095334898413,,,,
6191,3.7962567806243896,5.476840831347909,,,,
6192,3.7965798377990723,5.477306904331747,,,,
6193,3.742755174636841,5.399654329710077,,,,
6194,3.7619054317474365,5.427282310675282,,,,
6195,3.8189163208007812,5.509531637589213,,,,
6196,3.8552756309509277,5.561987034032973,,,,
6197,3.838326930999756,5.537535228663902,,,,
6198,3.828845977783203,5.523857104475481,,,,
6199,3.8849196434020996,5.604754303788329,,,,
6200,3.7804481983184814,5.45403386805169,4.107821083068847,5.9263331054025565,,
6201,3.803422212600708,5.48717836452597,,,,
6202,3.8596973419189453,5.568366214518776,,,,
6203,3.746551036834717,5.4051306012788505,,,,
6204,3.7774786949157715,5.449749780218697,,,,
6205,3.8565673828125,5.563850638037723,,,,
6206,3.7887144088745117,5.465959489027819,,,,
6207,3.777994394302368,5.450493777166329,,,,
6208,3.7777774333953857,5.45018076874176,,,,
6209,3.867842197418213,5.580116757156327,,,,
6210,3.8481478691101074,5.551703847372584,,,,
6211,3.8557167053222656,5.562623369841165,,,,
6212,3.8680639266967773,5.580436644886932,,,,
6213,3.738269329071045,5.393182622558109,,,,
6214,3.887166738510132,5.607996176757093,,,,
6215,3.8781208992004395,5.5949457892443215,,,,
6216,3.8706512451171875,5.584169356341258,,,,
6217,3.768388271331787,5.436635071194503,,,,
6218,3.8981401920318604,5.623827523734317,,,,
6219,3.7173333168029785,5.362978341482979,,,,
6220,3.8938217163085938,5.61759728022416,,,,
6221,3.8585972785949707,5.566779158616614,,,,
6222,3.8741517066955566,5.589219454901194,,,,
6223,3.841804027557373,5.542551618624269,,,,
6224,3.8231940269470215,5.515703063032774,,,,
6225,3.8740243911743164,5.589035777430072,,,,
6226,3.8008456230163574,5.4834611315102215,,,,
6227,3.9171698093414307,5.6512814582568485,,,,
6228,3.860605239868164,5.569676034387747,,,,
6229,3.835672378540039,5.5337055189944895,,,,
6230,3.8406643867492676,5.540907464482021,,,,
6231,3.886992931365967,5.607745426052135,,,,
6232,3.783761739730835,5.458814297815072,,,,
6233,3.7961502075195312,5.4766870788580375,,,,
6234,3.8752236366271973,5.590765922897752,,,,
6235,3.7831802368164062,5.457975366444163,,,,
6236,3.845808982849121,5.5483295477626555,,,,
6237,3.7926950454711914,5.47170233370543,,,,
6238,3.837179660797119,5.535880067631998,,,,
6239,3.8026747703552246,5.4861000333050605,,,,
6240,3.849514961242676,5.5536761444126785,,,,
6241,3.800863742828369,5.483487272873153,,,,
6242,3.8664846420288086,5.578158218728301,,,,
6243,3.7840731143951416,5.459263516499126,,,,
6244,3.782972812652588,5.457676116631663,,,,
6245,3.8387184143066406,5.5381000196893355,,,,
6246,3.9095988273620605,5.640358840100552,,,,
6247,3.948930263519287,5.697102107995623,,,,
6248,3.821838855743408,5.513747964257766,,,,
6249,3.6989879608154297,5.3365115873764,,,,
6250,3.812992572784424,5.500985475702539,,,,
6251,3.8813228607177734,5.599565243246497,,,,
6252,3.8212718963623047,5.512930014770262,,,,
6253,3.740360736846924,5.396199886184847,,,,
6254,3.7594797611236572,5.423782807695525,,,,
6255,3.8069539070129395,5.492273522540432,,,,
6256,3.8185596466064453,5.509017065497831,,,,
6257,3.812655210494995,5.5004987648005965,,,,
6258,3.8354060649871826,5.533321309752462,,,,
6259,3.85960054397583,5.568226564606276,,,,
6260,3.820394992828369,5.5116649103905155,,,,
6261,3.8708739280700684,5.58449061993307,,,,
6262,3.8177599906921387,5.5078634058758436,,,,
6263,3.6965858936309814,5.3330461369615145,,,,
6264,3.856339931488037,5.5635224951398765,,,,
6265,3.7907416820526123,5.468884225988392,,,,
6266,3.8273696899414062,5.5217272713271965,,,,
6267,3.826646089553833,5.520683336636459,,,,
6268,3.904446601867676,5.632925749930261,,,,
6269,3.840710163116455,5.540973505819951,,,,
6270,3.80179500579834,5.484830801341693,,,,
6271,3.738649845123291,5.393731591179663,,,,
6272,3.6537303924560547,5.271218717941636,,,,
6273,3.746427059173584,5.404951739321953,,,,
6274,3.8640007972717285,5.574574788214924,,,,
6275,3.771226406097412,5.440729634146245,,,,
6276,3.8667469024658203,5.5785365805602,,,,
6277,3.709871768951416,5.352213603400174,,,,
6278,3.788109540939331,5.465086849057341,,,,
6279,3.8824539184570312,5.601197014637883,,,,
6280,3.826885223388672,5.52102833383409,,,,
6281,3.7974600791931152,5.478576824225717,,,,
6282,3.824038505554199,5.516921388131486,,,,
6283,3.7686877250671387,5.4370670916134705,,,,
6284,3.7811849117279053,5.455096720834022,,,,
6285,3.7739620208740234,5.4446762920182445,,,,
6286,3.8392624855041504,5.5388849485078735,,,,
6287,3.8209075927734375,5.512404435789225,,,,
6288,3.788411855697632,5.465522997059929,,,,
6289,3.7960963249206543,5.476609342699847,,,,
6290,3.787856101989746,5.464721213941607,,,,
6291,3.799670934677124,5.48176641446862,,,,
6292,3.792201519012451,5.470990325530858,,,,
6293,3.8121566772460938,5.499779533354689,,,,
6294,3.708420991897583,5.350120574539174,,,,
6295,3.797881603240967,5.479184954879169,,,,
6296,3.8607683181762695,5.569911306654128,,,,
6297,3.950550079345703,5.699439008255547,,,,
6298,3.8323397636413574,5.528897572006969,,,,
6299,3.8932480812072754,5.616769699708208,,,,
6300,3.851268768310547,5.556206353172172,,,,
6301,3.745014190673828,5.402913400943927,,,,
6302,3.839311361312866,5.538955461394727,,,,
6303,3.7693779468536377,5.438062871161966,,,,
6304,3.7941622734069824,5.4738190961722495,,,,
6305,3.7890121936798096,5.466389101689674,,,,
6306,3.8098745346069336,5.496487097486571,,,,
6307,3.867183208465576,5.5791660370623575,,,,
6308,3.7678260803222656,5.435824001013034,,,,
6309,3.8290958404541016,5.5242175801116895,,,,
6310,3.7944936752319336,5.474297207941648,,,,
6311,3.8065032958984375,5.49162342812017,,,,
6312,3.864065408706665,5.574668002811691,,,,
6313,3.835716962814331,5.533769840505912,,,,
6314,3.856553792953491,5.563831032015524,,,,
6315,3.7616896629333496,5.42697102207722,,,,
6316,3.8463516235351562,5.549112412789383,,,,
6317,3.7989635467529297,5.480745869418399,,,,
6318,3.7853457927703857,5.461099603279737,,,,
6319,3.775893211364746,5.447462410962222,,,,
6320,3.801309823989868,5.484130831952681,,,,
6321,3.64499568939209,5.258617205147616,,,,
6322,3.680255889892578,5.3094869215504215,,,,
6323,3.859976291656494,5.568768653921795,,,,
6324,3.7885522842407227,5.465725592622645,,,,
6325,3.7769627571105957,5.449005439305763,,,,
6326,3.7727456092834473,5.442921381048841,,,,
6327,3.7893333435058594,5.466852422951098,,,,
6328,3.8614234924316406,5.57085652330327,,,,
6329,3.7883052825927734,5.4653692445700575,,,,
6330,3.836498498916626,5.534897358764969,,,,
6331,3.7881808280944824,5.465189694682556,,,,
6332,3.6533775329589844,5.270709649295083,,,,
6333,3.8207387924194336,5.512160908355604,,,,
6334,3.817164421081543,5.5070041805521335,,,,
6335,3.8254499435424805,5.5189576627177015,,,,
6336,3.8110430240631104,5.498172871430328,,,,
6337,3.79009747505188,5.467954831743129,,,,
6338,3.8518853187561035,5.557095847442435,,,,
6339,3.74259614944458,5.399424904853825,,,,
6340,3.721494197845459,5.368981223928695,,,,
6341,3.7802734375,5.453781741485525,,,,
6342,3.7932705879211426,5.472532665943795,,,,
6343,3.752045154571533,5.413056937691815,,,,
6344,3.780127763748169,5.45357157868617,,,,
6345,3.77689790725708,5.448911880743694,,,,
6346,3.8448891639709473,5.547002529628598,,,,
6347,3.8193283081054688,5.510126009630595,,,,
6348,3.87078857421875,5.584367480355052,,,,
6349,3.798056125640869,5.4794367374800315,,,,
6350,3.820033311843872,5.511143115027798,,,,
6351,3.8844876289367676,5.604131038661603,,,,
6352,3.7831060886383057,5.457868393235327,,,,
6353,3.8844213485717773,5.604035416307723,,,,
6354,3.8835840225219727,5.602827410168063,,,,
6355,3.7730712890625,5.443391237650998,,,,
6356,3.7481911182403564,5.407496738589421,,,,
6357,3.661729574203491,5.282759097779833,,,,
6358,3.736542224884033,5.390690937912408,,,,
6359,3.845670700073242,5.548130047887655,,,,
6360,3.777761697769165,5.450158067031846,,,,
6361,3.7768349647521973,5.448821073904038,,,,
6362,3.7748236656188965,5.445919382618681,,,,
6363,3.730194568634033,5.381533205719266,,,,
6364,3.9314217567443848,5.671842672098101,,,,
6365,3.8057024478912354,5.490468048671674,,,,
6366,3.783687114715576,5.4587066366756325,,,,
6367,3.7811062335968018,5.454983212284453,,,,
6368,3.9300649166107178,5.66988516556598,,,,
6369,3.894501209259033,5.618577581334079,,,,
6370,3.8226242065429688,5.51488098596165,,,,
6371,3.7593023777008057,5.423526897511041,,,,
6372,3.9111971855163574,5.64266478348332,,,,
6373,3.743577003479004,5.400839978105124,,,,
6374,3.759500741958618,5.423813076642077,,,,
6375,3.837790012359619,5.536760618804417,,,,
6376,3.7304232120513916,5.381863068443621,,,,
6377,3.6611695289611816,5.281951123286079,,,,
6378,3.827052354812622,5.5212694535106,,,,
6379,3.8569626808166504,5.564420932507984,,,,
6380,3.791043519973755,5.469319686060376,,,,
6381,3.722346305847168,5.370210555917062,,,,
6382,3.780806303024292,5.454550503934882,,,,
6383,3.81046462059021,5.497338411608341,,,,
6384,3.8192062377929688,5.509949899396111,,,,
6385,3.8334600925445557,5.530513864959778,,,,
6386,3.823106527328491,5.515576827767041,,,,
6387,3.7875356674194336,5.464258924576087,,,,
6388,3.792464256286621,5.471369375293359,,,,
6389,3.8932318687438965,5.6167463100676915,,,,
6390,3.870696544647217,5.584234709748586,,,,
6391,3.755864381790161,5.418566917860158,,,,
6392,3.7981178760528564,5.479525824493178,,,,
6393,3.872488021850586,5.586819265025753,,,,
6394,3.788482189178467,5.465624466823938,,,,
6395,3.8233094215393066,5.515869542238809,,,,
6396,3.784391403198242,5.45972271017693,,,,
6397,3.7930736541748047,5.4722485506045695,,,,
6398,3.8426568508148193,5.543781982508541,,,,
6399,3.9201536178588867,5.655586184007944,,,,
6400,3.848126173019409,5.551672546530127,4.107925128936768,5.926483211860231,,
6401,3.8421788215637207,5.543092332078581,,,,
6402,3.8250954151153564,5.518446186314036,,,,
6403,3.8646397590637207,5.575496615223549,,,,
6404,3.740302562713623,5.396115958651225,,,,
6405,3.8310656547546387,5.527059421434547,,,,
6406,3.7603869438171387,5.425091595668591,,,,
6407,3.8150765895843506,5.503992076404922,,,,
6408,3.753570318222046,5.415257283726954,,,,
6409,3.755713701248169,5.418349531789468,,,,
6410,3.880216121673584,5.5979685563158865,,,,
6411,3.829893112182617,5.5253678000806605,,,,
6412,3.7787277698516846,5.4515518144344375,,,,
6413,3.861358642578125,5.5707629647412,,,,
6414,3.7207937240600586,5.3679706538722245,,,,
6415,3.716644287109375,5.361984281760992,,,,
6416,3.836169719696045,5.534423030613889,,,,
6417,3.800445318222046,5.4828836137686245,,,,
6418,3.7392258644104004,5.394562611348633,,,,
6419,3.8151540756225586,5.504103865127982,,,,
6420,3.7594375610351562,5.423721925837119,,,,
6421,3.741241455078125,5.39747049400942,,,,
6422,3.812839984893799,5.500765337909434,,,,
6423,3.798823356628418,5.4805436178209845,,,,
6424,3.6810455322265625,5.310626134629737,,,,
6425,3.964138984680176,5.7190436545927,,,,
6426,3.823960304260254,5.51680856751252,,,,
6427,3.8034355640411377,5.487197626582867,,,,
6428,3.7238354682922363,5.37235896319164,,,,
6429,3.7735018730163574,5.444012438985914,,,,
6430,3.8238115310668945,5.516593933164243,,,,
6431,3.735607385635376,5.389342249964343,,,,
6432,3.8086822032928467,5.494766927012641,,,,
6433,3.7789194583892822,5.451828362537025,,,,
6434,3.701556444168091,5.34021712557189,,,,
6435,3.766355037689209,5.433701735101387,,,,
6436,3.842684745788574,5.543822226448843,,,,
6437,3.784153461456299,5.459379432805807,,,,
6438,3.7945895195007324,5.474435481992941,,,,
6439,3.7463455200195312,5.404834103188763,,,,
6440,3.809328079223633,5.495698729015015,,,,
6441,3.7126479148864746,5.356218735373467,,,,
6442,3.778621196746826,5.451398061944566,,,,
6443,3.7141239643096924,5.358348224556451,,,,
6444,3.768159866333008,5.43630555243545,,,,
6445,3.8643927574157715,5.575140267170961,,,,
6446,3.785659074783325,5.461551573686205,,,,
6447,3.798011541366577,5.4793724159686095,,,,
6448,3.838726043701172,5.538111026578991,,,,
6449,3.805514335632324,5.490196660048612,,,,
6450,3.784163475036621,5.45939387934848,,,,
6451,3.8251004219055176,5.518453409585372,,,,
6452,3.841348171234131,5.541893956967369,,,,
6453,3.714907646179199,5.359478838503223,,,,
6454,3.8156046867370605,5.504753959548244,,,,
6455,3.8456058502197266,5.548036489325585,,,,
6456,3.721769332885742,5.369378159886886,,,,
6457,3.7853498458862305,5.461105450689867,,,,
6458,3.750702381134033,5.4111197251124965,,,,
6459,3.8090171813964844,5.495250198261566,,,,
6460,3.801607608795166,5.484560444614536,,,,
6461,3.703144073486328,5.342507590516081,,,,
6462,3.7820825576782227,5.456391750195019,,,,
6463,3.8282716274261475,5.523028492063625,,,,
6464,3.8114638328552246,5.498779970187874,,,,
6465,3.7872307300567627,5.46381899295518,,,,
6466,3.853745460510254,5.559779464726498,,,,
6467,3.82450270652771,5.517591088573946,,,,
6468,3.874882221221924,5.590273364585681,,,,
6469,3.7395660877227783,5.395053449834195,,,,
6470,3.7648065090179443,5.431467680466679,,,,
6471,3.871927261352539,5.586010258636094,,,,
6472,3.8049769401550293,5.489421362258523,,,,
6473,3.581022262573242,5.166323059527392,,,,
6474,3.8161041736602783,5.5054745668553595,,,,
6475,3.7775769233703613,5.449891493923008,,,,
6476,3.78043794631958,5.454019077543715,,,,
6477,3.8092780113220215,5.495626496301653,,,,
6478,3.828718900680542,5.523673770969662,,,,
6479,3.8435750007629395,5.545106592885487,,,,
6480,3.7190487384796143,5.365453171828895,,,,
6481,3.8861169815063477,5.606481697533596,,,,
6482,3.7875242233276367,5.464242414241604,,,,
6483,3.7764463424682617,5.448260410462225,,,,
6484,3.7663280963897705,5.433662867022292,,,,
6485,3.901796340942383,5.629102231636279,,,,
6486,3.902484893798828,5.630095603427662,,,,
6487,3.779707193374634,5.452964823893927,,,,
6488,3.7921700477600098,5.47094492211103,,,,
6489,3.814387559890747,5.502998016682935,,,,
6490,3.7825467586517334,5.457061450637479,,,,
6491,3.8123984336853027,5.500128314170638,,,,
6492,3.7073493003845215,5.348574450507917,,,,
6493,3.826826572418213,5.520943718369866,,,,
6494,3.819922924041748,5.510983859093098,,,,
6495,3.7793540954589844,5.452455411282071,,,,
6496,3.9040334224700928,5.63232965806237,,,,
6497,3.8035101890563965,5.487305287722307,,,,
6498,3.724675178527832,5.3735704089843175,,,,
6499,3.8193960189819336,5.510223695776285,,,,
6500,3.8321900367736816,5.528681561797485,,,,
6501,3.736208438873291,5.3902093864899925,,,,
6502,3.7452993392944336,5.40332478344479,,,,
6503,3.677839756011963,5.3060011771827345,,,,
6504,3.8266689777374268,5.5207163573054245,,,,
6505,3.7873270511627197,5.463957954937078,,,,
6506,3.7003049850463867,5.338411651703132,,,,
6507,3.811426877975464,5.498726655566106,,,,
6508,3.7009880542755127,5.339397112292576,,,,
6509,3.893059015274048,5.616496935223941,,,,
6510,3.7895584106445312,5.467177126195927,,,,
6511,3.7778260707855225,5.450250937663311,,,,
6512,3.8358941078186035,5.534025406725094,,,,
6513,3.8227152824401855,5.515012380706909,,,,
6514,3.783250331878662,5.458076492242871,,,,
6515,3.739950656890869,5.395608265865878,,,,
6516,3.7440695762634277,5.40155061041849,,,,
6517,3.6437788009643555,5.256861606247609,,,,
6518,3.7426793575286865,5.399544948744128,,,,
6519,3.8134689331054688,5.501672718375386,,,,
6520,3.837777614593506,5.536742732608727,,,,
6521,3.688267707824707,5.3210455315496095,,,,
6522,3.7278923988342285,5.378211876765803,,,,
6523,3.8272385597229004,5.521538090411247,,,,
6524,3.8037285804748535,5.4876203599386875,,,,
6525,3.7588953971862793,5.422939748740996,,,,
6526,3.806490898132324,5.491605541924481,,,,
6527,3.750401020050049,5.410684952971115,,,,
6528,3.779719829559326,5.4529830540549185,,,,
6529,3.802211284637451,5.485431364758506,,,,
6530,3.6531474590301514,5.2703777227789175,,,,
6531,3.7489287853240967,5.40856096723296,,,,
6532,3.8254261016845703,5.518923266187529,,,,
6533,3.7612428665161133,5.426326431101786,,,,
6534,3.740565299987793,5.396495008413726,,,,
6535,3.7588882446289062,5.422929429781944,,,,
6536,3.803096294403076,5.486708163958512,,,,
6537,3.775559186935425,5.446980515574504,,,,
6538,3.7111892700195312,5.35411435565751,,,,
6539,3.7461442947387695,5.4045437964741065,,,,
6540,3.8084492683410645,5.494430872912855,,,,
6541,3.7837419509887695,5.458785748695029,,,,
6542,3.7311644554138184,5.382932456566686,,,,
6543,3.671138286590576,5.29633300048183,,,,
6544,3.8067402839660645,5.491965329630085,,,,
6545,3.67345929145813,5.2996815026941295,,,,
6546,3.7173140048980713,5.36295048029354,,,,
6547,3.7945213317871094,5.474337107916647,,,,
6548,3.8217406272888184,5.513606250553455,,,,
6549,3.751368999481201,5.412081452096121,,,,
6550,3.7800657749176025,5.453482147707722,,,,
6551,3.853611946105957,5.559586844157532,,,,
6552,3.797464370727539,5.478583015601149,,,,
6553,3.8982441425323486,5.623977492605869,,,,
6554,3.79201602935791,5.470722720526115,,,,
6555,3.748802423477173,5.4083786656230455,,,,
6556,3.8166913986206055,5.506321753393509,,,,
6557,3.770421028137207,5.439567719357015,,,,
6558,3.788682460784912,5.4659133976773875,,,,
6559,3.76981258392334,5.438689919907012,,,,
6560,3.7146902084350586,5.359165142148049,,,,
6561,3.6911911964416504,5.325263234079369,,,,
6562,3.74818754196167,5.4074915791098945,,,,
6563,3.784419059753418,5.45976261015193,,,,
6564,3.799522876739502,5.481552812016248,,,,
6565,3.751399517059326,5.412125479654742,,,,
6566,3.827833890914917,5.522396971769656,,,,
6567,3.8217625617980957,5.513637895361214,,,,
6568,3.7865326404571533,5.462811862551727,,,,
6569,3.824439525604248,5.517499937768989,,,,
6570,3.7518138885498047,5.412723291349142,,,,
6571,3.845874309539795,5.548423794255329,,,,
6572,3.7292375564575195,5.380152528998139,,,,
6573,3.7814016342163086,5.455409385293291,,,,
6574,3.8191325664520264,5.509843614117878,,,,
6575,3.7458114624023438,5.404063620912897,,,,
6576,3.788196325302124,5.465212052427169,,,,
6577,3.737234115600586,5.391689125218017,,,,
6578,3.6786675453186035,5.307195424710326,,,,
6579,3.7121524810791016,5.3555039754764815,,,,
6580,3.6791417598724365,5.307879571695458,,,,
6581,3.7739949226379395,5.444723759229882,,,,
6582,3.781883716583252,5.45610488313338,,,,
6583,3.785301446914673,5.461035625733617,,,,
6584,3.8269436359405518,5.521112605333013,,,,
6585,3.7247817516326904,5.373724161474189,,,,
6586,3.787576675415039,5.464318086607984,,,,
6587,3.7416250705718994,5.398023934179897,,,,
6588,3.832115650177002,5.528574244623346,,,,
6589,3.7453503608703613,5.40339839201936,,,,
6590,3.813081741333008,5.501114118725384,,,,
6591,3.6317667961120605,5.239531946416069,,,,
6592,3.757652759552002,5.421147001588402,,,,
6593,3.8184118270874023,5.508803807010762,,,,
6594,3.744788646697998,5.402588009768494,,,,
6595,3.7857842445373535,5.461732155469611,,,,
6596,3.816352367401123,5.505832634734456,,,,
6597,3.80946683883667,5.49589891682062,,,,
6598,3.72985577583313,5.381044431025514,,,,
6599,3.8324592113494873,5.529069898623133,,,,
6600,3.8059797286987305,5.490868080317581,4.182837295532226,6.0345586231097466,,
6601,3.768566131591797,5.43689166930959,,,,
6602,3.7281675338745117,5.378608812723995,,,,
6603,3.6722419261932373,5.297925215863518,,,,
6604,3.7257184982299805,5.375075601144669,,,,
6605,3.7206649780273438,5.367784912609293,,,,
6606,3.7849855422973633,5.46057987170883,,,,
6607,3.8532583713531494,5.559076743615073,,,,
6608,3.8082499504089355,5.494143317920613,,,,
6609,3.697483777999878,5.334341510287813,,,,
6610,3.7284059524536133,5.37895277802572,,,,
6611,3.785993814468384,5.4620345009698275,,,,
6612,3.738704204559326,5.393810015268457,,,,
6613,3.8018388748168945,5.48489409095721,,,,
6614,3.7457077503204346,5.403913996006646,,,,
6615,3.720548629760742,5.367617057542051,,,,
6616,3.685558319091797,5.317136709860799,,,,
6617,3.7338099479675293,5.3867490955546335,,,,
6618,3.746262550354004,5.404714403263762,,,,
6619,3.726858615875244,5.376720443217521,,,,
6620,3.8984527587890625,5.624278462244879,,,,
6621,3.8886356353759766,5.610115346981025,,,,
6622,3.751305103302002,5.411989269395259,,,,
6623,3.7918860912323,5.470535259436675,,,,
6624,3.8790383338928223,5.596269367725362,,,,
6625,3.8478667736053467,5.551298312281849,,,,
6626,3.835156202316284,5.5329608341162535,,,,
6627,3.706834316253662,5.34783148545619,,,,
6628,3.837555408477783,5.536422156947518,,,,
6629,3.827803611755371,5.522353288176337,,,,
6630,3.7559995651245117,5.418761946186236,,,,
6631,3.9265902042388916,5.664872215258631,,,,
6632,3.7919468879699707,5.4706229705886145,,,,
6633,3.897305488586426,5.622623301212975,,,,
6634,3.8120365142822266,5.499606174842619,,,,
6635,3.8493173122406006,5.553390997177548,,,,
6636,3.8485171794891357,5.552236649624957,,,,
6637,3.7563891410827637,5.419323985489256,,,,
6638,3.764842987060547,5.431520307157843,,,,
6639,3.856177806854248,5.563288598734703,,,,
6640,3.7010159492492676,5.339437356232878,,,,
6641,3.7381341457366943,5.3929875942320304,,,,
6642,3.793989658355713,5.473570065293799,,,,
6643,3.7709178924560547,5.440284543045812,,,,
6644,3.7771599292755127,5.4492898986102905,,,,
6645,3.7957940101623535,5.476173194697259,,,,
6646,3.7732577323913574,5.443660218516947,,,,
6647,3.7949881553649902,5.475010591977426,,,,
6648,3.771300792694092,5.440836951320383,,,,
6649,3.7711968421936035,5.440686982448831,,,,
6650,3.7482287883758545,5.407551085107094,,,,
6651,3.6756343841552734,5.302819498141772,,,,
6652,3.71350359916687,5.35745322684136,,,,
6653,3.7542004585266113,5.416166384019415,,,,
6654,3.7825260162353516,5.4570315256562285,,,,
6655,3.810529947280884,5.4974326581010144,,,,
6656,3.759019613265991,5.423118954663194,,,,
6657,3.8107051849365234,5.497685472597783,,,,
6658,3.7518413066864014,5.41276284735884,,,,
6659,3.8168420791625977,5.5065391394642,,,,
6660,3.795003890991211,5.47503329368734,,,,
6661,3.7796170711517334,5.452834805009874,,,,
6662,3.8155159950256348,5.504626004456002,,,,
6663,3.771336793899536,5.440888890080943,,,,
6664,3.73290753364563,5.3854471868876015,,,,
6665,3.7315807342529297,5.383533019983498,,,,
6666,3.793020725250244,5.472172190307587,,,,
6667,3.7657389640808105,5.432812928761728,,,,
6668,3.782169818878174,5.45651764149545,,,,
6669,3.6915364265441895,5.3257612958362675,,,,
6670,3.833350896835327,5.530356328851587,,,,
6671,3.8291468620300293,5.524291188686259,,,,
6672,3.8269972801208496,5.521189997525901,,,,
6673,3.7898306846618652,5.4675699345704984,,,,
6674,3.785519599914551,5.461350353984695,,,,
6675,3.8519210815429688,5.557147442237694,,,,
6676,3.8965704441070557,5.621562856187755,,,,
6677,3.855651378631592,5.562529123348493,,,,
6678,3.7776479721069336,5.449993995582923,,,,
6679,3.740173816680908,5.395930217388293,,,,
6680,3.754912853240967,5.417194152340971,,,,
6681,3.754574775695801,5.416706409543124,,,,
6682,3.696659564971924,5.333152422239747,,,,
6683,3.7556419372558594,5.418245998233648,,,,
6684,3.7217273712158203,5.369317621993782,,,,
6685,3.656449794769287,5.275141986173119,,,,
6686,3.8286848068237305,5.523624583931515,,,,
6687,3.725688934326172,5.375032949447255,,,,
6688,3.7310867309570312,5.382820323878323,,,,
6689,3.798860549926758,5.480597276408054,,,,
6690,3.8211708068847656,5.512784173482331,,,,
6691,3.7040176391601562,5.343767879381604,,,,
6692,3.8066868782043457,5.491888281402499,,,,
6693,3.776711940765381,5.4486435878083475,,,,
6694,3.698488712310791,5.335791324034586,,,,
6695,3.796482563018799,5.477166566488643,,,,
6696,3.7762861251831055,5.448029265779466,,,,
6697,3.799520969390869,5.481550060293834,,,,
6698,3.7763304710388184,5.448093243325586,,,,
6699,3.854891300201416,5.561432561966591,,,,
6700,3.740403175354004,5.3962611120085535,,,,
6701,3.7342700958251953,5.387412948586964,,,,
6702,3.7970943450927734,5.478049181452871,,,,
6703,3.7611870765686035,5.426245943221183,,,,
6704,3.688424587249756,5.321271860718145,,,,
6705,3.7916736602783203,5.470228786352837,,,,
6706,3.7309885025024414,5.382678610174012,,,,
6707,3.768071174621582,5.436177597343208,,,,
6708,3.9169814586639404,5.6510097256684855,,,,
6709,3.869382619857788,5.582339116970776,,,,
6710,3.8320014476776123,5.52840948524382,,,,
6711,3.7772200107574463,5.449376577866325,,,,
6712,3.765481472015381,5.432441446235864,,,,
6713,3.6946208477020264,5.330211174944692,,,,
6714,3.7739901542663574,5.444716879923848,,,,
6715,3.8501510620117188,5.554593843837683,,,,
6716,3.7256381511688232,5.374959684837988,,,,
6717,3.7771379947662354,5.449258253802531,,,,
6718,3.8025760650634766,5.485957631670146,,,,
6719,3.7111449241638184,5.354050378111389,,,,
6720,3.7701544761657715,5.439183166149686,,,,
6721,3.787649154663086,5.464422652059708,,,,
6722,3.729597568511963,5.380671916603745,,,,
6723,3.7937140464782715,5.473172441405005,,,,
6724,3.7209692001342773,5.3682238123342945,,,,
6725,3.8624112606048584,5.572281571548319,,,,
6726,3.8128466606140137,5.500774968937883,,,,
6727,3.8355891704559326,5.5335854751041875,,,,
6728,3.605090618133545,5.201046356736593,,,,
6729,3.845533847808838,5.547932611804464,,,,
6730,3.714496612548828,5.358885842323048,,,,
6731,3.7664527893066406,5.433842760875095,,,,
6732,3.744624137878418,5.402350673710304,,,,
6733,3.7805864810943604,5.45423336792669,,,,
6734,3.8050053119659424,5.489462294129428,,,,
6735,3.756532669067383,5.419531052600895,,,,
6736,3.779827117919922,5.4531378384406946,,,,
6737,3.713501214981079,5.357449787188344,,,,
6738,3.774526357650757,5.445490457887429,,,,
6739,3.666905403137207,5.290226240514994,,,,
6740,3.635941505432129,5.245554778849285,,,,
6741,3.7610321044921875,5.426022365775061,,,,
6742,3.6759047508239746,5.303209554793929,,,,
6743,3.828089475631714,5.522765702573106,,,,
6744,3.7968058586120605,5.477632983437783,,,,
6745,3.8741397857666016,5.589202256636107,,,,
6746,3.8735103607177734,5.588294188239551,,,,
6747,3.7324087619781494,5.384727611476392,,,,
6748,3.7846412658691406,5.460083185813138,,,,
6749,3.748751163482666,5.408304713083174,,,,
6750,3.76485013961792,5.431530626116895,,,,
6751,3.8037121295928955,5.487596626332869,,,,
6752,3.6928329467773438,5.327631779147051,,,,
6753,3.7996106147766113,5.481679391247283,,,,
6754,3.733354091644287,5.386091433897734,,,,
6755,3.6948771476745605,5.330580937644047,,,,
6756,3.7314367294311523,5.383325264941257,,,,
6757,3.707841634750366,5.349284738855981,,,,
6758,3.7775564193725586,5.44986191290706,,,,
6759,3.8145580291748047,5.503243951873669,,,,
6760,3.790982246398926,5.469231286977832,,,,
6761,3.8081183433532715,5.49395344907406,,,,
6762,3.7826485633850098,5.457208323821315,,,,
6763,3.751981735229492,5.412965442921556,,,,
6764,3.7289979457855225,5.379806843869905,,,,
6765,3.7362613677978516,5.390285746786976,,,,
6766,3.8073840141296387,5.492894035944745,,,,
6767,3.6878726482391357,5.32047558104465,,,,
6768,3.7760541439056396,5.447694587540886,,,,
6769,3.7926316261291504,5.47161083893517,,,,
6770,3.819154739379883,5.509875602890939,,,,
6771,3.6895246505737305,5.322858916620307,,,,
6772,3.900538682937622,5.6272878146696765,,,,
6773,3.818086862564087,5.508334982304509,,,,
6774,3.737107276916504,5.391506135677498,,,,
6775,3.677199602127075,5.305077630347601,,,,
6776,3.7397496700286865,5.3953183031165235,,,,
6777,3.836972236633301,5.535580817819498,,,,
6778,3.795497179031372,5.475744957896611,,,,
6779,3.8642704486846924,5.574963812971175,,,,
6780,3.7630398273468018,5.428918897580892,,,,
6781,3.738245725631714,5.393148569993238,,,,
6782,3.8870368003845215,5.607808715667653,,,,
6783,3.6818113327026367,5.3117309511788795,,,,
6784,3.7896132469177246,5.467256238215325,,,,
6785,3.756251811981201,5.419125861475462,,,,
6786,3.713085889816284,5.356850599632738,,,,
6787,3.7243452072143555,5.373094361006729,,,,
6788,3.833594560623169,5.530707861389951,,,,
6789,3.805116891860962,5.489623269890636,,,,
6790,3.6978352069854736,5.334848515142556,,,,
6791,3.7693095207214355,5.437964153120371,,,,
6792,3.7541556358337402,5.4161017185426905,,,,
6793,3.762800693511963,5.428573900383261,,,,
6794,3.793694019317627,5.47314354831966,,,,
6795,3.785609006881714,5.461479340972843,,,,
6796,3.8275818824768066,5.522033400445732,,,,
6797,3.687354326248169,5.319727800478699,,,,
6798,3.670501232147217,5.29541392519562,,,,
6799,3.8212831020355225,5.512946181139443,,,,
6800,3.8027706146240234,5.486238307356354,4.143924331665039,5.978419083112263,,
6801,3.681962013244629,5.31194833724957,,,,
6802,3.712526321411133,5.356043313069588,,,,
6803,3.8153982162475586,5.50445608559695,,,,
6804,3.742279052734375,5.39896743100253,,,,
6805,3.8044323921203613,5.488635745509382,,,,
6806,3.747875213623047,5.4070409845646346,,,,
6807,3.6616530418395996,5.282648684917978,,,,
6808,3.7719388008117676,5.4417574024678,,,,
6809,3.7328996658325195,5.385435836032645,,,,
6810,3.819077968597412,5.509764846063783,,,,
6811,3.7338600158691406,5.386821328267995,,,,
6812,3.787443161010742,5.464125466039017,,,,
6813,3.746769428253174,5.4054456734952305,,,,
6814,3.739967107772827,5.395631999471697,,,,
6815,3.7283968925476074,5.378939707344255,,,,
6816,3.7454304695129395,5.40351396436074,,,,
6817,3.8327767848968506,5.529528060405032,,,,
6818,3.7311582565307617,5.382923513468841,,,,
6819,3.733506679534912,5.386311571690838,,,,
6820,3.738865375518799,5.3940425358124235,,,,
6821,3.8198087215423584,5.510819099713572,,,,
6822,3.7822694778442383,5.456661418991572,,,,
6823,3.7997331619262695,5.48185618941237,,,,
6824,3.672173023223877,5.29782580989132,,,,
6825,3.8214919567108154,5.513247494743755,,,,
6826,3.752246856689453,5.413347932337075,,,,
6827,3.74084734916687,5.396901919365669,,,,
6828,3.764958381652832,5.431686786363878,,,,
6829,3.768218517303467,5.436390167899674,,,,
6830,3.6959173679351807,5.3320816582554755,,,,
6831,3.7501368522644043,5.4103038394168035,,,,
6832,3.8109068870544434,5.497976467243043,,,,
6833,3.8086471557617188,5.4947163641132875,,,,
6834,3.7280969619750977,5.378506998994684,,,,
6835,3.7919654846191406,5.470649799882149,,,,
6836,3.7626736164093018,5.428390566877441,,,,
6837,3.810535430908203,5.497440569302954,,,,
6838,3.744980812072754,5.402865245801685,,,,
6839,3.6887118816375732,5.321686338906724,,,,
6840,3.812159299850464,5.499783316973008,,,,
6841,3.7000391483306885,5.3380281303917085,,,,
6842,3.7822582721710205,5.4566452526223905,,,,
6843,3.7456674575805664,5.403855865870655,,,,
6844,3.6749045848846436,5.30176662035319,,,,
6845,3.6816067695617676,5.311435828949999,,,,
6846,3.727783679962158,5.378055028588216,,,,
6847,3.7745823860168457,5.445571289733334,,,,
6848,3.819044589996338,5.509716690921541,,,,
6849,3.7933099269866943,5.47258942021858,,,,
6850,3.8804259300231934,5.598271245781405,,,,
6851,3.7541399002075195,5.416079016832777,,,,
6852,3.672518730163574,5.2983245595788215,,,,
6853,3.7682409286499023,5.436422500638036,,,,
6854,3.635558605194092,5.2450023705747135,,,,
6855,3.789320468902588,5.466833848824805,,,,
6856,3.765540838241577,5.4325270935959935,,,,
6857,3.734717845916748,5.3880589154236045,,,,
6858,3.7565176486968994,5.419509382786886,,,,
6859,3.7128543853759766,5.356516609324761,,,,
6860,3.80342698097229,5.487185243832005,,,,
6861,3.727762222290039,5.378024071711061,,,,
6862,3.6972784996032715,5.334045356163027,,,,
6863,3.7032806873321533,5.342704682633969,,,,
6864,3.761793613433838,5.427120990948772,,,,
6865,3.68951678276062,5.32284756576535,,,,
6866,3.766343116760254,5.4336845368363,,,,
6867,3.800605297088623,5.483114414486082,,,,
6868,3.840512275695801,5.540688014619519,,,,
6869,3.7024006843566895,5.3414351067053,,,,
6870,3.649669647216797,5.265360300922645,,,,
6871,3.704746723175049,5.344819725274281,,,,
6872,3.7877588272094727,5.464580876098503,,,,
6873,3.74396014213562,5.401392730344998,,,,
6874,3.7080955505371094,5.3496510619023185,,,,
6875,3.8051414489746094,5.489658698316714,,,,
6876,3.831109046936035,5.527122023119461,,,,
6877,3.8514254093170166,5.556432338375406,,,,
6878,3.717592239379883,5.363351887800653,,,,
6879,3.779717206954956,5.452979270436599,,,,
6880,3.732875347137451,5.3854007515718685,,,,
6881,3.765657663345337,5.43269563659384,,,,
6882,3.9307520389556885,5.670876473565554,,,,
6883,3.6759567260742188,5.303284539229705,,,,
6884,3.678694725036621,5.307234636754722,,,,
6885,3.7965383529663086,5.477247054369246,,,,
6886,3.7989447116851807,5.480718696159563,,,,
6887,3.717042922973633,5.362559391745477,,,,
6888,3.7940361499786377,5.473637138527637,,,,
6889,3.727193832397461,5.377204058431747,,,,
6890,3.802506446838379,5.485857193802042,,,,
6891,3.75630784034729,5.419206693321367,,,,
6892,3.8338308334350586,5.531048731003961,,,,
6893,3.763131856918335,5.429051668187358,,,,
6894,3.736133337020874,5.390101037419949,,,,
6895,3.749110221862793,5.408822724827573,,,,
6896,3.678450584411621,5.306882416285755,,,,
6897,3.731285572052002,5.383107190939962,,,,
6898,3.7053141593933105,5.345638362692387,,,,
6899,3.8404150009155273,5.5405476767764155,,,,
6900,3.6996872425079346,5.337520437606361,,,,
6901,3.7447397708892822,5.40251749688164,,,,
6902,3.7292842864990234,5.380219946197277,,,,
6903,3.81919527053833,5.509934076992232,,,,
6904,3.8513875007629395,5.556377647892432,,,,
6905,3.7492172718048096,5.408977165248047,,,,
6906,3.7487354278564453,5.40828201137326,,,,
6907,3.7618937492370605,5.427265456375497,,,,
6908,3.7514803409576416,5.4122420838920275,,,,
6909,3.725555658340454,5.3748406728435905,,,,
6910,3.772573709487915,5.442673382066296,,,,
6911,3.6994969844818115,5.337245953295584,,,,
6912,3.760244131088257,5.424885560452857,,,,
6913,3.70919132232666,5.351231926429049,,,,
6914,3.8328471183776855,5.529629530169041,,,,
6915,3.7536959648132324,5.415438553440963,,,,
6916,3.712952136993408,5.356657635098469,,,,
6917,3.7491321563720703,5.408854369635332,,,,
6918,3.8381972312927246,5.537348111539764,,,,
6919,3.7961387634277344,5.476670568523555,,,,
6920,3.7857844829559326,5.461732499434913,,,,
6921,3.6540045738220215,5.271614278038621,,,,
6922,3.6379005908966064,5.248381141733564,,,,
6923,3.6878600120544434,5.320457350883658,,,,
6924,3.780071258544922,5.4534900589096615,,,,
6925,3.830158233642578,5.525750289496179,,,,
6926,3.794757843017578,5.47467832149596,,,,
6927,3.8619635105133057,5.571635604711679,,,,
6928,3.8191866874694824,5.50992169424137,,,,
6929,3.71164870262146,5.354777176793935,,,,
6930,3.7767090797424316,5.448639460224727,,,,
6931,3.802511215209961,5.485864073108076,,,,
6932,3.712277412414551,5.355684213294586,,,,
6933,3.7322945594787598,5.384562852096865,,,,
6934,3.744771957397461,5.402563932197373,,,,
6935,3.7062032222747803,5.346921009302522,,,,
6936,3.7379310131073,5.39269453579496,,,,
6937,3.767029285430908,5.434674468974667,,,,
6938,3.807075023651123,5.4924482569137085,,,,
6939,3.7996294498443604,5.481706564506119,,,,
6940,3.7120871543884277,5.355409728983809,,,,
6941,3.842772960662842,5.543949493610482,,,,
6942,3.7170004844665527,5.36249816592177,,,,
6943,3.60048770904541,5.194405762621479,,,,
6944,3.77455997467041,5.445538956994972,,,,
6945,3.6802916526794434,5.309538516345681,,,,
6946,3.6880133152008057,5.320678520572668,,,,
6947,3.733497142791748,5.3862978130787695,,,,
6948,3.670483112335205,5.295387783832688,,,,
6949,3.6965951919555664,5.333059551608281,,,,
6950,3.7396392822265625,5.395159047181824,,,,
6951,3.7561120986938477,5.418924297808651,,,,
6952,3.704361915588379,5.344264565277295,,,,
6953,3.7550292015075684,5.417362007408213,,,,
6954,3.8465566635131836,5.549408222948867,,,,
6955,3.754866600036621,5.417127423072436,,,,
6956,3.7747583389282227,5.445825136126008,,,,
6957,3.731506586074829,5.383426046774662,,,,
6958,3.701572895050049,5.340240859177709,,,,
6959,3.740330457687378,5.396156202591527,,,,
6960,3.619917869567871,5.222437558850909,,,,
6961,3.7038464546203613,5.343520912294965,,,,
6962,3.784750461578369,5.460240721921329,,,,
6963,3.7630436420440674,5.42892440102572,,,,
6964,3.7115771770477295,5.354673987203418,,,,
6965,3.8080148696899414,5.493804168133111,,,,
6966,3.7389681339263916,5.394190784857467,,,,
6967,3.7548837661743164,5.4171521885741605,,,,
6968,3.797877788543701,5.479179451434341,,,,
6969,3.678187847137451,5.306503366523254,,,,
6970,3.785048723220825,5.460671022513787,,,,
6971,3.699387311935425,5.33708772925679,,,,
6972,3.8014309406280518,5.484305566325958,,,,
6973,3.7706193923950195,5.439853898488051,,,,
6974,3.7878594398498535,5.46472602945583,,,,
6975,3.7323737144470215,5.384677048577038,,,,
6976,3.7611031532287598,5.426124867434975,,,,
6977,3.752986431121826,5.414414912703028,,,,
6978,3.705662250518799,5.346140552032907,,,,
6979,3.8254685401916504,5.518984492011237,,,,
6980,3.690488576889038,5.324249568335183,,,,
6981,3.7603402137756348,5.425024178469453,,,,
6982,3.699645757675171,5.337460587643861,,,,
6983,3.6830246448516846,5.313481390599361,,,,
6984,3.845363140106201,5.5476863326484285,,,,
6985,3.7428412437438965,5.399778501184,,,,
6986,3.7179388999938965,5.363852013349362,,,,
6987,3.7792534828186035,5.452310257924743,,,,
6988,3.752462387084961,5.413658876969835,,,,
6989,3.706528663635254,5.347390521939378,,,,
6990,3.796846866607666,5.477692145469679,,,,
6991,3.788259267807007,5.465302859266824,,,,
6992,3.7485404014587402,5.408000647756449,,,,
6993,3.774763822555542,5.445833047327947,,,,
6994,3.700855016708374,5.339205179654213,,,,
6995,3.804945230484009,5.489375614873394,,,,
6996,3.7482826709747314,5.407628821265283,,,,
6997,3.7218286991119385,5.3694638072470156,,,,
6998,3.756425142288208,5.419375924249817,,,,
6999,3.751589059829712,5.412398932069614,,,,
7000,3.8223042488098145,5.514419384526734,4.102845478057861,5.9191548247277845,,
7001,3.6806929111480713,5.310117409948485,,,,
7002,3.726978302001953,5.376893113798987,,,,
7003,3.682785749435425,5.313136737367032,,,,
7004,3.7363133430480957,5.390360731222752,,,,
7005,3.6502864360809326,5.26625013915821,,,,
7006,3.7113590240478516,5.354359258952338,,,,
7007,3.6685192584991455,5.2925545416423745,,,,
7008,3.6773695945739746,5.305322877607732,,,,
7009,3.725907802581787,5.375348709594239,,,,
7010,3.7496321201324463,5.40957566487305,,,,
7011,3.7686848640441895,5.43706296402985,,,,
7012,3.6805312633514404,5.309884201473914,,,,
7013,3.8546228408813477,5.561045257036849,,,,
7014,3.7277026176452637,5.37793808038563,,,,
7015,3.6862497329711914,5.3181342092358035,,,,
7016,3.723747491836548,5.372232039995303,,,,
7017,3.7967114448547363,5.4774967731782995,,,,
7018,3.820512533187866,5.511834485284266,,,,
7019,3.6483027935028076,5.263388347847853,,,,
7020,3.767942190170288,5.435991512114974,,,,
7021,3.767138957977295,5.434832693013461,,,,
7022,3.694770097732544,5.330426497223572,,,,
7023,3.7754907608032227,5.446881797532909,,,,
7024,3.8054957389831543,5.490169830755078,,,,
7025,3.846301555633545,5.5490401800760205,,,,
7026,3.792905807495117,5.472006399032155,,,,
7027,3.7514915466308594,5.412258250261209,,,,
7028,3.7928643226623535,5.471946549069655,,,,
7029,3.784503698348999,5.459884717834043,,,,
7030,3.7599706649780273,5.424491032251778,,,,
7031,3.7179057598114014,5.363804202172423,,,,
7032,3.7450053691864014,5.402900674227763,,,,
7033,3.7339563369750977,5.386960290249893,,,,
7034,3.8400213718414307,5.539979790063266,,,,
7035,3.7085533142089844,5.350311475281631,,,,
7036,3.6929421424865723,5.327789315255242,,,,
7037,3.7420806884765625,5.398681251871495,,,,
7038,3.7489519119262695,5.408594331867227,,,,
7039,3.734691858291626,5.388021423205716,,,,
7040,3.7293481826782227,5.38031212889814,,,,
7041,3.8294973373413086,5.524796817679796,,,,
7042,3.7846627235412598,5.460114142690293,,,,
7043,3.698996067047119,5.336523282196659,,,,
7044,3.7663140296936035,5.43364257306949,,,,
7045,3.7206735610961914,5.367797295360155,,,,
7046,3.758676290512085,5.42262364462871,,,,
7047,3.5973777770996094,5.18991907922577,,,,
7048,3.7540221214294434,5.415909097973724,,,,
7049,3.7861509323120117,5.462261174103665,,,,
7050,3.745039463043213,5.40294986126591,,,,
7051,3.712695598602295,5.356287528433812,,,,
7052,3.7798829078674316,5.4532183263212985,,,,
7053,3.694204330444336,5.329610267562577,,,,
7054,3.7297239303588867,5.38085421821366,,,,
7055,3.7400407791137695,5.395738284749931,,,,
7056,3.744349956512451,5.40195511361332,,,,
7057,3.6900317668914795,5.323590530817077,,,,
7058,3.8206582069396973,5.51204464808362,,,,
7059,3.7580227851867676,5.42168083573668,,,,
7060,3.6906728744506836,5.324515453513417,,,,
7061,3.7265701293945312,5.376304245202433,,,,
7062,3.734468936920166,5.3876998156486025,,,,
7063,3.8059935569763184,5.490888030305081,,,,
7064,3.800994634628296,5.4836761098238,,,,
7065,3.7552149295806885,5.417629956378257,,,,
7066,3.7152740955352783,5.360007513171975,,,,
7067,3.6086888313293457,5.206237481070236,,,,
7068,3.742441177368164,5.399201327407704,,,,
7069,3.6681969165802,5.292089500554441,,,,
7070,3.7155871391296387,5.360459139613141,,,,
7071,3.7803101539611816,5.45383471214199,,,,
7072,3.7300968170166016,5.381392179945559,,,,
7073,3.6677355766296387,5.291423927695602,,,,
7074,3.72126841545105,5.368655488787961,,,,
7075,3.7086260318756104,5.350416384698658,,,,
7076,3.718903064727783,5.365243009029541,,,,
7077,3.6783320903778076,5.306711465530798,,,,
7078,3.715039014816284,5.359668363384474,,,,
7079,3.7293543815612793,5.380321071995985,,,,
7080,3.6486620903015137,5.263906703557553,,,,
7081,3.6674299240112305,5.290982964178791,,,,
7082,3.769495964050293,5.43823313398632,,,,
7083,3.7913780212402344,5.469802269378698,,,,
7084,3.6821670532226562,5.3122441474090545,,,,
7085,3.786583185195923,5.462884783195693,,,,
7086,3.794018507003784,5.4736116850953085,,,,
7087,3.7192296981811523,5.365714241492904,,,,
7088,3.741823673248291,5.398310457276235,,,,
7089,3.6922504901885986,5.326791471914936,,,,
7090,3.664555311203003,5.286835774535884,,,,
7091,3.6665115356445312,5.289658009836543,,,,
7092,3.7589492797851562,5.4230174848991854,,,,
7093,3.6682233810424805,5.292127680702933,,,,
7094,3.698435068130493,5.335713931841698,,,,
7095,3.7873215675354004,5.463950043735138,,,,
7096,3.728635787963867,5.379284360576584,,,,
7097,3.683793306350708,5.314590334732125,,,,
7098,3.689685106277466,5.323090405268368,,,,
7099,3.6809463500976562,5.310483045064219,,,,
7100,3.695356607437134,5.331272651865817,,,,
7101,3.697824001312256,5.334832348773375,,,,
7102,3.706658363342285,5.347577639063516,,,,
7103,3.710897922515869,5.353694030058802,,,,
7104,3.682849168777466,5.313228232137291,,,,
7105,3.6770222187042236,5.304821720163117,,,,
7106,3.744593858718872,5.402306990116984,,,,
7107,3.6777522563934326,5.305874941917001,,,,
7108,3.7096426486968994,5.351883052745216,,,,
7109,3.7768473625183105,5.448838960099728,,,,
7110,3.740997314453125,5.397118273540453,,,,
7111,3.7860820293426514,5.462161768131466,,,,
7112,3.6609134674072266,5.281581704552026,,,,
7113,3.749669075012207,5.409628979494817,,,,
7114,3.665280342102051,5.287881773018432,,,,
7115,3.7321295738220215,5.384324828108071,,,,
7116,3.6542184352874756,5.2719228149142685,,,,
7117,3.6889214515686035,5.321988684406941,,,,
7118,3.690351963043213,5.324052476217295,,,,
7119,3.7988710403442383,5.48061241088133,,,,
7120,3.763889789581299,5.430145133881544,,,,
7121,3.6721324920654297,5.297767335790026,,,,
7122,3.7057299613952637,5.346238238178597,,,,
7123,3.695847988128662,5.331981564352674,,,,
7124,3.6999313831329346,5.337872658075328,,,,
7125,3.7666819095611572,5.434173311530053,,,,
7126,3.725039005279541,5.374095300034751,,,,
7127,3.7005953788757324,5.338830601440634,,,,
7128,3.603687286376953,5.199021776970636,,,,
7129,3.758026599884033,5.421686339181508,,,,
7130,3.717071056365967,5.3625999796510815,,,,
7131,3.7563111782073975,5.419211508835592,,,,
7132,3.8370141983032227,5.535641355712601,,,,
7133,3.783200740814209,5.458004947460112,,,,
7134,3.7570066452026367,5.420214855620725,,,,
7135,3.6404967308044434,5.252126579904054,,,,
7136,3.7388432025909424,5.394010547039363,,,,
7137,3.7308647632598877,5.382500092182417,,,,
7138,3.768589496612549,5.4369253779091595,,,,
7139,3.743798017501831,5.401158833939824,,,,
7140,3.7159128189086914,5.360928996215298,,,,
7141,3.716627359390259,5.3619598602245695,,,,
7142,3.6456189155578613,5.259516330446328,,,,
7143,3.7402710914611816,5.396070555231398,,,,
7144,3.777796745300293,5.4502086299312,,,,
7145,3.760759115219116,5.425628525504585,,,,
7146,3.8096303939819336,5.496134877017604,,,,
7147,3.788970708847046,5.466329251727173,,,,
7148,3.68632435798645,5.318241870375243,,,,
7149,3.7687597274780273,5.437170969134591,,,,
7150,3.685356378555298,5.3168453712502375,,,,
7151,3.6296167373657227,5.236430067325108,,,,
7152,3.6682534217834473,5.292171020330951,,,,
7153,3.7099380493164062,5.352309225754054,,,,
7154,3.7339134216308594,5.386898376495582,,,,
7155,3.632106304168701,5.240021753005727,,,,
7156,3.680169105529785,5.309361718180593,,,,
7157,3.71667218208313,5.362024525701294,,,,
7158,3.627985715866089,5.2340770006960025,,,,
7159,3.787269353866577,5.46387471533406,,,,
7160,3.795128107070923,5.4752124996095395,,,,
7161,3.7846689224243164,5.460123085788139,,,,
7162,3.706624984741211,5.347529483921275,,,,
7163,3.648017406463623,5.262976621381687,,,,
7164,3.7470405101776123,5.405836762043293,,,,
7165,3.7396340370178223,5.395151479945187,,,,
7166,3.688124895095825,5.320839496333876,,,,
7167,3.6668412685394287,5.29013371384883,,,,
7168,3.667602300643921,5.2912316510919375,,,,
7169,3.683816909790039,5.314624387296996,,,,
7170,3.772019147872925,5.4418733187744825,,,,
7171,3.775871515274048,5.447431110119765,,,,
7172,3.7291855812072754,5.380077544562363,,,,
7173,3.598567485809326,5.19163546608138,,,,
7174,3.680741310119629,5.310187234904735,,,,
7175,3.7559053897857666,5.4186260798920545,,,,
7176,3.7061691284179688,5.346871822264376,,,,
7177,3.7291243076324463,5.379989145479819,,,,
7178,3.664482831954956,5.28673120908416,,,,
7179,3.6573290824890137,5.276410530205883,,,,
7180,3.7248549461364746,5.373829758821819,,,,
7181,3.776536464691162,5.4483904293462775,,,,
7182,3.685107469558716,5.316486271475236,,,,
7183,3.7072553634643555,5.348438928179037,,,,
7184,3.7646095752716064,5.431183565127454,,,,
7185,3.6828713417053223,5.313260220910352,,,,
7186,3.5870139598846436,5.174967251525058,,,,
7187,3.727386951446533,5.377482670326145,,,,
7188,3.716297149658203,5.36148346828168,,,,
7189,3.777562141418457,5.449870168074301,,,,
7190,3.6672980785369873,5.290792751366936,,,,
7191,3.7150826454162598,5.359731309034689,,,,
7192,3.6788077354431152,5.30739767630774,,,,
7193,3.7894556522369385,5.4670288771508835,,,,
7194,3.6898088455200195,5.323268923259963,,,,
7195,3.836939573287964,5.535533694573161,,,,
7196,3.5927205085754395,5.183200061021862,,,,
7197,3.7229185104370117,5.371036072641203,,,,
7198,3.685638427734375,5.317252282202179,,,,
7199,3.791120767593384,5.469431130818135,,,,
7200,3.796049118041992,5.476541237570106,4.128249168395996,5.955804602798891,,
7201,3.73246431350708,5.3848077553916935,,,,
7202,3.7503530979156494,5.4106158159454685,,,,
7203,3.7056632041931152,5.346141927894114,,,,
7204,3.7633628845214844,5.429384970564731,,,,
7205,3.6759393215179443,5.303259429762679,,,,
7206,3.8302388191223145,5.525866549768162,,,,
7207,3.748605966567993,5.408095238214424,,,,
7208,3.741231679916382,5.39745639143205,,,,
7209,3.742117166519165,5.398733878562659,,,,
7210,3.5853829383850098,5.172614184895954,,,,
7211,3.743818759918213,5.401188758921075,,,,
7212,3.7422611713409424,5.398941633604901,,,,
7213,3.7224197387695312,5.370316497229994,,,,
7214,3.6836438179016113,5.314374668487942,,,,
7215,3.6799116134643555,5.30899023565473,,,,
7216,3.680288553237915,5.309534044796758,,,,
7217,3.8074097633361816,5.492931184197332,,,,
7218,3.7322840690612793,5.384547717623589,,,,
7219,3.687047243118286,5.319284773170076,,,,
7220,3.6654460430145264,5.288120828903131,,,,
7221,3.7878127098083496,5.4646586122566925,,,,
7222,3.7439608573913574,5.401393762240903,,,,
7223,3.682783603668213,5.3131336416793165,,,,
7224,3.7559099197387695,5.418632615232788,,,,
7225,3.6869704723358154,5.31917401634292,,,,
7226,3.641692876815796,5.253852253822812,,,,
7227,3.7233359813690186,5.371638355884525,,,,
7228,3.6892237663269043,5.322424832409529,,,,
7229,3.745386838912964,5.403451018710524,,,,
7230,3.7215209007263184,5.369019748042488,,,,
7231,3.6555871963500977,5.2738975197114755,,,,
7232,3.7446694374084473,5.402416027117631,,,,
7233,3.584402084350586,5.171199111644654,,,,
7234,3.7475903034210205,5.4066299460290725,,,,
7235,3.728156089782715,5.378592302389512,,,,
7236,3.808082342147827,5.493901510313499,,,,
7237,3.704357147216797,5.344257685971261,,,,
7238,3.7481253147125244,5.4074018041661445,,,,
7239,3.6780359745025635,5.306284260626055,,,,
7240,3.642716646194458,5.255329240828422,,,,
7241,3.6982550621032715,5.335454238038896,,,,
7242,3.7986984252929688,5.48036338000288,,,,
7243,3.6963441371917725,5.332697356145564,,,,
7244,3.7189383506774902,5.365293915894196,,,,
7245,3.6978063583374023,5.334806895341048,,,,
7246,3.726027727127075,5.375521724141008,,,,
7247,3.8338470458984375,5.531072120644478,,,,
7248,3.745298385620117,5.403323407583584,,,,
7249,3.710313320159912,5.35285062713897,,,,
7250,3.6473617553710938,5.262030716801942,,,,
7251,3.7385334968566895,5.393563736112421,,,,
7252,3.7788643836975098,5.451748906552327,,,,
7253,3.7242157459259033,5.372907587847893,,,,
7254,3.755201816558838,5.417611038286663,,,,
7255,3.6623880863189697,5.283709129943198,,,,
7256,3.7267894744873047,5.376620693280021,,,,
7257,3.6584081649780273,5.277967317161493,,,,
7258,3.664160966873169,5.28626685592683,,,,
7259,3.633481740951538,5.242006088831381,,,,
7260,3.7803008556365967,5.453821297495224,,,,
7261,3.6422152519226074,5.254605881798892,,,,
7262,3.6682589054107666,5.292178931532891,,,,
7263,3.7563700675964355,5.419296468265118,,,,
7264,3.7724366188049316,5.442475602017804,,,,
7265,3.764878511428833,5.4315715579878,,,,
7266,3.7716498374938965,5.441340516522109,,,,
7267,3.824228048324585,5.517194840546358,,,,
7268,3.6902337074279785,5.323881869427638,,,,
7269,3.6964340209960938,5.332827031064315,,,,
7270,3.6758503913879395,5.303131130705135,,,,
7271,3.717956781387329,5.363877810746992,,,,
7272,3.630910873413086,5.238297110982874,,,,
7273,3.7914867401123047,5.469959117556284,,,,
7274,3.726701021194458,5.376493082153081,,,,
7275,3.764063835144043,5.430396228551803,,,,
7276,3.72568941116333,5.375033637377859,,,,
7277,3.7780706882476807,5.450603846062882,,,,
7278,3.668781280517578,5.292932559508971,,,,
7279,3.7157506942749023,5.360695099810124,,,,
7280,3.7342495918273926,5.387383367571015,,,,
7281,3.775137424468994,5.446372040955752,,,,
7282,3.7822232246398926,5.456594689723037,,,,
7283,3.683389663696289,5.314008001476303,,,,
7284,3.646584987640381,5.260910077848919,,,,
7285,3.7220025062561035,5.369714557951974,,,,
7286,3.717954397201538,5.363874371093974,,,,
7287,3.7416603565216064,5.3980748410445525,,,,
7288,3.5836448669433594,5.170106677846374,,,,
7289,3.690481662750244,5.324239593341433,,,,
7290,3.693483829498291,5.328570804420762,,,,
7291,3.7451677322387695,5.403134914598239,,,,
7292,3.7055070400238037,5.345916630621484,,,,
7293,3.7869813442230225,5.463459205249575,,,,
7294,3.6944165229797363,5.329916396681113,,,,
7295,3.6845219135284424,5.315641492694198,,,,
7296,3.72080659866333,5.367989227998518,,,,
7297,3.6821978092193604,5.312288518932977,,,,
7298,3.6815528869628906,5.311358092791809,,,,
7299,3.6829488277435303,5.3133720096334125,,,,
7300,3.6832897663116455,5.31386388001488,,,,
7301,3.7430548667907715,5.4000866940943455,,,,
7302,3.7057995796203613,5.346338676046701,,,,
7303,3.789344310760498,5.466868245354978,,,,
7304,3.7366671562194824,5.3908711757305126,,,,
7305,3.680344820022583,5.309615220607966,,,,
7306,3.7312490940093994,5.383054564248798,,,,
7307,3.7567553520202637,5.419852316192706,,,,
7308,3.692823648452759,5.327618364500284,,,,
7309,3.6645448207855225,5.286820640062609,,,,
7310,3.785473108291626,5.461283280750859,,,,
7311,3.7615644931793213,5.426790440293814,,,,
7312,3.702432155609131,5.341480510125129,,,,
7313,3.8435120582580566,5.545015786045831,,,,
7314,3.6975221633911133,5.334396888701391,,,,
7315,3.671884059906006,5.297408923945628,,,,
7316,3.770015001296997,5.438981946448177,,,,
7317,3.646763324737549,5.26116736389461,,,,
7318,3.763902187347412,5.4301630200772335,,,,
7319,3.685326337814331,5.31680203162222,,,,
7320,3.62185001373291,5.225225053656094,,,,
7321,3.7067952156066895,5.347775075146707,,,,
7322,3.665670156478882,5.2884441562867535,,,,
7323,3.6861517429351807,5.317992839496794,,,,
7324,3.6217355728149414,5.225059950311265,,,,
7325,3.7158403396606445,5.360824430763573,,,,
7326,3.802064895629883,5.485220170063246,,,,
7327,3.691164970397949,5.325225397896179,,,,
7328,3.650700330734253,5.266847262922005,,,,
7329,3.699808359146118,5.337695171979638,,,,
7330,3.683471202850342,5.314125637609493,,,,
7331,3.6500749588012695,5.265945041935579,,,,
7332,3.7451958656311035,5.403175502503842,,,,
7333,3.794375419616699,5.474126601151991,,,,
7334,3.7129769325256348,5.356693407489849,,,,
7335,3.6265110969543457,5.23194957530483,,,,
7336,3.7004127502441406,5.338567124019512,,,,
7337,3.6595609188079834,5.2796303893953365,,,,
7338,3.7687296867370605,5.437127629506574,,,,
7339,3.696864366531372,5.33344788843393,,,,
7340,3.6803078651428223,5.309561905986198,,,,
7341,3.7671518325805664,5.434851267139754,,,,
7342,3.7640318870544434,5.430350137201373,,,,
7343,3.7844595909118652,5.459821084253224,,,,
7344,3.762594223022461,5.428276026431967,,,,
7345,3.6894848346710205,5.322801474414918,,,,
7346,3.6694016456604004,5.293827557224061,,,,
7347,3.701908826828003,5.34072550628784,,,,
7348,3.6591386795043945,5.27902122684598,,,,
7349,3.692284107208252,5.326839971022479,,,,
7350,3.7312681674957275,5.383082081472937,,,,
7351,3.7002668380737305,5.338356617254856,,,,
7352,3.6517302989959717,5.26833319302546,,,,
7353,3.6758594512939453,5.303144201386601,,,,
7354,3.67887020111084,5.307487795216792,,,,
7355,3.7036075592041016,5.343176259062635,,,,
7356,3.678504705429077,5.306960496409247,,,,
7357,3.6837525367736816,5.31453151666553,,,,
7358,3.6888601779937744,5.321900285324397,,,,
7359,3.805694103240967,5.490456009886113,,,,
7360,3.7027792930603027,5.341981323604441,,,,
7361,3.693661689758301,5.3288274025358495,,,,
7362,3.744243621826172,5.40180170508875,,,,
7363,3.7406508922576904,5.396618491957046,,,,
7364,3.8136157989501953,5.501884601001249,,,,
7365,3.684427261352539,5.315504938469413,,,,
7366,3.699594259262085,5.337386291138688,,,,
7367,3.7965943813323975,5.477327886215152,,,,
7368,3.7279529571533203,5.3782992439524415,,,,
7369,3.833301544189453,5.53028512803413,,,,
7370,3.757793426513672,5.42134994111642,,,,
7371,3.6661503314971924,5.289136902404429,,,,
7372,3.7137441635131836,5.357800287830802,,,,
7373,3.7084147930145264,5.3501116314413295,,,,
7374,3.7070746421813965,5.348178202480329,,,,
7375,3.683293342590332,5.313869039494406,,,,
7376,3.714020252227783,5.3581985996502,,,,
7377,3.725510597229004,5.374775663401564,,,,
7378,3.7015252113342285,5.340172066117364,,,,
7379,3.7140469551086426,5.358237123763994,,,,
7380,3.6957192420959473,5.331795823089742,,,,
7381,3.7418766021728516,5.3983868175732175,,,,
7382,3.69677734375,5.3333223410988,,,,
7383,3.661728620529175,5.2827577219186255,,,,
7384,3.6063785552978516,5.202904457296515,,,,
7385,3.7991507053375244,5.481015882180254,,,,
7386,3.6498756408691406,5.265657486943336,,,,
7387,3.688399314880371,5.321235400396162,,,,
7388,3.7529354095458984,5.414341304128459,,,,
7389,3.71942400932312,5.365994573213811,,,,
7390,3.670348644256592,5.295193787402515,,,,
7391,3.746645450592041,5.4052668115383335,,,,
7392,3.7643280029296875,5.430777342106116,,,,
7393,3.7231411933898926,5.371357336233015,,,,
7394,3.6962430477142334,5.332551514857633,,,,
7395,3.7075371742248535,5.348845495165677,,,,
7396,3.7123916149139404,5.355848972674113,,,,
7397,3.716848850250244,5.362279403989873,,,,
7398,3.813793182373047,5.502140511185733,,,,
7399,3.706733465194702,5.34768598813356,,,,
7400,3.7895748615264893,5.467200859801746,4.058059167861939,5.854541837108413,,
7401,3.7504498958587646,5.410755465857969,,,,
7402,3.7205302715301514,5.367590572213818,,,,
7403,3.720442533493042,5.367463992982783,,,,
7404,3.667137622833252,5.2905612627188745,,,,
7405,3.7727668285369873,5.442951993960694,,,,
7406,3.6308043003082275,5.238143358493002,,,,
7407,3.745375156402588,5.403434164410739,,,,
7408,3.6425421237945557,5.255077458227558,,,,
7409,3.6376876831054688,5.248073980719123,,,,
7410,3.6008992195129395,5.194999446732257,,,,
7411,3.707247018814087,5.348426889393477,,,,
7412,3.739203691482544,5.394530622575572,,,,
7413,3.7423534393310547,5.399074748176669,,,,
7414,3.6847643852233887,5.315991305406053,,,,
7415,3.6308200359344482,5.238166060202917,,,,
7416,3.621046304702759,5.224065546623977,,,,
7417,3.7451171875,5.403061993954272,,,,
7418,3.675266742706299,5.302289103646511,,,,
7419,3.6443119049072266,5.257630712662268,,,,
7420,3.7601773738861084,5.4247892501683745,,,,
7421,3.6091980934143066,5.206972190954722,,,,
7422,3.724534511566162,5.3733674694563,,,,
7423,3.668029308319092,5.291847692947329,,,,
7424,3.6065614223480225,5.203168278682939,,,,
7425,3.6869606971740723,5.319159913765549,,,,
7426,3.6612823009490967,5.282113818873795,,,,
7427,3.660378932952881,5.280810534345557,,,,
7428,3.7369344234466553,5.391256760833747,,,,
7429,3.6543569564819336,5.272122658754571,,,,
7430,3.6195058822631836,5.221843186809528,,,,
7431,3.6861510276794434,5.317991807600889,,,,
7432,3.6918559074401855,5.32622220934058,,,,
7433,3.719597578048706,5.366244979953468,,,,
7434,3.765293836593628,5.432170745543406,,,,
7435,3.6927247047424316,5.327475618900068,,,,
7436,3.6758036613464355,5.303063713505997,,,,
7437,3.7610037326812744,5.425981433904155,,,,
7438,3.7448134422302246,5.402623782159874,,,,
7439,3.713298797607422,5.357157760647178,,,,
7440,3.6745622158050537,5.301272686179912,,,,
7441,3.66186785697937,5.282958597654833,,,,
7442,3.800348997116089,5.482744651786727,,,,
7443,3.770533800125122,5.439730414944732,,,,
7444,3.778935194015503,5.451851064246939,,,,
7445,3.7871384620666504,5.463685878383412,,,,
7446,3.6650218963623047,5.287508914631362,,,,
7447,3.6489439010620117,5.264313270544193,,,,
7448,3.657059669494629,5.276021849414933,,,,
7449,3.718533515930176,5.364709862811866,,,,
7450,3.681849956512451,5.3117866735577595,,,,
7451,3.6588592529296875,5.278618099512358,,,,
7452,3.637505531311035,5.247811191228605,,,,
7453,3.762871742248535,5.428676402043176,,,,
7454,3.604307174682617,5.199916086755123,,,,
7455,3.845221519470215,5.547482017259203,,,,
7456,3.684481143951416,5.315582674627603,,,,
7457,3.734686851501465,5.38801419993438,,,,
7458,3.7123401165008545,5.35577467616894,,,,
7459,3.6639328002929688,5.2859376811330785,,,,
7460,3.7028377056121826,5.342065595103364,,,,
7461,3.795067310333252,5.4751247884576,,,,
7462,3.6624536514282227,5.283803720401173,,,,
7463,3.647383213043213,5.262061673679097,,,,
7464,3.687981128692627,5.320632085256935,,,,
7465,3.7047102451324463,5.344767098583117,,,,
7466,3.7060458660125732,5.346693992203384,,,,
7467,3.728097915649414,5.378508374855891,,,,
7468,3.7757773399353027,5.447295243825583,,,,
7469,3.6642823219299316,5.286441934265409,,,,
7470,3.634812831878662,5.2439264471109155,,,,
7471,3.7174489498138428,5.363145164654316,,,,
7472,3.6536240577697754,5.271065309417066,,,,
7473,3.6690902709960938,5.293378338540007,,,,
7474,3.7041988372802734,5.344029293010915,,,,
7475,3.8226022720336914,5.514849341153891,,,,
7476,3.6823596954345703,5.3125220713728485,,,,
7477,3.745462417602539,5.403560055711171,,,,
7478,3.6723737716674805,5.298115428675373,,,,
7479,3.6395034790039062,5.250693620457065,,,,
7480,3.6606028079986572,5.281133517763878,,,,
7481,3.698845148086548,5.336305552160666,,,,
7482,3.675666332244873,5.302865589492203,,,,
7483,3.647570848464966,5.262332374371555,,,,
7484,3.719698905944824,5.366391165206701,,,,
7485,3.691307544708252,5.325431089146611,,,,
7486,3.7651162147521973,5.431914491393621,,,,
7487,3.7777955532073975,5.450206910104691,,,,
7488,3.66951847076416,5.293996100221906,,,,
7489,3.7065162658691406,5.347372635743688,,,,
7490,3.669926166534424,5.294584280887857,,,,
7491,3.607203483581543,5.204094577240485,,,,
7492,3.6347992420196533,5.243906841088717,,,,
7493,3.706219434738159,5.346944398943039,,,,
7494,3.664672374725342,5.287004661499032,,,,
7495,3.6677331924438477,5.2914204880425855,,,,
7496,3.778533458709717,5.451271482713532,,,,
7497,3.6493301391601562,5.264870494332988,,,,
7498,3.755680561065674,5.4183017206125275,,,,
7499,3.662356376647949,5.283663382558069,,,,
7500,3.620457649230957,5.223216296294016,,,,
7501,3.6655197143554688,5.288227114181365,,,,
7502,3.690040111541748,5.323602569602637,,,,
7503,3.772833824157715,5.443048648210479,,,,
7504,3.741936683654785,5.3984734968292525,,,,
7505,3.707195281982422,5.348352248923002,,,,
7506,3.71004581451416,5.352464698070434,,,,
7507,3.68046236038208,5.309784795501716,,,,
7508,3.686563014984131,5.318586179642271,,,,
7509,3.6239876747131348,5.228309046551366,,,,
7510,3.5501909255981445,5.121842842569442,,,,
7511,3.629693031311035,5.2365401362216595,,,,
7512,3.680450201034546,5.309767253271328,,,,
7513,3.686063766479492,5.317865916300458,,,,
7514,3.7509632110595703,5.411496023152584,,,,
7515,3.7265334129333496,5.376251274545967,,,,
7516,3.8116519451141357,5.499051358810935,,,,
7517,3.7395782470703125,5.395070992064583,,,,
7518,3.799379825592041,5.481346432835212,,,,
7519,3.648580312728882,5.2637887234590615,,,,
7520,3.6992053985595703,5.3368252837315735,,,,
7521,3.7759504318237305,5.447544962634636,,,,
7522,3.620551586151123,5.223351818622896,,,,
7523,3.7485287189483643,5.407983793456665,,,,
7524,3.6458356380462646,5.259828994905596,,,,
7525,3.709975481033325,5.352363228306425,,,,
7526,3.6547951698303223,5.272754866979143,,,,
7527,3.688068151473999,5.3207576325920645,,,,
7528,3.751633405685425,5.412462909615735,,,,
7529,3.649400234222412,5.264971620131695,,,,
7530,3.6751322746276855,5.3020951072163385,,,,
7531,3.70573353767395,5.346243397658123,,,,
7532,3.6740193367004395,5.300489477187883,,,,
7533,3.6708788871765137,5.295958766233553,,,,
7534,3.69285249710083,5.327659984301793,,,,
7535,3.670957088470459,5.296071586852519,,,,
7536,3.6493775844573975,5.264938943428032,,,,
7537,3.6680097579956055,5.291819487792587,,,,
7538,3.620919704437256,5.223882901048761,,,,
7539,3.7034716606140137,5.342980198840652,,,,
7540,3.699777364730835,5.3376504564904135,,,,
7541,3.658446788787842,5.278023039540373,,,,
7542,3.7437663078308105,5.401113086554695,,,,
7543,3.685274600982666,5.316727391151746,,,,
7544,3.654001235961914,5.271609462524396,,,,
7545,3.772820472717285,5.443029386153582,,,,
7546,3.7154273986816406,5.360228682860985,,,,
7547,3.703392744064331,5.34286634632578,,,,
7548,3.8209731578826904,5.5124990262472,,,,
7549,3.632197141647339,5.2401528037856835,,,,
7550,3.7070529460906982,5.348146901637873,,,,
7551,3.7035162448883057,5.343044520352074,,,,
7552,3.785745859146118,5.461676777056033,,,,
7553,3.8088459968566895,5.495003231174926,,,,
7554,3.6691834926605225,5.2935128289729825,,,,
7555,3.6356630325317383,5.245153027376869,,,,
7556,3.7130942344665527,5.356862638418297,,,,
7557,3.6565499305725098,5.275286451599843,,,,
7558,3.6746997833251953,5.301471154159008,,,,
7559,3.725409746170044,5.374630166078934,,,,
7560,3.697387218475342,5.334202204340614,,,,
7561,3.6042416095733643,5.199821496297148,,,,
7562,3.6322712898254395,5.24025977699452,,,,
7563,3.7151002883911133,5.3597567624670175,,,,
7564,3.702348232269287,5.341359434338921,,,,
7565,3.644850730895996,5.2584080742441675,,,,
7566,3.6953015327453613,5.331193195881118,,,,
7567,3.708177089691162,5.349768698035509,,,,
7568,3.6815531253814697,5.311358436757111,,,,
7569,3.7488083839416504,5.408387264755588,,,,
7570,3.6340560913085938,5.242834701243239,,,,
7571,3.6298468112945557,5.236761993841273,,,,
7572,3.622804641723633,5.226602290724203,,,,
7573,3.5946884155273438,5.186039150622304,,,,
7574,3.624211072921753,5.228631342039082,,,,
7575,3.638894557952881,5.249815133076458,,,,
7576,3.586411237716675,5.1740977072422965,,,,
7577,3.699824094772339,5.337717873689551,,,,
7578,3.737121820449829,5.391527117560904,,,,
7579,3.6886091232299805,5.32153808986168,,,,
7580,3.6777901649475098,5.305929632399975,,,,
7581,3.721625328063965,5.369170404844644,,,,
7582,3.6831936836242676,5.313725261998284,,,,
7583,3.688019037246704,5.320686775739909,,,,
7584,3.6291773319244385,5.235796139274027,,,,
7585,3.6240878105163574,5.22845351197809,,,,
7586,3.657376527786255,5.276478979300927,,,,
7587,3.68015193939209,5.309336952678869,,,,
7588,3.693751573562622,5.3289570774546,,,,
7589,3.6982860565185547,5.33549895352812,,,,
7590,3.6644530296325684,5.286688213421444,,,,
7591,3.671935796737671,5.297483564416103,,,,
7592,3.7631101608276367,5.429020367344902,,,,
7593,3.741586446762085,5.397968211801017,,,,
7594,3.63846755027771,5.249199091221067,,,,
7595,3.7219812870025635,5.36968394504012,,,,
7596,3.6733009815216064,5.299453109733784,,,,
7597,3.901054859161377,5.6280324995479125,,,,
7598,3.7703843116760254,5.4395147487005495,,,,
7599,3.7305824756622314,5.382092837265174,,,,
7600,3.7020792961120605,5.340971441478574,4.096059703826905,5.909365021896192,,
7601,3.5988030433654785,5.191975303799485,,,,
7602,3.643826484680176,5.256930399307954,,,,
7603,3.69573712348938,5.331821620487371,,,,
7604,3.7453458309173584,5.403391856678627,,,,
7605,3.661677122116089,5.2826834254134525,,,,
7606,3.7826383113861084,5.457193533313341,,,,
7607,3.681711196899414,5.311586485752155,,,,
7608,3.6764047145843506,5.303930850031648,,,,
7609,3.7636125087738037,5.429745102235637,,,,
7610,3.6645727157592773,5.286860884002911,,,,
7611,3.6808438301086426,5.310335139984477,,,,
7612,3.691396713256836,5.325559732169456,,,,
7613,3.6830289363861084,5.313487581974792,,,,
7614,3.6559901237487793,5.2744788210713915,,,,
7615,3.6535303592681885,5.270930131053489,,,,
7616,3.6551454067230225,5.273260152007378,,,,
7617,3.726647138595581,5.37641534599489,,,,
7618,3.7236075401306152,5.37203013236319,,,,
7619,3.6929924488067627,5.327861891933906,,,,
7620,3.624887228012085,5.229606827634776,,,,
7621,3.670252799987793,5.295055513351222,,,,
7622,3.599614143371582,5.193145473755956,,,,
7623,3.607706069946289,5.204819656096523,,,,
7624,3.6487245559692383,5.263996822466606,,,,
7625,3.6135685443878174,5.213277418900654,,,,
7626,3.6823480129241943,5.312505217073064,,,,
7627,3.686831474304199,5.318973484572014,,,,
7628,3.694457530975342,5.329975558713009,,,,
7629,3.7384047508239746,5.393377994849489,,,,
7630,3.6678576469421387,5.291600037930086,,,,
7631,3.616023302078247,5.216818885647221,,,,
7632,3.6943445205688477,5.329812519159992,,,,
7633,3.7283084392547607,5.378812096217315,,,,
7634,3.656273126602173,5.27488710788454,,,,
7635,3.623295783996582,5.227310859245758,,,,
7636,3.713195323944092,5.35700847970623,,,,
7637,3.747166633605957,5.406018719687906,,,,
7638,3.6499242782592773,5.265727655864889,,,,
7639,3.7285842895507812,5.379210064071411,,,,
7640,3.6711337566375732,5.296326465141098,,,,
7641,3.728473663330078,5.37905046417141,,,,
7642,3.6695945262908936,5.294105825153157,,,,
7643,3.648674488067627,5.263924589753243,,,,
7644,3.5756258964538574,5.1585377488881345,,,,
7645,3.814692497253418,5.503437948303842,,,,
7646,3.7539310455322266,5.415777703228465,,,,
7647,3.6495864391326904,5.265240257032343,,,,
7648,3.7266314029693604,5.3763926442849765,,,,
7649,3.6475608348846436,5.2623179278288825,,,,
7650,3.6610302925109863,5.281750247549871,,,,
7651,3.645048141479492,5.2586928775139965,,,,
7652,3.6737256050109863,5.300065711936157,,,,
7653,3.7060158252716064,5.346650652575366,,,,
7654,3.6487009525299072,5.263962769901735,,,,
7655,3.749680280685425,5.4096451458639985,,,,
7656,3.652362108230591,5.269244701075033,,,,
7657,3.638676166534424,5.249500060860077,,,,
7658,3.715639591217041,5.36053481197952,,,,
7659,3.63517427444458,5.244447898508332,,,,
7660,3.7657947540283203,5.432893416642331,,,,
7661,3.5487232208251953,5.119725392172019,,,,
7662,3.662468910217285,5.283825734180484,,,,
7663,3.7145910263061523,5.359022052582532,,,,
7664,3.6271324157714844,5.232845948881127,,,,
7665,3.725775718688965,5.375158152817083,,,,
7666,3.7583162784576416,5.422104257023104,,,,
7667,3.6694884300231934,5.293952760593889,,,,
7668,3.7119534015655518,5.3552167644495405,,,,
7669,3.6268396377563477,5.2324235594906074,,,,
7670,3.66037654876709,5.280807094692539,,,,
7671,3.7363791465759277,5.390455665646028,,,,
7672,3.711710214614868,5.354865919841781,,,,
7673,3.6633524894714355,5.285100469588679,,,,
7674,3.727656602859497,5.377871695082397,,,,
7675,3.6283552646636963,5.234610146913677,,,,
7676,3.648284435272217,5.26336186251962,,,,
7677,3.6995387077331543,5.337306147223386,,,,
7678,3.68934965133667,5.32260644608884,,,,
7679,3.6861214637756348,5.3179491559034755,,,,
7680,3.6360650062561035,5.245732952875579,,,,
7681,3.572200298309326,5.153595655432941,,,,
7682,3.7222602367401123,5.370086384443139,,,,
7683,3.7011618614196777,5.339647862997534,,,,
7684,3.6983017921447754,5.335521655238034,,,,
7685,3.6515207290649414,5.268030847525243,,,,
7686,3.6909704208374023,5.32494472220997,,,,
7687,3.69288969039917,5.327713642888862,,,,
7688,3.5706307888031006,5.151331331851681,,,,
7689,3.6976895332336426,5.334638352343203,,,,
7690,3.737309455871582,5.3917978182533615,,,,
7691,3.698092460632324,5.335219653703119,,,,
7692,3.7106423377990723,5.353325299255352,,,,
7693,3.726242780685425,5.375831980843164,,,,
7694,3.5925779342651367,5.182994369771429,,,,
7695,3.6711740493774414,5.29638459527709,,,,
7696,3.653674364089966,5.2711378860957305,,,,
7697,3.6744461059570312,5.301105175077971,,,,
7698,3.6257004737854004,5.2307800932789625,,,,
7699,3.533604145050049,5.097913176528391,,,,
7700,3.5296154022216797,5.092158637030521,,,,
7701,3.731480598449707,5.383388554556774,,,,
7702,3.6520209312438965,5.268752486728264,,,,
7703,3.5516061782836914,5.123884620600485,,,,
7704,3.624025821685791,5.228364080999642,,,,
7705,3.6183435916900635,5.220166355963615,,,,
7706,3.643144130706787,5.255945970614415,,,,
7707,3.646355152130127,5.260578495298056,,,,
7708,3.702829599380493,5.342053900283105,,,,
7709,3.767176389694214,5.434886695565831,,,,
7710,3.6242384910583496,5.228670898048781,,,,
7711,3.6516122817993164,5.268162930201106,,,,
7712,3.732377529144287,5.384682552021865,,,,
7713,3.6806111335754395,5.309999429849992,,,,
7714,3.6699676513671875,5.294644130850358,,,,
7715,3.6763155460357666,5.303802207008802,,,,
7716,3.638063907623291,5.248616757965246,,,,
7717,3.7075819969177246,5.348910160642402,,,,
7718,3.7360711097717285,5.390011262476199,,,,
7719,3.629148244857788,5.235754175507217,,,,
7720,3.8311350345611572,5.527159515337349,,,,
7721,3.670407295227051,5.29527840286674,,,,
7722,3.780447244644165,5.454032492190483,,,,
7723,3.67348575592041,5.299719682842621,,,,
7724,3.6984782218933105,5.335776189561311,,,,
7725,3.586007833480835,5.173515717951776,,,,
7726,3.6663222312927246,5.289384901386973,,,,
7727,3.7089014053344727,5.350813664622151,,,,
7728,3.6321702003479004,5.240113935706589,,,,
7729,3.6203525066375732,5.223064607595955,,,,
7730,3.691350221633911,5.3254926589356195,,,,
7731,3.668328285217285,5.292279025435692,,,,
7732,3.5712714195251465,5.152255566617418,,,,
7733,3.637295961380005,5.247508845728388,,,,
7734,3.7671666145324707,5.4348725929884605,,,,
7735,3.6021885871887207,5.196859611083989,,,,
7736,3.631542205810547,5.239207931101843,,,,
7737,3.6854772567749023,5.317019761658212,,,,
7738,3.7376699447631836,5.392317893789571,,,,
7739,3.6557323932647705,5.274106994580226,,,,
7740,3.7561376094818115,5.418961102095936,,,,
7741,3.839966297149658,5.539900334078568,,,,
7742,3.7318215370178223,5.3838804249382415,,,,
7743,3.7183594703674316,5.364458768141606,,,,
7744,3.684274673461914,5.3152848006763085,,,,
7745,3.6810946464538574,5.310696991481892,,,,
7746,3.585745334625244,5.1731370121545766,,,,
7747,3.6838114261627197,5.314616476095056,,,,
7748,3.6617441177368164,5.282780079663238,,,,
7749,3.684495449066162,5.315603312545707,,,,
7750,3.684635639190674,5.315805564143121,,,,
7751,3.6380226612091064,5.248557251968047,,,,
7752,3.587167263031006,5.175188421214068,,,,
7753,3.6703126430511475,5.295141848641955,,,,
7754,3.720126152038574,5.367007551027393,,,,
7755,3.6913509368896484,5.325493690831525,,,,
7756,3.6233320236206055,5.22736314197162,,,,
7757,3.66477632522583,5.287154630370584,,,,
7758,3.676603317260742,5.304217373127985,,,,
7759,3.6081178188323975,5.205413684172603,,,,
7760,3.7009987831115723,5.339412590731154,,,,
7761,3.6090660095214844,5.206781634177566,,,,
7762,3.7339470386505127,5.386946875603125,,,,
7763,3.5241408348083496,5.084260505772297,,,,
7764,3.6632027626037598,5.284884459379195,,,,
7765,3.7088518142700195,5.350742119839392,,,,
7766,3.7522659301757812,5.413375449561213,,,,
7767,3.666775703430176,5.290039123390855,,,,
7768,3.582719326019287,5.168771404545075,,,,
7769,3.7932467460632324,5.472498269413623,,,,
7770,3.734060764312744,5.387110947052048,,,,
7771,3.7171783447265625,5.362754764036858,,,,
7772,3.6588830947875977,5.278652496042531,,,,
7773,3.722212791442871,5.370017935348096,,,,
7774,3.6185567378997803,5.220473860943358,,,,
7775,3.6600265502929688,5.280302153629607,,,,
7776,3.5777440071105957,5.161593536628665,,,,
7777,3.5851588249206543,5.172290857512332,,,,
7778,3.700227975845337,5.338300550910675,,,,
7779,3.713749885559082,5.357808542998043,,,,
7780,3.637911319732666,5.248396620172142,,,,
7781,3.651721954345703,5.268321154239899,,,,
7782,3.6401662826538086,5.251649843995862,,,,
7783,3.6113219261169434,5.2100362338624935,,,,
7784,3.715848922729492,5.360836813514435,,,,
7785,3.5914998054504395,5.181438958677026,,,,
7786,3.627755641937256,5.233745074179837,,,,
7787,3.707475185394287,5.348756064187229,,,,
7788,3.5547096729278564,5.128362016933048,,,,
7789,3.6454508304595947,5.259273834908611,,,,
7790,3.678219795227051,5.306549457873685,,,,
7791,3.6194844245910645,5.221812229932372,,,,
7792,3.6197669506073,5.222219828814917,,,,
7793,3.62321138381958,5.227189095528947,,,,
7794,3.6208577156066895,5.223793470070311,,,,
7795,3.6618764400482178,5.282970980405696,,,,
7796,3.6534032821655273,5.270746797547669,,,,
7797,3.690225601196289,5.32387017460738,,,,
7798,3.7019200325012207,5.340741672657021,,,,
7799,3.724579334259033,5.373432134933024,,,,
7800,3.734445810317993,5.3876664510143355,4.052771186828613,5.846912893095318,,
7801,3.7166354656219482,5.361971555044828,,,,
7802,3.6599068641662598,5.28012948304814,,,,
7803,3.648519515991211,5.263701012307121,,,,
7804,3.7354116439819336,5.3890598544516255,,,,
7805,3.609982967376709,5.208104524728003,,,,
7806,3.733523368835449,5.386335649261959,,,,
7807,3.640554904937744,5.252210507437675,,,,
7808,3.660172700881958,5.280513004359564,,,,
7809,3.5760579109191895,5.159161014014861,,,,
7810,3.650965929031372,5.267230440268127,,,,
7811,3.683379888534546,5.313993898898932,,,,
7812,3.595107078552246,5.186643153692135,,,,
7813,3.4990339279174805,5.04803889570878,,,,
7814,3.6015424728393555,5.195927465116313,,,,
7815,3.6157329082489014,5.2163999359097195,,,,
7816,3.5699353218078613,5.150327985066547,,,,
7817,3.651648998260498,5.268215900857571,,,,
7818,3.714801788330078,5.359326117909257,,,,
7819,3.651054859161377,5.267358739325672,,,,
7820,3.578535556793213,5.162735501430394,,,,
7821,3.6318187713623047,5.239606930851846,,,,
7822,3.6892542839050293,5.32246885996815,,,,
7823,3.610135555267334,5.2083246625211075,,,,
7824,3.708033323287964,5.3495612869585685,,,,
7825,3.6497440338134766,5.265467618096784,,,,
7826,3.7202537059783936,5.367191572463816,,,,
7827,3.7349982261657715,5.388463418618434,,,,
7828,3.5678741931915283,5.14735440503313,,,,
7829,3.736421585083008,5.390516891469735,,,,
7830,3.6842150688171387,5.3151988093508775,,,,
7831,3.600234270095825,5.194040127505744,,,,
7832,3.6105570793151855,5.208932793174558,,,,
7833,3.7022204399108887,5.341175068937196,,,,
7834,3.586010456085205,5.173519501570095,,,,
7835,3.730922222137451,5.382582987820133,,,,
7836,3.6788225173950195,5.307419002156447,,,,
7837,3.7479796409606934,5.40719164136679,,,,
7838,3.7007062435150146,5.338990545305936,,,,
7839,3.6813580989837646,5.311077073140299,,,,
7840,3.6812305450439453,5.310893051703876,,,,
7841,3.6105709075927734,5.208952743162058,,,,
7842,3.6808133125305176,5.3102911124258565,,,,
7843,3.6442837715148926,5.257590124756664,,,,
7844,3.622882604598999,5.226714767377867,,,,
7845,3.5769095420837402,5.160389658072625,,,,
7846,3.707195520401001,5.348352592888304,,,,
7847,3.6744954586029053,5.301176375895429,,,,
7848,3.5948519706726074,5.186275110819288,,,,
7849,3.7086920738220215,5.350511663087236,,,,
7850,3.7025198936462402,5.341607089356163,,,,
7851,3.5748820304870605,5.157464577146751,,,,
7852,3.6860427856445312,5.317835647353906,,,,
7853,3.675257444381714,5.302275688999744,,,,
7854,3.595304489135742,5.186927956961964,,,,
7855,3.599264144897461,5.192640532693022,,,,
7856,3.662999153137207,5.2845907130115215,,,,
7857,3.5878500938415527,5.17617353783821,,,,
7858,3.6466405391693115,5.260990221764222,,,,
7859,3.678006410598755,5.306241608928641,,,,
7860,3.6798393726348877,5.308886014168307,,,,
7861,3.6765260696411133,5.304105928370226,,,,
7862,3.6039059162139893,5.199337193152319,,,,
7863,3.595932722091675,5.187834305532011,,,,
7864,3.753288507461548,5.414850716740315,,,,
7865,3.722886562347412,5.370989981290772,,,,
7866,3.703357219696045,5.342815095495824,,,,
7867,3.687826156616211,5.320408507810813,,,,
7868,3.6487627029418945,5.2640518569148815,,,,
7869,3.595850944519043,5.187716325433518,,,,
7870,3.71122145652771,5.354160790973243,,,,
7871,3.6325716972351074,5.240693173274694,,,,
7872,3.6555237770080566,5.273806024941217,,,,
7873,3.6673617362976074,5.290884590102497,,,,
7874,3.685431480407715,5.3169537203202815,,,,
7875,3.6535985469818115,5.271028505129782,,,,
7876,3.605968713760376,5.2023131809428484,,,,
7877,3.565286159515381,5.143620661682898,,,,
7878,3.5391788482666016,5.105955773213339,,,,
7879,3.733771324157715,5.386693373175754,,,,
7880,3.5730061531066895,5.154758258152773,,,,
7881,3.6896321773529053,5.3230140449713845,,,,
7882,3.5792062282562256,5.163703075824148,,,,
7883,3.6591553688049316,5.279045304417101,,,,
7884,3.661982297897339,5.283123700999662,,,,
7885,3.580792188644409,5.165991133011227,,,,
7886,3.616306781768799,5.217227860390973,,,,
7887,3.5694046020507812,5.149562318304906,,,,
7888,3.6574368476867676,5.276566002522263,,,,
7889,3.7317326068878174,5.383752125880698,,,,
7890,3.64548397064209,5.25932164608555,,,,
7891,3.6730546951293945,5.299097793577101,,,,
7892,3.6736178398132324,5.299910239619777,,,,
7893,3.588839530944824,5.177600993840372,,,,
7894,3.703456401824951,5.342958185061342,,,,
7895,3.6981589794158936,5.3353156200223,,,,
7896,3.768670082092285,5.437041638181142,,,,
7897,3.633653163909912,5.242253399883322,,,,
7898,3.5903191566467285,5.179735642502881,,,,
7899,3.6183605194091797,5.220190777500037,,,,
7900,3.641169548034668,5.253097249985524,,,,
7901,3.701359272003174,5.339932666267363,,,,
7902,3.6357061862945557,5.2452152850964815,,,,
7903,3.7104363441467285,5.353028113234661,,,,
7904,3.7157461643218994,5.360688564469392,,,,
7905,3.6226203441619873,5.226336405545969,,,,
7906,3.652921199798584,5.270051299707579,,,,
7907,3.61324143409729,5.212805498506687,,,,
7908,3.682429313659668,5.312622509240953,,,,
7909,3.6064293384552,5.202977721905783,,,,
7910,3.621342420578003,5.22449275152872,,,,
7911,3.7087438106536865,5.35058630355771,,,,
7912,3.7282817363739014,5.378773572103522,,,,
7913,3.6324405670166016,5.240503992358746,,,,
7914,3.6781046390533447,5.306383322632952,,,,
7915,3.7041585445404053,5.343971162874923,,,,
7916,3.564509630203247,5.142500366695177,,,,
7917,3.6938962936401367,5.329165864392747,,,,
7918,3.712380886077881,5.355833494235535,,,,
7919,3.6661407947540283,5.28912314379236,,,,
7920,3.569305896759033,5.149419916669991,,,,
7921,3.5849952697753906,5.1720548973153475,,,,
7922,3.6269588470458984,5.23259554214147,,,,
7923,3.7815661430358887,5.455646721351481,,,,
7924,3.6193084716796875,5.221558383539699,,,,
7925,3.7072768211364746,5.3484698850561925,,,,
7926,3.7107629776000977,5.353499345698025,,,,
7927,3.618739604949951,5.220737682329781,,,,
7928,3.611391544342041,5.210136671730598,,,,
7929,3.6548187732696533,5.272788919544014,,,,
7930,3.7257261276245117,5.375086608034325,,,,
7931,3.6825222969055176,5.312756655708625,,,,
7932,3.6459450721740723,5.259986874979088,,,,
7933,3.694413661956787,5.329912269097492,,,,
7934,3.6001386642456055,5.193902197419752,,,,
7935,3.6910274028778076,5.325026929917083,,,,
7936,3.611138343811035,5.2097713805801655,,,,
7937,3.678213596343994,5.30654051477584,,,,
7938,3.601469039916992,5.195821523803381,,,,
7939,3.5237865447998047,5.083749373333934,,,,
7940,3.5771737098693848,5.160770771626937,,,,
7941,3.695638656616211,5.331679562817758,,,,
7942,3.638489246368408,5.249230392063525,,,,
7943,3.6354050636291504,5.244780856920402,,,,
7944,3.761530876159668,5.426741941186271,,,,
7945,3.604735851287842,5.200534536367625,,,,
7946,3.6341583728790283,5.242982262357678,,,,
7947,3.6545586585998535,5.272413653399831,,,,
7948,3.6459784507751465,5.26003503012133,,,,
7949,3.6884963512420654,5.321375394273964,,,,
7950,3.644760847091675,5.258278399325417,,,,
7951,3.651547908782959,5.26807005956964,,,,
7952,3.6514196395874023,5.267885006237312,,,,
7953,3.7234959602355957,5.371869156601983,,,,
7954,3.713961362838745,5.358113640220674,,,,
7955,3.622953414916992,5.226816925072479,,,,
7956,3.7343244552612305,5.387491372675757,,,,
7957,3.6498191356658936,5.265575967166828,,,,
7958,3.6886279582977295,5.321565263120517,,,,
7959,3.684191942214966,5.31516544471661,,,,
7960,3.6219944953918457,5.2254334966289395,,,,
7961,3.6851134300231934,5.316494870607779,,,,
7962,3.6078085899353027,5.204967561176265,,,,
7963,3.643162965774536,5.255973143873252,,,,
7964,3.6615898609161377,5.282557534113021,,,,
7965,3.6915130615234375,5.325727587236698,,,,
7966,3.6803202629089355,5.3095797921818875,,,,
7967,3.67482328414917,5.301649328185301,,,,
7968,3.6914381980895996,5.3256195821319565,,,,
7969,3.5718045234680176,5.153024673032077,,,,
7970,3.7855746746063232,5.461429809969394,,,,
7971,3.6622366905212402,5.283490711976603,,,,
7972,3.6060831546783447,5.202478284287677,,,,
7973,3.633129358291626,5.241497708115431,,,,
7974,3.688554286956787,5.321458977842283,,,,
7975,3.6684093475341797,5.292395973638279,,,,
7976,3.7290873527526855,5.379935830858052,,,,
7977,3.6473309993743896,5.261986345278019,,,,
7978,3.685814380645752,5.317506128594853,,,,
7979,3.668475866317749,5.29249193995746,,,,
7980,3.637730598449707,5.2481358944734335,,,,
7981,3.644867420196533,5.258432151815288,,,,
7982,3.565800666809082,5.144362938804022,,,,
7983,3.6281251907348633,5.234278220397512,,,,
7984,3.5968284606933594,5.1891265831705935,,,,
7985,3.7065725326538086,5.347453811554895,,,,
7986,3.616572856903076,5.217611725667699,,,,
7987,3.625998020172119,5.231209361975516,,,,
7988,3.6247575283050537,5.229419710510638,,,,
7989,3.693337917327881,5.328360297656106,,,,
7990,3.6335251331329346,5.242068690516295,,,,
7991,3.6030397415161133,5.198087567211149,,,,
7992,3.7183685302734375,5.364471838823071,,,,
7993,3.604945659637451,5.200837225833144,,,,
7994,3.5965518951416016,5.188727583420592,,,,
7995,3.689507246017456,5.32283380715328,,,,
7996,3.546248435974121,5.1161550323401075,,,,
7997,3.73256254196167,5.3849494690960045,,,,
7998,3.6759815216064453,5.303320311621085,,,,
7999,3.598531723022461,5.191583871286121,,,,
8000,3.584282398223877,5.171026441063188,4.10358362197876,5.920219741301928,,
8001,3.619142532348633,5.221318983689698,,,,
8002,3.600893974304199,5.1949918794956185,,,,
8003,3.6396889686584473,5.250961225461808,,,,
8004,3.6865105628967285,5.318510507275891,,,,
8005,3.647852897644043,5.262739285323496,,,,
8006,3.650569438934326,5.266658425971358,,,,
8007,3.6776065826416016,5.305664779117646,,,,
8008,3.6871070861816406,5.319371108460809,,,,
8009,3.6809933185577393,5.310550806228659,,,,
8010,3.6716220378875732,5.297030906079032,,,,
8011,3.7206668853759766,5.367787664331707,,,,
8012,3.735541820526123,5.389247659506368,,,,
8013,3.6708576679229736,5.295928153321699,,,,
8014,3.585050582885742,5.172134697265348,,,,
8015,3.6637673377990723,5.285698969213682,,,,
8016,3.624797821044922,5.229477840646629,,,,
8017,3.6007847785949707,5.194834343387429,,,,
8018,3.766918897628784,5.434515213039968,,,,
8019,3.71281099319458,5.356454007639848,,,,
8020,3.5562644004821777,5.1306050146656,,,,
8021,3.6659085750579834,5.288788121588479,,,,
8022,3.601778745651245,5.1962683347303225,,,,
8023,3.6694579124450684,5.293908733035268,,,,
8024,3.6962127685546875,5.332507831264314,,,,
8025,3.6357839107513428,5.245327417784844,,,,
8026,3.7335898876190186,5.386431615581141,,,,
8027,3.699464797973633,5.337199517979851,,,,
8028,3.6956138610839844,5.331643790426379,,,,
8029,3.6833105087280273,5.31389380499613,,,,
8030,3.6805152893066406,5.309861155798699,,,,
8031,3.5509774684906006,5.122977584099835,,,,
8032,3.6645455360412598,5.2868216719585135,,,,
8033,3.644014358520508,5.257201443965714,,,,
8034,3.715447425842285,5.36025757594633,,,,
8035,3.6598243713378906,5.280010471053743,,,,
8036,3.7204108238220215,5.367418245597653,,,,
8037,3.7288765907287598,5.379631765531327,,,,
8038,3.607868194580078,5.205053552501696,,,,
8039,3.734353542327881,5.3875333364425675,,,,
8040,3.63415265083313,5.242974007190437,,,,
8041,3.6850743293762207,5.316438460298296,,,,
8042,3.663966655731201,5.285986524205924,,,,
8043,3.7127246856689453,5.356329492200623,,,,
8044,3.600153923034668,5.193924211199063,,,,
8045,3.6811890602111816,5.310833201741375,,,,
8046,3.623624563217163,5.2277851873968375,,,,
8047,3.649139642715454,5.26459566605691,,,,
8048,3.628612518310547,5.234981285474239,,,,
8049,3.6697444915771484,5.294322179327943,,,,
8050,3.6787338256835938,5.307291047064205,,,,
8051,3.5956015586853027,5.187356537727913,,,,
8052,3.6340718269348145,5.2428574029531525,,,,
8053,3.6335434913635254,5.242095175844528,,,,
8054,3.594815731048584,5.186222828093426,,,,
8055,3.683957815170288,5.314827670790315,,,,
8056,3.674327850341797,5.300934568288316,,,,
8057,3.6232876777648926,5.227299164425499,,,,
8058,3.6311569213867188,5.238652083174255,,,,
8059,3.649590015411377,5.26524541651187,,,,
8060,3.7567131519317627,5.419791434334301,,,,
8061,3.609741449356079,5.207756087877355,,,,
8062,3.647548198699951,5.262299697667891,,,,
8063,3.5728373527526855,5.154514730719152,,,,
8064,3.568814992904663,5.148711692113738,,,,
8065,3.6607842445373535,5.2813952753584905,,,,
8066,3.576878070831299,5.160344254652798,,,,
8067,3.663761615753174,5.2856907140464395,,,,
8068,3.5689024925231934,5.148837927379472,,,,
8069,3.5473227500915527,5.117704939989683,,,,
8070,3.6744065284729004,5.301048076837885,,,,
8071,3.8041112422943115,5.488172424247957,,,,
8072,3.747063398361206,5.405869782712259,,,,
8073,3.6138558387756348,5.213691897089234,,,,
8074,3.4843592643737793,5.026867831387568,,,,
8075,3.6032512187957764,5.19839266443378,,,,
8076,3.611445188522339,5.210214063923486,,,,
8077,3.5752062797546387,5.157932369957098,,,,
8078,3.6775918006896973,5.30564345326894,,,,
8079,3.745131492614746,5.403082631872376,,,,
8080,3.5914711952209473,5.181397682840819,,,,
8081,3.6379313468933105,5.248425513257486,,,,
8082,3.5983400344848633,5.191307323183534,,,,
8083,3.6613447666168213,5.282203937782847,,,,
8084,3.628378391265869,5.234643511547945,,,,
8085,3.7187886238098145,5.365077905684712,,,,
8086,3.557922601699829,5.132997293339102,,,,
8087,3.677910327911377,5.306102990912045,,,,
8088,3.624727249145508,5.229376026917318,,,,
8089,3.5615451335906982,5.138223502133521,,,,
8090,3.5398659706115723,5.106947081212913,,,,
8091,3.5792436599731445,5.163757078376519,,,,
8092,3.696141242980957,5.332404641673796,,,,
8093,3.6623435020446777,5.2836448084317755,,,,
8094,3.6633920669555664,5.285157567828765,,,,
8095,3.67779541015625,5.305937199636613,,,,
8096,3.6319777965545654,5.239836355708096,,,,
8097,3.683197021484375,5.313730077512509,,,,
8098,3.5606751441955566,5.136968372747525,,,,
8099,3.6634368896484375,5.28522223330549,,,,
8100,3.57710599899292,5.160673085481247,,,,
8101,3.6802821159362793,5.3095247577336115,,,,
8102,3.5896987915039062,5.17884064478779,,,,
8103,3.701417922973633,5.340017281731587,,,,
8104,3.5776824951171875,5.16150479358082,,,,
8105,3.5263149738311768,5.087397125358733,,,,
8106,3.601358413696289,5.19566192390338,,,,
8107,3.6845436096191406,5.315672793536655,,,,
8108,3.695098876953125,5.330900825374652,,,,
8109,3.61934757232666,5.221614793849182,,,,
8110,3.6643309593200684,5.28651210318696,,,,
8111,3.617725133895874,5.2192741099709385,,,,
8112,3.6059248447418213,5.202249891327331,,,,
8113,3.6907799243927,5.324669893933892,,,,
8114,3.601679563522339,5.196125245164804,,,,
8115,3.703233480453491,5.342636577504228,,,,
8116,3.584108352661133,5.1707753463929285,,,,
8117,3.6474437713623047,5.262149040865736,,,,
8118,3.6965525150299072,5.332997981819273,,,,
8119,3.6274936199188232,5.233367056313241,,,,
8120,3.6991710662841797,5.336775752728125,,,,
8121,3.761991024017334,5.427405794218601,,,,
8122,3.694310188293457,5.329762988156543,,,,
8123,3.649214267730713,5.26470332719635,,,,
8124,3.638765811920166,5.249629391813526,,,,
8125,3.762683868408203,5.428405357385416,,,,
8126,3.5869622230529785,5.1748926110545845,,,,
8127,3.6561203002929688,5.274666626126134,,,,
8128,3.7052359580993652,5.345525542073421,,,,
8129,3.6430230140686035,5.255771236241139,,,,
8130,3.71524977684021,5.359972428711199,,,,
8131,3.6406757831573486,5.25238489784565,,,,
8132,3.6365842819213867,5.246482109302737,,,,
8133,3.6366333961486816,5.246552966154892,,,,
8134,3.611335277557373,5.2100554959193905,,,,
8135,3.616457939147949,5.217445934392267,,,,
8136,3.6332106590270996,5.2416150002833195,,,,
8137,3.646853446960449,5.261297382778663,,,,
8138,3.6786751747131348,5.3072064315999805,,,,
8139,3.594627618789673,5.185951439470364,,,,
8140,3.644125461578369,5.257361731796318,,,,
8141,3.5799055099487305,5.1647119260541094,,,,
8142,3.6123461723327637,5.2115139087987075,,,,
8143,3.6951518058776855,5.330977185671634,,,,
8144,3.6079001426696777,5.205099643852128,,,,
8145,3.605738401412964,5.201980910461382,,,,
8146,3.5323963165283203,5.096170648309849,,,,
8147,3.639237403869629,5.250309755180339,,,,
8148,3.541919231414795,5.109909310391374,,,,
8149,3.55595064163208,5.130152356328529,,,,
8150,3.611642837524414,5.210499211158616,,,,
8151,3.6356167793273926,5.245086298108334,,,,
8152,3.6318368911743164,5.239633072214776,,,,
8153,3.5844993591308594,5.171339449487759,,,,
8154,3.6541731357574463,5.271857461506941,,,,
8155,3.633419990539551,5.241917001818234,,,,
8156,3.606253147125244,5.202723531547807,,,,
8157,3.6245760917663574,5.229157952916024,,,,
8158,3.6548469066619873,5.272829507449617,,,,
8159,3.7031784057617188,5.34255712151953,,,,
8160,3.7107458114624023,5.3534745801963,,,,
8161,3.651012897491455,5.267298201432568,,,,
8162,3.655632972717285,5.273963561049407,,,,
8163,3.5884273052215576,5.177006277833688,,,,
8164,3.609462261199951,5.207353304509034,,,,
8165,3.650649070739746,5.266773310382135,,,,
8166,3.6391539573669434,5.250189367324736,,,,
8167,3.698117256164551,5.3352554260944975,,,,
8168,3.6115291118621826,5.210335139709693,,,,
8169,3.633993625640869,5.242744582334186,,,,
8170,3.5735645294189453,5.1555638248894144,,,,
8171,3.6618175506591797,5.28288602097617,,,,
8172,3.742347002029419,5.399065461113523,,,,
8173,3.7146925926208496,5.359168581801066,,,,
8174,3.606116771697998,5.2025267833952205,,,,
8175,3.6036715507507324,5.198999075260723,,,,
8176,3.7227089405059814,5.370733727140987,,,,
8177,3.6757702827453613,5.3030155583637555,,,,
8178,3.66809344291687,5.291940219613493,,,,
8179,3.6979479789733887,5.335011210730273,,,,
8180,3.5276501178741455,5.089323331048397,,,,
8181,3.683917999267578,5.314770228584927,,,,
8182,3.711907386779785,5.355150379146307,,,,
8183,3.5288987159729004,5.091124677333534,,,,
8184,3.6308770179748535,5.238248267910029,,,,
8185,3.591418743133545,5.18132201047444,,,,
8186,3.6607906818389893,5.281404562421637,,,,
8187,3.6074776649475098,5.20449013733747,,,,
8188,3.609621047973633,5.207582385399983,,,,
8189,3.685990571975708,5.3177603189528275,,,,
8190,3.6945619583129883,5.330126215515166,,,,
8191,3.709132671356201,5.351147310964825,,,,
8192,3.617945432662964,5.219591933909733,,,,
8193,3.6054470539093018,5.201560584862673,,,,
8194,3.650968074798584,5.267233535955843,,,,
8195,3.69669771194458,5.333207456688023,,,,
8196,3.708296298980713,5.349940680686371,,,,
8197,3.5767407417297363,5.160146130639004,,,,
8198,3.6760330200195312,5.303394608126258,,,,
8199,3.6299266815185547,5.236877222217351,,,,
8200,3.6081888675689697,5.205516185832518,4.150069332122802,5.98728444479894,,
8201,3.5953292846679688,5.186963729353343,,,,
8202,3.7985987663269043,5.480219602506759,,,,
8203,3.7298598289489746,5.3810502784356435,,,,
8204,3.6116673946380615,5.2105346395846945,,,,
8205,3.65242338180542,5.269333100157576,,,,
8206,3.5591139793395996,5.134716087951825,,,,
8207,3.695584297180176,5.331601138728965,,,,
8208,3.6139612197875977,5.2138439297525965,,,,
8209,3.652991771697998,5.270153113436891,,,,
8210,3.629115343093872,5.235706708295578,,,,
8211,3.643327474594116,5.256210479931442,,,,
8212,3.5435914993286133,5.112321883017677,,,,
8213,3.6657114028930664,5.288503662283952,,,,
8214,3.618086338043213,5.219795217403053,,,,
8215,3.6215438842773438,5.224783402208678,,,,
8216,3.658609390258789,5.278257623876149,,,,
8217,3.5699431896209717,5.150339335921505,,,,
8218,3.59824800491333,5.191174552577068,,,,
8219,3.64304780960083,5.255807008632519,,,,
8220,3.5652947425842285,5.14363304443376,,,,
8221,3.6174936294555664,5.218940119662963,,,,
8222,3.6235618591308594,5.227694724522483,,,,
8223,3.746467351913452,5.4050098694579445,,,,
8224,3.5088601112365723,5.0622150816541,,,,
8225,3.660399913787842,5.280840803292109,,,,
8226,3.665621519088745,5.288373987365201,,,,
8227,3.6424813270568848,5.254989747075618,,,,
8228,3.605215072631836,5.201225906624094,,,,
8229,3.6299710273742676,5.236941199763471,,,,
8230,3.711623191833496,5.354740372506651,,,,
8231,3.564197540283203,5.142050116115219,,,,
8232,3.6468074321746826,5.26123099747543,,,,
8233,3.635880470275879,5.245466723732043,,,,
8234,3.6198692321777344,5.2223673899293575,,,,
8235,3.5463926792144775,5.116363131347652,,,,
8236,3.616387367248535,5.217344120662957,,,,
8237,3.6569275856018066,5.275831292637777,,,,
8238,3.679002285003662,5.307678351993948,,,,
8239,3.610724925994873,5.209174944746973,,,,
8240,3.6258139610290527,5.230943820762584,,,,
8241,3.6913084983825684,5.325432465007818,,,,
8242,3.6392812728881836,5.250373044795857,,,,
8243,3.5871591567993164,5.1751767263938095,,,,
8244,3.586117744445801,5.1736742859558715,,,,
8245,3.5900957584381104,5.1794133470151635,,,,
8246,3.6006414890289307,5.194627620241091,,,,
8247,3.650803804397583,5.2669965438629545,,,,
8248,3.640622138977051,5.2523075056527615,,,,
8249,3.667789936065674,5.291502351784396,,,,
8250,3.7176713943481445,5.363466084280826,,,,
8251,3.4998574256896973,5.04922695186094,,,,
8252,3.5733494758605957,5.155253568187258,,,,
8253,3.6452536582946777,5.2589893756040835,,,,
8254,3.6683692932128906,5.292338187467589,,,,
8255,3.6380507946014404,5.248597839873651,,,,
8256,3.664754629135132,5.287123329528127,,,,
8257,3.672974109649658,5.298981533305118,,,,
8258,3.6098098754882812,5.20785480591895,,,,
8259,3.63580322265625,5.245355278974284,,,,
8260,3.628997802734375,5.235537133401827,,,,
8261,3.7242512702941895,5.3729588386778495,,,,
8262,3.599853038787842,5.1934901269882845,,,,
8263,3.6761374473571777,5.303545264928413,,,,
8264,3.595269203186035,5.1868770500973085,,,,
8265,3.5528881549835205,5.125734122027864,,,,
8266,3.7049336433410645,5.3450893940708335,,,,
8267,3.5852019786834717,5.172353115231944,,,,
8268,3.584771156311035,5.171731569931726,,,,
8269,3.584465980529785,5.171291294345517,,,,
8270,3.688511848449707,5.3213977520185765,,,,
8271,3.6364681720733643,5.246314598200796,,,,
8272,3.6187996864318848,5.220824361585816,,,,
8273,3.6071953773498535,5.204082882420227,,,,
8274,3.6033825874328613,5.198582189315031,,,,
8275,3.57951021194458,5.164141631583848,,,,
8276,3.594409465789795,5.185636711219286,,,,
8277,3.682933807373047,5.3133503398194035,,,,
8278,3.6599984169006348,5.280261565724003,,,,
8279,3.583165407180786,5.169414963624604,,,,
8280,3.62331485748291,5.227338376469896,,,,
8281,3.6109633445739746,5.209518910048699,,,,
8282,3.6388168334960938,5.249703000388095,,,,
8283,3.616239547729492,5.217130862175886,,,,
8284,3.5666208267211914,5.145546179441958,,,,
8285,3.588289737701416,5.176807809854592,,,,
8286,3.6300997734069824,5.237126941026403,,,,
8287,3.5484795570373535,5.119373859633655,,,,
8288,3.620938777923584,5.223910418272898,,,,
8289,3.6318328380584717,5.239627224804647,,,,
8290,3.5723259449005127,5.15377692514695,,,,
8291,3.561310291290283,5.137884696311321,,,,
8292,3.6337523460388184,5.24239648944884,,,,
8293,3.636455774307251,5.2462967120051065,,,,
8294,3.6330575942993164,5.241394174559612,,,,
8295,3.643195629119873,5.256020267119588,,,,
8296,3.66378116607666,5.285718919201181,,,,
8297,3.5820467472076416,5.167801078428907,,,,
8298,3.564513921737671,5.142506558070608,,,,
8299,3.7505736351013184,5.4109339838495645,,,,
8300,3.595095157623291,5.186625955427048,,,,
8301,3.6719436645507812,5.297494915271059,,,,
8302,3.6767923831939697,5.3044901376122535,,,,
8303,3.639695644378662,5.250970856490256,,,,
8304,3.7079453468322754,5.3494343637622315,,,,
8305,3.5874037742614746,5.17552963479338,,,,
8306,3.618530750274658,5.22043636872547,,,,
8307,3.6313974857330322,5.238999144163696,,,,
8308,3.605335235595703,5.201399265136164,,,,
8309,3.64577054977417,5.259735092378225,,,,
8310,3.5752549171447754,5.158002538878649,,,,
8311,3.570791006088257,5.1515624765344405,,,,
8312,3.5929670333862305,5.183555721143845,,,,
8313,3.6111326217651367,5.209763125412923,,,,
8314,3.669389009475708,5.2938093270630695,,,,
8315,3.6280813217163086,5.234214930781994,,,,
8316,3.5273008346557617,5.088819421881369,,,,
8317,3.7151780128479004,5.35986889515538,,,,
8318,3.5438013076782227,5.112624572483195,,,,
8319,3.6129441261291504,5.212376573775435,,,,
8320,3.5713117122650146,5.152313696753409,,,,
8321,3.695906162261963,5.332065491886294,,,,
8322,3.677375316619873,5.305331132774973,,,,
8323,3.5955238342285156,5.187244405039551,,,,
8324,3.618194580078125,5.219951377650037,,,,
8325,3.6175589561462402,5.219034366155636,,,,
8326,3.4964733123779297,5.044344708368246,,,,
8327,3.7210588455200195,5.368353143287743,,,,
8328,3.5834388732910156,5.169809491825683,,,,
8329,3.693979263305664,5.329285564317748,,,,
8330,3.5512990951538086,5.123441593291862,,,,
8331,3.5673346519470215,5.146576011555324,,,,
8332,3.569180488586426,5.149238990921284,,,,
8333,3.599374771118164,5.192800132593023,,,,
8334,3.6577227115631104,5.2769784169190315,,,,
8335,3.6262588500976562,5.231585660015604,,,,
8336,3.6595263481140137,5.279580514426586,,,,
8337,3.6228508949279785,5.2266690199927375,,,,
8338,3.628981590270996,5.23551374376131,,,,
8339,3.6595470905303955,5.279610439407836,,,,
8340,3.6172945499420166,5.218652908636022,,,,
8341,3.6097164154052734,5.207719971520674,,,,
8342,3.6228904724121094,5.226726118232825,,,,
8343,3.6254630088806152,5.230437503838444,,,,
8344,3.6670076847076416,5.290373801629435,,,,
8345,3.5908989906311035,5.1805721661166775,,,,
8346,3.657717704772949,5.276971193647696,,,,
8347,3.606048107147217,5.202427721388323,,,,
8348,3.5956783294677734,5.187467294555069,,,,
8349,3.760702610015869,5.425547005728076,,,,
8350,3.6084351539611816,5.2058715019892,,,,
8351,3.6386280059814453,5.249430579869129,,,,
8352,3.6154837608337402,5.216040492169416,,,,
8353,3.6579933166503906,5.27736881753649,,,,
8354,3.574056625366211,5.156273769272176,,,,
8355,3.6668701171875,5.290175333650338,,,,
8356,3.6136152744293213,5.213344836099792,,,,
8357,3.5343565940856934,5.098998731020637,,,,
8358,3.6198325157165527,5.222314419272892,,,,
8359,3.65212345123291,5.268900391808006,,,,
8360,3.5008254051208496,5.050623450985946,,,,
8361,3.676588535308838,5.304196047279278,,,,
8362,3.574530601501465,5.156957572292007,,,,
8363,3.725569486618042,5.374860622831091,,,,
8364,3.682971239089966,5.313404342371775,,,,
8365,3.654186725616455,5.2718770675291395,,,,
8366,3.644521713256836,5.257933402127786,,,,
8367,3.7071995735168457,5.348358440298433,,,,
8368,3.58695650100708,5.174884355887342,,,,
8369,3.6957669258117676,5.331864616150087,,,,
8370,3.5775647163391113,5.161334874721767,,,,
8371,3.5899906158447266,5.1792616583171025,,,,
8372,3.5760343074798584,5.15912696144999,,,,
8373,3.6960740089416504,5.33230764345871,,,,
8374,3.563807964324951,5.141488076812199,,,,
8375,3.641512393951416,5.253591872089405,,,,
8376,3.586136817932129,5.17370180318001,,,,
8377,3.5513341426849365,5.123492156191216,,,,
8378,3.6560869216918945,5.274618470983892,,,,
8379,3.6267049312591553,5.2322292190951325,,,,
8380,3.6445672512054443,5.257999099500416,,,,
8381,3.701056480407715,5.3394958303341715,,,,
8382,3.619367837905884,5.221644030899828,,,,
8383,3.5244150161743164,5.084656065869282,,,,
8384,3.783769369125366,5.458825304704727,,,,
8385,3.637010335922241,5.247096775296921,,,,
8386,3.6715633869171143,5.296946290614807,,,,
8387,3.6712565422058105,5.296503607271487,,,,
8388,3.649998188018799,5.265834285108424,,,,
8389,3.5944719314575195,5.1857268301283375,,,,
8390,3.6034743785858154,5.198714615956195,,,,
8391,3.592141628265381,5.1823649132692715,,,,
8392,3.5792670249938965,5.163790786976088,,,,
8393,3.5566821098327637,5.131207641874224,,,,
8394,3.592898368835449,5.183456659136948,,,,
8395,3.6545803546905518,5.272444954242288,,,,
8396,3.5557701587677,5.1298919745951235,,,,
8397,3.636823892593384,5.246827794430971,,,,
8398,3.571782112121582,5.152992340293714,,,,
8399,3.562540054321289,5.139658869337622,,,,
8400,3.6986026763916016,5.335955739448811,4.074889659881592,5.878823104480888,,
8401,3.5306127071380615,5.0935974438876395,,,,
8402,3.6016781330108643,5.196123181372994,,,,
8403,3.5532143115997314,5.126204666560625,,,,
8404,3.5404200553894043,5.107746456574123,,,,
8405,3.588499069213867,5.177109811389507,,,,
8406,3.6299986839294434,5.236981099738472,,,,
8407,3.601353406906128,5.195654700632044,,,,
8408,3.6017842292785645,5.196276245932262,,,,
8409,3.617497205734253,5.218945279142489,,,,
8410,3.6066572666168213,5.203306552734232,,,,
8411,3.6124379634857178,5.211646335439871,,,,
8412,3.6799604892730713,5.309060748541584,,,,
8413,3.625852108001709,5.23099885521086,,,,
8414,3.57651948928833,5.159826930839002,,,,
8415,3.544877529144287,5.1141772318551855,,,,
8416,3.617936849594116,5.219579551158871,,,,
8417,3.749913454055786,5.409981543929087,,,,
8418,3.6621224880218506,5.283325952597076,,,,
8419,3.6112253665924072,5.209896927915295,,,,
8420,3.5758442878723145,5.1588528211045155,,,,
8421,3.688148260116577,5.320873204933445,,,,
8422,3.7053208351135254,5.345647993720836,,,,
8423,3.65407657623291,5.271718155559742,,,,
8424,3.621966600418091,5.2253932526886375,,,,
8425,3.6270816326141357,5.2327726842718585,,,,
8426,3.6323184967041016,5.240327882124262,,,,
8427,3.691568613052368,5.3258077311520005,,,,
8428,3.6413192749023438,5.253313260195007,,,,
8429,3.596405506134033,5.188516388725333,,,,
8430,3.6781907081604004,5.306507494106874,,,,
8431,3.740203380584717,5.395972869085707,,,,
8432,3.549833059310913,5.121326550651552,,,,
8433,3.590053081512451,5.179351777226155,,,,
8434,3.648815631866455,5.264128217211865,,,,
8435,3.624567985534668,5.229146258095765,,,,
8436,3.5902323722839355,5.179610439133053,,,,
8437,3.543362617492676,5.111991676328021,,,,
8438,3.6091744899749756,5.206938138389852,,,,
8439,3.6462159156799316,5.260377619561848,,,,
8440,3.5982272624969482,5.1911446275958175,,,,
8441,3.5895421504974365,5.178614659584557,,,,
8442,3.499131202697754,5.048179233551884,,,,
8443,3.7178633213043213,5.363742976348715,,,,
8444,3.575071334838867,5.157737685596321,,,,
8445,3.690643310546875,5.324472801816003,,,,
8446,3.667313575744629,5.2908151091115485,,,,
8447,3.6000537872314453,5.193779745772337,,,,
8448,3.6146442890167236,5.21482939034204,,,,
8449,3.6145823001861572,5.214739959363592,,,,
8450,3.593212127685547,5.183909317474019,,,,
8451,3.625023603439331,5.229803575787363,,,,
8452,3.712779998779297,5.356409292150623,,,,
8453,3.6374123096466064,5.24767670079563,,,,
8454,3.68400239944458,5.314891992301738,,,,
8455,3.623439073562622,5.227517582392095,,,,
8456,3.6405084133148193,5.2521434342038384,,,,
8457,3.6023011207580566,5.197021962706404,,,,
8458,3.615635871887207,5.216259942031917,,,,
8459,3.5985159873962402,5.191561169576207,,,,
8460,3.6164944171905518,5.217498561083431,,,,
8461,3.623650074005127,5.227821991684122,,,,
8462,3.6417624950408936,5.253952691690915,,,,
8463,3.513718366622925,5.069224062607362,,,,
8464,3.514101028442383,5.069776126916632,,,,
8465,3.6055164337158203,5.201660678765475,,,,
8466,3.4803645610809326,5.021104692757156,,,,
8467,3.624610424041748,5.229207483919473,,,,
8468,3.6163673400878906,5.217315227577611,,,,
8469,3.5384421348571777,5.104892920431007,,,,
8470,3.612778425216675,5.212137517890736,,,,
8471,3.5759835243225098,5.159053696840723,,,,
8472,3.5906033515930176,5.1801456491425375,,,,
8473,3.571338653564453,5.152352564832505,,,,
8474,3.6322412490844727,5.240216437366503,,,,
8475,3.5951905250549316,5.186763541547738,,,,
8476,3.605459690093994,5.201578815023664,,,,
8477,3.5949034690856934,5.186349407324461,,,,
8478,3.651163339614868,5.267515243537956,,,,
8479,3.6554954051971436,5.2737650930703115,,,,
8480,3.618971347808838,5.221072016603059,,,,
8481,3.6284737586975098,5.234781097668635,,,,
8482,3.6010990142822266,5.195287689655103,,,,
8483,3.576613187789917,5.1599621092025805,,,,
8484,3.59714674949646,5.189585776848397,,,,
8485,3.6875247955322266,5.319973735669432,,,,
8486,3.673473596572876,5.299702140612233,,,,
8487,3.6314260959625244,5.239040419999903,,,,
8488,3.547193765640259,5.11751885476145,,,,
8489,3.6342716217041016,5.243145645875998,,,,
8490,3.5732927322387695,5.155171704445448,,,,
8491,3.6386377811431885,5.2494446824465,,,,
8492,3.5491526126861572,5.120344873680427,,,,
8493,3.6923751831054688,5.326971365767738,,,,
8494,3.5559215545654297,5.130110392561719,,,,
8495,3.486494779586792,5.029948728595125,,,,
8496,3.6535236835479736,5.27092050002504,,,,
8497,3.463531970977783,4.9968203984900255,,,,
8498,3.594705820083618,5.1860642600893305,,,,
8499,3.7300801277160645,5.381368102374438,,,,
8500,3.543795585632324,5.112616317315954,,,,
8501,3.583427906036377,5.169793669421804,,,,
8502,3.6490652561187744,5.264488348882771,,,,
8503,3.5850777626037598,5.172173909309745,,,,
8504,3.6214964389801025,5.224714953113635,,,,
8505,3.529237747192383,5.091613795992588,,,,
8506,3.62552547454834,5.230527622747496,,,,
8507,3.5823421478271484,5.168227251437745,,,,
8508,3.648026466369629,5.262989692063153,,,,
8509,3.560831069946289,5.137193326054853,,,,
8510,3.553311347961426,5.126344660438427,,,,
8511,3.609734058380127,5.207745424953001,,,,
8512,3.611872434616089,5.210830449744178,,,,
8513,3.722513437271118,5.370451675593571,,,,
8514,3.5963973999023438,5.188504693905074,,,,
8515,3.625458240509033,5.230430624532409,,,,
8516,3.6661174297332764,5.289089435192791,,,,
8517,3.6073126792907715,5.204252113348676,,,,
8518,3.55507230758667,5.128885188156972,,,,
8519,3.614938974380493,5.215254531454973,,,,
8520,3.6072921752929688,5.204222532332728,,,,
8521,3.5664329528808594,5.145275134784198,,,,
8522,3.583160161972046,5.169407396387966,,,,
8523,3.5869598388671875,5.174889171401567,,,,
8524,3.491943597793579,5.037809711600762,,,,
8525,3.5330629348754883,5.097132375293474,,,,
8526,3.673213243484497,5.299326530502748,,,,
8527,3.674567222595215,5.301279909451249,,,,
8528,3.6783523559570312,5.306740702581444,,,,
8529,3.5914669036865234,5.181391491465388,,,,
8530,3.5666284561157227,5.145557186331613,,,,
8531,3.56443452835083,5.142392017625134,,,,
8532,3.532961368560791,5.096985846074939,,,,
8533,3.5970892906188965,5.189502881210681,,,,
8534,3.6615374088287354,5.282481861746642,,,,
8535,3.5683753490448,5.148077420097357,,,,
8536,3.6935133934020996,5.328613456118176,,,,
8537,3.6011219024658203,5.195320710324069,,,,
8538,3.5679168701171875,5.147415974822138,,,,
8539,3.5867791175842285,5.174628445702859,,,,
8540,3.607844591140747,5.205019499936825,,,,
8541,3.609072685241699,5.206791265206014,,,,
8542,3.5555405616760254,5.129560736009561,,,,
8543,3.5618011951446533,5.138592920867574,,,,
8544,3.6363935470581055,5.246206937061356,,,,
8545,3.5076472759246826,5.060465330164221,,,,
8546,3.6170125007629395,5.218245997684081,,,,
8547,3.62469744682312,5.229333031254603,,,,
8548,3.5793752670288086,5.163946947223072,,,,
8549,3.527489185333252,5.089091154469732,,,,
8550,3.4891693592071533,5.033807331349882,,,,
8551,3.598087787628174,5.190943407894308,,,,
8552,3.599958658218384,5.19364250361695,,,,
8553,3.5630640983581543,5.140414905070815,,,,
8554,3.6652135848999023,5.287785462733949,,,,
8555,3.6414923667907715,5.2535629790040606,,,,
8556,3.671104669570923,5.296284501374287,,,,
8557,3.5638797283172607,5.141591610368018,,,,
8558,3.570895195007324,5.151712789371294,,,,
8559,3.5206470489501953,5.079220038240811,,,,
8560,3.548004150390625,5.118687992822014,,,,
8561,3.5861191749572754,5.173676349747682,,,,
8562,3.5657355785369873,5.1442690362766506,,,,
8563,3.612684726715088,5.2120023395271575,,,,
8564,3.6827290058135986,5.313054873625221,,,,
8565,3.5717005729675293,5.152874704160524,,,,
8566,3.5889666080474854,5.177784327346191,,,,
8567,3.554598331451416,5.1282013851371415,,,,
8568,3.5518510341644287,5.124237872965358,,,,
8569,3.670076847076416,5.2948016669585485,,,,
8570,3.616121768951416,5.216960943316834,,,,
8571,3.5759525299072266,5.159008981351499,,,,
8572,3.6541924476623535,5.271885322696381,,,,
8573,3.6161673069000244,5.217026640689464,,,,
8574,3.5369086265563965,5.102680535610308,,,,
8575,3.673591136932373,5.299871715505984,,,,
8576,3.549694299697876,5.121126362845947,,,,
8577,3.6632165908813477,5.284904409366695,,,,
8578,3.5915088653564453,5.181452029358492,,,,
8579,3.623408317565918,5.2274732108681725,,,,
8580,3.6333603858947754,5.241831010492803,,,,
8581,3.53869891166687,5.105263371060966,,,,
8582,3.628244638442993,5.234450547013677,,,,
8583,3.5852911472320557,5.172481758254789,,,,
8584,3.4471311569213867,4.97315902538432,,,,
8585,3.621175527572632,5.224251975817512,,,,
8586,3.6420698165893555,5.254396062964839,,,,
8587,3.6010210514068604,5.195175213001439,,,,
8588,3.6792354583740234,5.308014750059036,,,,
8589,3.523054599761963,5.082693399857636,,,,
8590,3.510538101196289,5.064635909447644,,,,
8591,3.6893208026885986,5.322564826287331,,,,
8592,3.5905168056488037,5.180020789738012,,,,
8593,3.7269153594970703,5.376802306959331,,,,
8594,3.584653377532959,5.171561651072674,,,,
8595,3.535642147064209,5.100853391927542,,,,
8596,3.6159486770629883,5.216711224507781,,,,
8597,3.53694486618042,5.10273281833617,,,,
8598,3.5763089656829834,5.1595232094775785,,,,
8599,3.6033525466918945,5.198538849687013,,,,
8600,3.5892162322998047,5.178144459017098,4.162655639648437,6.005442648249277,,
8601,3.5597338676452637,5.135610397736312,,,,
8602,3.539604663848877,5.106570095242222,,,,
8603,3.6636645793914795,5.285550720168637,,,,
8604,3.5635592937469482,5.1411293210024995,,,,
8605,3.5717501640319824,5.152946248943283,,,,
8606,3.711149215698242,5.35405656948682,,,,
8607,3.593665599822998,5.184563539477901,,,,
8608,3.6168296337127686,5.2179821762976575,,,,
8609,3.6282620429992676,5.2344756564807025,,,,
8610,3.6361489295959473,5.245854028661785,,,,
8611,3.639535903930664,5.2507403997381,,,,
8612,3.60140323638916,5.195726589380104,,,,
8613,3.621829032897949,5.225194784709542,,,,
8614,3.606175422668457,5.202611398859445,,,,
8615,3.5725760459899902,5.154137744748461,,,,
8616,3.543485641479492,5.112169162423711,,,,
8617,3.6576685905456543,5.27690033679554,,,,
8618,3.6031713485717773,5.198277436057702,,,,
8619,3.6535329818725586,5.270933914671808,,,,
8620,3.5538368225097656,5.127102759963431,,,,
8621,3.564011573791504,5.141781823179873,,,,
8622,3.6293513774871826,5.236047233944287,,,,
8623,3.5790529251098633,5.1634819061351385,,,,
8624,3.5172572135925293,5.074329539580876,,,,
8625,3.576657772064209,5.160026430714003,,,,
8626,3.7344231605529785,5.387633774310672,,,,
8627,3.690103054046631,5.323693376442293,,,,
8628,3.665243625640869,5.287828802361966,,,,
8629,3.576728343963623,5.160128244443314,,,,
8630,3.626722574234009,5.23225467252746,,,,
8631,3.718634605407715,5.3648557040997975,,,,
8632,3.6932930946350098,5.3282956321793815,,,,
8633,3.5857040882110596,5.173077506157378,,,,
8634,3.6242048740386963,5.228622398941238,,,,
8635,3.609884262084961,5.207962123093089,,,,
8636,3.547720432281494,5.118278674112961,,,,
8637,3.5798630714416504,5.1646507002304025,,,,
8638,3.6572065353393555,5.2762337320407955,,,,
8639,3.4918785095214844,5.037715809073391,,,,
8640,3.492527723312378,5.03865242658999,,,,
8641,3.56179141998291,5.1385788182902035,,,,
8642,3.5405020713806152,5.107864780637916,,,,
8643,3.5930376052856445,5.183657534873157,,,,
8644,3.515141010284424,5.071276503562759,,,,
8645,3.5254833698272705,5.086197374386315,,,,
8646,3.6073341369628906,5.204283070225832,,,,
8647,3.501352548599243,5.051383958268062,,,,
8648,3.51542592048645,5.071687542098322,,,,
8649,3.5257492065429688,5.086580895697739,,,,
8650,3.5004000663757324,5.050009816887668,,,,
8651,3.617802381515503,5.219385554728698,,,,
8652,3.569295883178711,5.149405470127319,,,,
8653,3.5660884380340576,5.144778104923205,,,,
8654,3.6020774841308594,5.196699323253385,,,,
8655,3.5195984840393066,5.077707278843821,,,,
8656,3.6203360557556152,5.223040873990136,,,,
8657,3.559483766555786,5.135249578134801,,,,
8658,3.5889930725097656,5.177822507494683,,,,
8659,3.6764144897460938,5.303944952609019,,,,
8660,3.706083297729492,5.346747994755754,,,,
8661,3.6118435859680176,5.210788829942669,,,,
8662,3.5975470542907715,5.190163294589994,,,,
8663,3.573909044265747,5.156060854750408,,,,
8664,3.625774383544922,5.230886722522498,,,,
8665,3.738931179046631,5.3941374702357,,,,
8666,3.5872983932495117,5.175377602130017,,,,
8667,3.674201726913452,5.300752610643703,,,,
8668,3.628504514694214,5.2348254691925575,,,,
8669,3.5740866661071777,5.156317108900194,,,,
8670,3.6550674438476562,5.273147675353713,,,,
8671,3.561039686203003,5.1374942956938625,,,,
8672,3.6332082748413086,5.241611560630302,,,,
8673,3.5670523643493652,5.146168756638081,,,,
8674,3.4739134311676025,5.011797679623064,,,,
8675,3.518521308898926,5.076153243610625,,,,
8676,3.6628708839416504,5.284405659679193,,,,
8677,3.595552444458008,5.187285680875758,,,,
8678,3.580995798110962,5.1662848793789005,,,,
8679,3.5505762100219727,5.122398690497031,,,,
8680,3.4972002506256104,5.0453934585732085,,,,
8681,3.544750452041626,5.113993898349365,,,,
8682,3.5525259971618652,5.125211638734543,,,,
8683,3.6721510887145996,5.297794165083561,,,,
8684,3.625065565109253,5.229864113680467,,,,
8685,3.6307153701782227,5.238015059435459,,,,
8686,3.675693988800049,5.302905489467204,,,,
8687,3.609776735305786,5.20780699474201,,,,
8688,3.549502372741699,5.120849470778059,,,,
8689,3.6170523166656494,5.218303439889469,,,,
8690,3.6353394985198975,5.244686266462427,,,,
8691,3.638725757598877,5.249571605642836,,,,
8692,3.5083322525024414,5.061453542476079,,,,
8693,3.5750479698181152,5.157703976996752,,,,
8694,3.5788464546203613,5.163184032183844,,,,
8695,3.6540770530700684,5.271718843490345,,,,
8696,3.526827335357666,5.088136306792142,,,,
8697,3.6454367637634277,5.259253540955809,,,,
8698,3.5870423316955566,5.175008183395964,,,,
8699,3.6298365592956543,5.236747203333298,,,,
8700,3.5970473289489746,5.189442343317578,,,,
8701,3.6468253135681152,5.261256794873059,,,,
8702,3.5517489910125732,5.124090655816219,,,,
8703,3.5950560569763184,5.186569545117566,,,,
8704,3.6405017375946045,5.252133803175391,,,,
8705,3.545395612716675,5.114924668455835,,,,
8706,3.6332969665527344,5.241739515722544,,,,
8707,3.6154356002807617,5.215971011178468,,,,
8708,3.7258129119873047,5.375211811404153,,,,
8709,3.53800630569458,5.104264151859453,,,,
8710,3.613415241241455,5.213056249211645,,,,
8711,3.6351146697998047,5.2443619071829,,,,
8712,3.7039337158203125,5.343646803595396,,,,
8713,3.554561138153076,5.128147726550073,,,,
8714,3.598695993423462,5.19182086337901,,,,
8715,3.6156797409057617,5.216323231647435,,,,
8716,3.5830812454223633,5.169293543873095,,,,
8717,3.647749423980713,5.262590004382547,,,,
8718,3.5233805179595947,5.083163600425094,,,,
8719,3.5642430782318115,5.142115813487848,,,,
8720,3.6417124271392822,5.253880458977553,,,,
8721,3.6336817741394043,5.2422946757195295,,,,
8722,3.5509257316589355,5.12290294362936,,,,
8723,3.5642642974853516,5.142146426399702,,,,
8724,3.5108120441436768,5.065031125579327,,,,
8725,3.63338565826416,5.241867470814786,,,,
8726,3.6222920417785645,5.225862765325493,,,,
8727,3.565913200378418,5.1445252904264365,,,,
8728,3.564077854156494,5.141877445533752,,,,
8729,3.597301959991455,5.189809698259821,,,,
8730,3.5874547958374023,5.1756032433679495,,,,
8731,3.5891528129577637,5.178052964246839,,,,
8732,3.647947311401367,5.26287549558298,,,,
8733,3.54703688621521,5.117292525592914,,,,
8734,3.655647039413452,5.273983855002209,,,,
8735,3.5942623615264893,5.185424484628121,,,,
8736,3.6243839263916016,5.228880716882833,,,,
8737,3.614271640777588,5.214291772575443,,,,
8738,3.611178398132324,5.209829166750855,,,,
8739,3.5967750549316406,5.189049534943007,,,,
8740,3.5499484539031982,5.121493029857588,,,,
8741,3.6190850734710693,5.221236088051982,,,,
8742,3.6387202739715576,5.249563694440897,,,,
8743,3.62864089012146,5.235022217345144,,,,
8744,3.5346665382385254,5.09944588591288,,,,
8745,3.5691659450531006,5.149218009037879,,,,
8746,3.608950138092041,5.206614467040928,,,,
8747,3.601534843444824,5.195916458226657,,,,
8748,3.6168510913848877,5.2180131331748125,,,,
8749,3.5484676361083984,5.1193566613685695,,,,
8750,3.4992330074310303,5.048326106735721,,,,
8751,3.5834460258483887,5.169819810784735,,,,
8752,3.65512752532959,5.273234354609748,,,,
8753,3.6039743423461914,5.1994359111939135,,,,
8754,3.631540298461914,5.23920517937943,,,,
8755,3.5302395820617676,5.093059138190439,,,,
8756,3.5661752223968506,5.144903308293033,,,,
8757,3.5447006225585938,5.113922009601304,,,,
8758,3.5864744186401367,5.174188858047254,,,,
8759,3.609579086303711,5.20752184750688,,,,
8760,3.5430705547332764,5.111570318833406,,,,
8761,3.5757055282592773,5.158652633298911,,,,
8762,3.527885913848877,5.0896635127318035,,,,
8763,3.5788040161132812,5.163122806360137,,,,
8764,3.5789759159088135,5.163370805342681,,,,
8765,3.562164783477783,5.1391174679527065,,,,
8766,3.568385362625122,5.148091866640029,,,,
8767,3.6225194931030273,5.226190908223339,,,,
8768,3.582078456878662,5.167846825814037,,,,
8769,3.5183048248291016,5.075840923116658,,,,
8770,3.495412588119507,5.042814406740869,,,,
8771,3.5490221977233887,5.120156724660383,,,,
8772,3.6900877952575684,5.323671362662982,,,,
8773,3.500168800354004,5.049676170544994,,,,
8774,3.6336669921875,5.242273349870822,,,,
8775,3.6895084381103516,5.322835526979789,,,,
8776,3.630074977874756,5.237091168635024,,,,
8777,3.567326545715332,5.146564316735065,,,,
8778,3.6096343994140625,5.20760164745688,,,,
8779,3.517726421356201,5.075006463294672,,,,
8780,3.6774544715881348,5.305445329255146,,,,
8781,3.675292491912842,5.302326251899098,,,,
8782,3.563344717025757,5.1408197522309464,,,,
8783,3.669745445251465,5.294323555189149,,,,
8784,3.580160617828369,5.165079968926956,,,,
8785,3.580167770385742,5.165090287886008,,,,
8786,3.6492793560028076,5.264797229723721,,,,
8787,3.6031394004821777,5.1982313447072706,,,,
8788,3.6430115699768066,5.255754725906656,,,,
8789,3.476186752319336,5.015077388775017,,,,
8790,3.629995346069336,5.236976284224248,,,,
8791,3.6114583015441895,5.210232982015081,,,,
8792,3.533374071121216,5.097581250012226,,,,
8793,3.628999948501587,5.235540229089543,,,,
8794,3.6699647903442383,5.294640003266737,,,,
8795,3.5494933128356934,5.120836400096593,,,,
8796,3.5511698722839355,5.123255164098327,,,,
8797,3.630314826965332,5.23743719772856,,,,
8798,3.432955265045166,4.9527075364743185,,,,
8799,3.6161375045776367,5.2169836450267475,,,,
8800,3.6498324871063232,5.265595229223724,4.065808963775635,5.8657224292410035,,
8801,3.5144026279449463,5.070211243023315,,,,
8802,3.610463857650757,5.208798302741584,,,,
8803,3.5855889320373535,5.172911370916644,,,,
8804,3.481576919555664,5.02285375631643,,,,
8805,3.6099343299865723,5.208034355806451,,,,
8806,3.7069954872131348,5.348064006000157,,,,
8807,3.649017810821533,5.264419899787728,,,,
8808,3.5517754554748535,5.124128835964711,,,,
8809,3.5768861770629883,5.160355949473056,,,,
8810,3.5838680267333984,5.170428629368789,,,,
8811,3.5732696056365967,5.15513833981118,,,,
8812,3.4960622787475586,5.0437517121880715,,,,
8813,3.555974006652832,5.130186064928099,,,,
8814,3.614497423171997,5.214617507716177,,,,
8815,3.5748205184936523,5.1573758340989055,,,,
8816,3.540445327758789,5.107782916896106,,,,
8817,3.569967746734619,5.150374764347582,,,,
8818,3.537767171859741,5.103919154661822,,,,
8819,3.5568790435791016,5.131491757213449,,,,
8820,3.4934215545654297,5.039941952506159,,,,
8821,3.6268582344055176,5.232450388784142,,,,
8822,3.6239144802093506,5.228203449203736,,,,
8823,3.5974297523498535,5.189994063661546,,,,
8824,3.535837173461914,5.101134755544353,,,,
8825,3.5062193870544434,5.058405321972186,,,,
8826,3.4862449169158936,5.029588252958916,,,,
8827,3.5983526706695557,5.191325553344526,,,,
8828,3.5687179565429688,5.148571698235936,,,,
8829,3.609652042388916,5.207627100889208,,,,
8830,3.679962396621704,5.309063500263997,,,,
8831,3.613219738006592,5.2127741976642294,,,,
8832,3.6191906929016113,5.221388464680646,,,,
8833,3.6950578689575195,5.330841663342754,,,,
8834,3.57578182220459,5.158762702195463,,,,
8835,3.6174428462982178,5.218866855053696,,,,
8836,3.566610813140869,5.145531732899285,,,,
8837,3.612659454345703,5.211965879205175,,,,
8838,3.583958148956299,5.170558648252841,,,,
8839,3.552483081817627,5.125149724980232,,,,
8840,3.610555410385132,5.208930385417446,,,,
8841,3.649576425552368,5.265225810489671,,,,
8842,3.602553367614746,5.197385877995629,,,,
8843,3.621371269226074,5.224534371330229,,,,
8844,3.622450828552246,5.226091846216442,,,,
8845,3.599862575531006,5.193503885600354,,,,
8846,3.5967679023742676,5.189039215983955,,,,
8847,3.645711898803711,5.2596504769140004,,,,
8848,3.5960330963134766,5.187979114924037,,,,
8849,3.555581569671631,5.129619898041458,,,,
8850,3.5369577407836914,5.102751392462464,,,,
8851,3.64697265625,5.261469365429526,,,,
8852,3.634981870651245,5.2441703185098385,,,,
8853,3.5433568954467773,5.111983421160779,,,,
8854,3.5533194541931152,5.126356355258686,,,,
8855,3.60262393951416,5.19748769172494,,,,
8856,3.5709781646728516,5.151832489296296,,,,
8857,3.6676878929138184,5.291355134635257,,,,
8858,3.5337510108947754,5.0981250591542535,,,,
8859,3.566988706588745,5.14607691790252,,,,
8860,3.4838204383850098,5.026090469805668,,,,
8861,3.580235004425049,5.165187286101094,,,,
8862,3.6549501419067383,5.272978444425265,,,,
8863,3.534313201904297,5.098936129335723,,,,
8864,3.571925640106201,5.153199407405353,,,,
8865,3.588498592376709,5.177109123458904,,,,
8866,3.6005806922912598,5.194539909089151,,,,
8867,3.5844979286193848,5.171337385695948,,,,
8868,3.629452705383301,5.23619341919752,,,,
8869,3.5484399795532227,5.119316761393569,,,,
8870,3.619088649749756,5.221241247531507,,,,
8871,3.5938971042633057,5.184897529785877,,,,
8872,3.58784818649292,5.176170786115796,,,,
8873,3.6147994995117188,5.215053311753464,,,,
8874,3.5483343601226807,5.119164384764905,,,,
8875,3.6087677478790283,5.206351333585108,,,,
8876,3.636221408843994,5.24595859411351,,,,
8877,3.6575639247894287,5.276749336028082,,,,
8878,3.6245908737182617,5.2291792787647315,,,,
8879,3.5801610946655273,5.165080656857559,,,,
8880,3.573080062866211,5.154864887396308,,,,
8881,3.639753818511963,5.251054784023877,,,,
8882,3.5694851875305176,5.149678578576889,,,,
8883,3.526991605758667,5.088373298885031,,,,
8884,3.56884765625,5.148758815360075,,,,
8885,3.5355350971221924,5.100698951507066,,,,
8886,3.4839272499084473,5.026244566260841,,,,
8887,3.5509891510009766,5.122994438399619,,,,
8888,3.5468363761901855,5.117003250774163,,,,
8889,3.604839324951172,5.200683817308574,,,,
8890,3.512921094894409,5.068073842638392,,,,
8891,3.5392796993255615,5.106101270535969,,,,
8892,3.633920192718506,5.242638641021255,,,,
8893,3.5517497062683105,5.1240916877121245,,,,
8894,3.5237557888031006,5.083705001810011,,,,
8895,3.5185277462005615,5.076162530673772,,,,
8896,3.491353988647461,5.0369590854095945,,,,
8897,3.559335947036743,5.135036319647732,,,,
8898,3.6384458541870117,5.2491677903786105,,,,
8899,3.5788493156433105,5.163188159767465,,,,
8900,3.542011260986328,5.1100420809978395,,,,
8901,3.5783302783966064,5.162439347305608,,,,
8902,3.5869293212890625,5.174845143842946,,,,
8903,3.6404306888580322,5.252031301515476,,,,
8904,3.529623508453369,5.09217033185078,,,,
8905,3.524966239929199,5.085451313646872,,,,
8906,3.626324415206909,5.231680250473579,,,,
8907,3.663076400756836,5.2847021577692805,,,,
8908,3.645907402038574,5.259932528461415,,,,
8909,3.4732627868652344,5.010858998314655,,,,
8910,3.581641674041748,5.167216681381276,,,,
8911,3.581718683242798,5.167327782173732,,,,
8912,3.598723888397217,5.191861107319312,,,,
8913,3.539989471435547,5.107125255239207,,,,
8914,3.661858081817627,5.282944495077462,,,,
8915,3.573239326477051,5.1550946562178614,,,,
8916,3.5361433029174805,5.101576406991769,,,,
8917,3.6459739208221436,5.260028494780597,,,,
8918,3.6096057891845703,5.207560371620673,,,,
8919,3.4626214504241943,4.995506795002735,,,,
8920,3.569474220275879,5.14966275617301,,,,
8921,3.5225181579589844,5.0819194779287535,,,,
8922,3.5888874530792236,5.1776701308660185,,,,
8923,3.622715473175049,5.226473647701358,,,,
8924,3.6042280197143555,5.19980189027495,,,,
8925,3.5158441066741943,5.072290857237548,,,,
8926,3.6206953525543213,5.223559229699837,,,,
8927,3.6242523193359375,5.228690848036281,,,,
8928,3.477221727371216,5.016570542149808,,,,
8929,3.5880794525146484,5.17650443245847,,,,
8930,3.6063899993896484,5.202920967630997,,,,
8931,3.6236047744750977,5.227756638276794,,,,
8932,3.6293914318084717,5.236105020114977,,,,
8933,3.5011982917785645,5.051161412717845,,,,
8934,3.6067705154418945,5.203469936252552,,,,
8935,3.597447633743286,5.1900198610591755,,,,
8936,3.54921293258667,5.1204318969017635,,,,
8937,3.530292510986328,5.093135498487422,,,,
8938,3.574434995651245,5.156819642206015,,,,
8939,3.5873024463653564,5.1753834495401465,,,,
8940,3.654019594192505,5.271635947852629,,,,
8941,3.5800416469573975,5.164908330241395,,,,
8942,3.5373973846435547,5.103385664478846,,,,
8943,3.554736852645874,5.128401228977444,,,,
8944,3.4955196380615234,5.042968847161344,,,,
8945,3.4878668785095215,5.0319282489065555,,,,
8946,3.6443562507629395,5.257694690208388,,,,
8947,3.663203239440918,5.284885147309798,,,,
8948,3.543426990509033,5.112084546959486,,,,
8949,3.495495319366455,5.042933762700568,,,,
8950,3.5612378120422363,5.137780130859597,,,,
8951,3.6253390312194824,5.230258641881546,,,,
8952,3.5344581604003906,5.0991452602391725,,,,
8953,3.594597339630127,5.185907755877046,,,,
8954,3.5301990509033203,5.093000664089145,,,,
8955,3.742713451385498,5.399594135782275,,,,
8956,3.6350700855255127,5.244297585671477,,,,
8957,3.5607173442840576,5.13702925460593,,,,
8958,3.532992362976074,5.097030561564163,,,,
8959,3.584552764892578,5.171416497715345,,,,
8960,3.464644432067871,4.998425340587877,,,,
8961,3.4853882789611816,5.028352385629816,,,,
8962,3.6316537857055664,5.239368906863051,,,,
8963,3.6262171268463135,5.231525466087802,,,,
8964,3.596850633621216,5.189158571943654,,,,
8965,3.6079578399658203,5.205182883455145,,,,
8966,3.5041933059692383,5.055482304838122,,,,
8967,3.510220527648926,5.064177747665746,,,,
8968,3.5809435844421387,5.166209550977823,,,,
8969,3.5742006301879883,5.156481524314419,,,,
8970,3.601874351501465,5.196406264816314,,,,
8971,3.6421360969543457,5.25449168531872,,,,
8972,3.60513973236084,5.2011172135887485,,,,
8973,3.5448336601257324,5.114113942239667,,,,
8974,3.6361372470855713,5.245837174362001,,,,
8975,3.583432197570801,5.169799860797235,,,,
8976,3.5236172676086426,5.083505157969708,,,,
8977,3.629281759262085,5.235946796076183,,,,
8978,3.6383941173553467,5.249093149908136,,,,
8979,3.6109585762023926,5.209512030742664,,,,
8980,3.553525924682617,5.12665422920998,,,,
8981,3.637904644012451,5.248386989143693,,,,
8982,3.7061233520507812,5.346805780926444,,,,
8983,3.596825122833252,5.18912176765637,,,,
8984,3.5666861534118652,5.145640425934631,,,,
8985,3.6785101890563965,5.306968407611187,,,,
8986,3.6115951538085938,5.210430418098271,,,,
8987,3.6745855808258057,5.301306394779481,,,,
8988,3.6243720054626465,5.2288635186177475,,,,
8989,3.6411828994750977,5.25311651204242,,,,
8990,3.5764803886413574,5.159770520529519,,,,
8991,3.620335102081299,5.223039498128929,,,,
8992,3.5819427967071533,5.1676511095573545,,,,
8993,3.5208725929260254,5.0795454294162425,,,,
8994,3.5664029121398926,5.145231795156181,,,,
8995,3.56577205657959,5.144321662967815,,,,
8996,3.6481871604919434,5.263221524676515,,,,
8997,3.5611391067504883,5.137637729224682,,,,
8998,3.560026168823242,5.136032099196227,,,,
8999,3.6099162101745605,5.208008214443519,,,,
9000,3.5916876792907715,5.181710003334786,4.108708763122559,5.927613757013942,,
9001,3.558602809906006,5.133978626344925,,,,
9002,3.5184855461120605,5.076101648815366,,,,
9003,3.5405309200286865,5.1079064004394255,,,,
9004,3.651425361633301,5.267893261404553,,,,
9005,3.660983085632324,5.28168214242013,,,,
9006,3.565112829208374,5.143370598908543,,,,
9007,3.531432628631592,5.094780340560274,,,,
9008,3.6034178733825684,5.1986330961796865,,,,
9009,3.481826066970825,5.023213200056733,,,,
9010,3.5562868118286133,5.130637347403963,,,,
9011,3.568309783935547,5.147982829639382,,,,
9012,3.601252794265747,5.195509547274716,,,,
9013,3.5183730125427246,5.075939297192952,,,,
9014,3.5592501163482666,5.134912492139111,,,,
9015,3.548405170440674,5.119266542459517,,,,
9016,3.5319035053253174,5.095459672031182,,,,
9017,3.5112013816833496,5.065592820917045,,,,
9018,3.5824968814849854,5.168450484918565,,,,
9019,3.5324103832244873,5.096190942262651,,,,
9020,3.7231130599975586,5.371316748327412,,,,
9021,3.610774278640747,5.20924614556443,,,,
9022,3.527367115020752,5.088915044235248,,,,
9023,3.5776121616363525,5.161403323816811,,,,
9024,3.6040139198303223,5.199493009434001,,,,
9025,3.587322950363159,5.175413030556095,,,,
9026,3.7075109481811523,5.348807658982487,,,,
9027,3.5453879833221436,5.114913661566179,,,,
9028,3.6412811279296875,5.253258225746731,,,,
9029,3.685452461242676,5.316983989266833,,,,
9030,3.6257781982421875,5.230892225967325,,,,
9031,3.533834457397461,5.098245447009858,,,,
9032,3.5566468238830566,5.131156735009569,,,,
9033,3.5455985069274902,5.115217382927603,,,,
9034,3.6318531036376953,5.239656461855294,,,,
9035,3.575718879699707,5.158671895355807,,,,
9036,3.5465469360351562,5.116585676897868,,,,
9037,3.566803216934204,5.145809312897778,,,,
9038,3.558223247528076,5.1334310335845785,,,,
9039,3.5289454460144043,5.091192094532673,,,,
9040,3.558100700378418,5.133254235419491,,,,
9041,3.5382232666015625,5.104577160284023,,,,
9042,3.5197653770446777,5.077948054555029,,,,
9043,3.5971202850341797,5.189547596699906,,,,
9044,3.566117286682129,5.144819724724713,,,,
9045,3.5616767406463623,5.138413370980074,,,,
9046,3.6372451782226562,5.24743558111912,,,,
9047,3.5634937286376953,5.141034730544525,,,,
9048,3.5381410121917725,5.104458492254928,,,,
9049,3.579590320587158,5.164257203925228,,,,
9050,3.563598155975342,5.14118538734668,,,,
9051,3.6377217769622803,5.24812316775727,,,,
9052,3.6265721321105957,5.232037630422071,,,,
9053,3.5256099700927734,5.086380019961531,,,,
9054,3.5132317543029785,5.06852202942654,,,,
9055,3.5474092960357666,5.117829799394209,,,,
9056,3.609316349029541,5.207142797744378,,,,
9057,3.5345239639282227,5.099240194662449,,,,
9058,3.519456148147583,5.077501931558691,,,,
9059,3.5264530181884766,5.087596281268433,,,,
9060,3.593478202819824,5.1842931827507455,,,,
9061,3.5300021171569824,5.09271654874992,,,,
9062,3.5922112464904785,5.182465351137376,,,,
9063,3.5422492027282715,5.110385358368962,,,,
9064,3.579967975616455,5.164802044963161,,,,
9065,3.550116539001465,5.121735525395303,,,,
9066,3.5648488998413086,5.142989829319533,,,,
9067,3.5882906913757324,5.1768091857158,,,,
9068,3.456027030944824,4.985993058722306,,,,
9069,3.636742115020752,5.246709814332479,,,,
9070,3.5181026458740234,5.075549240540795,,,,
9071,3.5530786514282227,5.126008950303943,,,,
9072,3.5725765228271484,5.154138432679064,,,,
9073,3.5946850776672363,5.18603433510808,,,,
9074,3.5375144481658936,5.103554551441992,,,,
9075,3.5686092376708984,5.14841485005835,,,,
9076,3.417422294616699,4.930298197066894,,,,
9077,3.5564146041870117,5.130821712805687,,,,
9078,3.55350399017334,5.126622584402221,,,,
9079,3.532174825668335,5.095851104544546,,,,
9080,3.6426711082458496,5.255263543455792,,,,
9081,3.566981792449951,5.146066942908771,,,,
9082,3.5784294605255127,5.162582436871126,,,,
9083,3.562016725540161,5.1389038655003345,,,,
9084,3.5346639156341553,5.099442102294561,,,,
9085,3.4950499534606934,5.042291235516945,,,,
9086,3.4279799461364746,4.945529668557908,,,,
9087,3.4910454750061035,5.0365139943091615,,,,
9088,3.549525737762451,5.1208831793776275,,,,
9089,3.4316444396972656,4.950816415245431,,,,
9090,3.5615200996398926,5.13818738577684,,,,
9091,3.556499481201172,5.130944164453102,,,,
9092,3.6082558631896973,5.205612840082303,,,,
9093,3.5466713905334473,5.116765226785368,,,,
9094,3.5073258876800537,5.060001664937495,,,,
9095,3.56667160987854,5.145619444051225,,,,
9096,3.6106643676757812,5.209087577560335,,,,
9097,3.544135332107544,5.113106467870913,,,,
9098,3.451834201812744,4.979944084926159,,,,
9099,3.51600980758667,5.072529913122247,,,,
9100,3.574714183807373,5.157222425574336,,,,
9101,3.551604747772217,5.123882556808675,,,,
9102,3.5643372535705566,5.14225167978203,,,,
9103,3.5702435970306396,5.150772732201679,,,,
9104,3.5263803005218506,5.0874913718514065,,,,
9105,3.6748156547546387,5.301638321295647,,,,
9106,3.6284584999084473,5.234759083889324,,,,
9107,3.565095901489258,5.143346177372121,,,,
9108,3.537710666656494,5.103837634885313,,,,
9109,3.5687613487243652,5.14863429992085,,,,
9110,3.6200928688049316,5.222690029382376,,,,
9111,3.5309698581695557,5.094112703909625,,,,
9112,3.529165029525757,5.0915088865755616,,,,
9113,3.6498351097106934,5.265599012842043,,,,
9114,3.5034050941467285,5.054345155550617,,,,
9115,3.4961442947387695,5.043870036251866,,,,
9116,3.5666251182556152,5.145552370817389,,,,
9117,3.56233549118042,5.139363747108741,,,,
9118,3.580772876739502,5.165963271821787,,,,
9119,3.5819735527038574,5.167695481081277,,,,
9120,3.6389718055725098,5.249926577834217,,,,
9121,3.4457507133483887,4.971167466287328,,,,
9122,3.573152780532837,5.154969796813335,,,,
9123,3.537775993347168,5.103931881377986,,,,
9124,3.5183959007263184,5.075972317861917,,,,
9125,3.6369199752807617,5.246966412447566,,,,
9126,3.5239081382751465,5.083924795637814,,,,
9127,3.4111838340759277,4.921298000981942,,,,
9128,3.543468952178955,5.11214508485259,,,,
9129,3.4978952407836914,5.046396117427738,,,,
9130,3.648711919784546,5.263978592305614,,,,
9131,3.5545971393585205,5.128199665310634,,,,
9132,3.589482307434082,5.178528324293824,,,,
9133,3.507906913757324,5.0608399083778,,,,
9134,3.579890251159668,5.164689912274799,,,,
9135,3.581590175628662,5.167142384876103,,,,
9136,3.513906240463257,5.069495107265122,,,,
9137,3.507267475128174,5.059917393438572,,,,
9138,3.534097909927368,5.098625528668265,,,,
9139,3.626593589782715,5.232068587299227,,,,
9140,3.5484986305236816,5.119401376857794,,,,
9141,3.6407690048217773,5.252519388278625,,,,
9142,3.530057430267334,5.09279634869992,,,,
9143,3.5103769302368164,5.064403388903678,,,,
9144,3.607161045074463,5.204033351416778,,,,
9145,3.4722046852111816,5.009332480305596,,,,
9146,3.54927921295166,5.120527519255643,,,,
9147,3.458531379699707,4.989606070251632,,,,
9148,3.586367607116699,5.174034761592081,,,,
9149,3.5481557846069336,5.118906754753913,,,,
9150,3.555043935775757,5.128844256286067,,,,
9151,3.5457546710968018,5.115442680200234,,,,
9152,3.568126678466797,5.147718664287657,,,,
9153,3.5011677742004395,5.051117385159224,,,,
9154,3.5920352935791016,5.182211504744702,,,,
9155,3.5352282524108887,5.100256268163746,,,,
9156,3.6287198066711426,5.235136069860015,,,,
9157,3.600673198699951,5.194673367626221,,,,
9158,3.6206727027893066,5.223526552996173,,,,
9159,3.6851491928100586,5.3165464654030385,,,,
9160,3.547658681869507,5.118189587099814,,,,
9161,3.5378313064575195,5.104011681327986,,,,
9162,3.542983055114746,5.111444083567673,,,,
9163,3.6017861366271973,5.196278997654676,,,,
9164,3.5947718620300293,5.1861595384779084,,,,
9165,3.492129325866699,5.038077660570806,,,,
9166,3.5962815284729004,5.188337526768435,,,,
9167,3.6033501625061035,5.198535410033996,,,,
9168,3.611295223236084,5.2099977097487,,,,
9169,3.5418524742126465,5.10981300010689,,,,
9170,3.558668613433838,5.1340735607682015,,,,
9171,3.5397584438323975,5.106791952861834,,,,
9172,3.5563344955444336,5.130706140464308,,,,
9173,3.5281825065612793,5.090091405567151,,,,
9174,3.4823083877563477,5.023909041862124,,,,
9175,3.53670597076416,5.102388165103841,,,,
9176,3.5509591102600098,5.122951098771602,,,,
9177,3.546290874481201,5.116216258163814,,,,
9178,3.6590869426727295,5.278946586375506,,,,
9179,3.572396755218506,5.153879082841563,,,,
9180,3.523012161254883,5.082632174033929,,,,
9181,3.536952257156372,5.102743481260524,,,,
9182,3.5501670837402344,5.121808446039269,,,,
9183,3.6249442100524902,5.229689035341889,,,,
9184,3.6142077445983887,5.214199589874581,,,,
9185,3.5847392082214355,5.171685478581295,,,,
9186,3.516974449157715,5.07392159673303,,,,
9187,3.518010139465332,5.075415782003725,,,,
9188,3.509395122528076,5.0629869397911715,,,,
9189,3.642636299133301,5.25521332452174,,,,
9190,3.5318875312805176,5.0954366263559665,,,,
9191,3.606412887573242,5.202953988299964,,,,
9192,3.659121513366699,5.278996461344256,,,,
9193,3.5561890602111816,5.130496321630255,,,,
9194,3.5219316482543945,5.081073323286508,,,,
9195,3.502933979034424,5.053665480114407,,,,
9196,3.4651548862457275,4.999161770298872,,,,
9197,3.5422463417053223,5.110381230785341,,,,
9198,3.511561870574951,5.066112896453254,,,,
9199,3.610812187194824,5.2093008360474045,,,,
9200,3.6067047119140625,5.203375001829276,4.110533714294434,5.93024660501947,,
9201,3.5723061561584473,5.153748376026907,,,,
9202,3.607856512069702,5.205036698201912,,,,
9203,3.4547481536865234,4.98414802884385,,,,
9204,3.481719970703125,5.023060135497466,,,,
9205,3.541456460952759,5.1092416737407245,,,,
9206,3.5974855422973633,5.19007455154215,,,,
9207,3.5523390769958496,5.12494196993799,,,,
9208,3.5860981941223145,5.173646080801131,,,,
9209,3.54512882232666,5.114539771283204,,,,
9210,3.5516371726989746,5.123929336089709,,,,
9211,3.6037418842315674,5.199100545024732,,,,
9212,3.610325574874878,5.208598802866582,,,,
9213,3.525668144226074,5.086463947495152,,,,
9214,3.518643856048584,5.076330041775712,,,,
9215,3.6248042583465576,5.229487127709776,,,,
9216,3.4585399627685547,4.989618453002494,,,,
9217,3.5191569328308105,5.077070255105025,,,,
9218,3.6065621376037598,5.2031693105788435,,,,
9219,3.496713161468506,5.044690737461782,,,,
9220,3.485398769378662,5.0283675201030915,,,,
9221,3.5613837242126465,5.137990637624253,,,,
9222,3.5114662647247314,5.065974966367262,,,,
9223,3.623199462890625,5.227171897263861,,,,
9224,3.632262945175171,5.24024773820896,,,,
9225,3.5065383911132812,5.058865547545896,,,,
9226,3.5503742694854736,5.122107351886469,,,,
9227,3.6083998680114746,5.205820595124544,,,,
9228,3.549853801727295,5.121356475632802,,,,
9229,3.552621364593506,5.125349224855233,,,,
9230,3.57858943939209,5.162813237588584,,,,
9231,3.5173449516296387,5.074456118811911,,,,
9232,3.5871260166168213,5.175128915216869,,,,
9233,3.5891060829162598,5.177985547047701,,,,
9234,3.625837802886963,5.230978217292757,,,,
9235,3.510720729827881,5.064899386868766,,,,
9236,3.631925106048584,5.2397603393764145,,,,
9237,3.5185422897338867,5.076183512557177,,,,
9238,3.6918134689331055,5.326160983516872,,,,
9239,3.6113975048065186,5.210145270863141,,,,
9240,3.539686679840088,5.106688419306015,,,,
9241,3.6280412673950195,5.234157144611305,,,,
9242,3.5623860359191895,5.139436667752707,,,,
9243,3.5411648750305176,5.108821004176714,,,,
9244,3.520888090133667,5.0795677871608556,,,,
9245,3.5749270915985107,5.157529586588777,,,,
9246,3.5389318466186523,5.105599425160752,,,,
9247,3.5589120388031006,5.134424749341264,,,,
9248,3.532078981399536,5.095712830493252,,,,
9249,3.550271987915039,5.121959790772029,,,,
9250,3.5031280517578125,5.053945467870012,,,,
9251,3.470071792602539,5.006255366716359,,,,
9252,3.4866364002227783,5.03015304398435,,,,
9253,3.456275701522827,4.986351814532006,,,,
9254,3.57602596282959,5.15911492266443,,,,
9255,3.5575027465820312,5.132391570442763,,,,
9256,3.60224986076355,5.196948010166532,,,,
9257,3.5398099422454834,5.106866249367007,,,,
9258,3.6091628074645996,5.2069212840900665,,,,
9259,3.5565543174743652,5.131023276472499,,,,
9260,3.5073366165161133,5.060017143376073,,,,
9261,3.4854485988616943,5.028439408851153,,,,
9262,3.613002300262451,5.212460501309056,,,,
9263,3.5225067138671875,5.08190296759427,,,,
9264,3.581730842590332,5.1673453244041205,,,,
9265,3.5932281017303467,5.183932363149235,,,,
9266,3.5851502418518066,5.17227847476147,,,,
9267,3.589376926422119,5.178376291630461,,,,
9268,3.645625352859497,5.259525617509474,,,,
9269,3.535627603530884,5.100832410044136,,,,
9270,3.539639949798584,5.106621002106877,,,,
9271,3.544053316116333,5.11298814380712,,,,
9272,3.5348105430603027,5.099653640955123,,,,
9273,3.5407538414001465,5.108228007996539,,,,
9274,3.693531036376953,5.328638909550504,,,,
9275,3.5533618927001953,5.126417581082393,,,,
9276,3.6142563819885254,5.214269758796132,,,,
9277,3.4796299934387207,5.020044935662539,,,,
9278,3.5884156227111816,5.176989423533904,,,,
9279,3.4976155757904053,5.0459926461288145,,,,
9280,3.5106441974639893,5.0647889740069125,,,,
9281,3.543621063232422,5.112364534715091,,,,
9282,3.439784526824951,4.962560078576947,,,,
9283,3.662191390991211,5.283425358569275,,,,
9284,3.5627169609069824,5.1399140915915025,,,,
9285,3.589850664138794,5.17905975068499,,,,
9286,3.573014259338379,5.154769952973032,,,,
9287,3.548166513442993,5.11892223319249,,,,
9288,3.4263811111450195,4.943223037244536,,,,
9289,3.569100856781006,5.149124106510508,,,,
9290,3.453341007232666,4.982117945633066,,,,
9291,3.524707317352295,5.085077767329198,,,,
9292,3.4968924522399902,5.04494939936868,,,,
9293,3.596155881881714,5.188156257054426,,,,
9294,3.691124439239502,5.325166923794885,,,,
9295,3.5037693977355957,5.054870734531654,,,,
9296,3.4580674171447754,4.988936713774474,,,,
9297,3.6110451221466064,5.20963689014719,,,,
9298,3.528472423553467,5.090509667374048,,,,
9299,3.5376696586608887,5.103778472853416,,,,
9300,3.574808359146118,5.157358291868517,,,,
9301,3.4984569549560547,5.0472064996786035,,,,
9302,3.5546624660491943,5.128293911803306,,,,
9303,3.5977942943573,5.190519986607884,,,,
9304,3.5394630432128906,5.106365779852997,,,,
9305,3.5212950706481934,5.080154935930901,,,,
9306,3.57904314994812,5.163467803557768,,,,
9307,3.527503490447998,5.089111792387836,,,,
9308,3.6093039512634277,5.207124911548688,,,,
9309,3.598027229309082,5.19085604070767,,,,
9310,3.5539236068725586,5.127227963333258,,,,
9311,3.4815168380737305,5.022767077060395,,,,
9312,3.59039044380188,5.179838488128096,,,,
9313,3.5963220596313477,5.188396000869728,,,,
9314,3.545757532119751,5.115446807783854,,,,
9315,3.584341287612915,5.171111400492714,,,,
9316,3.538682699203491,5.105239981420448,,,,
9317,3.5626211166381836,5.139775817540209,,,,
9318,3.628347158432007,5.234598452093419,,,,
9319,3.5269436836242676,5.0883041618593845,,,,
9320,3.5801870822906494,5.165118149075448,,,,
9321,3.524733543395996,5.085115603512388,,,,
9322,3.5545313358306885,5.128104730887357,,,,
9323,3.501919746398926,5.052202251720867,,,,
9324,3.505439043045044,5.057279523539639,,,,
9325,3.586988925933838,5.174931135168378,,,,
9326,3.580413818359375,5.165445260077388,,,,
9327,3.5646355152130127,5.142681980374489,,,,
9328,3.5783586502075195,5.162480279176513,,,,
9329,3.4740476608276367,5.011991332087935,,,,
9330,3.5624845027923584,5.13957872542232,,,,
9331,3.537416934967041,5.103413869633587,,,,
9332,3.6068356037139893,5.203563838779923,,,,
9333,3.4686412811279297,5.004191574906005,,,,
9334,3.5549063682556152,5.128645788306971,,,,
9335,3.5448479652404785,5.114134580157771,,,,
9336,3.584012031555176,5.170636384411031,,,,
9337,3.612239360809326,5.211359812343534,,,,
9338,3.449765205383301,4.976959154037784,,,,
9339,3.5005180835723877,5.050180079712022,,,,
9340,3.498617649078369,5.047438332291967,,,,
9341,3.4178342819213867,4.930892569108276,,,,
9342,3.6327497959136963,5.2409501153550835,,,,
9343,3.470020055770874,5.006180726245884,,,,
9344,3.5357604026794434,5.1010239987171975,,,,
9345,3.5853590965270996,5.172579788365781,,,,
9346,3.552645683288574,5.125384309316009,,,,
9347,3.4315617084503174,4.950697059285732,,,,
9348,3.59405517578125,5.185125578780921,,,,
9349,3.695457696914673,5.331418493153748,,,,
9350,3.572190523147583,5.15358155285557,,,,
9351,3.6023077964782715,5.1970315937348515,,,,
9352,3.5899105072021484,5.179146085975723,,,,
9353,3.5714499950408936,5.15251319662841,,,,
9354,3.5823073387145996,5.168177032503693,,,,
9355,3.572441577911377,5.153943748318287,,,,
9356,3.510934829711914,5.065208267709716,,,,
9357,3.5899622440338135,5.179220726446197,,,,
9358,3.5410897731781006,5.10871265510667,,,,
9359,3.496776580810547,5.044782232232042,,,,
9360,3.5428102016448975,5.1111947087239225,,,,
9361,3.508326530456543,5.061445287308837,,,,
9362,3.6015946865081787,5.1960027935173905,,,,
9363,3.5856881141662598,5.173054460482162,,,,
9364,3.546624183654785,5.116697121655627,,,,
9365,3.6198630332946777,5.222358446831512,,,,
9366,3.5672459602355957,5.146448056463083,,,,
9367,3.557098388671875,5.131808205291037,,,,
9368,3.6030702590942383,5.19813159476977,,,,
9369,3.547525405883789,5.11799731049615,,,,
9370,3.5544469356536865,5.127982967170547,,,,
9371,3.5948486328125,5.186270295305064,,,,
9372,3.5115861892700195,5.06614798091403,,,,
9373,3.467705488204956,5.002841511096732,,,,
9374,3.566009998321533,5.144664940338937,,,,
9375,3.5953617095947266,5.187010508634377,,,,
9376,3.5850677490234375,5.172159462767072,,,,
9377,3.6082966327667236,5.205671658148898,,,,
9378,3.5252249240875244,5.085824515999244,,,,
9379,3.5724658966064453,5.153978832779063,,,,
9380,3.556171417236328,5.130470868197928,,,,
9381,3.4041929244995117,4.911212250404743,,,,
9382,3.6483781337738037,5.263497040883198,,,,
9383,3.6449742317199707,5.258586248270461,,,,
9384,3.516763210296631,5.0736168434757,,,,
9385,3.5548267364501953,5.128530903896195,,,,
9386,3.531412124633789,5.0947507595443255,,,,
9387,3.583843231201172,5.17039285697741,,,,
9388,3.606426239013672,5.20297325035686,,,,
9389,3.4613630771636963,4.993691346140227,,,,
9390,3.582430839538574,5.168355206529987,,,,
9391,3.4789373874664307,5.019045716461026,,,,
9392,3.546731948852539,5.116852593972007,,,,
9393,3.4930379390716553,5.039388512335682,,,,
9394,3.5119566917419434,5.0666825029929115,,,,
9395,3.547110080718994,5.117398122940544,,,,
9396,3.5568394660949707,5.131434658973363,,,,
9397,3.5275490283966064,5.089177489760465,,,,
9398,3.563228130340576,5.140651553198403,,,,
9399,3.4871976375579834,5.030962738304612,,,,
9400,3.538140058517456,5.1044571163937205,4.089622974395752,5.900078784266324,,
9401,3.5509440898895264,5.122929428957593,,,,
9402,3.571554660797119,5.152664197395868,,,,
9403,3.52278470993042,5.082304031136083,,,,
9404,3.5338621139526367,5.098285346984858,,,,
9405,3.586824893951416,5.1746944870407905,,,,
9406,3.53912091255188,5.10587218964502,,,,
9407,3.496962308883667,5.045050181202086,,,,
9408,3.55470609664917,5.128356857453522,,,,
9409,3.6641502380371094,5.286251377488252,,,,
9410,3.5898220539093018,5.179018474848783,,,,
9411,3.619377374649048,5.221657789511897,,,,
9412,3.5515942573547363,5.123867422335399,,,,
9413,3.525451421737671,5.086151283035884,,,,
9414,3.459332227706909,4.990761449700129,,,,
9415,3.497175693511963,5.04535803014713,,,,
9416,3.5379464626312256,5.104177816568719,,,,
9417,3.4754953384399414,5.014079889400013,,,,
9418,3.500378370285034,5.04997851604521,,,,
9419,3.5126729011535645,5.067715774759296,,,,
9420,3.5277419090270996,5.089455757689562,,,,
9421,3.56282901763916,5.140075755283314,,,,
9422,3.569570302963257,5.149801374189606,,,,
9423,3.5026872158050537,5.053309476027121,,,,
9424,3.5396876335144043,5.106689795167222,,,,
9425,3.4910643100738525,5.036541167567997,,,,
9426,3.540635585784912,5.1080574012068825,,,,
9427,3.5583767890930176,5.133652547238889,,,,
9428,3.3925838470458984,4.894463891933119,,,,
9429,3.523623466491699,5.0835141010675535,,,,
9430,3.5450544357299805,5.114432454109066,,,,
9431,3.4920201301574707,5.037920124462616,,,,
9432,3.507780075073242,5.0606569188372825,,,,
9433,3.5545458793640137,5.128125712770762,,,,
9434,3.4958760738372803,5.0434830752874245,,,,
9435,3.42836594581604,4.946086548381402,,,,
9436,3.589211940765381,5.178138267641667,,,,
9437,3.4934709072113037,5.040013153323616,,,,
9438,3.613327741622925,5.212930013945911,,,,
9439,3.538614273071289,5.105141263378853,,,,
9440,3.50370454788208,5.054777175969584,,,,
9441,3.585536241531372,5.172835354584963,,,,
9442,3.5314831733703613,5.09485326120424,,,,
9443,3.5423038005828857,5.110464126423057,,,,
9444,3.57318377494812,5.155014512302559,,,,
9445,3.526444435119629,5.087583898517571,,,,
9446,3.5820531845092773,5.167810365492054,,,,
9447,3.6392877101898193,5.2503823318590035,,,,
9448,3.4528589248657227,4.981422447792976,,,,
9449,3.4793078899383545,5.019580238539907,,,,
9450,3.509643316268921,5.063345007670268,,,,
9451,3.4956116676330566,5.04310161776781,,,,
9452,3.595365047454834,5.187015324148602,,,,
9453,3.515458583831787,5.071734665344658,,,,
9454,3.599867105484009,5.193510420941086,,,,
9455,3.5552234649658203,5.129103262158266,,,,
9456,3.6161885261535645,5.217057253601317,,,,
9457,3.5897254943847656,5.178879168901584,,,,
9458,3.520463705062866,5.0789555289237835,,,,
9459,3.5299177169799805,5.09259478503311,,,,
9460,3.4930362701416016,5.03938610457857,,,,
9461,3.5808920860290527,5.16613525447265,,,,
9462,3.580634355545044,5.165763427981484,,,,
9463,3.5102133750915527,5.0641674287066945,,,,
9464,3.5558409690856934,5.1299941322897356,,,,
9465,3.6068921089172363,5.2036453585564315,,,,
9466,3.4779043197631836,5.017555314808649,,,,
9467,3.5626306533813477,5.139789576152278,,,,
9468,3.602077007293701,5.1966986353227815,,,,
9469,3.6405272483825684,5.252170607462675,,,,
9470,3.518024206161499,5.075436075956527,,,,
9471,3.5043883323669434,5.055763668454934,,,,
9472,3.4570467472076416,4.987464198317786,,,,
9473,3.546351671218872,5.116303969315754,,,,
9474,3.542527437210083,5.1107867658760755,,,,
9475,3.6008119583129883,5.194873555431825,,,,
9476,3.583571195602417,5.170000392568141,,,,
9477,3.5987253189086914,5.191863171111122,,,,
9478,3.5846683979034424,5.171583320886682,,,,
9479,3.4325907230377197,4.95218161352798,,,,
9480,3.5687992572784424,5.148688990403825,,,,
9481,3.5021791458129883,5.052576485969144,,,,
9482,3.429272413253784,4.947394304458562,,,,
9483,3.380281448364258,4.876715282364078,,,,
9484,3.6476712226867676,5.262477183763582,,,,
9485,3.560901165008545,5.137294451853561,,,,
9486,3.578434944152832,5.162590348073065,,,,
9487,3.5465986728668213,5.116660317368343,,,,
9488,3.533842086791992,5.098256453899513,,,,
9489,3.5030345916748047,5.053810633471736,,,,
9490,3.568772077560425,5.148649778359428,,,,
9491,3.4674925804138184,5.002534350082291,,,,
9492,3.534355640411377,5.0989973551594305,,,,
9493,3.4388961791992188,4.961278463862717,,,,
9494,3.5879437923431396,5.176308716201788,,,,
9495,3.5769238471984863,5.1604102959907285,,,,
9496,3.496983766555786,5.045081138079241,,,,
9497,3.496913433074951,5.044979668315232,,,,
9498,3.5633859634399414,5.140879258228145,,,,
9499,3.6255130767822266,5.230509736551806,,,,
9500,3.5259623527526855,5.0868884006774815,,,,
9501,3.428213357925415,4.945866410588297,,,,
9502,3.611064910888672,5.2096654392672335,,,,
9503,3.4958765506744385,5.043483763218028,,,,
9504,3.541106939315796,5.108737420608394,,,,
9505,3.4742157459259033,5.012233827625652,,,,
9506,3.5570068359375,5.131676122615174,,,,
9507,3.4912164211273193,5.036760617430499,,,,
9508,3.5327017307281494,5.096611267861359,,,,
9509,3.5273261070251465,5.088855882203352,,,,
9510,3.435364007949829,4.956182617917652,,,,
9511,3.572086811065674,5.1534319279493195,,,,
9512,3.5744831562042236,5.156889123196963,,,,
9513,3.4572720527648926,4.987789245527917,,,,
9514,3.5115833282470703,5.066143853330409,,,,
9515,3.463880777359009,4.9973236197264495,,,,
9516,3.51532244682312,5.0715382611573725,,,,
9517,3.535484552383423,5.100626030863101,,,,
9518,3.544865608215332,5.114160033590099,,,,
9519,3.500011920928955,5.049449841376458,,,,
9520,3.5005929470062256,5.0502880848167635,,,,
9521,3.563417434692383,5.140924661647973,,,,
9522,3.601436138153076,5.195774056591743,,,,
9523,3.6407647132873535,5.252513196903194,,,,
9524,3.542390823364258,5.110589673758187,,,,
9525,3.6747512817382812,5.301545450664181,,,,
9526,3.4864377975463867,5.029866520888012,,,,
9527,3.5246968269348145,5.085062632855922,,,,
9528,3.4818716049194336,5.023278897429363,,,,
9529,3.551710844039917,5.124035621367943,,,,
9530,3.5834546089172363,5.169832193535597,,,,
9531,3.5266573429107666,5.087891059532011,,,,
9532,3.5244712829589844,5.0847372416804895,,,,
9533,3.461838722229004,4.99437755691717,,,,
9534,3.4549994468688965,4.984510568271869,,,,
9535,3.469747543334961,5.005787573906012,,,,
9536,3.5794150829315186,5.1640043894284595,,,,
9537,3.546874761581421,5.11705862918774,,,,
9538,3.5877156257629395,5.175979541408037,,,,
9539,3.665318012237549,5.287936119536105,,,,
9540,3.5487380027770996,5.119746718020727,,,,
9541,3.5391018390655518,5.105844672420882,,,,
9542,3.4512386322021484,4.979084859602449,,,,
9543,3.517469644546509,5.074636012664714,,,,
9544,3.5235729217529297,5.083441180423588,,,,
9545,3.456728935241699,4.987005692570587,,,,
9546,3.555265188217163,5.129163456086069,,,,
9547,3.528886079788208,5.0911064471725425,,,,
9548,3.5538363456726074,5.127102072032827,,,,
9549,3.487729549407959,5.0317301248927615,,,,
9550,3.511476993560791,5.0659904448058395,,,,
9551,3.5803072452545166,5.165291507587517,,,,
9552,3.5108702182769775,5.065115053112948,,,,
9553,3.4724555015563965,5.009694331803011,,,,
9554,3.5376150608062744,5.103699704799321,,,,
9555,3.585339069366455,5.172550895280436,,,,
9556,3.486506462097168,5.029965582894909,,,,
9557,3.494986057281494,5.042199052816082,,,,
9558,3.5075507164001465,5.060326024217022,,,,
9559,3.488764762878418,5.033223622232854,,,,
9560,3.4512391090393066,4.979085547533052,,,,
9561,3.5040760040283203,5.055313073909673,,,,
9562,3.597189426422119,5.189647346637406,,,,
9563,3.52347993850708,5.083307033955914,,,,
9564,3.5099053382873535,5.063723025536865,,,,
9565,3.592557430267334,5.182964788755481,,,,
9566,3.4377174377441406,4.959577899410986,,,,
9567,3.512984275817871,5.068164993443349,,,,
9568,3.498856544494629,5.047782985524296,,,,
9569,3.5580902099609375,5.1332391009462155,,,,
9570,3.4725937843322754,5.009893831678013,,,,
9571,3.549184560775757,5.120390965030858,,,,
9572,3.594869375228882,5.186300220286314,,,,
9573,3.519106864929199,5.076998022391663,,,,
9574,3.5379397869110107,5.104168185540272,,,,
9575,3.5375618934631348,5.103623000537036,,,,
9576,3.5051064491271973,5.0567996919437315,,,,
9577,3.52628755569458,5.087357569349035,,,,
9578,3.5691089630126953,5.149135801330766,,,,
9579,3.4393985271453857,4.962003198753453,,,,
9580,3.456051826477051,4.9860288311136856,,,,
9581,3.487478733062744,5.031368273395346,,,,
9582,3.5444893836975098,5.113617256343976,,,,
9583,3.4731945991516113,5.010760624238361,,,,
9584,3.4239134788513184,4.939662996371676,,,,
9585,3.4969468116760254,5.045027823457474,,,,
9586,3.540654182434082,5.108084230500418,,,,
9587,3.5015511512756348,5.051670481364399,,,,
9588,3.573587417602539,5.155596845558381,,,,
9589,3.5019702911376953,5.0522751723648325,,,,
9590,3.490744113922119,5.03607922216778,,,,
9591,3.56136417388916,5.137962432469512,,,,
9592,3.5129284858703613,5.068084505562745,,,,
9593,3.551854372024536,5.1242426884795815,,,,
9594,3.6035914421081543,5.198883502919342,,,,
9595,3.5230393409729004,5.082671386078325,,,,
9596,3.585770606994629,5.1731734724765595,,,,
9597,3.6612093448638916,5.282008565491467,,,,
9598,3.5489909648895264,5.120111665205857,,,,
9599,3.5338873863220215,5.098321807306841,,,,
9600,3.4918360710144043,5.037654583249683,4.10426607131958,5.921204307581587,,
9601,3.4009957313537598,4.906599675708603,,,,
9602,3.5133204460144043,5.068649984518783,,,,
9603,3.466010332107544,5.0003959178014625,,,,
9604,3.445876121520996,4.971348392036036,,,,
9605,3.608621597290039,5.206140482855149,,,,
9606,3.483867645263672,5.02615857493541,,,,
9607,3.5058295726776123,5.057842938703865,,,,
9608,3.516432046890259,5.0731390756716035,,,,
9609,3.609339475631714,5.207176162378645,,,,
9610,3.485405683517456,5.028377495096842,,,,
9611,3.543278694152832,5.111870600541813,,,,
9612,3.4945547580718994,5.041576819585261,,,,
9613,3.5111894607543945,5.065575622651958,,,,
9614,3.633183479309082,5.241575788238922,,,,
9615,3.5307629108428955,5.0938141420277265,,,,
9616,3.609508991241455,5.207420721708172,,,,
9617,3.5348947048187256,5.099775060706632,,,,
9618,3.562657356262207,5.1398281002660715,,,,
9619,3.550325870513916,5.122037526930219,,,,
9620,3.4670348167419434,5.001873936702978,,,,
9621,3.5347445011138916,5.099558362566545,,,,
9622,3.541351079940796,5.109089641077362,,,,
9623,3.451920747756958,4.980068944330686,,,,
9624,3.578084707260132,5.162085063044831,,,,
9625,3.4500133991241455,4.977317221916881,,,,
9626,3.4298505783081055,4.948228420315247,,,,
9627,3.5439648628234863,5.1128605326801795,,,,
9628,3.5176663398742676,5.074919784038637,,,,
9629,3.543914794921875,5.112788299966817,,,,
9630,3.6262481212615967,5.231570181577026,,,,
9631,3.4688289165496826,5.004462275598463,,,,
9632,3.521132230758667,5.0799200076298225,,,,
9633,3.530280590057373,5.0931183002223355,,,,
9634,3.4959630966186523,5.043608622622554,,,,
9635,3.5396182537078857,5.1065897012644195,,,,
9636,3.533411979675293,5.0976359404952,,,,
9637,3.4472217559814453,4.9732897321989755,,,,
9638,3.592255115509033,5.182528640752893,,,,
9639,3.487748384475708,5.0317572981515974,,,,
9640,3.463099956512451,4.996197133363299,,,,
9641,3.532027244567871,5.095638190022778,,,,
9642,3.6360833644866943,5.2457594382038115,,,,
9643,3.5336239337921143,5.097941725648434,,,,
9644,3.620828151702881,5.223750818372897,,,,
9645,3.5413358211517334,5.109067627298051,,,,
9646,3.4675607681274414,5.002632724158585,,,,
9647,3.500701665878296,5.050444932994351,,,,
9648,3.5774590969085693,5.161182498093103,,,,
9649,3.581277370452881,5.166691102400239,,,,
9650,3.5654869079589844,5.143910280466951,,,,
9651,3.443824291229248,4.9683882266493855,,,,
9652,3.4694645404815674,5.005379287092864,,,,
9653,3.5376758575439453,5.103787415951261,,,,
9654,3.570829391479492,5.151617854948018,,,,
9655,3.509373664855957,5.0629559829140165,,,,
9656,3.429013967514038,4.947021446071492,,,,
9657,3.457042694091797,4.987458350907657,,,,
9658,3.539440631866455,5.106333447114634,,,,
9659,3.5372374057769775,5.103154863761388,,,,
9660,3.575608491897583,5.158512639421108,,,,
9661,3.594193458557129,5.185325078655922,,,,
9662,3.5095252990722656,5.063174744845914,,,,
9663,3.5192604064941406,5.077219536045974,,,,
9664,3.548056125640869,5.118762977257791,,,,
9665,3.517716884613037,5.074992704682603,,,,
9666,3.5730338096618652,5.1547981581277735,,,,
9667,3.58133602142334,5.166775717864463,,,,
9668,3.519239902496338,5.077189955030026,,,,
9669,3.537759780883789,5.103908491737468,,,,
9670,3.4926321506500244,5.038803083392145,,,,
9671,3.534973621368408,5.099888913221503,,,,
9672,3.6164629459381104,5.217453157663603,,,,
9673,3.5594239234924316,5.135163242844069,,,,
9674,3.4945125579833984,5.041515937726856,,,,
9675,3.6112914085388184,5.209992206303873,,,,
9676,3.5119247436523438,5.066636411642481,,,,
9677,3.4574813842773438,4.988091247062832,,,,
9678,3.5096096992492676,5.063296508562725,,,,
9679,3.4912800788879395,5.036852456166059,,,,
9680,3.4480068683624268,4.974422409937558,,,,
9681,3.500437021255493,5.050063131509435,,,,
9682,3.5143799781799316,5.070178566319651,,,,
9683,3.517528772354126,5.0747213160595415,,,,
9684,3.447350025177002,4.973474785531304,,,,
9685,3.524958610534668,5.085440306757216,,,,
9686,3.4299733638763428,4.948405562445636,,,,
9687,3.565727710723877,5.144257685421694,,,,
9688,3.461817741394043,4.994347287970618,,,,
9689,3.546583652496338,5.116638647554334,,,,
9690,3.5504636764526367,5.122236338874616,,,,
9691,3.5654823780059814,5.143903745126218,,,,
9692,3.506232261657715,5.058423896098479,,,,
9693,3.5111947059631348,5.065583189888597,,,,
9694,3.5372748374938965,5.103208866313759,,,,
9695,3.5402841567993164,5.107550396352139,,,,
9696,3.5360398292541504,5.10142712605082,,,,
9697,3.493340015411377,5.039824316372969,,,,
9698,3.479605197906494,5.020009163271159,,,,
9699,3.6262784004211426,5.231613865170345,,,,
9700,3.5180327892303467,5.075448458707389,,,,
9701,3.5668234825134277,5.145838549948425,,,,
9702,3.5486197471618652,5.11957611123107,,,,
9703,3.5262365341186523,5.0872839607744655,,,,
9704,3.530067205429077,5.092810451277291,,,,
9705,3.464524269104004,4.998251982075807,,,,
9706,3.5273070335388184,5.088828364979214,,,,
9707,3.384659767150879,4.883031861164967,,,,
9708,3.6562886238098145,5.274909465629152,,,,
9709,3.5045876502990723,5.056051223447176,,,,
9710,3.4789183139801025,5.019018199236887,,,,
9711,3.476306915283203,5.015250747287087,,,,
9712,3.4964218139648438,5.044270411863074,,,,
9713,3.446929454803467,4.97286803073906,,,,
9714,3.489880084991455,5.0348326919143265,,,,
9715,3.568814277648926,5.148710660217834,,,,
9716,3.5686087608337402,5.148414162127746,,,,
9717,3.5225744247436523,5.082000653739961,,,,
9718,3.5557401180267334,5.1298486349671055,,,,
9719,3.4650793075561523,4.999052733298225,,,,
9720,3.579972505569458,5.164808580303895,,,,
9721,3.5332987308502197,5.09747255697688,,,,
9722,3.5168306827545166,5.073714185656089,,,,
9723,3.553205728530884,5.126192283809763,,,,
9724,3.5549449920654297,5.128701510685851,,,,
9725,3.3996710777282715,4.904688604492215,,,,
9726,3.552825689315796,5.125644003118812,,,,
9727,3.5718045234680176,5.153024673032077,,,,
9728,3.5921168327331543,5.182329140877892,,,,
9729,3.500675678253174,5.050407440776462,,,,
9730,3.4698548316955566,5.005942358291788,,,,
9731,3.4727110862731934,5.010063062606461,,,,
9732,3.5494139194488525,5.120721859651118,,,,
9733,3.493644952774048,5.040264247993876,,,,
9734,3.5410048961639404,5.108590203459256,,,,
9735,3.561784029006958,5.13856815536585,,,,
9736,3.513688087463379,5.0691803790140435,,,,
9737,3.568633556365967,5.1484499345191255,,,,
9738,3.5758676528930664,5.158886529704084,,,,
9739,3.4610629081726074,4.993258293825354,,,,
9740,3.454451322555542,4.9837197920432015,,,,
9741,3.51876163482666,5.076499960634765,,,,
9742,3.462975263595581,4.996017239510496,,,,
9743,3.416396141052246,4.928817770408267,,,,
9744,3.4154062271118164,4.927389626475502,,,,
9745,3.6023917198181152,5.197152669521059,,,,
9746,3.600682258605957,5.194686438307686,,,,
9747,3.509024143218994,5.062451729781687,,,,
9748,3.469202995300293,5.00500195715687,,,,
9749,3.523331642150879,5.083093087538241,,,,
9750,3.4903459548950195,5.035504800113898,,,,
9751,3.5277099609375,5.08940966633913,,,,
9752,3.5463006496429443,5.116230360741185,,,,
9753,3.5779733657836914,5.1619244312489245,,,,
9754,3.418097972869873,4.931272994731985,,,,
9755,3.564037799835205,5.141819659363063,,,,
9756,3.511401891708374,5.065882095735796,,,,
9757,3.4656739234924316,4.999910582760728,,,,
9758,3.5120973587036133,5.06688544252093,,,,
9759,3.49099063873291,5.036434882289765,,,,
9760,3.498007297515869,5.0465577811195494,,,,
9761,3.6169700622558594,5.218184771860374,,,,
9762,3.488875389099121,5.033383222132855,,,,
9763,3.6047210693359375,5.200513210518919,,,,
9764,3.4383883476257324,4.960545817770042,,,,
9765,3.503018379211426,5.053787243831218,,,,
9766,3.530104875564575,5.092864797794964,,,,
9767,3.54386830329895,5.1127212267329805,,,,
9768,3.5076003074645996,5.0603975689997815,,,,
9769,3.4598536491394043,4.991513701815002,,,,
9770,3.494654655456543,5.041720941046684,,,,
9771,3.481201410293579,5.022312010966212,,,,
9772,3.4659814834594727,5.000354297999954,,,,
9773,3.385312557220459,4.883973638161091,,,,
9774,3.5336790084838867,5.098021181633133,,,,
9775,3.5094246864318848,5.0630295914885854,,,,
9776,3.490919589996338,5.03633238062985,,,,
9777,3.5947890281677246,5.1861843039796325,,,,
9778,3.5699658393859863,5.150372012625168,,,,
9779,3.5363166332244873,5.101826469766123,,,,
9780,3.4642605781555176,4.997871556452099,,,,
9781,3.40498685836792,4.912357654859489,,,,
9782,3.4949235916137695,5.042108933907031,,,,
9783,3.4952402114868164,5.042565719827722,,,,
9784,3.4883084297180176,5.032565272645352,,,,
9785,3.528021812438965,5.089859572953787,,,,
9786,3.5767736434936523,5.1601935978506415,,,,
9787,3.5066802501678467,5.059070206900422,,,,
9788,3.5339417457580566,5.098400231395634,,,,
9789,3.54921555519104,5.120435680520083,,,,
9790,3.5833983421325684,5.16975101772439,,,,
9791,3.5997583866119385,5.1933535727635,,,,
9792,3.5156056880950928,5.071946891935823,,,,
9793,3.6042990684509277,5.199904391934864,,,,
9794,3.520519256591797,5.079035672839086,,,,
9795,3.5052545070648193,5.057013294396103,,,,
9796,3.4924325942993164,5.038515184434601,,,,
9797,3.5281057357788086,5.089980648739995,,,,
9798,3.561814308166504,5.13861183895917,,,,
9799,3.4560251235961914,4.985990306999892,,,,
9800,3.421642780303955,4.936387070838041,4.127639675140381,5.95492528990156,,
9801,3.5741848945617676,5.156458822604505,,,,
9802,3.453322172164917,4.982090772374229,,,,
9803,3.5833487510681152,5.16967947294163,,,,
9804,3.5268654823303223,5.088191341240418,,,,
9805,3.5425639152526855,5.1108393925672395,,,,
9806,3.6032826900482178,5.1984380678536075,,,,
9807,3.5055346488952637,5.05741745362563,,,,
9808,3.485708236694336,5.028813987064732,,,,
9809,3.5563013553619385,5.130658329287368,,,,
9810,3.5793471336364746,5.163906359317468,,,,
9811,3.473961353302002,5.011866816648711,,,,
9812,3.499171257019043,5.048237019722574,,,,
9813,3.480132579803467,5.020770014518576,,,,
9814,3.478055953979492,5.0177740767405465,,,,
9815,3.5232479572296143,5.082972355717335,,,,
9816,3.4834930896759033,5.025618205446399,,,,
9817,3.512058734893799,5.06682972014205,,,,
9818,3.4347143173217773,4.95524531247045,,,,
9819,3.46555495262146,4.999738944075167,,,,
9820,3.492136001586914,5.038087291599254,,,,
9821,3.4898557662963867,5.034797607453551,,,,
9822,3.458397150039673,4.9894124177867605,,,,
9823,3.5568222999572754,5.131409893471639,,,,
9824,3.5581908226013184,5.133384254303544,,,,
9825,3.5047597885131836,5.0562995663950225,,,,
9826,3.4998323917388916,5.049190835504259,,,,
9827,3.3898873329162598,4.890573644370603,,,,
9828,3.5810937881469727,5.16642624911791,,,,
9829,3.5468244552612305,5.116986052509076,,,,
9830,3.5885162353515625,5.177134576891231,,,,
9831,3.5511512756347656,5.123228334804793,,,,
9832,3.651566505432129,5.268096888863175,,,,
9833,3.5709638595581055,5.151811851378191,,,,
9834,3.49703311920166,5.045152338896698,,,,
9835,3.473860740661621,5.011721663291382,,,,
9836,3.4871673583984375,5.030919054711292,,,,
9837,3.59259295463562,5.183016039585438,,,,
9838,3.4891905784606934,5.0338379442617365,,,,
9839,3.518364429473877,5.075926914442089,,,,
9840,3.5099472999572754,5.063783563429968,,,,
9841,3.521158218383789,5.07995749984771,,,,
9842,3.499385118484497,5.048545556598222,,,,
9843,3.55973219871521,5.135607989979199,,,,
9844,3.5027945041656494,5.053464260412898,,,,
9845,3.4969589710235596,5.045045365687862,,,,
9846,3.5969204902648926,5.18925935377706,,,,
9847,3.493316173553467,5.0397899198427965,,,,
9848,3.5407261848449707,5.1081881080215386,,,,
9849,3.5840988159179688,5.170761587780859,,,,
9850,3.532599925994873,5.096464394677523,,,,
9851,3.4593262672424316,4.990752850567585,,,,
9852,3.511554479598999,5.066102233528901,,,,
9853,3.4607274532318115,4.992774334645826,,,,
9854,3.4922337532043457,5.038228317372962,,,,
9855,3.5489420890808105,5.120041152319003,,,,
9856,3.587860584259033,5.176188672311486,,,,
9857,3.492140293121338,5.038093482974685,,,,
9858,3.4849390983581543,5.027704355001365,,,,
9859,3.405618190765381,4.913268474978459,,,,
9860,3.575395107269287,5.158204790476064,,,,
9861,3.560591697692871,5.13684798489192,,,,
9862,3.468679428100586,5.004246609354281,,,,
9863,3.5036094188690186,5.0546399338141965,,,,
9864,3.404862403869629,4.912178104971988,,,,
9865,3.6124610900878906,5.211679700074139,,,,
9866,3.5808162689208984,5.166025873506701,,,,
9867,3.533681869506836,5.098025309216753,,,,
9868,3.5935373306274414,5.184378486145573,,,,
9869,3.5505568981170654,5.122370829307591,,,,
9870,3.407466173171997,4.9159345500321345,,,,
9871,3.5005311965942383,5.050198997803617,,,,
9872,3.470144033432007,5.006359588202781,,,,
9873,3.4600930213928223,4.991859042977935,,,,
9874,3.4916725158691406,5.0374186230527,,,,
9875,3.5241661071777344,5.08429696609428,,,,
9876,3.5405516624450684,5.107936325420676,,,,
9877,3.488638401031494,5.03304132062294,,,,
9878,3.5905964374542236,5.180135674148787,,,,
9879,3.4936347007751465,5.040249457485902,,,,
9880,3.5614535808563232,5.138091419457659,,,,
9881,3.5360889434814453,5.101497982902975,,,,
9882,3.4283318519592285,4.946037361343255,,,,
9883,3.540250301361084,5.1075015532792944,,,,
9884,3.5376882553100586,5.1038053021469505,,,,
9885,3.523090362548828,5.082744994652895,,,,
9886,3.4981608390808105,5.04677929477386,,,,
9887,3.563687324523926,5.141314030369526,,,,
9888,3.4816908836364746,5.023018171730655,,,,
9889,3.4085707664489746,4.917528141275029,,,,
9890,3.562711715698242,5.139906524354864,,,,
9891,3.5312745571136475,5.09455229156523,,,,
9892,3.4807119369506836,5.0216058502017695,,,,
9893,3.4072089195251465,4.915563411471572,,,,
9894,3.3896584510803223,4.8902434376809465,,,,
9895,3.5004773139953613,5.050121261645427,,,,
9896,3.4494504928588867,4.976505119839507,,,,
9897,3.431591510772705,4.950740054948447,,,,
9898,3.518522262573242,5.076154619471832,,,,
9899,3.5650765895843506,5.143318316182681,,,,
9900,3.366523265838623,4.8568664206626995,,,,
9901,3.5618152618408203,5.138613214820376,,,,
9902,3.528465986251831,5.090500380310902,,,,
9903,3.41471004486084,4.926385247794464,,,,
9904,3.548562526702881,5.119493559558657,,,,
9905,3.397038698196411,4.900890883595863,,,,
9906,3.4169812202453613,4.929661861258702,,,,
9907,3.5212488174438477,5.080088206662366,,,,
9908,3.5519986152648926,5.124450787487126,,,,
9909,3.4514272212982178,4.979356936156114,,,,
9910,3.535767078399658,5.101033629745646,,,,
9911,3.6014013290405273,5.195723837657691,,,,
9912,3.5492186546325684,5.120440152069005,,,,
9913,3.5247952938079834,5.085204690525535,,,,
9914,3.481900215148926,5.02332017326557,,,,
9915,3.5327203273773193,5.096638097154894,,,,
9916,3.4113550186157227,4.921544968068581,,,,
9917,3.4853155612945557,5.02824747621279,,,,
9918,3.4723544120788574,5.00954849051508,,,,
9919,3.587981700897217,5.176363406684763,,,,
9920,3.437338352203369,4.959030994581242,,,,
9921,3.435631036758423,4.956567859055585,,,,
9922,3.4703402519226074,5.006642671646102,,,,
9923,3.603891372680664,5.199316211268913,,,,
9924,3.552736759185791,5.125515704061268,,,,
9925,3.464515447616577,4.9982392553596435,,,,
9926,3.535755157470703,5.101016431480559,,,,
9927,3.5208334922790527,5.07948901910676,,,,
9928,3.4831724166870117,5.025155572115578,,,,
9929,3.5476279258728027,5.1181452155758915,,,,
9930,3.4911277294158936,5.036632662338257,,,,
9931,3.534900188446045,5.099782971908572,,,,
9932,3.503694534301758,5.054762729426912,,,,
9933,3.436720848083496,4.9581401244497725,,,,
9934,3.549980401992798,5.121539121208018,,,,
9935,3.525928497314453,5.086839557604637,,,,
9936,3.5248966217041016,5.085350875778768,,,,
9937,3.517185688018799,5.074226349990358,,,,
9938,3.4669299125671387,5.001722591970219,,,,
9939,3.499447822570801,5.048636019472576,,,,
9940,3.4197027683258057,4.9335882251779,,,,
9941,3.5590767860412598,5.134662429364756,,,,
9942,3.4153919219970703,4.927368988557399,,,,
9943,3.4718265533447266,5.0087869513370595,,,,
9944,3.479020118713379,5.019165072420725,,,,
9945,3.464405059814453,4.998079999424944,,,,
9946,3.4617831707000732,4.994297413001868,,,,
9947,3.455962657928467,4.98590018809084,,,,
9948,3.4636895656585693,4.997047759554466,,,,
9949,3.4451112747192383,4.970244951348101,,,,
9950,3.5185999870300293,5.076266752160194,,,,
9951,3.516826868057251,5.073708682211261,,,,
9952,3.437333583831787,4.9590241152752075,,,,
9953,3.4235281944274902,4.939107148444087,,,,
9954,3.5610785484313965,5.137550362038044,,,,
9955,3.504615545272827,5.056091467387478,,,,
9956,3.485963821411133,5.029182717868181,,,,
9957,3.482729196548462,5.02451614061967,,,,
9958,3.552299976348877,5.124885559628507,,,,
9959,3.5024914741516113,5.053027080514405,,,,
9960,3.570113182067871,5.150584583181635,,,,
9961,3.5636422634124756,5.1412490209275,,,,
9962,3.475870132446289,5.014620602854325,,,,
9963,3.603734016418457,5.199089194169774,,,,
9964,3.428968906402588,4.946956436629466,,,,
9965,3.478604793548584,5.018565884865119,,,,
9966,3.4629738330841064,4.996015175718686,,,,
9967,3.4791598320007324,5.019366636087536,,,,
9968,3.4102892875671387,4.920007443169867,,,,
9969,3.526750087738037,5.088024862034383,,,,
9970,3.491658926010132,5.037399017030501,,,,
9971,3.424680233001709,4.940769188782025,,,,
9972,3.541532516479492,5.109351398671975,,,,
9973,3.4377076625823975,4.959563796833615,,,,
9974,3.532843589782715,5.096815927215887,,,,
9975,3.514540195465088,5.0704097110024104,,,,
9976,3.4448273181915283,4.969835288673745,,,,
9977,3.4729318618774414,5.0103815744758595,,,,
9978,3.5395116806030273,5.106435948774548,,,,
9979,3.5417861938476562,5.109717377753011,,,,
9980,3.4177141189575195,4.930719210596206,,,,
9981,3.5493390560150146,5.120613854546376,,,,
9982,3.580178737640381,5.165106110289887,,,,
9983,3.5644261837005615,5.142379978839574,,,,
9984,3.430417060852051,4.949045681872147,,,,
9985,3.4523911476135254,4.98074758787099,,,,
9986,3.474721908569336,5.012964065961215,,,,
9987,3.5508246421813965,5.122757102341429,,,,
9988,3.4204213619232178,4.9346249365973005,,,,
9989,3.5120623111724854,5.0668348796215765,,,,
9990,3.513775110244751,5.069305926349173,,,,
9991,3.578935146331787,5.163311987276086,,,,
9992,3.5584535598754883,5.133763304066045,,,,
9993,3.574094772338867,5.156328803720452,,,,
9994,3.525824546813965,5.086689588733084,,,,
9995,3.5662379264831543,5.144993771167386,,,,
9996,3.6095216274261475,5.207438951869164,,,,
9997,3.4739673137664795,5.011875415781254,,,,
9998,3.494589328765869,5.041626694554011,,,,
9999,3.5672788619995117,5.14649552367472,,,,
10000,3.4473228454589844,4.973435573486907,4.035873222351074,5.822534283542455,,
10001,3.5074782371520996,5.060221458765298,,,,
10002,3.5516409873962402,5.123934839534537,,,,
10003,3.5718023777008057,5.153021577344361,,,,
10004,3.5512490272521973,5.123369360578501,,,,
10005,3.492067813873291,5.037988917522961,,,,
10006,3.4618351459503174,4.994372397437644,,,,
10007,3.5613608360290527,5.137957616955287,,,,
10008,3.4848103523254395,5.027518613738433,,,,
10009,3.587052345275879,5.175022629938637,,,,
10010,3.461322784423828,4.993633216004236,,,,
10011,3.4627065658569336,4.995629590615451,,,,
10012,3.460867404937744,4.99297624227794,,,,
10013,3.5552120208740234,5.129086751823784,,,,
10014,3.569721221923828,5.150019104225597,,,,
10015,3.4889960289001465,5.033557268575528,,,,
10016,3.4891879558563232,5.033834160643417,,,,
10017,3.6082682609558105,5.205630726277992,,,,
10018,3.576932907104492,5.160423366672195,,,,
10019,3.4410576820373535,4.964396853288162,,,,
10020,3.5589728355407715,5.1345124604932035,,,,
10021,3.4287092685699463,4.946581858415887,,,,
10022,3.4385180473327637,4.96073293489418,,,,
10023,3.504687547683716,5.056195344908599,,,,
10024,3.5335280895233154,5.097803451597141,,,,
10025,3.483874797821045,5.026168893894462,,,,
10026,3.538498878479004,5.104974784172818,,,,
10027,3.376324415206909,4.871006490251338,,,,
10028,3.5001282691955566,5.0496176964437005,,,,
10029,3.4780101776123047,5.017708035402615,,,,
10030,3.518065929412842,5.075496269884329,,,,
10031,3.5434696674346924,5.112146116748495,,,,
10032,3.4993975162506104,5.0485634427939114,,,,
10033,3.4506547451019287,4.978242488578523,,,,
10034,3.5194501876831055,5.0774933324261475,,,,
10035,3.5088250637054443,5.062164518754746,,,,
10036,3.4920215606689453,5.037922188254426,,,,
10037,3.4519450664520264,4.9801040287914615,,,,
10038,3.4750404357910156,5.013423603604321,,,,
10039,3.461190700531006,4.99344265922708,,,,
10040,3.507519245147705,5.060280620797195,,,,
10041,3.6058542728424072,5.202148077598021,,,,
10042,3.4681100845336914,5.00342522021376,,,,
10043,3.513251781463623,5.068550922511886,,,,
10044,3.536893367767334,5.102658521830998,,,,
10045,3.498319625854492,5.04700837566481,,,,
10046,3.5421338081359863,5.110218879162927,,,,
10047,3.422701597213745,4.937914620743005,,,,
10048,3.5320465564727783,5.095666051212217,,,,
10049,3.4726107120513916,5.009918253214435,,,,
10050,3.4461798667907715,4.971786603830434,,,,
10051,3.5240581035614014,5.084141149812599,,,,
10052,3.487916946411133,5.032000481619918,,,,
10053,3.437025547027588,4.958579712105378,,,,
10054,3.412198305130005,4.922761573340784,,,,
10055,3.493408441543579,5.039923034414564,,,,
10056,3.4736709594726562,5.011447866911209,,,,
10057,3.3779923915863037,4.87341287150221,,,,
10058,3.586059093475342,5.173589670491648,,,,
10059,3.5489249229431152,5.120016386817279,,,,
10060,3.59989595413208,5.1935520407425955,,,,
10061,3.403931140899658,4.910834576503448,,,,
10062,3.54951810836792,5.120872172487973,,,,
10063,3.5093300342559814,5.062893037263801,,,,
10064,3.5399513244628906,5.107070220790931,,,,
10065,3.469027519226074,5.0047487986948,,,,
10066,3.4007883071899414,4.906300425896101,,,,
10067,3.4607272148132324,4.992773990680525,,,,
10068,3.472177505493164,5.0092932682611995,,,,
10069,3.496939182281494,5.045016816567818,,,,
10070,3.4757204055786133,5.014404592644842,,,,
10071,3.484363555908203,5.026874022762999,,,,
10072,3.501887798309326,5.052156160370435,,,,
10073,3.3670201301574707,4.8575832443514955,,,,
10074,3.5061001777648926,5.0582333393213235,,,,
10075,3.4077115058898926,4.916288490327609,,,,
10076,3.462252616882324,4.994974680680966,,,,
10077,3.437476634979248,4.959230494456243,,,,
10078,3.529825210571289,5.09246132649604,,,,
10079,3.4023022651672363,4.908484605562059,,,,
10080,3.4995765686035156,5.048821760735508,,,,
10081,3.5165553092956543,5.073316905732596,,,,
10082,3.4162886142730713,4.928662642057189,,,,
10083,3.5113635063171387,5.065826717322219,,,,
10084,3.5546979904174805,5.128345162633263,,,,
10085,3.5052027702331543,5.056938653925629,,,,
10086,3.463261604309082,4.996430341837868,,,,
10087,3.4902641773223877,5.035386820015407,,,,
10088,3.525176525115967,5.085754691042994,,,,
10089,3.567399501800537,5.1466695701173935,,,,
10090,3.578500747680664,5.162685282496342,,,,
10091,3.5215444564819336,5.080514723636505,,,,
10092,3.4770140647888184,5.016270948372005,,,,
10093,3.4628117084503174,4.995781279313512,,,,
10094,3.4917194843292236,5.037486384217139,,,,
10095,3.4473061561584473,4.973411495915786,,,,
10096,3.5385046005249023,5.104983039340059,,,,
10097,3.46671724319458,5.001415774921079,,,,
10098,3.5046656131744385,5.056163700100841,,,,
10099,3.622340202331543,5.225932246316441,,,,
10100,3.573089361190796,5.154878302043076,,,,
10101,3.516655445098877,5.07346137115932,,,,
10102,3.597038984298706,5.189430304532017,,,,
10103,3.530979633331299,5.094126806486996,,,,
10104,3.5239787101745605,5.0840266093671245,,,,
10105,3.5006203651428223,5.050327640826462,,,,
10106,3.4392242431640625,4.961751760117892,,,,
10107,3.60707426071167,5.20390814804695,,,,
10108,3.480332136154175,5.02105791347612,,,,
10109,3.4878995418548584,5.031975372152892,,,,
10110,3.4637112617492676,4.997079060396922,,,,
10111,3.588369607925415,5.176923038230671,,,,
10112,3.4489593505859375,4.975796551317952,,,,
10113,3.413252592086792,4.924282587905015,,,,
10114,3.4496994018554688,4.976864219614508,,,,
10115,3.5516295433044434,5.1239183292000545,,,,
10116,3.585601806640625,5.172929945042938,,,,
10117,3.5195178985595703,5.077591018571838,,,,
10118,3.463230609893799,4.996385626348644,,,,
10119,3.5068202018737793,5.0592721145325354,,,,
10120,3.4895429611206055,5.034346324977687,,,,
10121,3.569361925125122,5.149500748515897,,,,
10122,3.5051045417785645,5.056796940221318,,,,
10123,3.5392627716064453,5.106076848999547,,,,
10124,3.39040470123291,4.891320049075348,,,,
10125,3.548008918762207,5.118694872128049,,,,
10126,3.581176280975342,5.166545261112307,,,,
10127,3.5506153106689453,5.122455100806514,,,,
10128,3.525512456893921,5.086239338153125,,,,
10129,3.482119083404541,5.023635933412554,,,,
10130,3.4964141845703125,5.044259404973419,,,,
10131,3.484867811203003,5.027601509376149,,,,
10132,3.4464893341064453,4.9722330707920745,,,,
10133,3.4752373695373535,5.013707718943546,,,,
10134,3.5108046531677246,5.0650204626549735,,,,
10135,3.414370536804199,4.925895441204807,,,,
10136,3.5029592514038086,5.05370194043639,,,,
10137,3.500576972961426,5.050265039141548,,,,
10138,3.4713425636291504,5.008088701774557,,,,
10139,3.4039878845214844,4.910916440245259,,,,
10140,3.5135884284973145,5.069036601517922,,,,
10141,3.5703988075256348,5.150996653613102,,,,
10142,3.4974007606506348,5.04568273339196,,,,
10143,3.4623847007751465,4.995165237458122,,,,
10144,3.5126662254333496,5.067706143730847,,,,
10145,3.4363021850585938,4.957536121379943,,,,
10146,3.4104461669921875,4.920233772338403,,,,
10147,3.4719865322113037,5.009017752054517,,,,
10148,3.4105589389801025,4.9203964679261185,,,,
10149,3.465587615966797,4.999786067321503,,,,
10150,3.5690677165985107,5.149076295333568,,,,
10151,3.572472095489502,5.153987775876908,,,,
10152,3.446974515914917,4.972933040181086,,,,
10153,3.432020664215088,4.951359192491553,,,,
10154,3.4879817962646484,5.032094040181987,,,,
10155,3.462900161743164,4.995908890440452,,,,
10156,3.3814826011657715,4.878448179554171,,,,
10157,3.461575508117676,4.993997819224065,,,,
10158,3.4867475032806396,5.030313331814954,,,,
10159,3.382521629333496,4.879947180339092,,,,
10160,3.396223545074463,4.899714866229263,,,,
10161,3.569716453552246,5.150012224919563,,,,
10162,3.5675411224365234,5.1468738855066185,,,,
10163,3.435351848602295,4.956165075687264,,,,
10164,3.479430675506592,5.019757380670296,,,,
10165,3.44473934173584,4.969708365477408,,,,
10166,3.4750044345855713,5.01337166484376,,,,
10167,3.6229653358459473,5.226834123337566,,,,
10168,3.4903299808502197,5.035481754438683,,,,
10169,3.6065847873687744,5.203201987282507,,,,
10170,3.4914023876190186,5.037028910365844,,,,
10171,3.4149131774902344,4.926678306231534,,,,
10172,3.4619696140289307,4.994566393867817,,,,
10173,3.509047746658325,5.062485782346558,,,,
10174,3.449955940246582,4.977234326279165,,,,
10175,3.507352113723755,5.060039501120685,,,,
10176,3.475386142730713,5.0139223532918225,,,,
10177,3.451282024383545,4.979147461287363,,,,
10178,3.517805337905884,5.075120315809543,,,,
10179,3.4114482402801514,4.921679458501555,,,,
10180,3.4571454524993896,4.987606599952701,,,,
10181,3.515672206878662,5.072042858255004,,,,
10182,3.5750133991241455,5.157654102028001,,,,
10183,3.4048099517822266,4.912102432605609,,,,
10184,3.430938243865967,4.94979759002172,,,,
10185,3.547848701477051,5.11846372744529,,,,
10186,3.4266152381896973,4.943560811170831,,,,
10187,3.5738325119018555,5.155950441888554,,,,
10188,3.4514145851135254,4.979338705995122,,,,
10189,3.487429141998291,5.031296728612587,,,,
10190,3.4995546340942383,5.048790115927749,,,,
10191,3.523970603942871,5.084014914546866,,,,
10192,3.402811050415039,4.9092186275159415,,,,
10193,3.499384880065918,5.04854521263292,,,,
10194,3.4691109657287598,5.004869186550405,,,,
10195,3.4471611976623535,4.973202365012337,,,,
10196,3.3940417766571045,4.896567239753171,,,,
10197,3.5416274070739746,5.109488296862062,,,,
10198,3.4862985610961914,5.0296656451518045,,,,
10199,3.4596896171569824,4.991277053687415,,,,
10200,3.484614133834839,5.027235530295113,4.087507438659668,5.897026711351052,,
10201,3.436772584915161,4.958214764920247,,,,
10202,3.457629680633545,4.988305193480506,,,,
10203,3.4907569885253906,5.036097796294073,,,,
10204,3.5224671363830566,5.081845869354184,,,,
10205,3.4539871215820312,4.983050091600742,,,,
10206,3.434075355529785,4.954323485461825,,,,
10207,3.5499165058135986,5.121446938507156,,,,
10208,3.4999351501464844,5.0493390845493025,,,,
10209,3.6132891178131104,5.212874291567032,,,,
10210,3.4967570304870605,5.044754027077301,,,,
10211,3.497443437576294,5.045744303180968,,,,
10212,3.4287681579589844,4.946666817845413,,,,
10213,3.5546422004699707,5.12826467475266,,,,
10214,3.55670428276062,5.1312396306472845,,,,
10215,3.5030055046081543,5.053768669704925,,,,
10216,3.4766135215759277,5.015693086665106,,,,
10217,3.5146594047546387,5.070581693653273,,,,
10218,3.4446375370025635,4.969561492293572,,,,
10219,3.4752731323242188,5.013759313738805,,,,
10220,3.4384284019470215,4.960603603940731,,,,
10221,3.4652693271636963,4.9993268736436995,,,,
10222,3.406527280807495,4.9145800146739385,,,,
10223,3.4932312965393066,5.039667468195382,,,,
10224,3.4596002101898193,4.991148066699268,,,,
10225,3.4225246906280518,4.937659398489124,,,,
10226,3.5227785110473633,5.082295088038237,,,,
10227,3.4780430793762207,5.0177555026142535,,,,
10228,3.360403060913086,4.848036831367402,,,,
10229,3.3690576553344727,4.860522771820042,,,,
10230,3.4569320678710938,4.987298751007657,,,,
10231,3.5436553955078125,5.112414065718539,,,,
10232,3.477032423019409,5.016297433700238,,,,
10233,3.5264151096343994,5.087541590785459,,,,
10234,3.464808464050293,4.998661988715464,,,,
10235,3.513657569885254,5.069136351455422,,,,
10236,3.5025129318237305,5.05305803739156,,,,
10237,3.4295897483825684,4.947852122275159,,,,
10238,3.472548723220825,5.009828822235987,,,,
10239,3.4656221866607666,4.999835942290254,,,,
10240,3.465392589569092,4.999504703704692,,,,
10241,3.3942208290100098,4.8968255576947675,,,,
10242,3.4044041633605957,4.911517003662072,,,,
10243,3.486571788787842,5.030059829387582,,,,
10244,3.507378101348877,5.060076993338573,,,,
10245,3.4881932735443115,5.032399137404618,,,,
10246,3.5379951000213623,5.104247985490272,,,,
10247,3.448491334915161,4.975121347430664,,,,
10248,3.427374839782715,4.944656684622128,,,,
10249,3.4950079917907715,5.042230697623841,,,,
10250,3.535569190979004,5.100748138545214,,,,
10251,3.4388904571533203,4.961270208695476,,,,
10252,3.396683692932129,4.900378719261593,,,,
10253,3.4377965927124023,4.959692095891159,,,,
10254,3.480314254760742,5.021032116078492,,,,
10255,3.5461478233337402,5.116009878982779,,,,
10256,3.4273149967193604,4.9445703493313955,,,,
10257,3.4667086601257324,5.001403392170217,,,,
10258,3.492076873779297,5.038001988204426,,,,
10259,3.533393144607544,5.0976087672363635,,,,
10260,3.4495344161987305,4.976626195625714,,,,
10261,3.522481918334961,5.081867195202891,,,,
10262,3.483340263366699,5.025397723687993,,,,
10263,3.41595458984375,4.928180746669471,,,,
10264,3.428480625152588,4.946251995691532,,,,
10265,3.426663875579834,4.943630980092383,,,,
10266,3.413351535797119,4.924425333505231,,,,
10267,3.579509735107422,5.164140943653245,,,,
10268,3.540855884552002,5.108375225145677,,,,
10269,3.424703359603882,4.940802553416293,,,,
10270,3.4465298652648926,4.972291544893368,,,,
10271,3.409564733505249,4.918962132617923,,,,
10272,3.465718984603882,4.9999755922027544,,,,
10273,3.4923176765441895,5.038349393159169,,,,
10274,3.466352939605713,5.000890195940043,,,,
10275,3.4522175788879395,4.9804971811313345,,,,
10276,3.43865704536438,4.960933466665086,,,,
10277,3.4971818923950195,5.045366973244976,,,,
10278,3.457728147506714,4.988447251150118,,,,
10279,3.4293785095214844,4.947547369017831,,,,
10280,3.3540821075439453,4.838917623288053,,,,
10281,3.4508614540100098,4.978540706495119,,,,
10282,3.5200791358947754,5.0784007128921,,,,
10283,3.537830352783203,5.10401030546678,,,,
10284,3.451491117477417,4.9794491188569765,,,,
10285,3.533883571624756,5.098316303862013,,,,
10286,3.452087163925171,4.980309032111291,,,,
10287,3.363182306289673,4.852046434889618,,,,
10288,3.5738632678985596,5.155994813412477,,,,
10289,3.4437179565429688,4.968234818124816,,,,
10290,3.447824478149414,4.974159276481738,,,,
10291,3.4387500286102295,4.96106761313276,,,,
10292,3.4387290477752686,4.961037344186208,,,,
10293,3.44925594329834,4.976224444153298,,,,
10294,3.4731202125549316,5.0106533070642225,,,,
10295,3.5543627738952637,5.127861547419037,,,,
10296,3.5400278568267822,5.107180633652784,,,,
10297,3.431771993637085,4.951000436681854,,,,
10298,3.5384693145751953,5.104932132475404,,,,
10299,3.46158766746521,4.994015361454453,,,,
10300,3.518477201461792,5.076089610029806,,,,
10301,3.420517921447754,4.9347642425444995,,,,
10302,3.4434149265289307,4.9677976382263225,,,,
10303,3.4799752235412598,5.0205429974194375,,,,
10304,3.5478997230529785,5.118537336019859,,,,
10305,3.4735827445983887,5.0113205997495704,,,,
10306,3.423532485961914,4.939113339819518,,,,
10307,3.455540895462036,4.985291713472088,,,,
10308,3.4703691005706787,5.006684291447611,,,,
10309,3.40903377532959,4.91819612189098,,,,
10310,3.448863983154297,4.975658965197262,,,,
10311,3.4982709884643555,5.046938206743258,,,,
10312,3.461723804473877,4.994211765641738,,,,
10313,3.5043532848358154,5.05571310555558,,,,
10314,3.4585161209106445,4.989584056472322,,,,
10315,3.4179470539093018,4.931055264695992,,,,
10316,3.4290504455566406,4.947074072762656,,,,
10317,3.459028720855713,4.990323581871031,,,,
10318,3.5071988105773926,5.059818331431676,,,,
10319,3.4004101753234863,4.905754896927564,,,,
10320,3.5101747512817383,5.0641117063278145,,,,
10321,3.4369428157806396,4.958460356145679,,,,
10322,3.4046521186828613,4.911874727575866,,,,
10323,3.381131649017334,4.877941862630031,,,,
10324,3.468496799468994,5.003983131933159,,,,
10325,3.424868583679199,4.941040921370389,,,,
10326,3.5501487255096436,5.121781960711036,,,,
10327,3.4421870708465576,4.966026216922436,,,,
10328,3.460606098175049,4.9925992563072485,,,,
10329,3.503264904022217,5.054142903953203,,,,
10330,3.459406852722168,4.990869110839569,,,,
10331,3.468320846557617,5.003729285540486,,,,
10332,3.5266854763031006,5.087931647437615,,,,
10333,3.445765733718872,4.971189136101337,,,,
10334,3.5041890144348145,5.055476113462691,,,,
10335,3.55682373046875,5.131411957263449,,,,
10336,3.445221424102783,4.970403863317498,,,,
10337,3.449143171310425,4.9760617485655825,,,,
10338,3.4808006286621094,5.021733805294011,,,,
10339,3.4574244022369385,4.98800903935572,,,,
10340,3.5266618728637695,5.087897594872745,,,,
10341,3.4061741828918457,4.9140706020620835,,,,
10342,3.4869370460510254,5.0305867842298255,,,,
10343,3.472242832183838,5.009387514753873,,,,
10344,3.376706123352051,4.8715571786994,,,,
10345,3.4547531604766846,4.984155252115186,,,,
10346,3.516458034515381,5.073176567889491,,,,
10347,3.4241719245910645,4.940035854758746,,,,
10348,3.3907413482666016,4.891805728081384,,,,
10349,3.4917378425598145,5.037512869545372,,,,
10350,3.464487314224243,4.99819866745404,,,,
10351,3.416027307510376,4.928285656086498,,,,
10352,3.371405601501465,4.863910142111436,,,,
10353,3.446929693222046,4.972868374704362,,,,
10354,3.501166343688965,5.051115321367414,,,,
10355,3.4004154205322266,4.905762464164202,,,,
10356,3.3934402465820312,4.895699415296918,,,,
10357,3.481168746948242,5.022264887719876,,,,
10358,3.5255885124206543,5.086349063084375,,,,
10359,3.5726711750030518,5.154274986903848,,,,
10360,3.45119047164917,4.9790153786115,,,,
10361,3.467872381210327,5.00308228680794,,,,
10362,3.4263710975646973,4.943208590701864,,,,
10363,3.4842143058776855,5.026658700484119,,,,
10364,3.486198902130127,5.029521867655683,,,,
10365,3.4780430793762207,5.0177555026142535,,,,
10366,3.434113025665283,4.954377831979498,,,,
10367,3.4386000633239746,4.960851258957974,,,,
10368,3.4302592277526855,4.948817976842405,,,,
10369,3.467087745666504,5.001950296999961,,,,
10370,3.509690046310425,5.063412424869407,,,,
10371,3.4577207565307617,4.988436588225765,,,,
10372,3.4910778999328613,5.036560773590196,,,,
10373,3.3997600078582764,4.904816903549759,,,,
10374,3.583150625228882,5.169393637775896,,,,
10375,3.545055389404297,5.114433829970272,,,,
10376,3.517810583114624,5.075127883046181,,,,
10377,3.4720256328582764,5.0090741623640005,,,,
10378,3.4587128162384033,4.989867827846245,,,,
10379,3.4955458641052246,5.043006683344534,,,,
10380,3.426833152770996,4.943875195456608,,,,
10381,3.4474036693573,4.9735521777241924,,,,
10382,3.5390625,5.105787918146097,,,,
10383,3.520576000213623,5.079117536580896,,,,
10384,3.4617481231689453,4.994246850102514,,,,
10385,3.4655706882476807,4.999761645785081,,,,
10386,3.4973578453063965,5.045620819637649,,,,
10387,3.432548761367798,4.952121075634876,,,,
10388,3.4927897453308105,5.039030444456586,,,,
10389,3.4751596450805664,5.0135955862551835,,,,
10390,3.393106698989868,4.895218207839804,,,,
10391,3.550302028656006,5.122003130400047,,,,
10392,3.381988286972046,4.879177729959131,,,,
10393,3.569338321685791,5.149466695951027,,,,
10394,3.4339303970336914,4.954114354558376,,,,
10395,3.409501075744629,4.918870293882362,,,,
10396,3.465514659881592,4.999680813939175,,,,
10397,3.527613639831543,5.089270704357233,,,,
10398,3.42063570022583,4.934934161403552,,,,
10399,3.4917688369750977,5.037557585034597,,,,
10400,3.432771682739258,4.95244268319199,4.133358478546143,5.963175779214871,,
10401,3.512165069580078,5.06698312866662,,,,
10402,3.506295919418335,5.058515734834041,,,,
10403,3.4920289516448975,5.0379328511787795,,,,
10404,3.4493472576141357,4.976356182863859,,,,
10405,3.4644060134887695,4.9980813752861515,,,,
10406,3.4384751319885254,4.96067102113987,,,,
10407,3.357569694519043,4.843949147721696,,,,
10408,3.4441192150115967,4.96881371172762,,,,
10409,3.432260036468506,4.951704533654486,,,,
10410,3.4627580642700195,4.995703887120624,,,,
10411,3.454641819000244,4.98399462031928,,,,
10412,3.5647926330566406,5.142908653508326,,,,
10413,3.4566609859466553,4.986907662459594,,,,
10414,3.475585460662842,5.014209908284066,,,,
10415,3.4153265953063965,4.927274742064726,,,,
10416,3.4350295066833496,4.955700034599331,,,,
10417,3.4949333667755127,5.042123036484401,,,,
10418,3.375032901763916,4.86914323021189,,,,
10419,3.430650234222412,4.949382079937235,,,,
10420,3.4803364276885986,5.021064104851551,,,,
10421,3.443991184234619,4.9686290023605935,,,,
10422,3.5056509971618652,5.057585308692873,,,,
10423,3.530688762664795,5.09370716881889,,,,
10424,3.3840224742889404,4.8821124419134545,,,,
10425,3.4537577629089355,4.982719196980482,,,,
10426,3.4741463661193848,5.01213373372285,,,,
10427,3.447999954223633,4.974412434943808,,,,
10428,3.6205215454101562,5.223308478994879,,,,
10429,3.3810319900512695,4.87779808513391,,,,
10430,3.4780454635620117,5.01775894226727,,,,
10431,3.436847448348999,4.958322770024989,,,,
10432,3.489532232284546,5.034330846539109,,,,
10433,3.338568687438965,4.816536489035371,,,,
10434,3.4056081771850586,4.913254028435786,,,,
10435,3.466219425201416,5.000697575371076,,,,
10436,3.510406494140625,5.064446040601092,,,,
10437,3.4655561447143555,4.999740663901676,,,,
10438,3.3863911628723145,4.885529737186098,,,,
10439,3.4703803062438965,5.006700457816792,,,,
10440,3.415945053100586,4.928166988057402,,,,
10441,3.3823394775390625,4.879684390848573,,,,
10442,3.453577995300293,4.98245984714298,,,,
10443,3.436009407043457,4.957113731989423,,,,
10444,3.497781753540039,5.046232389944117,,,,
10445,3.4630472660064697,4.996121117031617,,,,
10446,3.436488628387451,4.957805102245892,,,,
10447,3.4486143589019775,4.975298833526355,,,,
10448,3.54472017288208,5.113950214756046,,,,
10449,3.5270018577575684,5.088388089393005,,,,
10450,3.558101177215576,5.133254923350095,,,,
10451,3.4497671127319336,4.976961905760199,,,,
10452,3.521919012069702,5.081055093125516,,,,
10453,3.4376182556152344,4.959434809845468,,,,
10454,3.4521484375,4.9803974311938335,,,,
10455,3.409454822540283,4.918803564613827,,,,
10456,3.397674560546875,4.901808239055565,,,,
10457,3.364433765411377,4.853851908758376,,,,
10458,3.3763997554779053,4.871115183286682,,,,
10459,3.479846477508545,5.0203572561565055,,,,
10460,3.524721145629883,5.085097717316698,,,,
10461,3.3599114418029785,4.847327574915244,,,,
10462,3.5623438358306885,5.139375785894302,,,,
10463,3.377894163131714,4.873271157797899,,,,
10464,3.4388270378112793,4.961178713925217,,,,
10465,3.606539011001587,5.2031359459445765,,,,
10466,3.471454620361328,5.008250365466368,,,,
10467,3.5098164081573486,5.063594726479321,,,,
10468,3.466459274291992,5.001043604464612,,,,
10469,3.424985647201538,4.941209808333536,,,,
10470,3.471280097961426,5.007998582865504,,,,
10471,3.449242115020752,4.976204494165798,,,,
10472,3.4865803718566895,5.030072212138444,,,,
10473,3.5495657920837402,5.120940965548318,,,,
10474,3.4780962467193604,5.0178322068765375,,,,
10475,3.5223491191864014,5.08167560652983,,,,
10476,3.440849542617798,4.964096571579755,,,,
10477,3.4657504558563232,5.000020995622582,,,,
10478,3.4777374267578125,5.017314539097441,,,,
10479,3.5232644081115723,5.082996089323155,,,,
10480,3.4508843421936035,4.978573727164084,,,,
10481,3.4426536560058594,4.966699357017913,,,,
10482,3.4838907718658447,5.026191939569677,,,,
10483,3.4077699184417725,4.9163727618265325,,,,
10484,3.398056983947754,4.902359959399533,,,,
10485,3.488494634628296,5.032833909545999,,,,
10486,3.5045604705810547,5.05601201140278,,,,
10487,3.5275673866271973,5.089203975088698,,,,
10488,3.560133218765259,5.136186539616702,,,,
10489,3.4507648944854736,4.97840140054792,,,,
10490,3.4656453132629395,4.999869306924521,,,,
10491,3.3934147357940674,4.895662611009633,,,,
10492,3.541555404663086,5.10938441934094,,,,
10493,3.52691388130188,5.088261166196668,,,,
10494,3.46140718460083,4.9937549797210465,,,,
10495,3.5080394744873047,5.06103115308556,,,,
10496,3.4034860134124756,4.910192393285127,,,,
10497,3.4831438064575195,5.025114296279371,,,,
10498,3.5354843139648438,5.100625686897799,,,,
10499,3.434974193572998,4.955620234649331,,,,
10500,3.3895812034606934,4.890131992923187,,,,
10501,3.5258774757385254,5.086765949030067,,,,
10502,3.409696102142334,4.919151657499174,,,,
10503,3.389625072479248,4.890195282538705,,,,
10504,3.446204900741577,4.971822720187116,,,,
10505,3.365175724029541,4.854922328777346,,,,
10506,3.5045337677001953,5.055973487288987,,,,
10507,3.43914794921875,4.961641691221339,,,,
10508,3.3395376205444336,4.817934364021584,,,,
10509,3.497417449951172,5.04570681096308,,,,
10510,3.5040059089660645,5.055211948110966,,,,
10511,3.5408945083618164,5.108430947524557,,,,
10512,3.462413787841797,4.995207201224932,,,,
10513,3.4790163040161133,5.019159568975897,,,,
10514,3.471210479736328,5.007898144997401,,,,
10515,3.4944381713867188,5.041408620552717,,,,
10516,3.589439868927002,5.178467098470117,,,,
10517,3.4309096336364746,4.949756314185512,,,,
10518,3.433255672454834,4.953140932754493,,,,
10519,3.4264302253723145,4.9432938940966915,,,,
10520,3.440317153930664,4.963328497061002,,,,
10521,3.4153733253479004,4.927342159263865,,,,
10522,3.5203022956848145,5.078722664414515,,,,
10523,3.4727888107299805,5.010175195294824,,,,
10524,3.434756278991699,4.955305850363554,,,,
10525,3.4166173934936523,4.929136970208268,,,,
10526,3.466047763824463,5.000449920353834,,,,
10527,3.402881622314453,4.909320441245252,,,,
10528,3.4867303371429443,5.03028856631323,,,,
10529,3.512909412384033,5.068056988338608,,,,
10530,3.516618490219116,5.073408056537553,,,,
10531,3.556056022644043,5.130304388991893,,,,
10532,3.523958683013916,5.08399771628178,,,,
10533,3.4480245113372803,4.974447863369885,,,,
10534,3.5086984634399414,5.06198187317953,,,,
10535,3.45961332321167,4.991166984790863,,,,
10536,3.378045082092285,4.873488887833891,,,,
10537,3.4309210777282715,4.949772824519995,,,,
10538,3.456411838531494,4.9865482187192915,,,,
10539,3.4408421516418457,4.9640859086554014,,,,
10540,3.413217306137085,4.92423168104036,,,,
10541,3.4689550399780273,5.004644233243076,,,,
10542,3.4911348819732666,5.036642981297309,,,,
10543,3.4338412284851074,4.95398571153553,,,,
10544,3.465150833129883,4.999155922888742,,,,
10545,3.325634002685547,4.7978756834861525,,,,
10546,3.4840102195739746,5.026364266185841,,,,
10547,3.4977316856384277,5.046160157230754,,,,
10548,3.4639732837677,4.997457078263519,,,,
10549,3.4443438053131104,4.969137727041845,,,,
10550,3.471606731414795,5.008469815328868,,,,
10551,3.5844268798828125,5.171234884036034,,,,
10552,3.589451789855957,5.178484296735203,,,,
10553,3.4836390018463135,5.025828712211055,,,,
10554,3.402702808380127,4.909062467268958,,,,
10555,3.5563454627990723,5.130721962868187,,,,
10556,3.4785032272338867,5.018419355646584,,,,
10557,3.39695143699646,4.900764992295431,,,,
10558,3.410675525665283,4.920564666958662,,,,
10559,3.41603684425354,4.928299414698567,,,,
10560,3.493779420852661,5.040458244424049,,,,
10561,3.4144396781921387,4.925995191142307,,,,
10562,3.482518196105957,5.024211731327643,,,,
10563,3.398125171661377,4.902458333475826,,,,
10564,3.4426989555358887,4.966764710425241,,,,
10565,3.4615089893341064,4.993901852904883,,,,
10566,3.517237424850464,5.0743009904608325,,,,
10567,3.560746192932129,5.1370708744074385,,,,
10568,3.5024044513702393,5.052901533179275,,,,
10569,3.5090248584747314,5.062452761677592,,,,
10570,3.4638733863830566,4.997312956802096,,,,
10571,3.504222869873047,5.055524956535536,,,,
10572,3.395129442214966,4.898136409459644,,,,
10573,3.4396474361419678,4.962362298528454,,,,
10574,3.4168593883514404,4.92948609498952,,,,
10575,3.406301498413086,4.914254279533204,,,,
10576,3.4436845779418945,4.968186662982575,,,,
10577,3.440399646759033,4.963447509055399,,,,
10578,3.452021837234497,4.980214785618617,,,,
10579,3.3970396518707275,4.90089225945707,,,,
10580,3.5546681880950928,5.128302166970547,,,,
10581,3.4133243560791016,4.924386121460834,,,,
10582,3.431431770324707,4.950509598196292,,,,
10583,3.504923105239868,5.056535182626704,,,,
10584,3.4565443992614746,4.9867394634270505,,,,
10585,3.4476141929626465,4.973855899085616,,,,
10586,3.447206735610962,4.9732680623849665,,,,
10587,3.347504138946533,4.829427620613443,,,,
10588,3.4512884616851807,4.979156748350509,,,,
10589,3.538820505142212,5.105438793364845,,,,
10590,3.422856330871582,4.938137854223824,,,,
10591,3.427798271179199,4.945267566997993,,,,
10592,3.449453830718994,4.9765099353537305,,,,
10593,3.388188362121582,4.8881225476305055,,,,
10594,3.480013370513916,5.0205980318677135,,,,
10595,3.568373203277588,5.148074324409641,,,,
10596,3.390827178955078,4.891929555590005,,,,
10597,3.458754301071167,4.989927677808746,,,,
10598,3.481790065765381,5.023161261296173,,,,
10599,3.460482120513916,4.992420394350351,,,,
10600,3.532529592514038,5.096362924913514,4.15059232711792,5.9880389670848055,,
10601,3.3678948879241943,4.858845253043526,,,,
10602,3.4339232444763184,4.954104035599324,,,,
10603,3.5108015537261963,5.065015991106051,,,,
10604,3.4221854209899902,4.937169935864769,,,,
10605,3.4783527851104736,5.018202313541194,,,,
10606,3.378861904144287,4.8746673129576035,,,,
10607,3.377058744430542,4.872065903380652,,,,
10608,3.4500863552093506,4.977422475299209,,,,
10609,3.5048930644989014,5.056491842998687,,,,
10610,3.500943183898926,5.050793369844999,,,,
10611,3.4023709297180176,4.908583667568956,,,,
10612,3.472489833831787,5.00974386280646,,,,
10613,3.50301456451416,5.053781740386391,,,,
10614,3.4284839630126953,4.946256811205756,,,,
10615,3.4010374546051025,4.906659869636405,,,,
10616,3.466156005859375,5.000606080600817,,,,
10617,3.5208818912506104,5.07955884406301,,,,
10618,3.5146632194519043,5.070587197098101,,,,
10619,3.370572566986084,4.862708327347207,,,,
10620,3.4714629650115967,5.008262404251928,,,,
10621,3.4363913536071777,4.957664764402788,,,,
10622,3.468029499053955,5.003308959941777,,,,
10623,3.5026330947875977,5.05323139590363,,,,
10624,3.4490647315979004,4.975948583981315,,,,
10625,3.5263710021972656,5.087477957204639,,,,
10626,3.4315025806427,4.950611755890904,,,,
10627,3.462489604949951,4.995316582190881,,,,
10628,3.4151577949523926,4.927031214631104,,,,
10629,3.478423595428467,5.018304471235807,,,,
10630,3.443411350250244,4.967792478746797,,,,
10631,3.4057488441467285,4.913456967963804,,,,
10632,3.4081239700317383,4.916883550299596,,,,
10633,3.3925180435180664,4.894368957509843,,,,
10634,3.4665167331695557,5.001126500102328,,,,
10635,3.450193166732788,4.977576571754382,,,,
10636,3.512904644012451,5.068050109032573,,,,
10637,3.424907684326172,4.941097331679872,,,,
10638,3.474243640899658,5.012274071565954,,,,
10639,3.3427491188049316,4.822567576635827,,,,
10640,3.476987838745117,5.016233112188815,,,,
10641,3.5165767669677734,5.073347862609751,,,,
10642,3.395683526992798,4.898935784820854,,,,
10643,3.4344701766967773,4.954893092001483,,,,
10644,3.387794017791748,4.887553629021451,,,,
10645,3.557797431945801,5.132816711555696,,,,
10646,3.424825429916382,4.940978663650776,,,,
10647,3.409146308898926,4.918358473513394,,,,
10648,3.4125242233276367,4.923231773908243,,,,
10649,3.410919427871704,4.920916543462328,,,,
10650,3.575363874435425,5.158159731021538,,,,
10651,3.4232382774353027,4.9386888866371885,,,,
10652,3.40746808052063,4.915937301754548,,,,
10653,3.5659918785095215,5.144638798976006,,,,
10654,3.459585666656494,4.991127084815862,,,,
10655,3.4333271980285645,4.95324412234501,,,,
10656,3.4343888759613037,4.954775799833595,,,,
10657,3.4926514625549316,5.038830944581585,,,,
10658,3.499113082885742,5.048153092188953,,,,
10659,3.502916097640991,5.053639682716778,,,,
10660,3.388705015182495,4.8888679204393455,,,,
10661,3.5051803588867188,5.056906321187267,,,,
10662,3.4116244316101074,4.921933648859531,,,,
10663,3.510178327560425,5.064116865807341,,,,
10664,3.5333032608032227,5.097479092317613,,,,
10665,3.481651544570923,5.02296141745587,,,,
10666,3.4723827838897705,5.009589422385985,,,,
10667,3.4647216796875,4.998536785345636,,,,
10668,3.469818115234375,5.005889387635323,,,,
10669,3.493878126144409,5.040600646058963,,,,
10670,3.463505983352661,4.996782906272137,,,,
10671,3.3789148330688477,4.874743673254586,,,,
10672,3.422605037689209,4.937775314795806,,,,
10673,3.3760194778442383,4.87056655863043,,,,
10674,3.409217596054077,4.91846131913861,,,,
10675,3.4650497436523438,4.999010081600811,,,,
10676,3.4141149520874023,4.925526710401356,,,,
10677,3.4221339225769043,4.937095639359596,,,,
10678,3.4013831615448,4.907158619323907,,,,
10679,3.5262134075164795,5.087250596140199,,,,
10680,3.4390392303466797,4.961484843043753,,,,
10681,3.4310765266418457,4.94999708989672,,,,
10682,3.5057458877563477,5.05772220688296,,,,
10683,3.4753801822662354,5.0139137541592795,,,,
10684,3.4616146087646484,4.994054229533548,,,,
10685,3.447869300842285,4.974223941958463,,,,
10686,3.365480422973633,4.855361916432951,,,,
10687,3.4767398834228516,5.01587538827502,,,,
10688,3.422987461090088,4.938327035139774,,,,
10689,3.353577136993408,4.838189104778998,,,,
10690,3.518383026123047,5.075953743735624,,,,
10691,3.5185160636901855,5.076145676373987,,,,
10692,3.5182886123657227,5.07581753347614,,,,
10693,3.410364866256714,4.920116480170514,,,,
10694,3.3466806411743164,4.828239564461283,,,,
10695,3.382603645324707,4.880065504402885,,,,
10696,3.3912386894226074,4.892523239700783,,,,
10697,3.497363567352295,5.04562907480489,,,,
10698,3.4332962036132812,4.953199406855786,,,,
10699,3.535926342010498,5.101263398567198,,,,
10700,3.4075543880462646,4.916061817193772,,,,
10701,3.4853897094726562,5.028354449421626,,,,
10702,3.4011311531066895,4.9067950479999825,,,,
10703,3.5135960578918457,5.069047608407577,,,,
10704,3.4421157836914062,4.96592337129722,,,,
10705,3.4776604175567627,5.017203438304984,,,,
10706,3.49808669090271,5.046672321565024,,,,
10707,3.4131741523742676,4.924169423320747,,,,
10708,3.3584530353546143,4.845223539164588,,,,
10709,3.5439887046813965,5.112894929210352,,,,
10710,3.4564130306243896,4.9865499385458,,,,
10711,3.5235519409179688,5.083410911477036,,,,
10712,3.4871432781219482,5.030884314215818,,,,
10713,3.36480975151062,4.854394342039197,,,,
10714,3.3510866165161133,4.834596043237172,,,,
10715,3.458432197570801,4.989462980686114,,,,
10716,3.350562334060669,4.8338396635386776,,,,
10717,3.411616086959839,4.92192161007397,,,,
10718,3.3569083213806152,4.842994987974708,,,,
10719,3.447089672088623,4.97309917542182,,,,
10720,3.417173385620117,4.929939097291893,,,,
10721,3.3915317058563232,4.892945973056604,,,,
10722,3.434570550918579,4.955037901393509,,,,
10723,3.439389705657959,4.961990472037289,,,,
10724,3.3600521087646484,4.847530514443262,,,,
10725,3.446934461593628,4.972875254010396,,,,
10726,3.42228364944458,4.93731164956908,,,,
10727,3.4163756370544434,4.928788189392319,,,,
10728,3.5162158012390137,5.0728270991429385,,,,
10729,3.4206347465515137,4.934932785542345,,,,
10730,3.4515016078948975,4.979464253330252,,,,
10731,3.381094217300415,4.87788786007766,,,,
10732,3.3445229530334473,4.825126678480666,,,,
10733,3.458098888397217,4.988982117194301,,,,
10734,3.5156259536743164,5.071976128986469,,,,
10735,3.4321560859680176,4.951554564782934,,,,
10736,3.4237194061279297,4.939383008616071,,,,
10737,3.420485019683838,4.934716775332862,,,,
10738,3.3677806854248047,4.858680493664,,,,
10739,3.4496021270751953,4.976723881771404,,,,
10740,3.467515468597412,5.002567370751256,,,,
10741,3.3279335498809814,4.801193228821296,,,,
10742,3.3391239643096924,4.81733758422309,,,,
10743,3.443053722381592,4.967276530794209,,,,
10744,3.49003267288208,5.035052829707431,,,,
10745,3.429905414581299,4.948307532334644,,,,
10746,3.5519509315490723,5.1243819944267806,,,,
10747,3.472515106201172,5.009780323128443,,,,
10748,3.4923150539398193,5.03834560954085,,,,
10749,3.3947842121124268,4.897638347702745,,,,
10750,3.429776191711426,4.9481211031411085,,,,
10751,3.4313323497772217,4.950366164665472,,,,
10752,3.4691977500915527,5.004994389920233,,,,
10753,3.401902198791504,4.907907431785763,,,,
10754,3.3698456287384033,4.8616595771422455,,,,
10755,3.4959468841552734,5.0435852329820365,,,,
10756,3.4813952445983887,5.022591654756515,,,,
10757,3.4028053283691406,4.9092103723487,,,,
10758,3.5450522899627686,5.11442935842135,,,,
10759,3.4630770683288574,4.996164112694332,,,,
10760,3.488057851791382,5.032203765113238,,,,
10761,3.388789415359497,4.888989684156156,,,,
10762,3.515650749206543,5.072011901377849,,,,
10763,3.493997573852539,5.040772972675128,,,,
10764,3.494126558303833,5.040959057903361,,,,
10765,3.432258129119873,4.951701781932073,,,,
10766,3.3447957038879395,4.82552017478584,,,,
10767,3.4453253746032715,4.97055383218905,,,,
10768,3.39656662940979,4.9002098322984455,,,,
10769,3.4636619091033936,4.997007859579465,,,,
10770,3.4297292232513428,4.948053341976669,,,,
10771,3.4907474517822266,5.036084037682004,,,,
10772,3.4632740020751953,4.996448228033558,,,,
10773,3.38321590423584,4.880948807297717,,,,
10774,3.42889404296875,4.946848431524724,,,,
10775,3.303891181945801,4.7665074238299825,,,,
10776,3.3766984939575195,4.871546171809745,,,,
10777,3.477219581604004,5.016567446462092,,,,
10778,3.4309353828430176,4.949793462438099,,,,
10779,3.3766274452209473,4.871443670149831,,,,
10780,3.3756461143493652,4.870027908967928,,,,
10781,3.392426013946533,4.8942361869033775,,,,
10782,3.461501121520996,4.9938905020499265,,,,
10783,3.396483898162842,4.900090476338747,,,,
10784,3.4462223052978516,4.971847829654142,,,,
10785,3.5206637382507324,5.079244115811932,,,,
10786,3.477078914642334,5.0163645069340745,,,,
10787,3.4676032066345215,5.002693949982292,,,,
10788,3.414238452911377,4.92570488442765,,,,
10789,3.36384916305542,4.853008505838544,,,,
10790,3.4655885696411133,4.9997874431827105,,,,
10791,3.4070205688476562,4.915291678883209,,,,
10792,3.4211697578430176,4.935704643679418,,,,
10793,3.4129014015197754,4.923775927015573,,,,
10794,3.4559295177459717,4.9858523769139005,,,,
10795,3.413337230682373,4.9244046955871275,,,,
10796,3.5024778842926025,5.053007474492206,,,,
10797,3.487417221069336,5.031279530347501,,,,
10798,3.47660493850708,5.015680703914244,,,,
10799,3.414658784866333,4.926311295254592,,,,
10800,3.3951923847198486,4.8982272162993,4.054556083679199,5.849487954930158,,
10801,3.4235668182373047,4.939162870822967,,,,
10802,3.4175000190734863,4.930410329755257,,,,
10803,3.521116256713867,5.079896961954606,,,,
10804,3.4710071086883545,5.007604742595029,,,,
10805,3.4675965309143066,5.002684318953843,,,,
10806,3.3532986640930176,4.837787353306583,,,,
10807,3.390446662902832,4.891380586968451,,,,
10808,3.5222034454345703,5.081465443730475,,,,
10809,3.511152744293213,5.065522651995493,,,,
10810,3.4167230129241943,4.929289346836933,,,,
10811,3.537654161453247,5.103756115108804,,,,
10812,3.363727569580078,4.852833083534665,,,,
10813,3.41524076461792,4.927150914556105,,,,
10814,3.38962984085083,4.890202161844739,,,,
10815,3.364201545715332,4.853516886554495,,,,
10816,3.41678524017334,4.929379121780683,,,,
10817,3.4238057136535645,4.939507524055296,,,,
10818,3.382737636566162,4.880258812902455,,,,
10819,3.4459028244018555,4.97138691614983,,,,
10820,3.3974931240081787,4.901546481460952,,,,
10821,3.4450883865356445,4.970211930679135,,,,
10822,3.496115207672119,5.043828072485055,,,,
10823,3.397382974624634,4.901387569491554,,,,
10824,3.5287585258483887,5.090922425736119,,,,
10825,3.467672348022461,5.002793699919792,,,,
10826,3.395392417907715,4.898515803187447,,,,
10827,3.4365992546081543,4.957964702145892,,,,
10828,3.4607930183410645,4.992868925103801,,,,
10829,3.436314105987549,4.9575533196450285,,,,
10830,3.337012767791748,4.814291771476309,,,,
10831,3.4026708602905273,4.909016375918527,,,,
10832,3.5130748748779297,5.068295700258005,,,,
10833,3.4386839866638184,4.960972334744182,,,,
10834,3.4552223682403564,4.984832175828982,,,,
10835,3.4166972637176514,4.929252198584346,,,,
10836,3.475174903869629,5.013617600034494,,,,
10837,3.341536521911621,4.820818169111251,,,,
10838,3.3789572715759277,4.874804899078294,,,,
10839,3.430675506591797,4.9494185402592175,,,,
10840,3.406144618988037,4.914027950364669,,,,
10841,3.416269302368164,4.928634780867749,,,,
10842,3.393062114715576,4.895153886328381,,,,
10843,3.497811794281006,5.046275729572135,,,,
10844,3.5139877796173096,5.069612743398312,,,,
10845,3.4978184700012207,5.046285360600582,,,,
10846,3.3970019817352295,4.900837912939397,,,,
10847,3.3693599700927734,4.860958919822631,,,,
10848,3.437225580215454,4.958868298993526,,,,
10849,3.471837282180786,5.008802429775637,,,,
10850,3.3349769115448,4.811354651764874,,,,
10851,3.4647371768951416,4.998559143090248,,,,
10852,3.470322608947754,5.0066172182137745,,,,
10853,3.519719123840332,5.077881325286494,,,,
10854,3.456294536590576,4.986378987790842,,,,
10855,3.42211651802063,4.93707052989257,,,,
10856,3.451878070831299,4.980007374541677,,,,
10857,3.416293144226074,4.928669177397921,,,,
10858,3.461548328399658,4.9939586071796676,,,,
10859,3.3779053688049316,4.87328732416708,,,,
10860,3.425847053527832,4.94245255496867,,,,
10861,3.424614667892456,4.940674598324051,,,,
10862,3.340114116668701,4.818766072121156,,,,
10863,3.504295587539673,5.055629865952563,,,,
10864,3.412958860397339,4.923858822653289,,,,
10865,3.4803295135498047,5.021054129857802,,,,
10866,3.3915443420410156,4.892964203217596,,,,
10867,3.3976402282714844,4.9017587080521166,,,,
10868,3.4307329654693604,4.949501435896933,,,,
10869,3.4616971015930176,4.994173241527945,,,,
10870,3.4516139030456543,4.979626260987365,,,,
10871,3.5188889503479004,5.0766836381058855,,,,
10872,3.4877939224243164,5.0318229955242275,,,,
10873,3.4544105529785156,4.9836609739766065,,,,
10874,3.427640676498413,4.9450402059335525,,,,
10875,3.4551687240600586,4.984754783636094,,,,
10876,3.5290985107421875,5.0914129202563805,,,,
10877,3.411564826965332,4.921847657534099,,,,
10878,3.455634117126465,4.985426203905062,,,,
10879,3.496345043182373,5.0441596550359185,,,,
10880,3.417691230773926,4.930686189927241,,,,
10881,3.4181652069091797,4.931369992947071,,,,
10882,3.452564001083374,4.980996962714742,,,,
10883,3.483214855194092,5.025216797939285,,,,
10884,3.491762638092041,5.037548641936752,,,,
10885,3.3938984870910645,4.896360516606834,,,,
10886,3.511449098587036,5.065950200865538,,,,
10887,3.4360904693603516,4.95723068019201,,,,
10888,3.353747844696045,4.838435383935034,,,,
10889,3.366654634475708,4.85705594554395,,,,
10890,3.4215188026428223,4.936208208881144,,,,
10891,3.3911569118499756,4.892405259602292,,,,
10892,3.4337925910949707,4.953915542613979,,,,
10893,3.431255340576172,4.950255063873015,,,,
10894,3.320775032043457,4.790865670636984,,,,
10895,3.4176831245422363,4.930674495106982,,,,
10896,3.4708337783813477,5.007354679820674,,,,
10897,3.429136276245117,4.947197900271277,,,,
10898,3.2787516117095947,4.730238690520129,,,,
10899,3.472290515899658,5.009456307814218,,,,
10900,3.482759475708008,5.024559824212989,,,,
10901,3.4930472373962402,5.03940192698245,,,,
10902,3.3982553482055664,4.902646138530568,,,,
10903,3.41928768157959,4.932989381587595,,,,
10904,3.398186445236206,4.90254673255837,,,,
10905,3.495823383331299,5.043407058955743,,,,
10906,3.5183730125427246,5.075939297192952,,,,
10907,3.401397466659546,4.90717925724201,,,,
10908,3.377636671066284,4.872899675272035,,,,
10909,3.41314697265625,4.92413021127635,,,,
10910,3.5018868446350098,5.052154784509229,,,,
10911,3.407865524291992,4.916510691912524,,,,
10912,3.4700229167938232,5.006184853829505,,,,
10913,3.523700475692749,5.08362520186001,,,,
10914,3.3889360427856445,4.889201222816718,,,,
10915,3.5281805992126465,5.090088653844736,,,,
10916,3.3834948539733887,4.881351246700736,,,,
10917,3.533268928527832,5.097429561314165,,,,
10918,3.4141650199890137,4.925598943114719,,,,
10919,3.3807811737060547,4.8774362336364945,,,,
10920,3.418677568435669,4.9321091743804795,,,,
10921,3.3972179889678955,4.9011495455027605,,,,
10922,3.3288183212280273,4.802469684056,,,,
10923,3.480036973953247,5.0206320844325845,,,,
10924,3.3947997093200684,4.8976607054473575,,,,
10925,3.3758890628814697,4.870378409610386,,,,
10926,3.4169516563415527,4.929619209561288,,,,
10927,3.453329086303711,4.982100747367979,,,,
10928,3.403841495513916,4.91070524555,,,,
10929,3.3684840202331543,4.85969519130409,,,,
10930,3.429776191711426,4.9481211031411085,,,,
10931,3.454519748687744,4.983818510084797,,,,
10932,3.3454878330230713,4.826518706056749,,,,
10933,3.4744677543640137,5.012597398949576,,,,
10934,3.4785499572753906,5.018486772845722,,,,
10935,3.493734359741211,5.040393234982023,,,,
10936,3.4395041465759277,4.962155575382117,,,,
10937,3.474822998046875,5.013109907249147,,,,
10938,3.3956570625305176,4.898897604672363,,,,
10939,3.429994583129883,4.9484361753574895,,,,
10940,3.40756893157959,4.916082799077178,,,,
10941,3.333794593811035,4.809648927833616,,,,
10942,3.416585922241211,4.929091566788441,,,,
10943,3.3936142921447754,4.895950509967178,,,,
10944,3.3684515953063965,4.859648412023056,,,,
10945,3.4793996810913086,5.019712665181072,,,,
10946,3.466583251953125,5.00122246642151,,,,
10947,3.4199182987213135,4.93389916981066,,,,
10948,3.4640116691589355,4.997512456677097,,,,
10949,3.4118268489837646,4.922225675400695,,,,
10950,3.4505257606506348,4.97805640335029,,,,
10951,3.325498580932617,4.797680311194772,,,,
10952,3.3995351791381836,4.904492544270232,,,,
10953,3.4116857051849365,4.922022047942074,,,,
10954,3.4885308742523193,5.032886192271861,,,,
10955,3.419384002685547,4.933128343569493,,,,
10956,3.441661834716797,4.965268461362735,,,,
10957,3.3335461616516113,4.809290515989218,,,,
10958,3.4460041522979736,4.971533101403063,,,,
10959,3.4463584423065186,4.9720442338414275,,,,
10960,3.4622244834899902,4.994934092775362,,,,
10961,3.460841178894043,4.9929384060947495,,,,
10962,3.4619784355163574,4.994579120583981,,,,
10963,3.447136640548706,4.973166936586259,,,,
10964,3.4397361278533936,4.962490253620697,,,,
10965,3.349703073501587,4.832600012591259,,,,
10966,3.4522087574005127,4.98048445441517,,,,
10967,3.386986255645752,4.886388274579206,,,,
10968,3.445991039276123,4.971514183311468,,,,
10969,3.4191670417785645,4.932815335144922,,,,
10970,3.430061101913452,4.9485321416766705,,,,
10971,3.3717730045318604,4.864440192641395,,,,
10972,3.348264217376709,4.830524181995345,,,,
10973,3.3706276416778564,4.862787783331906,,,,
10974,3.4172873497009277,4.9301035127061175,,,,
10975,3.419379711151123,4.933122152194062,,,,
10976,3.4423134326934814,4.96620851853235,,,,
10977,3.5119900703430176,5.066730658135153,,,,
10978,3.4718480110168457,5.008817908214215,,,,
10979,3.4520440101623535,4.980246774391678,,,,
10980,3.388996124267578,4.889287902072752,,,,
10981,3.405939817428589,4.913732484170486,,,,
10982,3.4008636474609375,4.906409118931447,,,,
10983,3.370861291885376,4.863124869327597,,,,
10984,3.3776652812957764,4.872940951108243,,,,
10985,3.5188164710998535,5.0765790726541615,,,,
10986,3.3709797859191895,4.863295820082555,,,,
10987,3.355630397796631,4.841151333957459,,,,
10988,3.363215446472168,4.8520942460665575,,,,
10989,3.3281068801879883,4.801443291595651,,,,
10990,3.3799660205841064,4.876260216269895,,,,
10991,3.458104133605957,4.98898968443094,,,,
10992,3.4207334518432617,4.93507518717726,,,,
10993,3.5003514289855957,5.049939647966116,,,,
10994,3.3474268913269043,4.829316175855684,,,,
10995,3.451794147491455,4.97988629875547,,,,
10996,3.485745429992676,5.028867645651801,,,,
10997,3.457350730895996,4.987902754077487,,,,
10998,3.369378089904785,4.860985061185562,,,,
10999,3.4940054416656494,5.040784323530085,,,,
11000,3.4300906658172607,4.9485747933740845,4.045334005355835,5.836183308266351,,
11001,3.4372644424438477,4.958924365337707,,,,
11002,3.428889751434326,4.946842240149293,,,,
11003,3.4071779251098633,4.915518695982348,,,,
11004,3.424037456512451,4.939841858328573,,,,
11005,3.3538050651550293,4.838517935607448,,,,
11006,3.375566005706787,4.869912336626548,,,,
11007,3.523801326751709,5.08377069918264,,,,
11008,3.3919081687927246,4.893489094268029,,,,
11009,3.4240975379943848,4.939928537584608,,,,
11010,3.372884750366211,4.866044102843342,,,,
11011,3.4142184257507324,4.925675991342305,,,,
11012,3.3810105323791504,4.877767128256754,,,,
11013,3.4832677841186523,5.025293158236268,,,,
11014,3.391313314437866,4.892630900840223,,,,
11015,3.4109599590301514,4.920975017563621,,,,
11016,3.5099081993103027,5.063727153120485,,,,
11017,3.4686217308044434,5.0041633697512635,,,,
11018,3.3741283416748047,4.867838225857143,,,,
11019,3.473600387573242,5.011346053181898,,,,
11020,3.4397459030151367,4.9625043561980675,,,,
11021,3.4304757118225098,4.949130297336372,,,,
11022,3.4310967922210693,4.950026326947367,,,,
11023,3.3455891609191895,4.826664891309983,,,,
11024,3.3916988372802734,4.893187092733114,,,,
11025,3.391535520553589,4.892951476501432,,,,
11026,3.3388779163360596,4.816982612031708,,,,
11027,3.5074243545532227,5.0601437226071075,,,,
11028,3.412830352783203,4.923673425355659,,,,
11029,3.40088152885437,4.906434916329076,,,,
11030,3.436814308166504,4.958274958848049,,,,
11031,3.5550103187561035,5.128795757178524,,,,
11032,3.4170525074005127,4.929764706883918,,,,
11033,3.3629918098449707,4.851771606613539,,,,
11034,3.4430956840515137,4.967337068687312,,,,
11035,3.4235782623291016,4.93917938115745,,,,
11036,3.401663303375244,4.907562778553435,,,,
11037,3.5088400840759277,5.062186188568755,,,,
11038,3.47367262840271,5.011450274668321,,,,
11039,3.3409485816955566,4.819969950677195,,,,
11040,3.4219002723693848,4.936758553363905,,,,
11041,3.5114612579345703,5.065967743095926,,,,
11042,3.4769017696380615,5.016108940714893,,,,
11043,3.401076555252075,4.906716279945887,,,,
11044,3.50698184967041,5.059505323007105,,,,
11045,3.4078071117401123,4.916426420413602,,,,
11046,3.3750154972076416,4.869118120744864,,,,
11047,3.4730007648468018,5.010480980448058,,,,
11048,3.4737677574157715,5.01158751682371,,,,
11049,3.4188222885131836,4.932317961318627,,,,
11050,3.4476919174194336,4.973968031773978,,,,
11051,3.3697805404663086,4.861565674614875,,,,
11052,3.388120174407959,4.8880241735542125,,,,
11053,3.5018880367279053,5.052156504335737,,,,
11054,3.45418119430542,4.983330079356346,,,,
11055,3.48882794380188,5.033314773037811,,,,
11056,3.4257569313049316,4.942322536084618,,,,
11057,3.50042724609375,5.050049028932064,,,,
11058,3.3957412242889404,4.899019024423872,,,,
11059,3.3396315574645996,4.818069886350464,,,,
11060,3.345064640045166,4.825908167646187,,,,
11061,3.4997410774230957,5.049059096793698,,,,
11062,3.3670058250427246,4.857562606433392,,,,
11063,3.3228583335876465,4.793871239443463,,,,
11064,3.4922778606414795,5.038291950953781,,,,
11065,3.410587787628174,4.920438087727628,,,,
11066,3.483654022216797,5.025850382025064,,,,
11067,3.429759979248047,4.948097713500592,,,,
11068,3.348109722137451,4.8303012924798265,,,,
11069,3.4246106147766113,4.940668750913922,,,,
11070,3.3750839233398438,4.869216838786459,,,,
11071,3.427441120147705,4.944752306976008,,,,
11072,3.430628538131714,4.949350779094778,,,,
11073,3.403815746307373,4.910668097297413,,,,
11074,3.383744716644287,4.881711722336944,,,,
11075,3.395702362060547,4.89896295807969,,,,
11076,3.378307819366455,4.873867937596393,,,,
11077,3.511073589324951,5.06540845551532,,,,
11078,3.432460308074951,4.951993464507936,,,,
11079,3.465369939804077,4.999472027001028,,,,
11080,3.475247859954834,5.013722853416822,,,,
11081,3.4358468055725098,4.9568791476536465,,,,
11082,3.496321678161621,5.044125946436349,,,,
11083,3.4295363426208496,4.9477750740475726,,,,
11084,3.413776159286499,4.925037935707604,,,,
11085,3.408005475997925,4.9167125995446375,,,,
11086,3.425048828125,4.941300959138493,,,,
11087,3.419524669647217,4.933331283097511,,,,
11088,3.361288547515869,4.849314318498012,,,,
11089,3.384749174118042,4.883160848153114,,,,
11090,3.3437888622283936,4.824067609316653,,,,
11091,3.3900346755981445,4.890786214927069,,,,
11092,3.439411163330078,4.962021428914444,,,,
11093,3.3213164806365967,4.791646815837203,,,,
11094,3.4026083946228027,4.908926257009474,,,,
11095,3.3469791412353516,4.828670209019044,,,,
11096,3.3676443099975586,4.858483745511413,,,,
11097,3.416353940963745,4.928756888549862,,,,
11098,3.3955206871032715,4.898700856519776,,,,
11099,3.428314208984375,4.946011907910927,,,,
11100,3.3680479526519775,4.859066078767234,,,,
11101,3.4414844512939453,4.96501255117825,,,,
11102,3.365077018737793,4.854779927142432,,,,
11103,3.3990039825439453,4.903726189577987,,,,
11104,3.4439210891723633,4.968527876561886,,,,
11105,3.421800136566162,4.93661408793718,,,,
11106,3.475257158279419,5.013736268063589,,,,
11107,3.555145263671875,5.1289904415393,,,,
11108,3.3563902378082275,4.842247551374059,,,,
11109,3.505126476287842,5.056828585029076,,,,
11110,3.4233760833740234,4.938887698581587,,,,
11111,3.4055631160736084,4.91318901899376,,,,
11112,3.457618236541748,4.988288683146023,,,,
11113,3.4331107139587402,4.952931801851043,,,,
11114,3.476694345474243,5.015809690902391,,,,
11115,3.4141721725463867,4.92560926207377,,,,
11116,3.371213912963867,4.863633594008848,,,,
11117,3.3582139015197754,4.844878541966958,,,,
11118,3.4701640605926514,5.006388481288127,,,,
11119,3.4354820251464844,4.956352880742006,,,,
11120,3.413407802581787,4.924506509316438,,,,
11121,3.349085569381714,4.831709142459789,,,,
11122,3.4381422996520996,4.96019084557866,,,,
11123,3.4601194858551025,4.9918972231264265,,,,
11124,3.400939702987671,4.906518843862697,,,,
11125,3.485790252685547,5.028932311128525,,,,
11126,3.438915729522705,4.961306669017459,,,,
11127,3.4291305541992188,4.947189645104036,,,,
11128,3.460376739501953,4.992268361686988,,,,
11129,3.421325206756592,4.935928909056143,,,,
11130,3.4097681045532227,4.919255535020295,,,,
11131,3.4754347801208496,5.013992522213375,,,,
11132,3.4609785079956055,4.9931365301085435,,,,
11133,3.303006649017334,4.765231312560581,,,,
11134,3.4083447456359863,4.917202062168993,,,,
11135,3.414125919342041,4.925542532805236,,,,
11136,3.4279911518096924,4.945545834927089,,,,
11137,3.47652530670166,5.015565819503468,,,,
11138,3.4042084217071533,4.911234608149355,,,,
11139,3.4293112754821777,4.947450370802744,,,,
11140,3.3066320419311523,4.77046164893862,,,,
11141,3.4092531204223633,4.918512569968567,,,,
11142,3.3924098014831543,4.89421279726286,,,,
11143,3.364668846130371,4.854191058545878,,,,
11144,3.3627285957336426,4.851391868920434,,,,
11145,3.440582513809204,4.963711330441822,,,,
11146,3.4514336585998535,4.979366223219261,,,,
11147,3.3614449501037598,4.849539959735943,,,,
11148,3.430938243865967,4.94979759002172,,,,
11149,3.4797325134277344,5.020192840742281,,,,
11150,3.3769772052764893,4.871948267247462,,,,
11151,3.394831418991089,4.8977064528324865,,,,
11152,3.4361329078674316,4.957291906015717,,,,
11153,3.348641872406006,4.831069023033278,,,,
11154,3.5039877891540527,5.055185806748034,,,,
11155,3.4049758911132812,4.91234183245561,,,,
11156,3.3693432807922363,4.86093484225151,,,,
11157,3.428081750869751,4.9456765417417445,,,,
11158,3.458925247192383,4.990174300930083,,,,
11159,3.396705150604248,4.900409676138748,,,,
11160,3.423414707183838,4.938943420960466,,,,
11161,3.4579007625579834,4.988696282028568,,,,
11162,3.4124197959899902,4.923081117106087,,,,
11163,3.399127960205078,4.903905051534884,,,,
11164,3.354952812194824,4.840173784569955,,,,
11165,3.388162136077881,4.888084711447316,,,,
11166,3.385740280151367,4.884590711912387,,,,
11167,3.482738971710205,5.024530243197041,,,,
11168,3.5250139236450195,5.085520106707217,,,,
11169,3.4197499752044678,4.933656330307642,,,,
11170,3.4328391551971436,4.952540025372378,,,,
11171,3.387474536895752,4.88709271551714,,,,
11172,3.4312779903411865,4.9502877405766785,,,,
11173,3.4446659088134766,4.969602424164477,,,,
11174,3.445779800415039,4.971209430054139,,,,
11175,3.429682493209839,4.94798592477753,,,,
11176,3.4707281589508057,5.00720230319201,,,,
11177,3.3597092628479004,4.847035892339381,,,,
11178,3.4597315788269043,4.9913375915805185,,,,
11179,3.4669294357299805,5.0017219040396155,,,,
11180,3.4231162071228027,4.938512776402705,,,,
11181,3.3715434074401855,4.864108954055833,,,,
11182,3.343419075012207,4.823534119133677,,,,
11183,3.4433112144470215,4.967648013320072,,,,
11184,3.3581748008728027,4.844822131657475,,,,
11185,3.46541690826416,4.9995397881654675,,,,
11186,3.4029417037963867,4.909407120501287,,,,
11187,3.375161647796631,4.869328971474822,,,,
11188,3.4718470573425293,5.008816532353007,,,,
11189,3.4600515365600586,4.991799193015434,,,,
11190,3.4524497985839844,4.980832203335215,,,,
11191,3.4275732040405273,4.944942863753164,,,,
11192,3.3971951007843018,4.901116524833794,,,,
11193,3.342951536178589,4.822859603176992,,,,
11194,3.3693697452545166,4.860973022400001,,,,
11195,3.425795793533325,4.9423786024288,,,,
11196,3.4796390533447266,5.020058006344004,,,,
11197,3.4645633697509766,4.99830839238529,,,,
11198,3.4376468658447266,4.959476085681675,,,,
11199,3.4771409034729004,5.016453937912523,,,,
11200,3.378260850906372,4.873800176431953,4.080529022216797,5.886958984555664,,
11201,3.3963475227355957,4.89989372818616,,,,
11202,3.43326997756958,4.953161570672596,,,,
11203,3.3489232063293457,4.831474902089314,,,,
11204,3.3791558742523193,4.875091422174631,,,,
11205,3.470862865447998,5.007396643587485,,,,
11206,3.3612284660339355,4.849227639241977,,,,
11207,3.3785603046417236,4.874232196850921,,,,
11208,3.379579782485962,4.875702992481099,,,,
11209,3.486133575439453,5.02942762116301,,,,
11210,3.4058282375335693,4.913571508409279,,,,
11211,3.443622589111328,4.9680972320041255,,,,
11212,3.4146714210510254,4.926329525415584,,,,
11213,3.318885326385498,4.788139401655507,,,,
11214,3.5002031326293945,5.049725701548442,,,,
11215,3.4604668617248535,4.992398380571041,,,,
11216,3.470038890838623,5.00620789950472,,,,
11217,3.3620927333831787,4.850474513460732,,,,
11218,3.5184130668640137,5.075997083363641,,,,
11219,3.334380626678467,4.810494394545258,,,,
11220,3.5115420818328857,5.066084347333211,,,,
11221,3.4570651054382324,4.987490683646019,,,,
11222,3.4522125720977783,4.980489957859998,,,,
11223,3.4697821140289307,5.005837448874762,,,,
11224,3.402027130126953,4.9080876696038676,,,,
11225,3.4863104820251465,5.02968284341689,,,,
11226,3.385101795196533,4.883669572834366,,,,
11227,3.5014634132385254,5.051543902133364,,,,
11228,3.4462194442749023,4.9718437020705215,,,,
11229,3.4002914428710938,4.905583602207305,,,,
11230,3.4442787170410156,4.969043824514475,,,,
11231,3.4874045848846436,5.031261300186509,,,,
11232,3.354440927505493,4.83943529106715,,,,
11233,3.3828001022338867,4.880348931811507,,,,
11234,3.459017276763916,4.990307071536549,,,,
11235,3.372396469116211,4.865339661905408,,,,
11236,3.445675849914551,4.971059461182587,,,,
11237,3.397055149078369,4.900914617201682,,,,
11238,3.4431512355804443,4.967417212602614,,,,
11239,3.4158544540405273,4.928036281242747,,,,
11240,3.4691720008850098,5.004957241667646,,,,
11241,3.415797472000122,4.927954073535634,,,,
11242,3.4699389934539795,5.0060637780432975,,,,
11243,3.385150909423828,4.8837404296865214,,,,
11244,3.369932174682617,4.861784436546772,,,,
11245,3.4679720401763916,5.003226064304061,,,,
11246,3.5136349201202393,5.069103674751759,,,,
11247,3.506664752960205,5.05904784915581,,,,
11248,3.4134883880615234,4.924622769588422,,,,
11249,3.326153516769409,4.798625183878612,,,,
11250,3.419229030609131,4.932904766123371,,,,
11251,3.4799180030822754,5.020460445747023,,,,
11252,3.4281187057495117,4.945729856363513,,,,
11253,3.365959405899048,4.856052942724118,,,,
11254,3.384856700897217,4.883315976504192,,,,
11255,3.411376953125,4.92157661287634,,,,
11256,3.4329752922058105,4.952736429559663,,,,
11257,3.400127649307251,4.90534729804502,,,,
11258,3.4193739891052246,4.9331138970268205,,,,
11259,3.4542465209960938,4.983424325849019,,,,
11260,3.4176502227783203,4.930627027895344,,,,
11261,3.470557451248169,5.006956024035974,,,,
11262,3.425792694091797,4.942374130879877,,,,
11263,3.3060333728790283,4.769597952065988,,,,
11264,3.4482860565185547,4.974825193305879,,,,
11265,3.4063479900360107,4.914321352767041,,,,
11266,3.4374938011169434,4.959255259957967,,,,
11267,3.396298885345459,4.8998235592646076,,,,
11268,3.4773354530334473,5.016734613598731,,,,
11269,3.437405586242676,4.959127992796328,,,,
11270,3.3860819339752197,4.88508361418976,,,,
11271,3.36198353767395,4.850316977352541,,,,
11272,3.261796474456787,4.705777598087911,,,,
11273,3.355557441711426,4.841046080575131,,,,
11274,3.4466261863708496,4.972430506875265,,,,
11275,3.3952229022979736,4.89827124385792,,,,
11276,3.4576590061187744,4.988347501212618,,,,
11277,3.322169780731201,4.792877867652079,,,,
11278,3.377100706100464,4.872126441273756,,,,
11279,3.484832286834717,5.027550258546192,,,,
11280,3.446928024291992,4.97286596694725,,,,
11281,3.404627799987793,4.911839643115091,,,,
11282,3.433429479598999,4.953391683459451,,,,
11283,3.359898090362549,4.847308312858347,,,,
11284,3.414778232574463,4.926483621870757,,,,
11285,3.4084930419921875,4.917416008586667,,,,
11286,3.439871311187744,4.962685281946775,,,,
11287,3.422375202178955,4.937443732244942,,,,
11288,3.3891873359680176,4.8895637622447365,,,,
11289,3.385469913482666,4.884200655260231,,,,
11290,3.387227773666382,4.886736711429854,,,,
11291,3.406670570373535,4.914786737820275,,,,
11292,3.415417432785034,4.9274057928446835,,,,
11293,3.418071746826172,4.931235158548795,,,,
11294,3.3117659091949463,4.777868253780678,,,,
11295,3.4038689136505127,4.910744801559698,,,,
11296,3.444897174835205,4.969936070507151,,,,
11297,3.5603227615356445,5.136459992031574,,,,
11298,3.4365334510803223,4.957869767722616,,,,
11299,3.4866490364074707,5.030171274145341,,,,
11300,3.438621997833252,4.960882903765732,,,,
11301,3.3625659942626953,4.851157284584657,,,,
11302,3.441722869873047,4.965356516479976,,,,
11303,3.3610281944274902,4.848938708388527,,,,
11304,3.392709255218506,4.894644817681827,,,,
11305,3.399531841278076,4.904487728756007,,,,
11306,3.415321111679077,4.927266830862786,,,,
11307,3.4690797328948975,5.004824127095879,,,,
11308,3.3511359691619873,4.834667244054629,,,,
11309,3.444463014602661,4.969309709692708,,,,
11310,3.4131264686584473,4.924100630260402,,,,
11311,3.4258289337158203,4.942426413605739,,,,
11312,3.4549951553344727,4.984504376896438,,,,
11313,3.43929386138916,4.961852197985995,,,,
11314,3.494657039642334,5.041724380699701,,,,
11315,3.3521525859832764,4.836133912101188,,,,
11316,3.447019577026367,4.972998049623112,,,,
11317,3.4076128005981445,4.916146088692695,,,,
11318,3.4281179904937744,4.945728824467607,,,,
11319,3.38389253616333,4.881924980824014,,,,
11320,3.380681276321411,4.877292112175072,,,,
11321,3.268702983856201,4.715741584948299,,,,
11322,3.284954071044922,4.73918694784452,,,,
11323,3.4561290740966797,4.986140275871445,,,,
11324,3.361255168914795,4.84926616335577,,,,
11325,3.3860504627227783,4.885038210769932,,,,
11326,3.3770933151245117,4.872115778349403,,,,
11327,3.4104347229003906,4.92021726200392,,,,
11328,3.441450595855713,4.964963708105405,,,,
11329,3.3533518314361572,4.837864057568868,,,,
11330,3.4202160835266113,4.934328782472515,,,,
11331,3.3688161373138428,4.860174334969394,,,,
11332,3.2781364917755127,4.7293512600416765,,,,
11333,3.441390037536621,4.964876340918767,,,,
11334,3.4316484928131104,4.95082226265556,,,,
11335,3.427938222885132,4.945469474630106,,,,
11336,3.427452325820923,4.9447684733451895,,,,
11337,3.350785255432129,4.834161271095791,,,,
11338,3.458224296569824,4.98916304294301,,,,
11339,3.3495476245880127,4.832375747214534,,,,
11340,3.3211498260498047,4.791406384091297,,,,
11341,3.418876886367798,4.932396729372722,,,,
11342,3.4087557792663574,4.917795058349168,,,,
11343,3.3434176445007324,4.823532055341866,,,,
11344,3.3494322299957275,4.832209268008498,,,,
11345,3.3596787452697754,4.84699186478076,,,,
11346,3.4541759490966797,4.983322512119709,,,,
11347,3.4173972606658936,4.930262080710213,,,,
11348,3.4883575439453125,5.032636129497507,,,,
11349,3.42110013961792,4.935604205811313,,,,
11350,3.4109206199645996,4.920918263288836,,,,
11351,3.474184036254883,5.012188080240522,,,,
11352,3.3842456340789795,4.88243439343587,,,,
11353,3.512949228286743,5.068114430543996,,,,
11354,3.478848457336426,5.0189174174034825,,,,
11355,3.3554816246032715,4.840936699609182,,,,
11356,3.35410213470459,4.838946516373398,,,,
11357,3.260166645050049,4.703426251285315,,,,
11358,3.3158798217773438,4.783803375061954,,,,
11359,3.452043294906616,4.9802457424957725,,,,
11360,3.3766465187072754,4.8714711873739684,,,,
11361,3.372695207595825,4.86577065042847,,,,
11362,3.393341064453125,4.8955563257314,,,,
11363,3.3317317962646484,4.806672940043087,,,,
11364,3.4860966205596924,5.029374306541243,,,,
11365,3.4210686683654785,4.935558802391486,,,,
11366,3.4042038917541504,4.911228072808623,,,,
11367,3.3991003036499023,4.903865151559884,,,,
11368,3.513782501220703,5.069316589273527,,,,
11369,3.487116813659668,5.0308461340673265,,,,
11370,3.4001495838165283,4.905378942852779,,,,
11371,3.3671650886535645,4.857792375254944,,,,
11372,3.497225284576416,5.045429574929889,,,,
11373,3.363759756088257,4.852879518850397,,,,
11374,3.3590829372406006,4.846132295491747,,,,
11375,3.449125289916992,4.976035951167953,,,,
11376,3.3421621322631836,4.821720734062979,,,,
11377,3.263791561126709,4.708655899732752,,,,
11378,3.42673397064209,4.9437321058910895,,,,
11379,3.44148588180542,4.965014614970061,,,,
11380,3.3990492820739746,4.9037915429853145,,,,
11381,3.3545022010803223,4.839523690149694,,,,
11382,3.3870041370391846,4.8864140719768345,,,,
11383,3.3949785232543945,4.897918679423651,,,,
11384,3.4084713459014893,4.917384707744209,,,,
11385,3.4377124309539795,4.959570676139649,,,,
11386,3.4117579460144043,4.922126269428497,,,,
11387,3.3775405883789062,4.87276105725544,,,,
11388,3.3747856616973877,4.8687865381940005,,,,
11389,3.491671085357666,5.0374165592608895,,,,
11390,3.48738694190979,5.031235846754182,,,,
11391,3.351255416870117,4.834839570670794,,,,
11392,3.4123597145080566,4.922994437850052,,,,
11393,3.4809513092041016,5.021951191364702,,,,
11394,3.383643627166748,4.881565881049013,,,,
11395,3.4427688121795654,4.966865492258647,,,,
11396,3.400609016418457,4.9060417639892036,,,,
11397,3.4153432846069336,4.927298819635847,,,,
11398,3.4769997596740723,5.016250310453902,,,,
11399,3.4940361976623535,5.0408286950540075,,,,
11400,3.4382123947143555,4.960291971377368,4.081692314147949,5.888637260055843,,
11401,3.4536569118499756,4.982573699657852,,,,
11402,3.429564952850342,4.94781634988378,,,,
11403,3.478965997695923,5.0190869922972325,,,,
11404,3.3450098037719727,4.82582905562679,,,,
11405,3.433758497238159,4.9538663555758315,,,,
11406,3.3855738639831543,4.884350624131783,,,,
11407,3.4133787155151367,4.924464545549628,,,,
11408,3.3353397846221924,4.8118781669541,,,,
11409,3.372004985809326,4.864774870879974,,,,
11410,3.4594993591308594,4.991002569376638,,,,
11411,3.4095096588134766,4.918882676633224,,,,
11412,3.372628688812256,4.865674684109289,,,,
11413,3.4717884063720703,5.008731916888784,,,,
11414,3.341273307800293,4.820438431418146,,,,
11415,3.3368442058563232,4.814048588007989,,,,
11416,3.440736770629883,4.963933875992039,,,,
11417,3.3857967853546143,4.884672231688897,,,,
11418,3.347095012664795,4.828837376155682,,,,
11419,3.4031662940979004,4.9097311358155125,,,,
11420,3.3363118171691895,4.813280513489236,,,,
11421,3.3497705459594727,4.832697354771647,,,,
11422,3.41361665725708,4.92480782292075,,,,
11423,3.405008316040039,4.912388611736644,,,,
11424,3.278474807739258,4.729839346804825,,,,
11425,3.5487685203552246,5.119790745579347,,,,
11426,3.441955327987671,4.965691882649159,,,,
11427,3.385023593902588,4.8835567522154,,,,
11428,3.3398537635803223,4.8183904620116715,,,,
11429,3.3801183700561523,4.876480010097697,,,,
11430,3.4525492191314697,4.9809756368660345,,,,
11431,3.3494393825531006,4.83221958696755,,,,
11432,3.467301368713379,5.002258489910307,,,,
11433,3.392576217651367,4.8944528850434645,,,,
11434,3.327700614929199,4.80085717472151,,,,
11435,3.3729910850524902,4.866197511367911,,,,
11436,3.448176383972168,4.974666969267085,,,,
11437,3.383065938949585,4.880732453122931,,,,
11438,3.408876419067383,4.917969104791841,,,,
11439,3.3396811485290527,4.818141431133222,,,,
11440,3.4259283542633057,4.942569847136559,,,,
11441,3.3273820877075195,4.8003976370784045,,,,
11442,3.390010118484497,4.890750786500991,,,,
11443,3.347463369369507,4.829368802546848,,,,
11444,3.377810001373291,4.87314973804639,,,,
11445,3.4699501991271973,5.006079944412479,,,,
11446,3.403461456298828,4.910156964859049,,,,
11447,3.4183759689331055,4.931674058273797,,,,
11448,3.4690093994140625,5.004722657331869,,,,
11449,3.4107704162597656,4.920701565148749,,,,
11450,3.4052700996398926,4.9127662856379395,,,,
11451,3.4193968772888184,4.933146917695786,,,,
11452,3.4854655265808105,5.028463830387575,,,,
11453,3.358431100845337,4.84519189435683,,,,
11454,3.3976805210113525,4.9018168381881075,,,,
11455,3.457493782043457,4.988109133258522,,,,
11456,3.335522174835205,4.8121413004099205,,,,
11457,3.3859310150146484,4.8848658841537675,,,,
11458,3.3664703369140625,4.856790060365716,,,,
11459,3.421872138977051,4.9367179654583015,,,,
11460,3.416412115097046,4.928840816083483,,,,
11461,3.342586040496826,4.822332304369447,,,,
11462,3.3956055641174316,4.89882330816719,,,,
11463,3.4171738624572754,4.929939785222496,,,,
11464,3.4244751930236816,4.940473378622541,,,,
11465,3.4044699668884277,4.911611938085349,,,,
11466,3.478461503982544,5.018359161718782,,,,
11467,3.4279818534851074,4.945532420280322,,,,
11468,3.4536733627319336,4.98259743326367,,,,
11469,3.317854642868042,4.786652439656147,,,,
11470,3.391399383544922,4.892755072314147,,,,
11471,3.4845595359802246,5.027156762241018,,,,
11472,3.4120750427246094,4.922583743279792,,,,
11473,3.217184543609619,4.641416186690221,,,,
11474,3.4239776134490967,4.93975552303784,,,,
11475,3.3619613647460938,4.850284988579481,,,,
11476,3.428710460662842,4.946583578242396,,,,
11477,3.4043123722076416,4.9113845770209075,,,,
11478,3.469139575958252,5.004910462386611,,,,
11479,3.4197640419006348,4.9336766242604435,,,,
11480,3.321317195892334,4.791647847733108,,,,
11481,3.4854722023010254,5.028473461416024,,,,
11482,3.4232125282287598,4.9386517383846025,,,,
11483,3.3804922103881836,4.877019347690803,,,,
11484,3.4006316661834717,4.906074440692867,,,,
11485,3.499864101409912,5.049236582889389,,,,
11486,3.489464282989502,5.034232816428117,,,,
11487,3.3792355060577393,4.875206306585407,,,,
11488,3.4287142753601074,4.946589081687223,,,,
11489,3.3978567123413086,4.902071028546083,,,,
11490,3.3572821617126465,4.8435343255678145,,,,
11491,3.424333095550537,4.940268375302713,,,,
11492,3.329606533050537,4.803606833343505,,,,
11493,3.448232650756836,4.974748145078292,,,,
11494,3.4149513244628906,4.92673334067981,,,,
11495,3.3836307525634766,4.881547306922719,,,,
11496,3.507152557373047,5.059751602163141,,,,
11497,3.4135758876800537,4.924749004854155,,,,
11498,3.34403657913208,4.824424989265146,,,,
11499,3.404479503631592,4.911625696697417,,,,
11500,3.415332794189453,4.927283685162571,,,,
11501,3.365252733230591,4.855033429569803,,,,
11502,3.363375663757324,4.852325390749318,,,,
11503,3.326122760772705,4.79858081235469,,,,
11504,3.409341335296631,4.918639837130206,,,,
11505,3.402604579925537,4.908920753564647,,,,
11506,3.329744815826416,4.803806333218505,,,,
11507,3.4104228019714355,4.920200063738833,,,,
11508,3.2903289794921875,4.746941301606623,,,,
11509,3.50553560256958,5.057418829486838,,,,
11510,3.412548065185547,4.923266170438415,,,,
11511,3.364633560180664,4.8541401516812215,,,,
11512,3.450275421142578,4.977695239783477,,,,
11513,3.4114160537719727,4.921633023185822,,,,
11514,3.3889098167419434,4.889163386633528,,,,
11515,3.3301310539245605,4.804363557007301,,,,
11516,3.3452298641204834,4.826146535600283,,,,
11517,3.275735378265381,4.725887185487998,,,,
11518,3.3690671920776367,4.860536530432111,,,,
11519,3.4027607440948486,4.909146050837277,,,,
11520,3.4425530433654785,4.966554203660585,,,,
11521,3.3052563667297363,4.768476969147664,,,,
11522,3.3506059646606445,4.833902609188893,,,,
11523,3.395557165145874,4.89875348321094,,,,
11524,3.4117822647094727,4.922161353889273,,,,
11525,3.3738481998443604,4.867434066627615,,,,
11526,3.4292349815368652,4.947340301906191,,,,
11527,3.3510971069335938,4.834611177710448,,,,
11528,3.3818070888519287,4.8789163163298195,,,,
11529,3.3930647373199463,4.8951576699467,,,,
11530,3.2517170906066895,4.691236120992159,,,,
11531,3.3727149963378906,4.865799199548514,,,,
11532,3.4274985790252686,4.944835202613724,,,,
11533,3.362950563430786,4.851712100616341,,,,
11534,3.335562229156494,4.812199086580611,,,,
11535,3.3869786262512207,4.88637726768955,,,,
11536,3.4133477210998535,4.924419830060403,,,,
11537,3.3866755962371826,4.885940087791057,,,,
11538,3.3473219871520996,4.829164831122925,,,,
11539,3.376779079437256,4.871662432081728,,,,
11540,3.417891025543213,4.930974432850086,,,,
11541,3.4196133613586426,4.933459238189752,,,,
11542,3.338712692260742,4.816744244077613,,,,
11543,3.280000686645508,4.732040724735869,,,,
11544,3.41982364654541,4.9337626155858745,,,,
11545,3.2816426753997803,4.734409613768854,,,,
11546,3.3461482524871826,4.827471489942529,,,,
11547,3.4124162197113037,4.923075957626561,,,,
11548,3.416663408279419,4.929203355511501,,,,
11549,3.350708484649658,4.834050514268635,,,,
11550,3.3819355964660645,4.87910171362745,,,,
11551,3.4502041339874268,4.977592394158261,,,,
11552,3.4246387481689453,4.940709338819525,,,,
11553,3.5107784271240234,5.064982626471783,,,,
11554,3.3845937252044678,4.882936582776389,,,,
11555,3.3677687644958496,4.858663295398913,,,,
11556,3.412170886993408,4.922722017331086,,,,
11557,3.386159896850586,4.885196090843424,,,,
11558,3.4143428802490234,4.925855541229806,,,,
11559,3.407071590423584,4.915365287457778,,,,
11560,3.330139636993408,4.804375939758163,,,,
11561,3.2575299739837646,4.699622339013532,,,,
11562,3.349776268005371,4.8327056099388885,,,,
11563,3.4229531288146973,4.938277504136325,,,,
11564,3.4275381565093994,4.944892300853811,,,,
11565,3.347686290740967,4.829690410103962,,,,
11566,3.421131134033203,4.935648921300538,,,,
11567,3.4355106353759766,4.956394156578213,,,,
11568,3.389937400817871,4.890645877083965,,,,
11569,3.4151978492736816,4.927089000801794,,,,
11570,3.3690290451049805,4.860481495983835,,,,
11571,3.473310708999634,5.0109281353403015,,,,
11572,3.3457679748535156,4.826922865286277,,,,
11573,3.401270866394043,4.906996611666794,,,,
11574,3.4574522972106934,4.9880492832960215,,,,
11575,3.326508045196533,4.7991366602822785,,,,
11576,3.427097797393799,4.944256996941523,,,,
11577,3.35687255859375,4.84294339317945,,,,
11578,3.3318748474121094,4.806879319224122,,,,
11579,3.343606948852539,4.8238051637914365,,,,
11580,3.294888973236084,4.753519981967427,,,,
11581,3.392974853515625,4.89502799502795,,,,
11582,3.4064838886260986,4.914517412989024,,,,
11583,3.410937547683716,4.920942684825259,,,,
11584,3.4669251441955566,5.0017157126641845,,,,
11585,3.372567892074585,4.865586972957349,,,,
11586,3.3977675437927246,4.901942385523237,,,,
11587,3.3594110012054443,4.846605591746922,,,,
11588,3.424511194229126,4.940525317383102,,,,
11589,3.3732948303222656,4.86663572316231,,,,
11590,3.4254183769226074,4.941834105356168,,,,
11591,3.273555278778076,4.722741966769019,,,,
11592,3.41955828666687,4.933379782205054,,,,
11593,3.441441535949707,4.964950637423939,,,,
11594,3.3603568077087402,4.847970102098868,,,,
11595,3.429372549057007,4.947538769885288,,,,
11596,3.4120242595672607,4.9225104786705245,,,,
11597,3.4306983947753906,4.949451560928184,,,,
11598,3.338414192199707,4.8163135995198525,,,,
11599,3.449657440185547,4.976803681721405,,,,
11600,3.392249822616577,4.893981996545402,4.186416530609131,6.039722367805373,,
11601,3.397688865661621,4.901828876973668,,,,
11602,3.3557286262512207,4.84129304766177,,,,
11603,3.2741875648498535,4.723654162749195,,,,
11604,3.293719530105591,4.751832832162463,,,,
11605,3.3246307373046875,4.796428277496491,,,,
11606,3.431623697280884,4.95078649026418,,,,
11607,3.5103485584259033,5.0643624570327725,,,,
11608,3.412241220474243,4.922823487095095,,,,
11609,3.326963424682617,4.799793634008575,,,,
11610,3.3309364318847656,4.80552547179653,,,,
11611,3.385788917541504,4.884660880833939,,,,
11612,3.342076539993286,4.82159725051966,,,,
11613,3.432737350463867,4.952393152188541,,,,
11614,3.3530197143554688,4.837384913903564,,,,
11615,3.3487625122070312,4.831243069475951,,,,
11616,3.3138067722320557,4.780812596763449,,,,
11617,3.341367721557617,4.820574641677629,,,,
11618,3.356651544570923,4.84262453734475,,,,
11619,3.3163022994995117,4.784412881576611,,,,
11620,3.4802722930908203,5.020971578185388,,,,
11621,3.525040864944458,5.085558974786312,,,,
11622,3.362553119659424,4.851138710458364,,,,
11623,3.390993118286133,4.892168955440006,,,,
11624,3.5055577754974365,5.057450818259898,,,,
11625,3.454115152359009,4.983234800967768,,,,
11626,3.4484879970550537,4.9751165319164405,,,,
11627,3.334831714630127,4.811145176896123,,,,
11628,3.4541237354278564,4.983247183718631,,,,
11629,3.447352886199951,4.973478913114925,,,,
11630,3.3646113872528076,4.854108162908162,,,,
11631,3.540595054626465,5.10799892710559,,,,
11632,3.3856353759765625,4.884439367179628,,,,
11633,3.49153470993042,5.037219811108303,,,,
11634,3.4037063121795654,4.910510217223921,,,,
11635,3.442424774169922,4.966369150328256,,,,
11636,3.4945175647735596,5.041523160998191,,,,
11637,3.3540799617767334,4.838914527600338,,,,
11638,3.380556344985962,4.8771118743569675,,,,
11639,3.4778285026550293,5.0174459338427,,,,
11640,3.314568042755127,4.7819108779718595,,,,
11641,3.3691282272338867,4.8606245855493535,,,,
11642,3.400362968444824,4.905686791797823,,,,
11643,3.3894927501678467,4.890004381796246,,,,
11644,3.4040327072143555,4.910981105721984,,,,
11645,3.3898515701293945,4.890522049575344,,,,
11646,3.372295618057251,4.865194164582778,,,,
11647,3.4279794692993164,4.945528980627304,,,,
11648,3.3765194416046143,4.871287853868149,,,,
11649,3.3803367614746094,4.876795082314078,,,,
11650,3.35650897026062,4.842418846094318,,,,
11651,3.2823715209960938,4.7354611156962285,,,,
11652,3.309096336364746,4.774016874297256,,,,
11653,3.382020950317383,4.879224853205468,,,,
11654,3.424038887023926,4.939843922120383,,,,
11655,3.42915940284729,4.947231264905545,,,,
11656,3.3540492057800293,4.838870156076415,,,,
11657,3.4219768047332764,4.9368689662257585,,,,
11658,3.3723368644714355,4.8652536705799765,,,,
11659,3.431273937225342,4.950281893166549,,,,
11660,3.4214632511138916,4.936128064965842,,,,
11661,3.4006507396698,4.906101957917006,,,,
11662,3.4484012126922607,4.974991328546612,,,,
11663,3.3780617713928223,4.873512965405012,,,,
11664,3.3601155281066895,4.847622009213521,,,,
11665,3.3516907691955566,4.835467651311745,,,,
11666,3.4072277545928955,4.915590584730409,,,,
11667,3.369178295135498,4.860696818262715,,,,
11668,3.366231918334961,4.8564460950639905,,,,
11669,3.291773796081543,4.74902573133508,,,,
11670,3.470221996307373,5.006472064856446,,,,
11671,3.452134609222412,4.980377481206333,,,,
11672,3.4426512718200684,4.966695917364896,,,,
11673,3.404700994491577,4.91194524046272,,,,
11674,3.388099193572998,4.887993904607661,,,,
11675,3.47491192817688,5.01323820630669,,,,
11676,3.519896984100342,5.078137923401582,,,,
11677,3.486135959625244,5.0294310608160275,,,,
11678,3.3869364261627197,4.886316385831145,,,,
11679,3.3673958778381348,4.858125333667015,,,,
11680,3.3566665649414062,4.842646207158759,,,,
11681,3.3817758560180664,4.878871256875294,,,,
11682,3.3048219680786133,4.76785026436792,,,,
11683,3.3606953620910645,4.848458532827318,,,,
11684,3.331763744354248,4.806719031393518,,,,
11685,3.2901363372802734,4.746663377642829,,,,
11686,3.4498443603515625,4.977073350517958,,,,
11687,3.320889949798584,4.791031461912416,,,,
11688,3.3304896354675293,4.804880880821096,,,,
11689,3.408003330230713,4.916709503856922,,,,
11690,3.425126314163208,4.941412747861554,,,,
11691,3.3338921070098877,4.8097896096420225,,,,
11692,3.441680431365967,4.965295290656269,,,,
11693,3.434804916381836,4.955376019285105,,,,
11694,3.344128131866455,4.824557071941008,,,,
11695,3.422260284423828,4.93727794096951,,,,
11696,3.3826510906219482,4.8801339534979284,,,,
11697,3.3803999423980713,4.876886233119035,,,,
11698,3.402536392211914,4.908822379488353,,,,
11699,3.453028678894043,4.981667351087805,,,,
11700,3.3710877895355225,4.863451636364236,,,,
11701,3.370117664337158,4.8620520415515145,,,,
11702,3.427370071411133,4.944649805316094,,,,
11703,3.3666718006134033,4.857080711045674,,,,
11704,3.3150081634521484,4.782545837918845,,,,
11705,3.4175384044647217,4.930465708168835,,,,
11706,3.3480467796325684,4.830210485640171,,,,
11707,3.393526554107666,4.895823930736142,,,,
11708,3.529052257537842,5.091346190987846,,,,
11709,3.4675989151000977,5.002687758606861,,,,
11710,3.455054759979248,4.984590368221869,,,,
11711,3.370356559753418,4.862396694783843,,,,
11712,3.3754663467407227,4.869768559130427,,,,
11713,3.302184581756592,4.764045320200231,,,,
11714,3.392880439758301,4.894891784768466,,,,
11715,3.456960916519165,4.987340370809165,,,,
11716,3.302150011062622,4.7639954452314806,,,,
11717,3.398460865020752,4.902942636620656,,,,
11718,3.412445545196533,4.923118265358673,,,,
11719,3.356071710586548,4.8417880137309535,,,,
11720,3.396348237991333,4.8998947600820655,,,,
11721,3.406324625015259,4.914287644167472,,,,
11722,3.365140914916992,4.854872109843294,,,,
11723,3.3855767250061035,4.884354751715404,,,,
11724,3.3431220054626465,4.823105538367726,,,,
11725,3.5199170112609863,5.0781668164869265,,,,
11726,3.415855884552002,4.928038345034557,,,,
11727,3.418046236038208,4.93119835426151,,,,
11728,3.2361977100372314,4.6688463876069335,,,,
11729,3.4349138736724854,4.955533211427994,,,,
11730,3.3414578437805176,4.820704660561682,,,,
11731,3.3548238277435303,4.839987699341721,,,,
11732,3.407761573791504,4.916360723040972,,,,
11733,3.386767864227295,4.886073202362825,,,,
11734,3.439718723297119,4.96246514415367,,,,
11735,3.3701748847961426,4.862134593223929,,,,
11736,3.4142184257507324,4.925675991342305,,,,
11737,3.3451132774353027,4.825978336567738,,,,
11738,3.4123382568359375,4.922963480972897,,,,
11739,3.302670955657959,4.764747009415752,,,,
11740,3.2571558952331543,4.699082657455124,,,,
11741,3.383453130722046,4.881291052772934,,,,
11742,3.298860788345337,4.759250099928874,,,,
11743,3.4319472312927246,4.951253251178622,,,,
11744,3.386521339416504,4.88571754224084,,,,
11745,3.4752252101898193,5.013690176713158,,,,
11746,3.4895992279052734,5.034427500788894,,,,
11747,3.3517470359802246,4.8355488271229525,,,,
11748,3.421159029006958,4.93568916524084,,,,
11749,3.3540077209472656,4.838810306113914,,,,
11750,3.3920910358428955,4.893752915654453,,,,
11751,3.420172929763794,4.9342665247529025,,,,
11752,3.32938814163208,4.803291761127124,,,,
11753,3.4157629013061523,4.927904198566884,,,,
11754,3.3641552925109863,4.85345015728596,,,,
11755,3.3341574668884277,4.810172443022843,,,,
11756,3.365880250930786,4.855938746243945,,,,
11757,3.343543291091919,4.823713325055875,,,,
11758,3.3596043586730957,4.846884547606622,,,,
11759,3.429041624069214,4.9470613460464925,,,,
11760,3.3941268920898438,4.8966900353658875,,,,
11761,3.3958334922790527,4.89915213899564,,,,
11762,3.4340529441833496,4.954291152723463,,,,
11763,3.370450973510742,4.862532905043327,,,,
11764,3.364945650100708,4.854590402261181,,,,
11765,3.3575210571289062,4.843878978800143,,,,
11766,3.432631254196167,4.952240087629273,,,,
11767,3.3426132202148438,4.822371516413844,,,,
11768,3.3862123489379883,4.885271763209804,,,,
11769,3.3873510360717773,4.886914541490846,,,,
11770,3.438732147216797,4.96104181573513,,,,
11771,3.3038668632507324,4.766472339369207,,,,
11772,3.4946963787078857,5.041781134974486,,,,
11773,3.4520316123962402,4.980228888195988,,,,
11774,3.374476432800293,4.868340415197662,,,,
11775,3.308227777481079,4.77276380870307,,,,
11776,3.371485710144043,4.864025714452816,,,,
11777,3.4707469940185547,5.007229476450846,,,,
11778,3.405883312225342,4.913650964393978,,,,
11779,3.493182897567749,5.039597643239132,,,,
11780,3.3558754920959473,4.841504930287633,,,,
11781,3.356835126876831,4.842889390627079,,,,
11782,3.5129315853118896,5.0680889771116675,,,,
11783,3.3013219833374023,4.762800853738588,,,,
11784,3.391868829727173,4.893432339993244,,,,
11785,3.371671199798584,4.864293319457558,,,,
11786,3.3628973960876465,4.851635396354056,,,,
11787,3.343043327331543,4.822992029818157,,,,
11788,3.429262638092041,4.947380201881192,,,,
11789,3.4168477058410645,4.929469240689736,,,,
11790,3.3156790733337402,4.783513756277901,,,,
11791,3.38382625579834,4.881829358470134,,,,
11792,3.376317262649536,4.870996171292286,,,,
11793,3.3872482776641846,4.8867662924458015,,,,
11794,3.411684513092041,4.922020328115566,,,,
11795,3.404142379760742,4.911139329760777,,,,
11796,3.472327709197998,5.0095099664012865,,,,
11797,3.3421504497528076,4.821703879763194,,,,
11798,3.3112049102783203,4.777058903425718,,,,
11799,3.4439666271209717,4.968593573934516,,,,
11800,3.3929004669189453,4.894920677853811,4.142033863067627,5.9756917134418215,,
11801,3.3069725036621094,4.770952831389485,,,,
11802,3.3193278312683105,4.78877780125551,,,,
11803,3.4464430809020996,4.97216634152354,,,,
11804,3.3677470684051514,4.858631994556457,,,,
11805,3.451979637145996,4.980153903760212,,,,
11806,3.3647172451019287,4.8542608835021275,,,,
11807,3.2732350826263428,4.722280021368801,,,,
11808,3.3771910667419434,4.8722568041231105,,,,
11809,3.3724870681762695,4.8654703687200636,,,,
11810,3.4088010787963867,4.917860411756496,,,,
11811,3.367445945739746,4.858197566380377,,,,
11812,3.384934425354004,4.883428109192555,,,,
11813,3.3648324012756348,4.854427018742861,,,,
11814,3.384227752685547,4.88240859603824,,,,
11815,3.3224289417266846,4.793251757935055,,,,
11816,3.367504119873047,4.858281493913998,,,,
11817,3.4394073486328125,4.962015925469617,,,,
11818,3.3602285385131836,4.847785048766539,,,,
11819,3.3530540466308594,4.837434444907012,,,,
11820,3.3816490173339844,4.878688267334776,,,,
11821,3.425163745880127,4.941466750413925,,,,
11822,3.4197006225585938,4.933585129490184,,,,
11823,3.3959426879882812,4.89930967510383,,,,
11824,3.3121910095214844,4.778481543913655,,,,
11825,3.419539451599121,4.933352608946218,,,,
11826,3.3454506397247314,4.82646504746968,,,,
11827,3.4004111289978027,4.905756272788771,,,,
11828,3.4092085361480713,4.918448248457145,,,,
11829,3.4166080951690674,4.929123555561501,,,,
11830,3.3462886810302734,4.827674085505246,,,,
11831,3.3636555671691895,4.852729206013543,,,,
11832,3.4056787490844727,4.913355842165097,,,,
11833,3.4186997413635254,4.93214116315354,,,,
11834,3.361823081970215,4.85008548870448,,,,
11835,3.4064226150512695,4.9144290139064815,,,,
11836,3.374563217163086,4.86846561856749,,,,
11837,3.446564197540283,4.972341075896816,,,,
11838,3.367448091506958,4.858200662068093,,,,
11839,3.306703567504883,4.770564838529138,,,,
11840,3.4390506744384766,4.961501353378235,,,,
11841,3.333203077316284,4.808795549920036,,,,
11842,3.4079442024230957,4.916624200462094,,,,
11843,3.39471697807312,4.897541349487659,,,,
11844,3.3332173824310303,4.808816187838139,,,,
11845,3.3238067626953125,4.795239533413727,,,,
11846,3.3442740440368652,4.824767578705664,,,,
11847,3.4146714210510254,4.926329525415584,,,,
11848,3.4307143688201904,4.949474606603399,,,,
11849,3.37674880027771,4.871618748488409,,,,
11850,3.5069973468780518,5.059527680751717,,,,
11851,3.387352228164673,4.886916261317354,,,,
11852,3.308131217956543,4.772624502755871,,,,
11853,3.38175106048584,4.878835484483914,,,,
11854,3.27248477935791,4.721197562564271,,,,
11855,3.4475655555725098,4.973785730164064,,,,
11856,3.4233651161193848,4.938871876177707,,,,
11857,3.357652187347412,4.844068159716092,,,,
11858,3.375263214111328,4.8694755006933566,,,,
11859,3.3523452281951904,4.836411836064982,,,,
11860,3.3997392654418945,4.9047869785685085,,,,
11861,3.3842451572418213,4.882433705505266,,,,
11862,3.313711404800415,4.780675010642759,,,,
11863,3.321643352508545,4.792118392265869,,,,
11864,3.3983941078186035,4.902846326336173,,,,
11865,3.3156180381774902,4.783425701160659,,,,
11866,3.3512377738952637,4.834814117238467,,,,
11867,3.412489414215088,4.9231815549741915,,,,
11868,3.461909770965576,4.994480058577084,,,,
11869,3.3131017684936523,4.779795491366247,,,,
11870,3.2708852291107178,4.718889899354994,,,,
11871,3.32963228225708,4.803643981596091,,,,
11872,3.3986051082611084,4.9031507356282,,,,
11873,3.3438777923583984,4.824195908374197,,,,
11874,3.350877523422241,4.834294385667559,,,,
11875,3.412304639816284,4.922914981865354,,,,
11876,3.44091796875,4.96419528962135,,,,
11877,3.4275763034820557,4.9449473353020865,,,,
11878,3.317523717880249,4.786175015817352,,,,
11879,3.3962106704711914,4.89969629210297,,,,
11880,3.3629708290100098,4.851741337666987,,,,
11881,3.408010959625244,4.916720510746577,,,,
11882,3.521669387817383,5.08069496145461,,,,
11883,3.3269248008728027,4.799737911629695,,,,
11884,3.3054399490356445,4.768741822429993,,,,
11885,3.402944326400757,4.909410904119606,,,,
11886,3.428895950317383,4.946851183247138,,,,
11887,3.367863655090332,4.858800193589,,,,
11888,3.3916120529174805,4.893061889363286,,,,
11889,3.354203224182129,4.83909235766133,,,,
11890,3.419466495513916,4.93324735556389,,,,
11891,3.3666625022888184,4.857067296398907,,,,
11892,3.454240322113037,4.983415382751175,,,,
11893,3.3868041038513184,4.886125485088687,,,,
11894,3.3542189598083496,4.8391150593712435,,,,
11895,3.3854522705078125,4.884175201827903,,,,
11896,3.282602548599243,4.735794418073601,,,,
11897,3.3631222248077393,4.851959755633583,,,,
11898,3.3215301036834717,4.791955008747549,,,,
11899,3.4737019538879395,5.011492582400433,,,,
11900,3.33805251121521,4.815791804157135,,,,
11901,3.397972345352173,4.90223785171742,,,,
11902,3.372354507446289,4.865279124012305,,,,
11903,3.4448280334472656,4.969836320569651,,,,
11904,3.4708852767944336,5.007428976325847,,,,
11905,3.3550381660461426,4.840296924147973,,,,
11906,3.3735885620117188,4.867059488414036,,,,
11907,3.406175136566162,4.91407197792329,,,,
11908,3.414963960647583,4.926751570840802,,,,
11909,3.381542682647705,4.878534858810206,,,,
11910,3.3955721855163574,4.898775153024948,,,,
11911,3.332932710647583,4.808405493267879,,,,
11912,3.3974814414978027,4.901529627161167,,,,
11913,3.334329605102539,4.810420785970689,,,,
11914,3.462070941925049,4.9947125791210505,,,,
11915,3.329686164855957,4.803721717754281,,,,
11916,3.3503341674804688,4.833510488744926,,,,
11917,3.3738467693328857,4.8674320028358045,,,,
11918,3.446925163269043,4.972861839363629,,,,
11919,3.3892855644226074,4.8897054759490475,,,,
11920,3.4139256477355957,4.925253601951786,,,,
11921,3.262241840362549,4.706420125271535,,,,
11922,3.2710211277008057,4.719085959576977,,,,
11923,3.314504861831665,4.781819727166902,,,,
11924,3.3956499099731445,4.898887285713311,,,,
11925,3.428010940551758,4.9455743840471325,,,,
11926,3.391360282897949,4.892698662004664,,,,
11927,3.481260299682617,5.0223969703957385,,,,
11928,3.43534255027771,4.956151661040497,,,,
11929,3.3383984565734863,4.816290897809938,,,,
11930,3.3849823474884033,4.883497246218202,,,,
11931,3.433739185333252,4.953838494386392,,,,
11932,3.3542027473449707,4.839091669730726,,,,
11933,3.3598203659057617,4.847196180169985,,,,
11934,3.3619043827056885,4.850202780872369,,,,
11935,3.3453688621520996,4.826347067371189,,,,
11936,3.367511510848999,4.858292156838352,,,,
11937,3.3891987800598145,4.889580272579219,,,,
11938,3.415691614151001,4.9278013529416675,,,,
11939,3.4020299911499023,4.908091797187488,,,,
11940,3.3259079456329346,4.798270899617835,,,,
11941,3.478469133377075,5.0183701686084365,,,,
11942,3.34887957572937,4.831411956439098,,,,
11943,3.2162508964538574,4.640069218568663,,,,
11944,3.4138078689575195,4.925083683092734,,,,
11945,3.335371255874634,4.811923570373928,,,,
11946,3.2972779273986816,4.756966514290718,,,,
11947,3.386491298675537,4.885674202612823,,,,
11948,3.3312857151031494,4.806029380963558,,,,
11949,3.324361801147461,4.7960402846361445,,,,
11950,3.377176284790039,4.872235478274403,,,,
11951,3.3691859245300293,4.860707825152371,,,,
11952,3.330836296081543,4.805381006369805,,,,
11953,3.351581335067749,4.835309771238253,,,,
11954,3.468376874923706,5.003810117386392,,,,
11955,3.3518853187561035,4.835748326997953,,,,
11956,3.376718282699585,4.871574720929789,,,,
11957,3.3687946796417236,4.860143378092239,,,,
11958,3.330507278442383,4.804906334253424,,,,
11959,3.361067056655884,4.8489947747327085,,,,
11960,3.286994457244873,4.7421306028966885,,,,
11961,3.351590156555176,4.835322497954417,,,,
11962,3.389892578125,4.89058121160724,,,,
11963,3.3857314586639404,4.884577985196223,,,,
11964,3.34474515914917,4.825447254141874,,,,
11965,3.435495376586914,4.9563721427989025,,,,
11966,3.3689424991607666,4.860356636579309,,,,
11967,3.369076728820801,4.8605502890441805,,,,
11968,3.4439868927001953,4.9686228109851625,,,,
11969,3.2990570068359375,4.759533183372194,,,,
11970,3.366072654724121,4.856216326242437,,,,
11971,3.3244144916534424,4.796116300967825,,,,
11972,3.4550464153289795,4.984578329436308,,,,
11973,3.3933067321777344,4.895506794727951,,,,
11974,3.3844594955444336,4.882742930311517,,,,
11975,3.389223098754883,4.889615357039995,,,,
11976,3.3633272647857666,4.852255565793067,,,,
11977,3.4057345390319824,4.913436330045701,,,,
11978,3.3448266983032227,4.825564890275064,,,,
11979,3.453324317932129,4.982093868061945,,,,
11980,3.3301634788513184,4.804410336288336,,,,
11981,3.398998260498047,4.9037179344107455,,,,
11982,3.3501710891723633,4.833275216478546,,,,
11983,3.3380119800567627,4.815733330055841,,,,
11984,3.459123134613037,4.990459792130515,,,,
11985,3.370134115219116,4.862075775157334,,,,
11986,3.3334178924560547,4.80910546265689,,,,
11987,3.3909192085266113,4.892062326196471,,,,
11988,3.3849449157714844,4.88344324366583,,,,
11989,3.3355507850646973,4.812182576246127,,,,
11990,3.437849521636963,4.959768456188142,,,,
11991,3.399963855743408,4.905110993882734,,,,
11992,3.3710896968841553,4.86345438808665,,,,
11993,3.3965654373168945,4.900208112471937,,,,
11994,3.337503433227539,4.81499965206726,,,,
11995,3.404005527496338,4.910941893677586,,,,
11996,3.376873016357422,4.871797954410608,,,,
11997,3.366703987121582,4.857127146361407,,,,
11998,3.3597121238708496,4.847040019923002,,,,
11999,3.3992037773132324,4.904014432500833,,,,
12000,3.4534153938293457,4.982225262807204,4.1117175102233885,5.931954461535598,,
12001,3.315622568130493,4.783432236501392,,,,
12002,3.349153518676758,4.831807172570781,,,,
12003,3.328481674194336,4.801984005049963,,,,
12004,3.3737921714782715,4.86735323478171,,,,
12005,3.2879772186279297,4.743548427870401,,,,
12006,3.371123790740967,4.863503575124796,,,,
12007,3.299976348876953,4.760859513575649,,,,
12008,3.3099563121795654,4.775257557140581,,,,
12009,3.363229274749756,4.852114196054058,,,,
12010,3.3645071983337402,4.853957850071307,,,,
12011,3.3944616317749023,4.897172962649511,,,,
12012,3.3402347564697266,4.818940118563829,,,,
12013,3.4752535820007324,5.0137311085840635,,,,
12014,3.37290358543396,4.866071276102178,,,,
12015,3.305385112762451,4.768662710410595,,,,
12016,3.328181743621826,4.801551296700392,,,,
12017,3.4224467277526855,4.93754692183546,,,,
12018,3.4419708251953125,4.965714240393771,,,,
12019,3.268751859664917,4.715812097835153,,,,
12020,3.374178647994995,4.867910802535807,,,,
12021,3.3883347511291504,4.888333742325766,,,,
12022,3.319159507751465,4.788534961752491,,,,
12023,3.4101598262786865,4.91982067001103,,,,
12024,3.472444534301758,5.009678509399132,,,,
12025,3.4668140411376953,5.00155542483358,,,,
12026,3.396360397338867,4.899912302312453,,,,
12027,3.3842592239379883,4.882453999458067,,,,
12028,3.4124231338500977,4.923085932620311,,,,
12029,3.4106712341308594,4.920558475583231,,,,
12030,3.375339984893799,4.869586257520512,,,,
12031,3.3683724403381348,4.859534215542883,,,,
12032,3.3918533325195312,4.893409982248632,,,,
12033,3.3428077697753906,4.822652192100052,,,,
12034,3.460448741912842,4.99237223920811,,,,
12035,3.3500590324401855,4.833113552786735,,,,
12036,3.319566249847412,4.789121766557235,,,,
12037,3.381455421447754,4.878408967509775,,,,
12038,3.3806259632110596,4.877212312225071,,,,
12039,3.3836193084716797,4.881530796588236,,,,
12040,3.352030038833618,4.8359571139361,,,,
12041,3.424561023712158,4.940597206131162,,,,
12042,3.392991781234741,4.895052416564372,,,,
12043,3.3254716396331787,4.797641443115677,,,,
12044,3.4061810970306396,4.914080577055833,,,,
12045,3.3540444374084473,4.83886327677038,,,,
12046,3.3816299438476562,4.878660750110638,,,,
12047,3.248141288757324,4.686077329396879,,,,
12048,3.3845393657684326,4.882858158687595,,,,
12049,3.4311344623565674,4.95008067346504,,,,
12050,3.3868510723114014,4.886193246253127,,,,
12051,3.321833610534668,4.7923928765766455,,,,
12052,3.4227023124694824,4.937915652638909,,,,
12053,3.3138365745544434,4.780855592426165,,,,
12054,3.363440990447998,4.85241963724199,,,,
12055,3.3847880363464355,4.883216914497295,,,,
12056,3.387819528579712,4.887590433308737,,,,
12057,3.320326805114746,4.79021901586974,,,,
12058,3.4469966888427734,4.972965028954147,,,,
12059,3.399825096130371,4.90491080607713,,,,
12060,3.3344945907592773,4.810658809959483,,,,
12061,3.343776226043701,4.824049379155661,,,,
12062,3.373469352722168,4.866887505763173,,,,
12063,3.4558234214782715,4.985699312354632,,,,
12064,3.4139981269836426,4.925358167403511,,,,
12065,3.4075584411621094,4.916067664603902,,,,
12066,3.368574619293213,4.859825898118746,,,,
12067,3.232823610305786,4.663978590656913,,,,
12068,3.3748221397399902,4.8688391648851645,,,,
12069,3.334322452545166,4.810410467011637,,,,
12070,3.3542890548706055,4.839216185169951,,,,
12071,3.404524803161621,4.9116910501047455,,,,
12072,3.3708367347717285,4.863089440901519,,,,
12073,3.266531467437744,4.712608748980182,,,,
12074,3.3521571159362793,4.83614044744192,,,,
12075,3.343120574951172,4.823103474575916,,,,
12076,3.3194310665130615,4.788926738231157,,,,
12077,3.3256421089172363,4.797887378306411,,,,
12078,3.3344602584838867,4.810609278956035,,,,
12079,3.37479829788208,4.868804768354992,,,,
12080,3.297175407409668,4.756818609210976,,,,
12081,3.289966106414795,4.746417786417396,,,,
12082,3.3834009170532227,4.881215724371856,,,,
12083,3.4160027503967285,4.92825022766042,,,,
12084,3.3190722465515137,4.78840907045206,,,,
12085,3.4270217418670654,4.944147272010273,,,,
12086,3.428375244140625,4.9460999630281695,,,,
12087,3.3482604026794434,4.830518678550517,,,,
12088,3.3361446857452393,4.813039393812726,,,,
12089,3.317654848098755,4.786364196733301,,,,
12090,3.290112018585205,4.746628293182052,,,,
12091,3.321885585784912,4.7924678610124225,,,,
12092,3.358931064605713,4.845913189594548,,,,
12093,3.3214926719665527,4.791901006195178,,,,
12094,3.3333535194396973,4.809012592025424,,,,
12095,3.4072272777557373,4.915589896799805,,,,
12096,3.374244213104248,4.868005392993782,,,,
12097,3.329477310180664,4.8034204041499695,,,,
12098,3.2884387969970703,4.744214344694542,,,,
12099,3.3367843627929688,4.813962252717256,,,,
12100,3.2982099056243896,4.758311074655163,,,,
12101,3.3112497329711914,4.777123568902442,,,,
12102,3.3412485122680664,4.820402659026766,,,,
12103,3.328840970993042,4.8025023607596635,,,,
12104,3.3079140186309814,4.772311150365999,,,,
12105,3.302689552307129,4.764773838709286,,,,
12106,3.3896303176879883,4.890202849775342,,,,
12107,3.318800926208496,4.7880176379386965,,,,
12108,3.322732448577881,4.793689625764151,,,,
12109,3.4185824394226074,4.931971932225091,,,,
12110,3.339331865310669,4.817637521966194,,,,
12111,3.4399607181549072,4.962814268934922,,,,
12112,3.31111216545105,4.776925100923346,,,,
12113,3.3925065994262695,4.89435244717536,,,,
12114,3.3026328086853027,4.764691974967475,,,,
12115,3.3525338172912598,4.836683912618647,,,,
12116,3.291734457015991,4.748968977060295,,,,
12117,3.298060894012451,4.758096096341585,,,,
12118,3.322148323059082,4.792846910774924,,,,
12119,3.3937325477600098,4.8961211167568335,,,,
12120,3.385152816772461,4.883743181408935,,,,
12121,3.2782347202301025,4.729492973745987,,,,
12122,3.3349409103393555,4.811302713004314,,,,
12123,3.314535140991211,4.781863410760221,,,,
12124,3.3329062461853027,4.808367313119387,,,,
12125,3.39174222946167,4.893249694418028,,,,
12126,3.3634033203125,4.852365290724317,,,,
12127,3.3431625366210938,4.82316401246902,,,,
12128,3.2406177520751953,4.675223160335625,,,,
12129,3.414377450942993,4.925905416198557,,,,
12130,3.372162103652954,4.865001544013811,,,,
12131,3.404871940612793,4.912191863584058,,,,
12132,3.4594016075134277,4.99086154360293,,,,
12133,3.3918137550354004,4.893352884008546,,,,
12134,3.390876054763794,4.892000068476859,,,,
12135,3.2595505714416504,4.702537444945656,,,,
12136,3.3928980827331543,4.894917238200794,,,,
12137,3.3777074813842773,4.873001832966648,,,,
12138,3.387753963470459,4.887495842850762,,,,
12139,3.387340545654297,4.8868994070175695,,,,
12140,3.3894195556640625,4.889898784448617,,,,
12141,3.348512649536133,4.830882593839743,,,,
12142,3.2834465503692627,4.73701205524171,,,,
12143,3.3769712448120117,4.871939668114919,,,,
12144,3.4038619995117188,4.910734826565948,,,,
12145,3.408599853515625,4.91757010504184,,,,
12146,3.463195323944092,4.996334719483989,,,,
12147,3.4290261268615723,4.94703898830188,,,,
12148,3.319321632385254,4.788768858157665,,,,
12149,3.4149107933044434,4.926674866578517,,,,
12150,3.316462278366089,4.784643682294069,,,,
12151,3.2518858909606934,4.691479648425781,,,,
12152,3.326498031616211,4.799122213739606,,,,
12153,3.344388484954834,4.824932682050493,,,,
12154,3.3529105186462402,4.837227377795373,,,,
12155,3.278820514678955,4.730338096492328,,,,
12156,3.3018245697021484,4.763525932594625,,,,
12157,3.3626840114593506,4.851327547409012,,,,
12158,3.2642767429351807,4.7093558691217625,,,,
12159,3.4150052070617676,4.926811076838,,,,
12160,3.427532434463501,4.944884045686569,,,,
12161,3.432921886444092,4.952659381332077,,,,
12162,3.3267552852630615,4.799493352300168,,,,
12163,3.2511329650878906,4.690393406002931,,,,
12164,3.371127128601074,4.863508390639021,,,,
12165,3.357686996459961,4.844118378650144,,,,
12166,3.307572603225708,4.771818592053928,,,,
12167,3.2800064086914062,4.7320489799031105,,,,
12168,3.3039045333862305,4.7665266858868796,,,,
12169,3.3259356021881104,4.798310799592835,,,,
12170,3.388646125793457,4.888782961009819,,,,
12171,3.4089345932006836,4.918053032325462,,,,
12172,3.3918581008911133,4.893416861554667,,,,
12173,3.2388052940368652,4.672608336111907,,,,
12174,3.326063871383667,4.798495852925163,,,,
12175,3.3688247203826904,4.860186717720256,,,,
12176,3.3418185710906982,4.821225080063193,,,,
12177,3.3763298988342285,4.8710144014532775,,,,
12178,3.3006234169006348,4.761793035404532,,,,
12179,3.2885894775390625,4.744431730765233,,,,
12180,3.3554441928863525,4.840882697056811,,,,
12181,3.4176089763641357,4.930567521898145,,,,
12182,3.3234739303588867,4.794759357852518,,,,
12183,3.3683085441589355,4.85944203284202,,,,
12184,3.41799259185791,4.931120962068622,,,,
12185,3.311506748199463,4.777494363497703,,,,
12186,3.225867748260498,4.653943402979068,,,,
12187,3.3881607055664062,4.888082647655506,,,,
12188,3.3252546787261963,4.7973284346911065,,,,
12189,3.4148106575012207,4.926530401151791,,,,
12190,3.352975845336914,4.837321624288046,,,,
12191,3.3488640785217285,4.831389598694486,,,,
12192,3.3326973915100098,4.808065999515075,,,,
12193,3.3901476860046387,4.890949254480087,,,,
12194,3.3335728645324707,4.8093290401030115,,,,
12195,3.472900390625,5.010336171056031,,,,
12196,3.2474451065063477,4.685072950715839,,,,
12197,3.3767623901367188,4.8716383545106074,,,,
12198,3.344025135040283,4.824408478930663,,,,
12199,3.4110465049743652,4.921099876968148,,,,
12200,3.434032440185547,4.954261571707515,4.140876197814942,5.974021555522763,,
12201,3.358246088027954,4.844924977282691,,,,
12202,3.418674945831299,4.93210539076216,,,,
12203,3.3571419715881348,4.8433320739704,,,,
12204,3.409914970397949,4.919467417646158,,,,
12205,3.309937000274658,4.775229695951141,,,,
12206,3.453752279281616,4.982711285778542,,,,
12207,3.4110515117645264,4.921107100239484,,,,
12208,3.4073593616485596,4.915780453576961,,,,
12209,3.3719024658203125,4.864626965800232,,,,
12210,3.2351484298706055,4.667332596314039,,,,
12211,3.364614963531494,4.854113322387687,,,,
12212,3.3998823165893555,4.904993357749544,,,,
12213,3.349363327026367,4.832109862036299,,,,
12214,3.322791337966919,4.7937745851936775,,,,
12215,3.3079004287719727,4.772291544343801,,,,
12216,3.314119338989258,4.781263535274012,,,,
12217,3.4060888290405273,4.9139474624840656,,,,
12218,3.3529462814331055,4.837278972590632,,,,
12219,3.3364408016204834,4.813466598717469,,,,
12220,3.2992632389068604,4.759830713358187,,,,
12221,3.4340879917144775,4.9543417156228164,,,,
12222,3.398955821990967,4.903656708587039,,,,
12223,3.309218645095825,4.7741933284970415,,,,
12224,3.3623545169830322,4.850852187362027,,,,
12225,3.289595127105713,4.745882576407912,,,,
12226,3.3070969581604004,4.771132381276986,,,,
12227,3.3387575149536133,4.816808909554337,,,,
12228,3.3360347747802734,4.81288082580863,,,,
12229,3.3814430236816406,4.878391081314085,,,,
12230,3.3441672325134277,4.824613482250491,,,,
12231,3.323154926300049,4.794299132278809,,,,
12232,3.385845184326172,4.8847420566451465,,,,
12233,3.2299439907073975,4.659824177742671,,,,
12234,3.3956236839294434,4.898849449530121,,,,
12235,3.3703179359436035,4.862340972404964,,,,
12236,3.438518524169922,4.960733622824784,,,,
12237,3.341287136077881,4.820458381405646,,,,
12238,3.412484645843506,4.9231746756681565,,,,
12239,3.3003015518188477,4.761328682247202,,,,
12240,3.2730555534362793,4.722021015496602,,,,
12241,3.3274893760681152,4.800552421464181,,,,
12242,3.4576988220214844,4.988404943418006,,,,
12243,3.334199905395508,4.81023366884655,,,,
12244,3.3516712188720703,4.835439446157004,,,,
12245,3.3320095539093018,4.807073659619597,,,,
12246,3.367661952972412,4.85850919894374,,,,
12247,3.4728877544403076,5.01031794089504,,,,
12248,3.3791003227233887,4.875011278259329,,,,
12249,3.3705363273620605,4.862656044621344,,,,
12250,3.2911834716796875,4.748174073248007,,,,
12251,3.364076614379883,4.8533366487363905,,,,
12252,3.3888168334960938,4.889029240165855,,,,
12253,3.362139940261841,4.850542618590474,,,,
12254,3.383540630340576,4.881417288038667,,,,
12255,3.297231435775757,4.7568994410568815,,,,
12256,3.391193151473999,4.892457542328154,,,,
12257,3.3226616382598877,4.793587468069539,,,,
12258,3.2905969619750977,4.747327918605762,,,,
12259,3.27708101272583,4.727828525650938,,,,
12260,3.4379329681396484,4.959888844043745,,,,
12261,3.2890212535858154,4.745054651926658,,,,
12262,3.2982876300811768,4.758423207343526,,,,
12263,3.3890533447265625,4.889370453745166,,,,
12264,3.4066669940948486,4.91478157834075,,,,
12265,3.386078357696533,4.885078454710234,,,,
12266,3.3916194438934326,4.89307255228764,,,,
12267,3.464653491973877,4.998438411269342,,,,
12268,3.3387084007263184,4.816738052702181,,,,
12269,3.3212549686431885,4.791558072789358,,,,
12270,3.3150320053100586,4.782580234449018,,,,
12271,3.3540873527526855,4.838925190524691,,,,
12272,3.286532163619995,4.741463654176642,,,,
12273,3.4246532917022705,4.94073032070293,,,,
12274,3.3527040481567383,4.836929503844079,,,,
12275,3.3896336555480957,4.890207665289567,,,,
12276,3.373694658279419,4.867212552973304,,,,
12277,3.3910579681396484,4.892262514002075,,,,
12278,3.3111329078674316,4.776955025904597,,,,
12279,3.3529562950134277,4.837293419133305,,,,
12280,3.385298728942871,4.883953688173591,,,,
12281,3.3887312412261963,4.888905756622536,,,,
12282,3.414489507675171,4.926067079890367,,,,
12283,3.330317735671997,4.804632881838552,,,,
12284,3.27424693107605,4.723739810109325,,,,
12285,3.366854190826416,4.857343844501494,,,,
12286,3.3341140747070312,4.810109841337929,,,,
12287,3.3948426246643066,4.897722619201668,,,,
12288,3.2548084259033203,4.695695975094334,,,,
12289,3.330357789993286,4.804690668009242,,,,
12290,3.3257126808166504,4.797989192035722,,,,
12291,3.396622657775879,4.900290664144351,,,,
12292,3.3169360160827637,4.785327141348598,,,,
12293,3.422144889831543,4.937111461763475,,,,
12294,3.3411760330200195,4.820298093575042,,,,
12295,3.313704013824463,4.780664347718406,,,,
12296,3.3627190589904785,4.8513781103083655,,,,
12297,3.315028190612793,4.78257473100419,,,,
12298,3.309414863586426,4.774476411940362,,,,
12299,3.326964855194092,4.799795697800385,,,,
12300,3.3426198959350586,4.822381147442292,,,,
12301,3.3708386421203613,4.863092192623933,,,,
12302,3.3347690105438232,4.811054714021769,,,,
12303,3.436629295349121,4.95800804177391,,,,
12304,3.414421319961548,4.925968705814074,,,,
12305,3.2781741619110107,4.729405606559349,,,,
12306,3.3741912841796875,4.867929032696798,,,,
12307,3.3971686363220215,4.901078344685303,,,,
12308,3.3447699546813965,4.825483026533254,,,,
12309,3.316882371902466,4.78524974915571,,,,
12310,3.4230923652648926,4.9384783798725325,,,,
12311,3.3861303329467773,4.88515343914601,,,,
12312,3.3771605491638184,4.872212776564489,,,,
12313,3.4861350059509277,5.02942968495482,,,,
12314,3.3174924850463867,4.786129956362826,,,,
12315,3.3085365295410156,4.773209243768805,,,,
12316,3.429377794265747,4.947546337121925,,,,
12317,3.289961814880371,4.746411595041965,,,,
12318,3.3701303005218506,4.862070271712506,,,,
12319,3.322650909423828,4.793571989630961,,,,
12320,3.258483648300171,4.700998200220434,,,,
12321,3.3565216064453125,4.842437076255309,,,,
12322,3.2821614742279053,4.735158082265408,,,,
12323,3.333735704421997,4.80956396840409,,,,
12324,3.273143768310547,4.722148282658241,,,,
12325,3.341519355773926,4.820793403609526,,,,
12326,3.4518494606018066,4.97996609870547,,,,
12327,3.328064441680908,4.801382065771943,,,,
12328,3.3075621128082275,4.771803457580652,,,,
12329,3.3584632873535156,4.845238329672563,,,,
12330,3.3245151042938232,4.796261454325154,,,,
12331,3.3081607818603516,4.772667154453285,,,,
12332,3.3824918270111084,4.879904184676375,,,,
12333,3.448702812194824,4.975426444653295,,,,
12334,3.3265459537506104,4.799191350765253,,,,
12335,3.2821688652038574,4.735168745189762,,,,
12336,3.343735456466675,4.823990561089066,,,,
12337,3.3019299507141113,4.763677965257988,,,,
12338,3.4184060096740723,4.9317173979018145,,,,
12339,3.345885753631592,4.8270927841453295,,,,
12340,3.311509609222412,4.777498491081324,,,,
12341,3.3693530559539795,4.8609489448288805,,,,
12342,3.422513008117676,4.937642544189339,,,,
12343,3.428593635559082,4.9464150352445495,,,,
12344,3.4045746326446533,4.911762938852806,,,,
12345,3.327255964279175,4.800215679433792,,,,
12346,3.3110625743865967,4.776853556140588,,,,
12347,3.357487201690674,4.843830135727298,,,,
12348,3.3021717071533203,4.764026746073938,,,,
12349,3.334319591522217,4.810406339428017,,,,
12350,3.3784008026123047,4.874002084064066,,,,
12351,3.3316526412963867,4.806558743562913,,,,
12352,3.3032984733581543,4.765652326089893,,,,
12353,3.3007798194885254,4.762018676642463,,,,
12354,3.3321542739868164,4.807282446557744,,,,
12355,3.348987102508545,4.831567084790176,,,,
12356,3.3335494995117188,4.809295331503443,,,,
12357,3.289332628250122,4.745503870610712,,,,
12358,3.321427345275879,4.791806759702506,,,,
12359,3.442911148071289,4.967070839543776,,,,
12360,3.332207679748535,4.807359494785331,,,,
12361,3.318864583969116,4.788109476674257,,,,
12362,3.401623010635376,4.907504648417443,,,,
12363,3.401813268661499,4.90777913272822,,,,
12364,3.4284400939941406,4.946193521590239,,,,
12365,3.3134167194366455,4.780249869529826,,,,
12366,3.335390567779541,4.811951431563368,,,,
12367,3.4383339881896973,4.960467393681248,,,,
12368,3.3656325340270996,4.855581366295453,,,,
12369,3.4456357955932617,4.971001675011897,,,,
12370,3.4050798416137695,4.912491801327162,,,,
12371,3.3052845001220703,4.768517557053268,,,,
12372,3.381634473800659,4.87866728545137,,,,
12373,3.3551385402679443,4.840441733539999,,,,
12374,3.3584957122802734,4.845285108953598,,,,
12375,3.3240458965301514,4.795584530611358,,,,
12376,3.3528482913970947,4.837137602851623,,,,
12377,3.375797748565674,4.870246670899825,,,,
12378,3.3520421981811523,4.8359746561664885,,,,
12379,3.3711323738098145,4.863515957875658,,,,
12380,3.3578076362609863,4.844292425092817,,,,
12381,3.3650593757629395,4.854754473710104,,,,
12382,3.3361051082611084,4.81298229557264,,,,
12383,3.2827060222625732,4.73594369901455,,,,
12384,3.2523183822631836,4.692103601483111,,,,
12385,3.445716142654419,4.9711175913185786,,,,
12386,3.2904856204986572,4.747167286809857,,,,
12387,3.3206963539123535,4.790752162087415,,,,
12388,3.400465488433838,4.905834696877565,,,,
12389,3.3680882453918457,4.859124208903226,,,,
12390,3.308137893676758,4.77263413378432,,,,
12391,3.371215343475342,4.86363565780066,,,,
12392,3.4174633026123047,4.930357359098791,,,,
12393,3.363724946975708,4.852829299916346,,,,
12394,3.3488361835479736,4.831349354754185,,,,
12395,3.334221363067627,4.810264625723706,,,,
12396,3.3385236263275146,4.8164714795933445,,,,
12397,3.3663840293884277,4.856665544926491,,,,
12398,3.4192028045654297,4.9328669299401815,,,,
12399,3.337824821472168,4.815463317293987,,,,
12400,3.4028306007385254,4.909246832670683,4.053925704956055,5.848578510672396,,
12401,3.367469310760498,4.858231274979946,,,,
12402,3.3506288528442383,4.833935629857859,,,,
12403,3.3315067291259766,4.806348236798257,,,,
12404,3.2868165969848633,4.741874004781601,,,,
12405,3.4353299140930176,4.956133430879506,,,,
12406,3.253937005996704,4.694438781916526,,,,
12407,3.370274066925049,4.862277682789446,,,,
12408,3.286294937133789,4.741121408701425,,,,
12409,3.2690083980560303,4.71618220449981,,,,
12410,3.2368381023406982,4.669770278407369,,,,
12411,3.3052141666412354,4.768416087289259,,,,
12412,3.3694276809692383,4.8610566059683205,,,,
12413,3.3980493545532227,4.902348952509877,,,,
12414,3.31373929977417,4.780715254583061,,,,
12415,3.264714241027832,4.709987045450429,,,,
12416,3.2644028663635254,4.7095378267663754,,,,
12417,3.3468167781829834,4.828435968648568,,,,
12418,3.3174705505371094,4.786098311555067,,,,
12419,3.3076086044311523,4.771870530814489,,,,
12420,3.386282205581665,4.88537254504321,,,,
12421,3.265982151031494,4.711816252925006,,,,
12422,3.342177391052246,4.821742747842289,,,,
12423,3.3080010414123535,4.772436697701129,,,,
12424,3.248303174972534,4.68631088183675,,,,
12425,3.3158888816833496,4.78381644574342,,,,
12426,3.290529251098633,4.747230232460073,,,,
12427,3.296170711517334,4.755369139429504,,,,
12428,3.3780925273895264,4.8735573369289344,,,,
12429,3.2735953330993652,4.722799752939709,,,,
12430,3.2410457134246826,4.675840578052222,,,,
12431,3.3666577339172363,4.857060417092872,,,,
12432,3.328275680541992,4.801686819029272,,,,
12433,3.374601364135742,4.868520653015766,,,,
12434,3.387385368347168,4.886964072494294,,,,
12435,3.333906412124634,4.809810247560126,,,,
12436,3.3062243461608887,4.76987346827267,,,,
12437,3.399430274963379,4.904341199537472,,,,
12438,3.3758835792541504,4.870370498408446,,,,
12439,3.3735690116882324,4.867031283259294,,,,
12440,3.298196792602539,4.758292156563568,,,,
12441,3.301701068878174,4.763347758568331,,,,
12442,3.4510533809661865,4.978817598563008,,,,
12443,3.4106507301330566,4.920528894567283,,,,
12444,3.417557954788208,4.930493913323576,,,,
12445,3.3970017433166504,4.9008375689740955,,,,
12446,3.33343505859375,4.809130228158614,,,,
12447,3.290997266769409,4.747905436347359,,,,
12448,3.3007843494415283,4.762025211983197,,,,
12449,3.379096269607544,4.8750054308492,,,,
12450,3.3045027256011963,4.767389694828909,,,,
12451,3.274752140045166,4.724468672583681,,,,
12452,3.284778594970703,4.73893378938245,,,,
12453,3.3782031536102295,4.873716936828935,,,,
12454,3.2529807090759277,4.693059137091305,,,,
12455,3.4907102584838867,5.036030379094935,,,,
12456,3.3297767639160156,4.8038524245689365,,,,
12457,3.4086837768554688,4.917691180828047,,,,
12458,3.335542678833008,4.812170881425869,,,,
12459,3.3239169120788574,4.795398445383125,,,,
12460,3.3121769428253174,4.778461249960853,,,,
12461,3.4362258911132812,4.95742605248339,,,,
12462,3.308488368988037,4.7731397627778565,,,,
12463,3.301032066345215,4.762382591931689,,,,
12464,3.342658758163452,4.822437213786474,,,,
12465,3.3507628440856934,4.834128938357429,,,,
12466,3.3402791023254395,4.81900409610995,,,,
12467,3.385618209838867,4.8844146016779035,,,,
12468,3.430846691131592,4.949665507345856,,,,
12469,3.3276851177215576,4.800834816976898,,,,
12470,3.314523696899414,4.781846900425738,,,,
12471,3.381585121154785,4.878596084633913,,,,
12472,3.277289390563965,4.728129151324645,,,,
12473,3.3197832107543945,4.789434774981806,,,,
12474,3.3387317657470703,4.816771761301751,,,,
12475,3.4568169116973877,4.987132615766923,,,,
12476,3.324253559112549,4.795884124389161,,,,
12477,3.3976635932922363,4.901792416651685,,,,
12478,3.3220462799072266,4.792699693625785,,,,
12479,3.2672266960144043,4.713611751800014,,,,
12480,3.305060386657715,4.768194229669645,,,,
12481,3.337846279144287,4.815494274171142,,,,
12482,3.328835964202881,4.802495137488327,,,,
12483,3.3077516555786133,4.7720769099955245,,,,
12484,3.3525800704956055,4.836750641887182,,,,
12485,3.3450374603271484,4.8258689556017895,,,,
12486,3.410007953643799,4.919601564113831,,,,
12487,3.4319441318511963,4.9512487796297,,,,
12488,3.33813214302063,4.815906688567911,,,,
12489,3.362136125564575,4.850537115145646,,,,
12490,3.2984070777893066,4.75859553395969,,,,
12491,3.246304988861084,4.683428108642987,,,,
12492,3.265504837036133,4.711127634390952,,,,
12493,3.3650331497192383,4.854716637526914,,,,
12494,3.3039050102233887,4.766527373817483,,,,
12495,3.316751003265381,4.785060224274459,,,,
12496,3.4205875396728516,4.934864680412604,,,,
12497,3.302628993988037,4.764686471522648,,,,
12498,3.386434555053711,4.885592338871012,,,,
12499,3.2959518432617188,4.755053379282519,,,,
12500,3.268623113632202,4.715626356572221,,,,
12501,3.3164167404174805,4.78457798492144,,,,
12502,3.327364444732666,4.800372183646076,,,,
12503,3.421189785003662,4.935733536764762,,,,
12504,3.389514684677124,4.8900360266040055,,,,
12505,3.3354008197784424,4.811966222071342,,,,
12506,3.3578145503997803,4.844302400086567,,,,
12507,3.3193585872650146,4.788822172779432,,,,
12508,3.3187453746795654,4.787937494023394,,,,
12509,3.2708206176757812,4.718796684758226,,,,
12510,3.2163026332855225,4.640143859039138,,,,
12511,3.276549816131592,4.727062170958693,,,,
12512,3.3339226245880127,4.809833637200644,,,,
12513,3.326235294342041,4.798743163977104,,,,
12514,3.3941421508789062,4.896712049145198,,,,
12515,3.354952096939087,4.84017275267405,,,,
12516,3.4399075508117676,4.962737564672637,,,,
12517,3.3719561100006104,4.864704357993121,,,,
12518,3.425006866455078,4.941240421245389,,,,
12519,3.2786502838134766,4.730092505266895,,,,
12520,3.3442094326019287,4.824674364108897,,,,
12521,3.3887147903442383,4.888882023016716,,,,
12522,3.2785658836364746,4.729970741550084,,,,
12523,3.3741607666015625,4.867885005138177,,,,
12524,3.291670322418213,4.748876450394131,,,,
12525,3.3703434467315674,4.862377776692249,,,,
12526,3.2934746742248535,4.751479579797591,,,,
12527,3.334000587463379,4.809946113854307,,,,
12528,3.4176225662231445,4.930587127920344,,,,
12529,3.281757354736328,4.734575061078983,,,,
12530,3.3499910831451416,4.833015522675743,,,,
12531,3.3830065727233887,4.880646805762801,,,,
12532,3.3460164070129395,4.827281277130675,,,,
12533,3.32243275642395,4.793257261379883,,,,
12534,3.3280515670776367,4.80136349164565,,,,
12535,3.3212990760803223,4.791621706370177,,,,
12536,3.3025152683258057,4.764522400073725,,,,
12537,3.323650598526001,4.795014236141097,,,,
12538,3.2644801139831543,4.7096492715241345,,,,
12539,3.367119789123535,4.857727021847617,,,,
12540,3.343381404876709,4.823479772616004,,,,
12541,3.290809154510498,4.747634047724298,,,,
12542,3.3811440467834473,4.877959748825721,,,,
12543,3.350574493408203,4.833857205769066,,,,
12544,3.272292137145996,4.720919638600477,,,,
12545,3.4191508293151855,4.932791945504405,,,,
12546,3.371978521347046,4.864736690731483,,,,
12547,3.35042667388916,4.833643947281995,,,,
12548,3.4780900478363037,5.017823263778693,,,,
12549,3.2646844387054443,4.709944049787714,,,,
12550,3.3775558471679688,4.872783071034751,,,,
12551,3.3694543838500977,4.861095130082114,,,,
12552,3.4483656883239746,4.9749400777166555,,,,
12553,3.435366630554199,4.956186401535971,,,,
12554,3.3159267902374268,4.783871136226394,,,,
12555,3.2767891883850098,4.7274075121216255,,,,
12556,3.3671443462371826,4.857762450273694,,,,
12557,3.3031535148620605,4.765443195186444,,,,
12558,3.341860294342041,4.821285273990994,,,,
12559,3.3866875171661377,4.8859572860561435,,,,
12560,3.343991756439209,4.824360323788421,,,,
12561,3.248122215270996,4.68604981217274,,,,
12562,3.303447723388672,4.765867648368773,,,,
12563,3.356719493865967,4.842722567455741,,,,
12564,3.367241859436035,4.8579031320821,,,,
12565,3.2859866619110107,4.740676661566294,,,,
12566,3.350698947906494,4.834036755656566,,,,
12567,3.372089385986328,4.864896634596786,,,,
12568,3.31699538230896,4.785412788708728,,,,
12569,3.3859715461730957,4.884924358255061,,,,
12570,3.2815866470336914,4.734328781922948,,,,
12571,3.311748504638672,4.777843144313652,,,,
12572,3.2731387615203857,4.722141059386904,,,,
12573,3.2384233474731445,4.672057303698542,,,,
12574,3.2546756267547607,4.695504386421272,,,,
12575,3.2842020988464355,4.738102081282878,,,,
12576,3.2335143089294434,4.664975058136012,,,,
12577,3.2935800552368164,4.751631612460954,,,,
12578,3.378650426864624,4.874362215734973,,,,
12579,3.340175151824951,4.818854127238398,,,,
12580,3.311502456665039,4.777488172122271,,,,
12581,3.362316608428955,4.850797496879053,,,,
12582,3.3462142944335938,4.827566768331107,,,,
12583,3.3611021041870117,4.849045337632062,,,,
12584,3.2831668853759766,4.736608583942785,,,,
12585,3.2811055183410645,4.733634659944066,,,,
12586,3.322173595428467,4.792883371096907,,,,
12587,3.337939500808716,4.815628764604116,,,,
12588,3.340538263320923,4.819377986392926,,,,
12589,3.3375813961029053,4.815112128720925,,,,
12590,3.320997714996338,4.791186934228796,,,,
12591,3.3492064476013184,4.831883532867764,,,,
12592,3.4120688438415527,4.922574800181947,,,,
12593,3.3999242782592773,4.905053895642648,,,,
12594,3.280461311340332,4.732705265698803,,,,
12595,3.3760948181152344,4.870675251665776,,,,
12596,3.324406623840332,4.796104950112869,,,,
12597,3.5269405841827393,5.088299690310461,,,,
12598,3.413970947265625,4.925318955359114,,,,
12599,3.3785133361816406,4.87416443568648,,,,
12600,3.352384567260742,4.836468590339766,4.114092826843262,5.935381319043631,,
12601,3.246168375015259,4.683231016525099,,,,
12602,3.275681495666504,4.725809449329808,,,,
12603,3.3377227783203125,4.815316100144848,,,,
12604,3.409288167953491,4.918563132867921,,,,
12605,3.330670118331909,4.8051412625545025,,,,
12606,3.4536094665527344,4.9825052505628085,,,,
12607,3.3324637413024902,4.807728913519385,,,,
12608,3.350139617919922,4.833229813058718,,,,
12609,3.416236400604248,4.928587313656111,,,,
12610,3.309795618057251,4.775025724527218,,,,
12611,3.300234317779541,4.761231684032115,,,,
12612,3.3388705253601074,4.816971949107355,,,,
12613,3.31594181060791,4.783892806040402,,,,
12614,3.2985451221466064,4.758794689869389,,,,
12615,3.3039064407348633,4.766529437609293,,,,
12616,3.3067851066589355,4.770682474662328,,,,
12617,3.385890483856201,4.884807410052474,,,,
12618,3.383208751678467,4.880938488338665,,,,
12619,3.3489480018615723,4.831510674480693,,,,
12620,3.271141529083252,4.719259662054348,,,,
12621,3.3235585689544678,4.794881465534631,,,,
12622,3.247790813446045,4.685571700403342,,,,
12623,3.243769645690918,4.679770381624437,,,,
12624,3.284757137298584,4.738902832505295,,,,
12625,3.269366979598999,4.716699528313605,,,,
12626,3.3460001945495605,4.827257887490158,,,,
12627,3.326596260070801,4.799263927443917,,,,
12628,3.3387160301208496,4.816749059591837,,,,
12629,3.379568576812744,4.8756868261119175,,,,
12630,3.3257241249084473,4.7980057023702045,,,,
12631,3.255600690841675,4.696838971791967,,,,
12632,3.3639185428619385,4.853108599741347,,,,
12633,3.36482572555542,4.854417387714412,,,,
12634,3.2972803115844727,4.756969953943735,,,,
12635,3.2874815464019775,4.742833324008114,,,,
12636,3.370028495788574,4.861923398528669,,,,
12637,3.370278835296631,4.862284562095481,,,,
12638,3.2854974269866943,4.739970844767154,,,,
12639,3.382162094116211,4.879428480664089,,,,
12640,3.3120951652526855,4.778343269862361,,,,
12641,3.3616344928741455,4.849813412150815,,,,
12642,3.321314811706543,4.791644408080091,,,,
12643,3.293186664581299,4.751064069713106,,,,
12644,3.257214069366455,4.699166584988745,,,,
12645,3.4587550163269043,4.9899287097046505,,,,
12646,3.3773844242095947,4.872535759982809,,,,
12647,3.308300733566284,4.772869062085398,,,,
12648,3.385364532470703,4.884048622596867,,,,
12649,3.298213481903076,4.758316234134689,,,,
12650,3.300990104675293,4.762322054038585,,,,
12651,3.273728370666504,4.722991685578071,,,,
12652,3.338001012802124,4.815717507651962,,,,
12653,3.330108642578125,4.804331224268939,,,,
12654,3.3122365474700928,4.778547241286285,,,,
12655,3.4110965728759766,4.92117210968151,,,,
12656,3.3181352615356445,4.787057286816278,,,,
12657,3.289053440093994,4.745101087242391,,,,
12658,3.3795664310455322,4.8756837304242024,,,,
12659,3.297307252883911,4.75700882202283,,,,
12660,3.404104471206665,4.911084639277803,,,,
12661,3.2141711711883545,4.63706880924171,,,,
12662,3.3192877769470215,4.78872001508482,,,,
12663,3.3625171184539795,4.851086771697804,,,,
12664,3.2711050510406494,4.719207035363184,,,,
12665,3.37192964553833,4.864666177844629,,,,
12666,3.406277894973755,4.914220226968333,,,,
12667,3.315861463546753,4.783776889733721,,,,
12668,3.347503662109375,4.82942693268284,,,,
12669,3.254272937774658,4.694923429026658,,,,
12670,3.31623911857605,4.784321730771654,,,,
12671,3.3722567558288574,4.865138098238597,,,,
12672,3.346360206604004,4.827777275095763,,,,
12673,3.2924208641052246,4.749959253163963,,,,
12674,3.3984365463256836,4.9029075521598795,,,,
12675,3.306995391845703,4.77098585205845,,,,
12676,3.316047191619873,4.784044838703765,,,,
12677,3.3271360397338867,4.800042664887024,,,,
12678,3.3469865322113037,4.828680871943397,,,,
12679,3.3045101165771484,4.767400357753263,,,,
12680,3.2706618309020996,4.718567603867276,,,,
12681,3.2428040504455566,4.678377322152449,,,,
12682,3.3498051166534424,4.832747229740397,,,,
12683,3.3330767154693604,4.808613248310121,,,,
12684,3.334493637084961,4.810657434098276,,,,
12685,3.3201727867126465,4.789996814284825,,,,
12686,3.326601266860962,4.799271150715253,,,,
12687,3.318100929260254,4.787007755812829,,,,
12688,3.2363274097442627,4.669033504731072,,,,
12689,3.35257625579834,4.836745138442354,,,,
12690,3.3837249279022217,4.881683173216901,,,,
12691,3.3815016746520996,4.87847569677831,,,,
12692,3.3407793045043945,4.8197257353129705,,,,
12693,3.3917174339294434,4.893213922026648,,,,
12694,3.2500338554382324,4.6888077259619765,,,,
12695,3.3288211822509766,4.80247381163962,,,,
12696,3.3224217891693115,4.793241438976003,,,,
12697,3.3536534309387207,4.8382991736755505,,,,
12698,3.2946982383728027,4.753244809726047,,,,
12699,3.2044928073883057,4.623105881783461,,,,
12700,3.1845219135284424,4.594293972249717,,,,
12701,3.3627219200134277,4.851382237891986,,,,
12702,3.3072214126586914,4.771311931164487,,,,
12703,3.1734509468078613,4.578321943464087,,,,
12704,3.288484573364258,4.744280386032473,,,,
12705,3.281458854675293,4.734144416521223,,,,
12706,3.303013324737549,4.7652409435890295,,,,
12707,3.288961410522461,4.744968316635925,,,,
12708,3.3520307540893555,4.835958145832006,,,,
12709,3.394117832183838,4.896676964684422,,,,
12710,3.28529691696167,4.739681569948402,,,,
12711,3.3209567070007324,4.791127772196899,,,,
12712,3.401447296142578,4.907251145990071,,,,
12713,3.3377983570098877,4.815425137145495,,,,
12714,3.329833507537842,4.803934288310748,,,,
12715,3.3108723163604736,4.7765790718298105,,,,
12716,3.2955076694488525,4.754412571925405,,,,
12717,3.3832788467407227,4.881039614137372,,,,
12718,3.3902249336242676,4.891060699237846,,,,
12719,3.26908016204834,4.716285738055629,,,,
12720,3.505073070526123,5.05675153680149,,,,
12721,3.31326961517334,4.7800376429386615,,,,
12722,3.434746742248535,4.955292091751485,,,,
12723,3.3306491374969482,4.805110993607951,,,,
12724,3.347740650177002,4.829768834192755,,,,
12725,3.2337639331817627,4.665335189806918,,,,
12726,3.3008739948272705,4.762154542936645,,,,
12727,3.354846954345703,4.840021063975989,,,,
12728,3.2983198165893555,4.758469642659259,,,,
12729,3.2920491695404053,4.749423011258573,,,,
12730,3.3547396659851074,4.839866279590212,,,,
12731,3.3218882083892822,4.792471644630741,,,,
12732,3.2314114570617676,4.661941284174792,,,,
12733,3.3027877807617188,4.764915552413597,,,,
12734,3.410452365875244,4.920242715436247,,,,
12735,3.2511274814605713,4.690385494800991,,,,
12736,3.294419288635254,4.752842370323028,,,,
12737,3.3421454429626465,4.821696656491858,,,,
12738,3.4212071895599365,4.935758646231788,,,,
12739,3.3235459327697754,4.794863235373639,,,,
12740,3.4092371463775635,4.918489524293352,,,,
12741,3.4705862998962402,5.006997643837483,,,,
12742,3.37453556060791,4.86842571859249,,,,
12743,3.355417251586914,4.840843828977716,,,,
12744,3.3367927074432373,4.8139742915028165,,,,
12745,3.3184893131256104,4.78756807528934,,,,
12746,3.258904457092285,4.70160529897798,,,,
12747,3.3462839126586914,4.827667206199211,,,,
12748,3.3079562187194824,4.772372032224404,,,,
12749,3.333433151245117,4.809127476436201,,,,
12750,3.3574295043945312,4.843746896124281,,,,
12751,3.293611764907837,4.751677359846083,,,,
12752,3.2605080604553223,4.703918809597386,,,,
12753,3.288236141204834,4.743921974188075,,,,
12754,3.3784937858581543,4.874136230531739,,,,
12755,3.3548874855041504,4.840079538077282,,,,
12756,3.2627108097076416,4.707096705020029,,,,
12757,3.3233723640441895,4.794612828633983,,,,
12758,3.339448928833008,4.817806408929341,,,,
12759,3.2398853302001953,4.674166498928724,,,,
12760,3.35614013671875,4.841886731772548,,,,
12761,3.2934658527374268,4.751466853081427,,,,
12762,3.3932039737701416,4.895358545682908,,,,
12763,3.1876516342163086,4.598809204765469,,,,
12764,3.326693534851074,4.799404265287021,,,,
12765,3.379770517349243,4.875978164722479,,,,
12766,3.390510320663452,4.891472425704012,,,,
12767,3.3313510417938232,4.8061236274562305,,,,
12768,3.2448532581329346,4.681333703920781,,,,
12769,3.418794631958008,4.932278061343627,,,,
12770,3.4101786613464355,4.919847843269866,,,,
12771,3.369602680206299,4.861309076499787,,,,
12772,3.3305716514587402,4.80499920488489,,,,
12773,3.3751721382141113,4.869344105948097,,,,
12774,3.2926721572875977,4.750321792591982,,,,
12775,3.3091681003570557,4.774120407853076,,,,
12776,3.231142520904541,4.661553291314445,,,,
12777,3.2441565990448,4.680328637309138,,,,
12778,3.3509562015533447,4.8344078942171285,,,,
12779,3.3562076091766357,4.841984073952937,,,,
12780,3.2729978561401367,4.7219377758935845,,,,
12781,3.3010382652282715,4.7623915350295345,,,,
12782,3.283006429672241,4.736377095294724,,,,
12783,3.2649266719818115,4.710293518534267,,,,
12784,3.349740982055664,4.832654703074233,,,,
12785,3.2310550212860107,4.661427056048712,,,,
12786,3.2922239303588867,4.749675137824738,,,,
12787,3.35446834564209,4.839474847076849,,,,
12788,3.2085742950439453,4.628994223783701,,,,
12789,3.3045125007629395,4.7674037974062795,,,,
12790,3.341388702392578,4.820604910624181,,,,
12791,3.2509195804595947,4.690085557057887,,,,
12792,3.2589213848114014,4.701629720514402,,,,
12793,3.2858526706695557,4.7404833530667245,,,,
12794,3.277186393737793,4.7279805583143,,,,
12795,3.276669979095459,4.727235529470763,,,,
12796,3.316713333129883,4.785005877756786,,,,
12797,3.3370823860168457,4.814392209344413,,,,
12798,3.3682289123535156,4.859327148431244,,,,
12799,3.3508481979370117,4.834252077935447,,,,
12800,3.3798041343688965,4.8760266638300225,4.06867733001709,5.869860606993004,,
12801,3.3840579986572266,4.882163692743411,,,,
12802,3.291604995727539,4.748782203901459,,,,
12803,3.298464059829712,4.758677741666802,,,,
12804,3.386355400085449,4.8854781423908396,,,,
12805,3.272056818008423,4.720580144847673,,,,
12806,3.407867431640625,4.916513443634939,,,,
12807,3.290041923522949,4.746527167383345,,,,
12808,3.2913379669189453,4.748396962763525,,,,
12809,3.2352182865142822,4.667433378147445,,,,
12810,3.2623276710510254,4.706543952780156,,,,
12811,3.346128463745117,4.827442940822486,,,,
12812,3.246006488800049,4.682997464085227,,,,
12813,3.167456865310669,4.5696743118134036,,,,
12814,3.2371127605438232,4.670166526434956,,,,
12815,3.2395682334899902,4.673709025077429,,,,
12816,3.239025592803955,4.672926160050701,,,,
12817,3.2963063716888428,4.755564855686186,,,,
12818,3.361929178237915,4.850238553263748,,,,
12819,3.295368194580078,4.754211352223895,,,,
12820,3.2492880821228027,4.6877318024981784,,,,
12821,3.3011817932128906,4.762598602141173,,,,
12822,3.3481249809265137,4.830323306259136,,,,
12823,3.2693076133728027,4.716613880953475,,,,
12824,3.3468713760375977,4.8285147367026635,,,,
12825,3.3146185874938965,4.781983798615825,,,,
12826,3.3909075260162354,4.892045471896687,,,,
12827,3.361386299133301,4.8494553442717185,,,,
12828,3.2243971824645996,4.651821824998024,,,,
12829,3.3963451385498047,4.899890288533142,,,,
12830,3.3362765312194824,4.8132296066245805,,,,
12831,3.2584986686706543,4.701019870034442,,,,
12832,3.2771332263946533,4.727903854052015,,,,
12833,3.349003791809082,4.831591162361297,,,,
12834,3.227799892425537,4.656730897784252,,,,
12835,3.381106376647949,4.877905402308048,,,,
12836,3.3348960876464844,4.811238047527589,,,,
12837,3.395277738571167,4.898350355877317,,,,
12838,3.358180522918701,4.844830386824716,,,,
12839,3.3377223014831543,4.815315412214244,,,,
12840,3.3234751224517822,4.794761077679027,,,,
12841,3.2479491233825684,4.685800093363688,,,,
12842,3.3093035221099854,4.774315780144456,,,,
12843,3.2869880199432373,4.742121315833542,,,,
12844,3.291750907897949,4.748992710666115,,,,
12845,3.2439446449279785,4.680022852155904,,,,
12846,3.350036859512329,4.833081564013674,,,,
12847,3.329618215560913,4.803623687643289,,,,
12848,3.2615833282470703,4.705470093108168,,,,
12849,3.3677501678466797,4.858636466105379,,,,
12850,3.3498175144195557,4.832765115936087,,,,
12851,3.2271318435668945,4.655767107008817,,,,
12852,3.354635715484619,4.83971631071866,,,,
12853,3.316211223602295,4.784281486831352,,,,
12854,3.2412362098693848,4.676115406328301,,,,
12855,3.258518934249878,4.7010491070850895,,,,
12856,3.301539897918701,4.763115238024365,,,,
12857,3.2523128986358643,4.692095690281171,,,,
12858,3.304813861846924,4.767838569547661,,,,
12859,3.351710796356201,4.83549654439709,,,,
12860,3.339388370513916,4.817719041742703,,,,
12861,3.325014114379883,4.796981373701666,,,,
12862,3.2639384269714355,4.708867782358614,,,,
12863,3.239483118057251,4.673586229464712,,,,
12864,3.3691859245300293,4.860707825152371,,,,
12865,3.367187738418579,4.857825051958608,,,,
12866,3.3315351009368896,4.806389168669163,,,,
12867,3.342426300048828,4.822101847617291,,,,
12868,3.290956735610962,4.747846962246067,,,,
12869,3.268657922744751,4.715676575506273,,,,
12870,3.3443987369537354,4.824947472558467,,,,
12871,3.284148693084717,4.738025033055291,,,,
12872,3.297220230102539,4.7568832746877,,,,
12873,3.316282272338867,4.784383988491267,,,,
12874,3.359499931335449,4.846733890804466,,,,
12875,3.2816872596740723,4.734473935280276,,,,
12876,3.2757315635681152,4.725881682043171,,,,
12877,3.207620620727539,4.6276183625768,,,,
12878,3.209245204925537,4.629962142142758,,,,
12879,3.3785696029663086,4.874245611497687,,,,
12880,3.2185280323028564,4.643354431165444,,,,
12881,3.3373141288757324,4.81472654361769,,,,
12882,3.2180051803588867,4.642600115258761,,,,
12883,3.3151090145111084,4.782691335241475,,,,
12884,3.3020589351654053,4.763864050486221,,,,
12885,3.2492642402648926,4.687697405968006,,,,
12886,3.273268699645996,4.722328520476345,,,,
12887,3.2525947093963623,4.692502257267811,,,,
12888,3.284984588623047,4.739230975403141,,,,
12889,3.3669075965881348,4.857420892729081,,,,
12890,3.2964892387390137,4.75582867707261,,,,
12891,3.3222594261169434,4.793007198605528,,,,
12892,3.341261863708496,4.820421921083663,,,,
12893,3.2552521228790283,4.696336094520845,,,,
12894,3.355477809906006,4.840931196164354,,,,
12895,3.349123477935791,4.831763832942763,,,,
12896,3.4283933639526367,4.9461261043911,,,,
12897,3.2969789505004883,4.756535181802354,,,,
12898,3.258927822113037,4.7016390075775485,,,,
12899,3.271092414855957,4.719188805202193,,,,
12900,3.302248477935791,4.764137502901093,,,,
12901,3.3334712982177734,4.809182510884477,,,,
12902,3.3093490600585938,4.774381477517085,,,,
12903,3.3616819381713867,4.8498818612458585,,,,
12904,3.3771305084228516,4.872169436936471,,,,
12905,3.2649145126342773,4.710275976303879,,,,
12906,3.336150646209717,4.813047992945269,,,,
12907,3.292663812637329,4.750309753806421,,,,
12908,3.323197841644287,4.79436104603312,,,,
12909,3.2552266120910645,4.6962992902335605,,,,
12910,3.274871349334717,4.724640655234544,,,,
12911,3.3537731170654297,4.8384718442570165,,,,
12912,3.3714497089385986,4.863973775692256,,,,
12913,3.3185153007507324,4.787605567507229,,,,
12914,3.3141536712646484,4.78131306627746,,,,
12915,3.355030059814453,4.840285229327714,,,,
12916,3.239332437515259,4.673368843394022,,,,
12917,3.330575942993164,4.805005396260321,,,,
12918,3.3516290187835693,4.8353785642985985,,,,
12919,3.3134682178497314,4.780324166034999,,,,
12920,3.220122814178467,4.645655215068687,,,,
12921,3.250375747680664,4.68930097220465,,,,
12922,3.277733087539673,4.728769270751156,,,,
12923,3.4390454292297363,4.961493786141597,,,,
12924,3.2753419876098633,4.725319642740151,,,,
12925,3.3597798347473145,4.8471377060686915,,,,
12926,3.353005886077881,4.837364963916063,,,,
12927,3.2799453735351562,4.731960924785869,,,,
12928,3.273482322692871,4.722636713386691,,,,
12929,3.3104896545410156,4.776027007520541,,,,
12930,3.385651111602783,4.884462068889542,,,,
12931,3.321877956390381,4.792456854122767,,,,
12932,3.310900926589966,4.776620347666018,,,,
12933,3.3595526218414307,4.846809907136147,,,,
12934,3.224464178085327,4.651918479247809,,,,
12935,3.354478359222412,4.839489293619521,,,,
12936,3.27970027923584,4.731607328455695,,,,
12937,3.318673610687256,4.787833960467575,,,,
12938,3.2788422107696533,4.730369397334784,,,,
12939,3.202735662460327,4.620570857509743,,,,
12940,3.241947650909424,4.67714179878865,,,,
12941,3.357987403869629,4.844551774930318,,,,
12942,3.282231092453003,4.735258520133512,,,,
12943,3.28330397605896,4.736806363991278,,,,
12944,3.398416757583618,4.902879003039836,,,,
12945,3.2610795497894287,4.704743294425622,,,,
12946,3.3178470134735107,4.7866414327664915,,,,
12947,3.3338963985443115,4.8097958010174535,,,,
12948,3.294811248779297,4.753407849279064,,,,
12949,3.352597951889038,4.836776439284811,,,,
12950,3.3002827167510986,4.761301508988366,,,,
12951,3.2975549697875977,4.7573662019713225,,,,
12952,3.3436429500579834,4.8238571025519965,,,,
12953,3.401832103729248,4.907806305987056,,,,
12954,3.3370838165283203,4.814394273136223,,,,
12955,3.2976486682891846,4.757501380334901,,,,
12956,3.421861410140991,4.936702487019724,,,,
12957,3.306039810180664,4.769607239129134,,,,
12958,3.3688859939575195,4.8602751168028,,,,
12959,3.3329901695251465,4.8084883889055945,,,,
12960,3.2831807136535645,4.736628533930285,,,,
12961,3.348252058029175,4.830506639764956,,,,
12962,3.2855963706970215,4.740113590367369,,,,
12963,3.3167786598205566,4.7851001242494595,,,,
12964,3.328392505645752,4.801855362027117,,,,
12965,3.379208564758301,4.875167438506312,,,,
12966,3.349714517593384,4.832616522925742,,,,
12967,3.322721481323242,4.793673803360272,,,,
12968,3.373746156692505,4.867286849478477,,,,
12969,3.269829273223877,4.717366477033651,,,,
12970,3.4360313415527344,4.9571453767971825,,,,
12971,3.3108906745910645,4.776605557158043,,,,
12972,3.2698962688446045,4.717463131283436,,,,
12973,3.302781105041504,4.764905921385148,,,,
12974,3.34511661529541,4.825983152081963,,,,
12975,3.334397554397583,4.8105188160816805,,,,
12976,3.3852357864379883,4.883862881333936,,,,
12977,3.3005127906799316,4.761633435504531,,,,
12978,3.359628915786743,4.8469199760327,,,,
12979,3.298203945159912,4.75830247552262,,,,
12980,3.3099417686462402,4.775236575257176,,,,
12981,3.310853958129883,4.776552586501578,,,,
12982,3.2235419750213623,4.6505880214607345,,,,
12983,3.285733461380005,4.740311370415862,,,,
12984,3.2940406799316406,4.752296153423887,,,,
12985,3.376491069793701,4.871246921997244,,,,
12986,3.2706594467163086,4.71856416421426,,,,
12987,3.292431354522705,4.74997438763724,,,,
12988,3.284743309020996,4.738882882517795,,,,
12989,3.3409414291381836,4.8199596317181435,,,,
12990,3.297995090484619,4.758001161918308,,,,
12991,3.250600814819336,4.68962567544948,,,,
12992,3.370784282684326,4.863013768535139,,,,
12993,3.266108989715576,4.711999242465525,,,,
12994,3.244426727294922,4.680718349995993,,,,
12995,3.356350898742676,4.842190797099274,,,,
12996,3.179412364959717,4.586922451868435,,,,
12997,3.3705029487609863,4.862607889479103,,,,
12998,3.3274009227752686,4.8004248103372404,,,,
12999,3.2576117515563965,4.699740319112023,,,,
13000,3.2485499382019043,4.686666885924036,4.133029270172119,5.962700831926248,,
13001,3.2704575061798096,4.718272825603698,,,,
13002,3.2770416736602783,4.727771771376153,,,,
13003,3.2950968742370605,4.753819919710532,,,,
13004,3.3531360626220703,4.837552768970806,,,,
13005,3.3039870262145996,4.766645697881277,,,,
13006,3.2891812324523926,4.745285452644116,,,,
13007,3.3174195289611816,4.786024702980498,,,,
13008,3.3475399017333984,4.829479215408702,,,,
13009,3.355085611343384,4.840365373243016,,,,
13010,3.347352981567383,4.829209546612149,,,,
13011,3.3753809928894043,4.869645419552409,,,,
13012,3.395850658416748,4.899176904497364,,,,
13013,3.3347368240356445,4.811008278706036,,,,
13014,3.2429282665252686,4.6785565280746475,,,,
13015,3.319255828857422,4.788673923734389,,,,
13016,3.29020094871521,4.7467565922395965,,,,
13017,3.2827584743499756,4.736019371380929,,,,
13018,3.3903017044067383,4.891171456065002,,,,
13019,3.37778639793396,4.873115685481519,,,,
13020,3.2141926288604736,4.637099766118866,,,,
13021,3.321159839630127,4.791420830633969,,,,
13022,3.257904052734375,4.7001620205719385,,,,
13023,3.333463191986084,4.809170816064218,,,,
13024,3.3564419746398926,4.842322191844533,,,,
13025,3.2819857597351074,4.7349045798380365,,,,
13026,3.3795859813690186,4.875711935578944,,,,
13027,3.357980251312256,4.8445414559712665,,,,
13028,3.3618173599243164,4.850077233537239,,,,
13029,3.345909833908081,4.827127524640804,,,,
13030,3.337660312652588,4.815225981235796,,,,
13031,3.202308177947998,4.619954127723749,,,,
13032,3.3295109272003174,4.803468903257513,,,,
13033,3.307255744934082,4.771361462167935,,,,
13034,3.372795343399048,4.865915115855195,,,,
13035,3.3572657108306885,4.843510591961995,,,,
13036,3.3892316818237305,4.889627739790857,,,,
13037,3.4049220085144043,4.91226409629742,,,,
13038,3.2797043323516846,4.731613175865824,,,,
13039,3.4099369049072266,4.919499062453917,,,,
13040,3.2822704315185547,4.735315274408297,,,,
13041,3.3397417068481445,4.81822879831986,,,,
13042,3.328522205352783,4.802042479151257,,,,
13043,3.3827736377716064,4.880310751663015,,,,
13044,3.2632391452789307,4.707858932128653,,,,
13045,3.346017837524414,4.827283340922485,,,,
13046,3.2765679359436035,4.727088312321624,,,,
13047,3.272705316543579,4.721515730468367,,,,
13048,3.298250675201416,4.758369892721758,,,,
13049,3.3251805305480957,4.79722146148227,,,,
13050,3.342503309249878,4.8222129484097485,,,,
13051,3.2558531761169434,4.697203231046495,,,,
13052,3.2897491455078125,4.7461047779928265,,,,
13053,3.2972893714904785,4.7569830246252005,,,,
13054,3.2422242164611816,4.677540798538652,,,,
13055,3.3426125049591064,4.822370484517939,,,,
13056,3.3245794773101807,4.79635432495662,,,,
13057,3.2621774673461914,4.706327254640069,,,,
13058,3.279139995574951,4.730799009996639,,,,
13059,3.321892261505127,4.79247749204087,,,,
13060,3.4276487827301025,4.945051900753811,,,,
13061,3.2800590991973877,4.732124996234792,,,,
13062,3.313040256500244,4.779706748318402,,,,
13063,3.2196922302246094,4.6450340137337705,,,,
13064,3.2266738414764404,4.6551063496642024,,,,
13065,3.2975292205810547,4.7573290537187365,,,,
13066,3.2206783294677734,4.646456654221708,,,,
13067,3.3368701934814453,4.814086080225877,,,,
13068,3.2149529457092285,4.638196671466069,,,,
13069,3.2064027786254883,4.6258613878155845,,,,
13070,3.330662727355957,4.805130599630149,,,,
13071,3.457381248474121,4.987946781636108,,,,
13072,3.3882884979248047,4.888267013057231,,,,
13073,3.275179862976074,4.725085746334977,,,,
13074,3.1547279357910156,4.551310348319575,,,,
13075,3.267518997192383,4.71403345325993,,,,
13076,3.2930450439453125,4.750859754323881,,,,
13077,3.2199602127075195,4.64542063073291,,,,
13078,3.33713698387146,4.814470977398508,,,,
13079,3.406252145767212,4.914183078715747,,,,
13080,3.2943248748779297,4.7527061600635445,,,,
13081,3.3150601387023926,4.782620822354621,,,,
13082,3.2412068843841553,4.676073098596189,,,,
13083,3.308353900909424,4.772945766347683,,,,
13084,3.281661033630371,4.734436099097087,,,,
13085,3.3787224292755127,4.8744660932560935,,,,
13086,3.211937427520752,4.633846198329843,,,,
13087,3.3434789180755615,4.823620454424409,,,,
13088,3.287726402282715,4.743186576372986,,,,
13089,3.2353668212890625,4.66764766853042,,,,
13090,3.2166314125061035,4.640618187190217,,,,
13091,3.2576730251312256,4.699828718194567,,,,
13092,3.349363088607788,4.832109518070998,,,,
13093,3.342512369155884,4.822226019091214,,,,
13094,3.3199846744537354,4.789725425661763,,,,
13095,3.330796718597412,4.8053239081297185,,,,
13096,3.2688229084014893,4.715914599495067,,,,
13097,3.3319003582000732,4.806916123511407,,,,
13098,3.2398760318756104,4.674153084281956,,,,
13099,3.3208649158477783,4.790995345555735,,,,
13100,3.2409133911132812,4.675649677309765,,,,
13101,3.3246588706970215,4.796468865402095,,,,
13102,3.2658774852752686,4.711665252157549,,,,
13103,3.357274055480957,4.843522630747556,,,,
13104,3.238917827606201,4.672770687734321,,,,
13105,3.2168803215026855,4.640977286965219,,,,
13106,3.2466747760772705,4.683961598825964,,,,
13107,3.32212495803833,4.7928132021753544,,,,
13108,3.376023292541504,4.870572062075258,,,,
13109,3.2689108848571777,4.716041522691404,,,,
13110,3.320998430252075,4.791187966124701,,,,
13111,3.274986982345581,4.724807478405881,,,,
13112,3.2614822387695312,4.705324251820237,,,,
13113,3.36464786529541,4.854160789599326,,,,
13114,3.242607831954956,4.678094238709129,,,,
13115,3.3559012413024902,4.841542078540219,,,,
13116,3.2624592781066895,4.706733821626709,,,,
13117,3.2996320724487305,4.760362827679956,,,,
13118,3.3611273765563965,4.849081797954045,,,,
13119,3.27433443069458,4.7238660453750585,,,,
13120,3.3726725578308105,4.865737973724806,,,,
13121,3.4015283584594727,4.907368094192658,,,,
13122,3.3577494621276855,4.844208497559197,,,,
13123,3.3417654037475586,4.821148375800908,,,,
13124,3.3075671195983887,4.7718106808519885,,,,
13125,3.418034553527832,4.931181499961726,,,,
13126,3.2592782974243164,4.702144636571085,,,,
13127,3.328752040863037,4.80237406170212,,,,
13128,3.384119987487793,4.88225312372186,,,,
13129,3.304043769836426,4.766727561623087,,,,
13130,3.366046905517578,4.856179177989851,,,,
13131,3.2901055812835693,4.746619006118906,,,,
13132,3.2838780879974365,4.737634632437833,,,,
13133,3.302978754043579,4.765191068620279,,,,
13134,3.284898519515991,4.739106803929219,,,,
13135,3.2666642665863037,4.712800337653244,,,,
13136,3.297295093536377,4.756991279792442,,,,
13137,3.3017940521240234,4.763481905036004,,,,
13138,3.351926326751709,4.8358074890298495,,,,
13139,3.2786812782287598,4.730137220756119,,,,
13140,3.308295965194702,4.772862182779364,,,,
13141,3.241692304611206,4.676773411950502,,,,
13142,3.2854104042053223,4.739845297432024,,,,
13143,3.3660104274749756,4.856126551298687,,,,
13144,3.2533929347991943,4.693653853097988,,,,
13145,3.249061346054077,4.687404691496237,,,,
13146,3.208658218383789,4.629115299569909,,,,
13147,3.314854860305786,4.782324668229835,,,,
13148,3.2321341037750244,4.662983843004322,,,,
13149,3.2196550369262695,4.644980355146702,,,,
13150,3.2543270587921143,4.695001509150149,,,,
13151,3.3167834281921387,4.785107003555494,,,,
13152,3.2845206260681152,4.738561618925983,,,,
13153,3.242380142211914,4.67776575184598,,,,
13154,3.2730112075805664,4.721957037950481,,,,
13155,3.3063087463378906,4.769995231989481,,,,
13156,3.280301094055176,4.732474121016043,,,,
13157,3.313842296600342,4.780863847593407,,,,
13158,3.3283371925354004,4.801775562077117,,,,
13159,3.368820905685425,4.860181214275429,,,,
13160,3.3662564754486084,4.856481523490068,,,,
13161,3.3259239196777344,4.79829394529305,,,,
13162,3.3224618434906006,4.793299225146693,,,,
13163,3.2184972763061523,4.6433100596415215,,,,
13164,3.267334461212158,4.713767224116394,,,,
13165,3.2870144844055176,4.742159495982033,,,,
13166,3.2807798385620117,4.733164803341908,,,,
13167,3.3956265449523926,4.898853577113742,,,,
13168,3.2538113594055176,4.694257512202517,,,,
13169,3.3045709133148193,4.767488068905203,,,,
13170,3.24998140335083,4.688732053595596,,,,
13171,3.3420071601867676,4.821497156616857,,,,
13172,3.391139507293701,4.892380150135265,,,,
13173,3.404360771179199,4.911454401977158,,,,
13174,3.2710859775543213,4.719179518139047,,,,
13175,3.2765920162200928,4.727123052817098,,,,
13176,3.4145655632019043,4.926176804821618,,,,
13177,3.3388376235961914,4.816924481895717,,,,
13178,3.3589231967926025,4.845901838739591,,,,
13179,3.338129997253418,4.815903592880195,,,,
13180,3.2169690132141113,4.641105242057461,,,,
13181,3.3618621826171875,4.8501418990139635,,,,
13182,3.3574395179748535,4.843761342666953,,,,
13183,3.1998205184936523,4.616365193765544,,,,
13184,3.3158557415008545,4.78376863456648,,,,
13185,3.2664971351623535,4.712559217976733,,,,
13186,3.3471930027008057,4.828978745894691,,,,
13187,3.2997283935546875,4.760501789661854,,,,
13188,3.2690067291259766,4.716179796742697,,,,
13189,3.3427176475524902,4.822522173216,,,,
13190,3.3510684967041016,4.834569901874241,,,,
13191,3.3444669246673584,4.825045846634761,,,,
13192,3.272928237915039,4.72183733802548,,,,
13193,3.290933609008789,4.747813597611799,,,,
13194,3.3364415168762207,4.813467630613374,,,,
13195,3.3628034591674805,4.851499874025176,,,,
13196,3.391522169113159,4.892932214444535,,,,
13197,3.2459917068481445,4.68297613823652,,,,
13198,3.3324086666107178,4.807649457534685,,,,
13199,3.3000473976135254,4.760962015235562,,,,
13200,3.264777660369873,4.710078540220689,4.19007625579834,6.045002235186861,,
13201,3.2939352989196777,4.752144120760525,,,,
13202,3.456101894378662,4.986101063827048,,,,
13203,3.3864526748657227,4.885618480233943,,,,
13204,3.286534070968628,4.7414664058990565,,,,
13205,3.3046817779541016,4.767648012770505,,,,
13206,3.214385986328125,4.637378721978566,,,,
13207,3.3526816368103027,4.836897171105717,,,,
13208,3.292693853378296,4.750353093434439,,,,
13209,3.343907117843628,4.824238216106309,,,,
13210,3.3013689517974854,4.762868614903027,,,,
13211,3.294264554977417,4.752619136842208,,,,
13212,3.213895797729492,4.6366715293182175,,,,
13213,3.327779769897461,4.800971371201682,,,,
13214,3.301520824432373,4.763087720800227,,,,
13215,3.2749032974243164,4.724686746584975,,,,
13216,3.3302595615386963,4.804548954304931,,,,
13217,3.2431399822235107,4.67886196926258,,,,
13218,3.268794298171997,4.71587332365886,,,,
13219,3.305260181427002,4.768482472592491,,,,
13220,3.2355594635009766,4.667925592494214,,,,
13221,3.302677631378174,4.764756640444199,,,,
13222,3.277616024017334,4.7286003837880095,,,,
13223,3.423006534576416,4.938354552363911,,,,
13224,3.1936757564544678,4.607500176044169,,,,
13225,3.3366458415985107,4.813762408876953,,,,
13226,3.338319778442383,4.8161773892603685,,,,
13227,3.27409291267395,4.72351760852441,,,,
13228,3.2765913009643555,4.727122020921192,,,,
13229,3.3129725456237793,4.779609062172711,,,,
13230,3.3735547065734863,4.867010645341191,,,,
13231,3.2242093086242676,4.651550780340265,,,,
13232,3.307467222213745,4.771666559390566,,,,
13233,3.2891340255737305,4.745217347514374,,,,
13234,3.277204751968384,4.728007043642533,,,,
13235,3.2208330631256104,4.646679887702528,,,,
13236,3.3032355308532715,4.765561519250237,,,,
13237,3.326054096221924,4.798481750347793,,,,
13238,3.353604316711426,4.838228316823395,,,,
13239,3.3041839599609375,4.766929813220502,,,,
13240,3.3056437969207764,4.769035912762968,,,,
13241,3.368075132369995,4.859105290811631,,,,
13242,3.312777042388916,4.7793270106252965,,,,
13243,3.239636182785034,4.67380705518842,,,,
13244,3.2700047492980957,4.717619635495721,,,,
13245,3.266990900039673,4.713271570116607,,,,
13246,3.2752599716186523,4.725201318676357,,,,
13247,3.3171756267547607,4.785672826476833,,,,
13248,3.2670726776123047,4.7133895502150995,,,,
13249,3.3460192680358887,4.827285404714296,,,,
13250,3.388571262359619,4.888674955905077,,,,
13251,3.1516168117523193,4.546821945097357,,,,
13252,3.247063636779785,4.684522606233078,,,,
13253,3.2792415618896484,4.730945539215175,,,,
13254,3.3315460681915283,4.806404991073042,,,,
13255,3.3201704025268555,4.789993374631808,,,,
13256,3.344897508621216,4.825667047969677,,,,
13257,3.3371083736419678,4.814429701562301,,,,
13258,3.27278470993042,4.721630270913842,,,,
13259,3.312969207763672,4.779604246658487,,,,
13260,3.3138723373413086,4.780907187221424,,,,
13261,3.3535690307617188,4.83817740995874,,,,
13262,3.283843994140625,4.737585445399686,,,,
13263,3.3246097564697266,4.796398008549939,,,,
13264,3.28291654586792,4.736247420375974,,,,
13265,3.242281436920166,4.677623350211066,,,,
13266,3.356532096862793,4.8424522107285854,,,,
13267,3.2773098945617676,4.728158732340594,,,,
13268,3.246217727661133,4.683302217342556,,,,
13269,3.267794132232666,4.714430389218121,,,,
13270,3.3859333992004395,4.884869323806785,,,,
13271,3.308828830718994,4.77363094522872,,,,
13272,3.3171470165252686,4.785631550640625,,,,
13273,3.255825996398926,4.6971640190020985,,,,
13274,3.2801601886749268,4.732270837522724,,,,
13275,3.248124599456787,4.686053251825758,,,,
13276,3.28828763961792,4.743996270693248,,,,
13277,3.3511247634887695,4.834651077685448,,,,
13278,3.304081439971924,4.76678190814076,,,,
13279,3.2284417152404785,4.657656852376498,,,,
13280,3.309828758239746,4.775073535704157,,,,
13281,3.266234874725342,4.712180856144835,,,,
13282,3.307891368865967,4.772278473662335,,,,
13283,3.298802375793457,4.759165828429952,,,,
13284,3.2371773719787598,4.670259741031724,,,,
13285,3.2554407119750977,4.69660817107451,,,,
13286,3.2951819896698,4.753942715323248,,,,
13287,3.212351083755493,4.634442978128337,,,,
13288,3.2929494380950928,4.750721824237889,,,,
13289,3.2740416526794434,4.723443655984539,,,,
13290,3.236593246459961,4.669417026042496,,,,
13291,3.2509474754333496,4.690125800998189,,,,
13292,3.283554792404175,4.737168215488693,,,,
13293,3.3034582138061523,4.765882782842049,,,,
13294,3.2955129146575928,4.754420139162043,,,,
13295,3.30521559715271,4.768418151081069,,,,
13296,3.34757661819458,4.829532186065168,,,,
13297,3.254892110824585,4.695816706915239,,,,
13298,3.256789445877075,4.698553982786372,,,,
13299,3.401601791381836,4.907474035505589,,,,
13300,3.261658191680908,4.705578098212911,,,,
13301,3.327280044555664,4.800250419929266,,,,
13302,3.326395034790039,4.79897362072926,,,,
13303,3.318098545074463,4.787004316159813,,,,
13304,3.3942089080810547,4.896808359429682,,,,
13305,3.263580799102783,4.708351834406026,,,,
13306,3.2751426696777344,4.725032087747908,,,,
13307,3.290677547454834,4.747444178877745,,,,
13308,3.2728335857391357,4.721700783800696,,,,
13309,3.3042855262756348,4.767076342439037,,,,
13310,3.2458300590515137,4.68274292976195,,,,
13311,3.241772174835205,4.67688864032658,,,,
13312,3.276459217071533,4.7269314641440365,,,,
13313,3.274522066116333,4.724136746067516,,,,
13314,3.3514628410339355,4.835138820483295,,,,
13315,3.292947292327881,4.750718728550174,,,,
13316,3.2170488834381104,4.641220470433539,,,,
13317,3.3770062923431396,4.871990231014273,,,,
13318,3.226564884185791,4.6549491575213136,,,,
13319,3.2717103958129883,4.720080363264266,,,,
13320,3.2304811477661133,4.660599131567459,,,,
13321,3.3728442192077637,4.865985628742049,,,,
13322,3.3334178924560547,4.80910546265689,,,,
13323,3.2554616928100586,4.6966384400210615,,,,
13324,3.2958850860595703,4.754957068998037,,,,
13325,3.302710771560669,4.764804451621139,,,,
13326,3.177468776702881,4.584118446728767,,,,
13327,3.3946027755737305,4.897376590108132,,,,
13328,3.2757153511047363,4.725858292402653,,,,
13329,3.377621650695801,4.872878005458027,,,,
13330,3.2131807804107666,4.635639977378342,,,,
13331,3.220777988433838,4.646600431717829,,,,
13332,3.251667022705078,4.691163888278797,,,,
13333,3.2768290042877197,4.727464954327013,,,,
13334,3.3157529830932617,4.783620385521436,,,,
13335,3.3343405723571777,4.810436608374569,,,,
13336,3.3169262409210205,4.7853130387712275,,,,
13337,3.308821201324463,4.773619938339065,,,,
13338,3.3138394355773926,4.7808597200097855,,,,
13339,3.3314406871795654,4.806252958409679,,,,
13340,3.273749828338623,4.723022642455227,,,,
13341,3.270324230194092,4.7180805490000335,,,,
13342,3.3179030418395996,4.786722264612397,,,,
13343,3.304095506668091,4.766802202093562,,,,
13344,3.3371078968048096,4.814429013631697,,,,
13345,3.274827480316162,4.724577365619027,,,,
13346,3.335672378540039,4.812357998550008,,,,
13347,3.2807412147521973,4.733109080963029,,,,
13348,3.283196210861206,4.7366508916748975,,,,
13349,3.4037723541259766,4.910605495612499,,,,
13350,3.293447971343994,4.751441055683797,,,,
13351,3.2997639179229736,4.760553040491811,,,,
13352,3.28670072555542,4.741706837644962,,,,
13353,3.297776937484741,4.75768643366723,,,,
13354,3.227553367614746,4.656375237662268,,,,
13355,3.3291633129119873,4.802967401847597,,,,
13356,3.264960289001465,4.7103420176418105,,,,
13357,3.2205777168273926,4.64631150086438,,,,
13358,3.2933921813964844,4.751360567803194,,,,
13359,3.285447120666504,4.739898268088489,,,,
13360,3.186260938644409,4.596802855160503,,,,
13361,3.3580026626586914,4.844573788709629,,,,
13362,3.2396750450134277,4.673863121532602,,,,
13363,3.36338472366333,4.852338461430783,,,,
13364,3.3336880207061768,4.809495175343745,,,,
13365,3.3274929523468018,4.800557580943707,,,,
13366,3.320796012878418,4.790895939583536,,,,
13367,3.3890700340270996,4.889394531316287,,,,
13368,3.2980785369873047,4.758121549773913,,,,
13369,3.36013126373291,4.8476447109234355,,,,
13370,3.265334367752075,4.710881699200217,,,,
13371,3.2832541465759277,4.736734475243217,,,,
13372,3.2512946128845215,4.690626614477502,,,,
13373,3.379439353942871,4.875500396918382,,,,
13374,3.226634979248047,4.655050283320021,,,,
13375,3.3166120052337646,4.784859692503553,,,,
13376,3.262996196746826,4.707508431486195,,,,
13377,3.2283244132995605,4.657487621448048,,,,
13378,3.313505172729492,4.7803774806567665,,,,
13379,3.277843475341797,4.728928526685856,,,,
13380,3.276088237762451,4.726396254134552,,,,
13381,3.384108066558838,4.882235925456774,,,,
13382,3.2858076095581055,4.7404183436246985,,,,
13383,3.1863369941711426,4.596912580091754,,,,
13384,3.4326136112213135,4.952214634196945,,,,
13385,3.2851035594940186,4.739402614088703,,,,
13386,3.3265295028686523,4.7991676171594335,,,,
13387,3.3485445976257324,4.830928685190174,,,,
13388,3.353456974029541,4.838015746266929,,,,
13389,3.2979350090026855,4.757914482662273,,,,
13390,3.248077154159546,4.685984802730714,,,,
13391,3.2581021785736084,4.700447855737673,,,,
13392,3.2360501289367676,4.6686334730851655,,,,
13393,3.221395969390869,4.647491989779902,,,,
13394,3.260418653488159,4.703789822609239,,,,
13395,3.32407283782959,4.795623398690453,,,,
13396,3.2242684364318848,4.6516360837350925,,,,
13397,3.274338483810425,4.723871892785187,,,,
13398,3.2652299404144287,4.710731042398062,,,,
13399,3.2290844917297363,4.65858418282995,,,,
13400,3.3516182899475098,4.8353630858600205,4.109063529968262,5.92812557738291,,
13401,3.226051092147827,4.654207912296095,,,,
13402,3.259021759033203,4.701774529906428,,,,
13403,3.230945587158203,4.66126917597522,,,,
13404,3.1969385147094727,4.6122073411982845,,,,
13405,3.2529141902923584,4.692963170772123,,,,
13406,3.3080198764801025,4.772463870959966,,,,
13407,3.2982966899871826,4.758436278024991,,,,
13408,3.2556023597717285,4.69684137954908,,,,
13409,3.2794244289398193,4.731209360601598,,,,
13410,3.253864288330078,4.6943338724995,,,,
13411,3.2946832180023193,4.753223139912038,,,,
13412,3.3683314323425293,4.8594750535109865,,,,
13413,3.3046956062316895,4.767667962758005,,,,
13414,3.270564079284668,4.7184265780935695,,,,
13415,3.228600263595581,4.657885589302145,,,,
13416,3.2918100357055664,4.7490780140609425,,,,
13417,3.441178798675537,4.964571587661438,,,,
13418,3.3378190994262695,4.815455062126745,,,,
13419,3.2744362354278564,4.724012918558895,,,,
13420,3.2746920585632324,4.724381993327646,,,,
13421,3.3807125091552734,4.8773371716295975,,,,
13422,3.386563777923584,4.885778768064547,,,,
13423,3.3463423252105713,4.8277514776981345,,,,
13424,3.28403639793396,4.737863025398179,,,,
13425,3.3020246028900146,4.763814519482773,,,,
13426,3.299474000930786,4.760134778684912,,,,
13427,3.3543057441711426,4.839240262741072,,,,
13428,3.3141918182373047,4.781368100725737,,,,
13429,3.252032518386841,4.6916911870863425,,,,
13430,3.3409063816070557,4.81990906881879,,,,
13431,3.430116891860962,4.9486126295572745,,,,
13432,3.2104830741882324,4.631748009989317,,,,
13433,3.243309259414673,4.679106184626805,,,,
13434,3.3215317726135254,4.791957416504661,,,,
13435,3.304482936859131,4.767361145708866,,,,
13436,3.264711856842041,4.7099836057974125,,,,
13437,3.211123466491699,4.632671900789752,,,,
13438,3.2799534797668457,4.731972619606127,,,,
13439,3.339740037918091,4.8182263905627485,,,,
13440,3.2533483505249023,4.693589531586566,,,,
13441,3.247394561767578,4.6850000300718735,,,,
13442,3.17466402053833,4.580072038919267,,,,
13443,3.37760591506958,4.872855303748112,,,,
13444,3.231440305709839,4.661982903976301,,,,
13445,3.3704538345336914,4.862537032626948,,,,
13446,3.357377767562866,4.843672255653806,,,,
13447,3.253746509552002,4.694163953640447,,,,
13448,3.2964930534362793,4.755834180517437,,,,
13449,3.2868783473968506,4.741963091794748,,,,
13450,3.2570972442626953,4.698998041990899,,,,
13451,3.269975185394287,4.717576983798307,,,,
13452,3.3859615325927734,4.884909911712389,,,,
13453,3.3006014823913574,4.761761390596773,,,,
13454,3.339845657348633,4.818378767191413,,,,
13455,3.2825894355773926,4.735775499982005,,,,
13456,3.2881879806518555,4.743852493197127,,,,
13457,3.2952065467834473,4.753978143749325,,,,
13458,3.2779743671417236,4.729117363636503,,,,
13459,3.2792203426361084,4.730914926303321,,,,
13460,3.3166117668151855,4.784859348538252,,,,
13461,3.2819056510925293,4.734789007496657,,,,
13462,3.3291878700256348,4.803002830273674,,,,
13463,3.212296962738037,4.634364898004845,,,,
13464,3.1757593154907227,4.581652215515395,,,,
13465,3.284910202026367,4.739123658229003,,,,
13466,3.1678013801574707,4.570171341674397,,,,
13467,3.2866077423095703,4.741572691177289,,,,
13468,3.288248062133789,4.743939172453162,,,,
13469,3.2349233627319336,4.6670078930692105,,,,
13470,3.2820024490356445,4.734928657409157,,,,
13471,3.2743561267852783,4.723897346217515,,,,
13472,3.2785592079162598,4.729961110521636,,,,
13473,3.2375552654266357,4.670804926034959,,,,
13474,3.284226417541504,4.7381371657436535,,,,
13475,3.2538938522338867,4.694376524196914,,,,
13476,3.263686418533325,4.708504211034691,,,,
13477,3.257920742034912,4.700186098143059,,,,
13478,3.3263792991638184,4.7989509190193465,,,,
13479,3.3462517261505127,4.827620770883478,,,,
13480,3.301870107650757,4.763591629967255,,,,
13481,3.2908780574798584,4.747733453696497,,,,
13482,3.308633804321289,4.7733495816119085,,,,
13483,3.240760564804077,4.6754291955513585,,,,
13484,3.251296281814575,4.690629022234614,,,,
13485,3.367338180541992,4.858042094063997,,,,
13486,3.3470988273620605,4.82884287960051,,,,
13487,3.335376262664795,4.811930793645264,,,,
13488,3.2377233505249023,4.671047421572676,,,,
13489,3.313685178756714,4.78063717445957,,,,
13490,3.2369139194488525,4.669879659373318,,,,
13491,3.3231358528137207,4.794271615054671,,,,
13492,3.225724458694458,4.653736679832731,,,,
13493,3.3675858974456787,4.85839947401249,,,,
13494,3.2195494174957275,4.6448279785180375,,,,
13495,3.184319496154785,4.594001945708551,,,,
13496,3.3270440101623535,4.799909894280558,,,,
13497,3.14463210105896,4.536745137618003,,,,
13498,3.2554473876953125,4.696617802102958,,,,
13499,3.3805723190307617,4.877134920032183,,,,
13500,3.2409396171569824,4.675687513492955,,,,
13501,3.240591526031494,4.675185324152435,,,,
13502,3.318000555038452,4.786862946420803,,,,
13503,3.2495603561401367,4.688124610872749,,,,
13504,3.2859089374542236,4.740564528877932,,,,
13505,3.1908388137817383,4.603407332918937,,,,
13506,3.309669256210327,4.774843422917304,,,,
13507,3.2504324913024902,4.6893828359464615,,,,
13508,3.3060922622680664,4.769682911495514,,,,
13509,3.2123632431030273,4.634460520358726,,,,
13510,3.24532413482666,4.682013035391688,,,,
13511,3.278367042541504,4.729683874488445,,,,
13512,3.2895870208740234,4.745870881587653,,,,
13513,3.39450740814209,4.897239003987441,,,,
13514,3.2708234786987305,4.718800812341847,,,,
13515,3.318080425262451,4.786978174796881,,,,
13516,3.331864595413208,4.806864528716148,,,,
13517,3.282700538635254,4.73593578781261,,,,
13518,3.2304000854492188,4.660482183364872,,,,
13519,3.2901618480682373,4.746700181930113,,,,
13520,3.2708611488342285,4.718855158859519,,,,
13521,3.2636144161224365,4.708400333513569,,,,
13522,3.2374022006988525,4.670584100311252,,,,
13523,3.266026258468628,4.711879886505826,,,,
13524,3.1891188621520996,4.600925967232288,,,,
13525,3.214663505554199,4.637779097589774,,,,
13526,3.3490254878997803,4.831622463203754,,,,
13527,3.3359904289245605,4.81281684826251,,,,
13528,3.3480448722839355,4.8302077339177565,,,,
13529,3.2594962120056152,4.702459020856862,,,,
13530,3.2463254928588867,4.683457689658936,,,,
13531,3.254530906677246,4.695295599483125,,,,
13532,3.224475383758545,4.65193464561699,,,,
13533,3.282931327819824,4.73626874622468,,,,
13534,3.3425586223602295,4.822292748359748,,,,
13535,3.2388978004455566,4.672741794648976,,,,
13536,3.391061305999756,4.8922673295163,,,,
13537,3.2635245323181152,4.708270658594818,,,,
13538,3.243093967437744,4.678795583959347,,,,
13539,3.2739105224609375,4.72325447506859,,,,
13540,3.2594759464263916,4.702429783806216,,,,
13541,3.2933623790740967,4.7513175721404775,,,,
13542,3.2389461994171143,4.672811619605226,,,,
13543,3.236238479614258,4.6689052056735285,,,,
13544,3.304330825805664,4.767141695846365,,,,
13545,3.1936240196228027,4.607425535573695,,,,
13546,3.2940328121185303,4.75228480256893,,,,
13547,3.3097972869873047,4.77502813228433,,,,
13548,3.27219820022583,4.720784116271597,,,,
13549,3.20550537109375,4.62456670241989,,,,
13550,3.1806788444519043,4.588749595551201,,,,
13551,3.2794389724731445,4.731230342485004,,,,
13552,3.266089677810669,4.711971381276085,,,,
13553,3.2443699836730957,4.6806364862541825,,,,
13554,3.345099687576294,4.8259587305455405,,,,
13555,3.32350492477417,4.7948040733417425,,,,
13556,3.376809597015381,4.871706459640349,,,,
13557,3.2415719032287598,4.67659970947313,,,,
13558,3.2679176330566406,4.714608563244415,,,,
13559,3.1898865699768066,4.602033535503844,,,,
13560,3.240438938140869,4.674965186359331,,,,
13561,3.2531018257141113,4.693233871464582,,,,
13562,3.24718976020813,4.684704563877691,,,,
13563,3.292311429977417,4.749801373090471,,,,
13564,3.377053737640381,4.872058680109316,,,,
13565,3.250065803527832,4.688853817312408,,,,
13566,3.2647411823272705,4.710025913529525,,,,
13567,3.239320993423462,4.6733523330595395,,,,
13568,3.2082037925720215,4.62845970170482,,,,
13569,3.3429784774780273,4.822898471256088,,,,
13570,3.295661449432373,4.754634429545018,,,,
13571,3.264801025390625,4.710112248820257,,,,
13572,3.336120128631592,4.813003965386648,,,,
13573,3.2924270629882812,4.7499681962618086,,,,
13574,3.2041006088256836,4.622540058862122,,,,
13575,3.342564582824707,4.822301347492292,,,,
13576,3.2378950119018555,4.671295076589918,,,,
13577,3.332815170288086,4.808235918374128,,,,
13578,3.252864360809326,4.692891282024063,,,,
13579,3.3168044090270996,4.785137272502046,,,,
13580,3.3112916946411133,4.777184106795546,,,,
13581,3.237720489501953,4.671043293989055,,,,
13582,3.299269437789917,4.759839656456032,,,,
13583,3.250805616378784,4.689921141643662,,,,
13584,3.1172709465026855,4.49727133562667,,,,
13585,3.284961223602295,4.739197266803572,,,,
13586,3.3178796768188477,4.7866885560128285,,,,
13587,3.2762298583984375,4.726600569523777,,,,
13588,3.3354461193084717,4.81203157547867,,,,
13589,3.192347764968872,4.605584289313558,,,,
13590,3.1978797912597656,4.613565316209497,,,,
13591,3.3527626991271973,4.837014119308304,,,,
13592,3.276671886444092,4.727238281193176,,,,
13593,3.38504695892334,4.883590460814969,,,,
13594,3.2472028732299805,4.684723481969287,,,,
13595,3.217411756515503,4.641743985622766,,,,
13596,3.2774507999420166,4.7283620158339135,,,,
13597,3.2067384719848633,4.626345690960415,,,,
13598,3.2758469581604004,4.726048161249206,,,,
13599,3.2731237411499023,4.722119389572895,,,,
13600,3.2763671875,4.726798693537571,4.222094631195068,6.091194986589041,,
13601,3.2349727153778076,4.6670790938866675,,,,
13602,3.2066822052001953,4.626264515149208,,,,
13603,3.337658166885376,4.8152228855480805,,,,
13604,3.254901647567749,4.695830465527308,,,,
13605,3.2618699073791504,4.705883539400843,,,,
13606,3.390077590942383,4.890848128681379,,,,
13607,3.2647957801818848,4.710104681583619,,,,
13608,3.3120908737182617,4.77833707848693,,,,
13609,3.306959867477417,4.770934601228493,,,,
13610,3.3167381286621094,4.785041650148166,,,,
13611,3.3055145740509033,4.768849483569433,,,,
13612,3.2611470222473145,4.7048406366060105,,,,
13613,3.289240837097168,4.745371443969547,,,,
13614,3.270409345626831,4.718203344612749,,,,
13615,3.2474069595336914,4.685017916267563,,,,
13616,3.2090468406677246,4.629675963011722,,,,
13617,3.328157424926758,4.801516212239616,,,,
13618,3.2703065872192383,4.718055095567705,,,,
13619,3.332317590713501,4.807518062789426,,,,
13620,3.2016401290893555,4.618990336948314,,,,
13621,3.233150005340576,4.664449479154975,,,,
13622,3.3289237022399902,4.802621716719362,,,,
13623,3.2483339309692383,4.686355253360673,,,,
13624,3.205604076385498,4.624709104054804,,,,
13625,3.233720302581787,4.665272244156703,,,,
13626,3.391800880432129,4.893334309882253,,,,
13627,3.368419885635376,4.859602664637927,,,,
13628,3.3311548233032227,4.805840544012911,,,,
13629,3.244490146636963,4.6808098447662525,,,,
13630,3.3153841495513916,4.7830882711996665,,,,
13631,3.376389980316162,4.871101080709312,,,,
13632,3.3789215087890625,4.874753304283034,,,,
13633,3.296255588531494,4.755491591076918,,,,
13634,3.28564715385437,4.740186854976637,,,,
13635,3.2893834114074707,4.745577135219979,,,,
13636,3.218794107437134,4.64373829644217,,,,
13637,3.249281883239746,4.687722859400334,,,,
13638,3.31752610206604,4.7861784554703695,,,,
13639,3.1940205097198486,4.607997549870465,,,,
13640,3.1902050971984863,4.60249307314695,,,,
13641,3.2279953956604004,4.657012949331667,,,,
13642,3.2023091316223145,4.619955503584956,,,,
13643,3.2753047943115234,4.725265984153081,,,,
13644,3.2039480209350586,4.622319921069018,,,,
13645,3.2041239738464355,4.622573767461692,,,,
13646,3.2778384685516357,4.72892130341452,,,,
13647,3.1604104042053223,4.559508417320903,,,,
13648,3.201004981994629,4.618074013384517,,,,
13649,3.1957058906555176,4.610429040588364,,,,
13650,3.1788136959075928,4.586058754995801,,,,
13651,3.300260543823242,4.761269520215305,,,,
13652,3.24320650100708,4.678957935581762,,,,
13653,3.2520031929016113,4.69164887935423,,,,
13654,3.306253671646118,4.769915776004782,,,,
13655,3.213081121444702,4.635496199882221,,,,
13656,3.2914464473724365,4.748553466975811,,,,
13657,3.2394275665283203,4.673506085549411,,,,
13658,3.2635178565979004,4.70826102756637,,,,
13659,3.3580806255340576,4.844686265363293,,,,
13660,3.3706467151641846,4.8628153005560435,,,,
13661,3.278125762939453,4.7293357816030985,,,,
13662,3.2794013023376465,4.731175995967331,,,,
13663,3.256176471710205,4.697669647995635,,,,
13664,3.28666090965271,4.741649395439574,,,,
13665,3.4456255435943604,4.9709868845039225,,,,
13666,3.271446466445923,4.719699593675256,,,,
13667,3.369230270385742,4.860771802698491,,,,
13668,3.3077361583709717,4.7720545522509115,,,,
13669,3.27306866645813,4.722039933588197,,,,
13670,3.3301656246185303,4.804413431976051,,,,
13671,3.244550943374634,4.680897555918192,,,,
13672,3.3060083389282227,4.769561835709307,,,,
13673,3.255074977874756,4.696080528301663,,,,
13674,3.1596779823303223,4.558451755914001,,,,
13675,3.2042436599731445,4.6227464380431575,,,,
13676,3.3370606899261475,4.814360908501956,,,,
13677,3.2720680236816406,4.7205963112168545,,,,
13678,3.2637834548950195,4.708644204912493,,,,
13679,3.215912342071533,4.639580787840213,,,,
13680,3.1718149185180664,4.575961653563646,,,,
13681,3.209949254989624,4.630977871678754,,,,
13682,3.22871732711792,4.658054476265292,,,,
13683,3.328650951385498,4.802228220414189,,,,
13684,3.3082382678985596,4.772778943176346,,,,
13685,3.3220763206481934,4.792743033253803,,,,
13686,3.358786106109619,4.8457040586910995,,,,
13687,3.2947726249694824,4.753352126900185,,,,
13688,3.2630624771118164,4.7076040538400745,,,,
13689,3.3083949089050293,4.77300492837958,,,,
13690,3.309544563293457,4.774663529064501,,,,
13691,3.312833309173584,4.779408186436504,,,,
13692,3.1957902908325195,4.610550804305174,,,,
13693,3.2689080238342285,4.716037395107783,,,,
13694,3.245314359664917,4.6819989328143174,,,,
13695,3.314507007598877,4.781822822854617,,,,
13696,3.1975088119506836,4.6130301062000125,,,,
13697,3.322993278503418,4.794065923804239,,,,
13698,3.236933708190918,4.669908208493361,,,,
13699,3.2701447010040283,4.717821543127834,,,,
13700,3.272071361541748,4.720601126731078,,,,
13701,3.3230643272399902,4.794168425464154,,,,
13702,3.2426669597625732,4.6781795421039565,,,,
13703,3.278069019317627,4.729253917861288,,,,
13704,3.314267635345459,4.781477481691685,,,,
13705,3.2075979709625244,4.627585685873135,,,,
13706,3.314511299133301,4.781829014230048,,,,
13707,3.2814464569091797,4.7341265303255335,,,,
13708,3.4016056060791016,4.907479538950417,,,,
13709,3.245299816131592,4.6819779509309125,,,,
13710,3.322869300842285,4.793887061847342,,,,
13711,3.3059048652648926,4.7694125547683575,,,,
13712,3.3574118614196777,4.843721442691953,,,,
13713,3.2459397315979004,4.682901153800744,,,,
13714,3.2888259887695312,4.744772944344545,,,,
13715,3.2748947143554688,4.724674363834113,,,,
13716,3.2489805221557617,4.687288087258953,,,,
13717,3.3080382347106934,4.772490356288198,,,,
13718,3.2256479263305664,4.653626266970877,,,,
13719,3.2852983474731445,4.739683633740213,,,,
13720,3.304985523223877,4.768086224564904,,,,
13721,3.3124608993530273,4.778870912635209,,,,
13722,3.2385807037353516,4.672284320797681,,,,
13723,3.235891819000244,4.66840508012482,,,,
13724,3.189011812210083,4.600771526811813,,,,
13725,3.3165321350097656,4.784744464127475,,,,
13726,3.27254581451416,4.721285617681512,,,,
13727,3.2583303451538086,4.700777030531424,,,,
13728,3.2478713989257812,4.685687960675325,,,,
13729,3.2960457801818848,4.755188901611399,,,,
13730,3.2602603435516357,4.703561429648893,,,,
13731,3.2622761726379395,4.706469656274983,,,,
13732,3.3105883598327637,4.776169409155456,,,,
13733,3.2375328540802,4.670772593296597,,,,
13734,3.343672752380371,4.823900098214713,,,,
13735,3.289012908935547,4.745042613141098,,,,
13736,3.3170647621154785,4.78551288261153,,,,
13737,3.3112449645996094,4.777116689596408,,,,
13738,3.2790918350219727,4.730729529005691,,,,
13739,3.292074680328369,4.749459815545857,,,,
13740,3.2160215377807617,4.639738323948404,,,,
13741,3.299283027648926,4.75985926247823,,,,
13742,3.314490795135498,4.7817994332141005,,,,
13743,3.3086330890655518,4.773348549716004,,,,
13744,3.199502468109131,4.615906344053042,,,,
13745,3.2573347091674805,4.699340631431419,,,,
13746,3.2961196899414062,4.7552955308549345,,,,
13747,3.3073854446411133,4.771548579292073,,,,
13748,3.3026695251464844,4.76474494562394,,,,
13749,3.2249019145965576,4.652549999541777,,,,
13750,3.18180513381958,4.590374487636553,,,,
13751,3.2468762397766113,4.6842522495059224,,,,
13752,3.3525550365448,4.836714525530501,,,,
13753,3.296821117401123,4.756307476772611,,,,
13754,3.2840993404388428,4.737953832237834,,,,
13755,3.227879047393799,4.656845094264425,,,,
13756,3.283132553100586,4.736559052939337,,,,
13757,3.2220876216888428,4.648489833120208,,,,
13758,3.2827892303466797,4.736063742904852,,,,
13759,3.3055717945098877,4.768932035241847,,,,
13760,3.2300450801849365,4.659970019030602,,,,
13761,3.2468743324279785,4.684249497783508,,,,
13762,3.225524425506592,4.653448092944583,,,,
13763,3.2536520957946777,4.694027743380964,,,,
13764,3.2580580711364746,4.7003842221568535,,,,
13765,3.264784336090088,4.7100881712491365,,,,
13766,3.2472710609436035,4.68482185604558,,,,
13767,3.3017020225524902,4.7633491344295384,,,,
13768,3.2529661655426025,4.6930381552078995,,,,
13769,3.2030882835388184,4.621079582190995,,,,
13770,3.1658120155334473,4.567301295196798,,,,
13771,3.2269697189331055,4.655533210603643,,,,
13772,3.3547592163085938,4.839894484744954,,,,
13773,3.1941912174224854,4.608243829026501,,,,
13774,3.3478403091430664,4.829912611688877,,,,
13775,3.369401454925537,4.86101876978513,,,,
13776,3.316936492919922,4.785327829279201,,,,
13777,3.2563443183898926,4.6979117995680495,,,,
13778,3.2871639728546143,4.742375162226216,,,,
13779,3.224029541015625,4.651291430502763,,,,
13780,3.358692169189453,4.84556853636222,,,,
13781,3.383683681488037,4.881623667219702,,,,
13782,3.2424707412719727,4.677896458660636,,,,
13783,3.331298351287842,4.80604761112455,,,,
13784,3.254815101623535,4.6957056061227815,,,,
13785,3.2658939361572266,4.7116889857633675,,,,
13786,3.3168444633483887,4.785195058672736,,,,
13787,3.2803401947021484,4.732530531325526,,,,
13788,3.280458450317383,4.732701138115182,,,,
13789,3.157698154449463,4.555595468048472,,,,
13790,3.3042190074920654,4.7669803761198555,,,,
13791,3.2736048698425293,4.722813511551777,,,,
13792,3.2243306636810303,4.651725858678843,,,,
13793,3.3168909549713135,4.785262131906572,,,,
13794,3.3407349586486816,4.819661757766849,,,,
13795,3.2177252769470215,4.642196299994534,,,,
13796,3.2429447174072266,4.678580261680467,,,,
13797,3.3022561073303223,4.764148509790749,,,,
13798,3.09781813621521,4.469206862693575,,,,
13799,3.328967332839966,4.802684662369578,,,,
13800,3.3030312061309814,4.765266740986658,4.103863143920899,5.920623006221671,,
13801,3.1957483291625977,4.610490266412071,,,,
13802,3.2938759326934814,4.752058473400395,,,,
13803,3.2548766136169434,4.695794349170627,,,,
13804,3.1678359508514404,4.570221216643147,,,,
13805,3.2993955612182617,4.760021614100645,,,,
13806,3.369171380996704,4.860686843268965,,,,
13807,3.321092128753662,4.791323144488279,,,,
13808,3.2586147785186768,4.701187381136383,,,,
13809,3.250985622406006,4.690180835446465,,,,
13810,3.2628493309020996,4.707296548860332,,,,
13811,3.2637362480163574,4.708576099782751,,,,
13812,3.2065088748931885,4.626014452374853,,,,
13813,3.242438316345215,4.677849679379602,,,,
13814,3.3004226684570312,4.761503416620479,,,,
13815,3.264622211456299,4.709854274843964,,,,
13816,3.2441964149475098,4.680386079514526,,,,
13817,3.260806083679199,4.704348766224543,,,,
13818,3.2325592041015625,4.663597133137299,,,,
13819,3.2518177032470703,4.691381274349487,,,,
13820,3.1638193130493164,4.564426433204976,,,,
13821,3.3032450675964355,4.765575277862307,,,,
13822,3.315986156463623,4.7839567835865235,,,,
13823,3.3071844577789307,4.771258616542719,,,,
13824,3.2470169067382812,4.68445518903394,,,,
13825,3.1916332244873047,4.604553425304286,,,,
13826,3.173870086669922,4.578926634464521,,,,
13827,3.288522243499756,4.744334732550146,,,,
13828,3.255600929260254,4.69683931575727,,,,
13829,3.2939062118530273,4.752102156993714,,,,
13830,3.352487802505493,4.836617527315414,,,,
13831,3.2933878898620605,4.751354376427763,,,,
13832,3.302905559539795,4.765085471272649,,,,
13833,3.378793478012085,4.874568594916008,,,,
13834,3.2914865016937256,4.748611253146501,,,,
13835,3.3000760078430176,4.76100329107177,,,,
13836,3.2337307929992676,4.665287378629978,,,,
13837,3.2818140983581543,4.734656924820794,,,,
13838,3.2698230743408203,4.717357533935806,,,,
13839,3.2589526176452637,4.701674779968928,,,,
13840,3.302922248840332,4.76510954884377,,,,
13841,3.3385353088378906,4.816488333893129,,,,
13842,3.2959725856781006,4.75508330426377,,,,
13843,3.339017152786255,4.817183487767917,,,,
13844,3.292774200439453,4.750469009741121,,,,
13845,3.286189079284668,4.7409686881074595,,,,
13846,3.2813446521759033,4.733979657141696,,,,
13847,3.320131778717041,4.789937652252928,,,,
13848,3.282191276550293,4.735201077928124,,,,
13849,3.253645896911621,4.69401880028312,,,,
13850,3.238177537918091,4.671702675472463,,,,
13851,3.343553066253662,4.823727427633246,,,,
13852,3.3204801082611084,4.79044018555875,,,,
13853,3.2208776473999023,4.64674420921395,,,,
13854,3.233110189437866,4.664392036949587,,,,
13855,3.2748284339904785,4.724578741480234,,,,
13856,3.2586660385131836,4.701261333676254,,,,
13857,3.3186428546905518,4.787789588943652,,,,
13858,3.228379726409912,4.657567421398049,,,,
13859,3.26373291015625,4.708571284268527,,,,
13860,3.1803083419799805,4.58821507347232,,,,
13861,3.267122268676758,4.713461094997858,,,,
13862,3.337848663330078,4.8154977138241595,,,,
13863,3.2143099308013916,4.637268997047315,,,,
13864,3.2622992992401123,4.706503020909251,,,,
13865,3.253279209136963,4.693489781649065,,,,
13866,3.2935588359832764,4.7516009995491,,,,
13867,3.275193691253662,4.725105696322477,,,,
13868,3.3030524253845215,4.765297353898512,,,,
13869,3.2377333641052246,4.671061868115348,,,,
13870,3.297003746032715,4.756570954193733,,,,
13871,3.2657151222229004,4.711431011787074,,,,
13872,3.2652480602264404,4.710757183760993,,,,
13873,3.321413040161133,4.791786121784402,,,,
13874,3.2244253158569336,4.651862412903628,,,,
13875,3.272244453430176,4.720850845540132,,,,
13876,3.333986759185791,4.809926163866807,,,,
13877,3.3422088623046875,4.821788151262117,,,,
13878,3.3149161338806152,4.782413067312379,,,,
13879,3.2824227809906006,4.7355350682361,,,,
13880,3.253751277923584,4.694170832946482,,,,
13881,3.3217906951904297,4.792330962822335,,,,
13882,3.266660690307617,4.712795178173717,,,,
13883,3.2231884002685547,4.650077920918275,,,,
13884,3.2803869247436523,4.732597948524664,,,,
13885,3.222301483154297,4.6487983699958555,,,,
13886,3.15299129486084,4.548804905061806,,,,
13887,3.2156822681427,4.639248861324048,,,,
13888,3.233999252319336,4.665674683559722,,,,
13889,3.2730612754821777,4.722029270663843,,,,
13890,3.19600772857666,4.610864500660348,,,,
13891,3.2367773056030273,4.669682567255428,,,,
13892,3.339289426803589,4.817576296142487,,,,
13893,3.2683486938476562,4.7152304525099344,,,,
13894,3.1984753608703613,4.614424541533208,,,,
13895,3.214449882507324,4.637470904679428,,,,
13896,3.181854724884033,4.590446032419312,,,,
13897,3.2376198768615723,4.670898140631727,,,,
13898,3.352163314819336,4.836149390539765,,,,
13899,3.2861714363098145,4.7409432346751315,,,,
13900,3.238619327545166,4.67234004317656,,,,
13901,3.2578301429748535,4.700055391328404,,,,
13902,3.2803049087524414,4.732479624460871,,,,
13903,3.305142879486084,4.768313241664043,,,,
13904,3.2135651111602783,4.636194449444724,,,,
13905,3.2264225482940674,4.654743810236183,,,,
13906,3.3154077529907227,4.7831223237645375,,,,
13907,3.34796404838562,4.830091129680472,,,,
13908,3.320699691772461,4.790756977601639,,,,
13909,3.1395211219787598,4.5293715534449115,,,,
13910,3.2735366821289062,4.722715137475484,,,,
13911,3.249185562133789,4.6875838974184365,,,,
13912,3.297417163848877,4.757167390026925,,,,
13913,3.2140867710113525,4.6369470455249,,,,
13914,3.350989818572998,4.834456393324672,,,,
13915,3.270565986633301,4.718429329815983,,,,
13916,3.240525722503662,4.675090389729158,,,,
13917,3.331826686859131,4.806809838233174,,,,
13918,3.297816276550293,4.7577431879420145,,,,
13919,3.159898519515991,4.558769923818098,,,,
13920,3.2638187408447266,4.708695111777148,,,,
13921,3.203202486038208,4.621244341570522,,,,
13922,3.2865445613861084,4.741481540372332,,,,
13923,3.3057103157043457,4.769131879082149,,,,
13924,3.289370059967041,4.745557873163082,,,,
13925,3.2099173069000244,4.630931780328322,,,,
13926,3.297962188720703,4.7579536947066705,,,,
13927,3.307961940765381,4.772380287391646,,,,
13928,3.1592793464660645,4.557876645929516,,,,
13929,3.2967357635498047,4.756184337194593,,,,
13930,3.2970595359802246,4.756651442074337,,,,
13931,3.2969508171081543,4.7564945938967504,,,,
13932,3.3002405166625977,4.76124062712996,,,,
13933,3.2112884521484375,4.632909924778546,,,,
13934,3.2849206924438477,4.739138792702279,,,,
13935,3.281376838684082,4.734026092457429,,,,
13936,3.2377853393554688,4.6711368525511245,,,,
13937,3.21730375289917,4.641588169341084,,,,
13938,3.2607510089874268,4.7042693102398445,,,,
13939,3.2736353874206543,4.722857539110398,,,,
13940,3.3352420330047607,4.811737141180393,,,,
13941,3.2609379291534424,4.704538979036397,,,,
13942,3.2381904125213623,4.671721249598757,,,,
13943,3.2392771244049072,4.673289043444021,,,,
13944,3.2099103927612305,4.630921805334572,,,,
13945,3.1533868312835693,4.549375543497368,,,,
13946,3.342954397201538,4.822863730760613,,,,
13947,3.361323356628418,4.849364537432064,,,,
13948,3.22967267036438,4.6594327452293065,,,,
13949,3.185169219970703,4.595227838043901,,,,
13950,3.2543678283691406,4.695060327216744,,,,
13951,3.271958827972412,4.720438775108664,,,,
13952,3.2052721977233887,4.624230304354802,,,,
13953,3.278515577316284,4.72989816487142,,,,
13954,3.2269458770751953,4.6554988140734705,,,,
13955,3.447047233581543,4.973037949598113,,,,
13956,3.329679250717163,4.803711742760531,,,,
13957,3.2608401775360107,4.70439795326269,,,,
13958,3.2291202545166016,4.658635777625209,,,,
13959,3.2637176513671875,4.7085492704892165,,,,
13960,3.174574375152588,4.579942707965818,,,,
13961,3.187915325164795,4.599189630389177,,,,
13962,3.3099937438964844,4.775311559692952,,,,
13963,3.3145546913146973,4.7818916159149625,,,,
13964,3.290487289428711,4.747169694566969,,,,
13965,3.295018196105957,4.753706411160962,,,,
13966,3.1902904510498047,4.602616212724968,,,,
13967,3.2018699645996094,4.6193219194991775,,,,
13968,3.277439832687378,4.728346193430034,,,,
13969,3.2922005653381348,4.749641429225169,,,,
13970,3.2873213291168213,4.742602179325354,,,,
13971,3.318615436553955,4.787750032933953,,,,
13972,3.290714740753174,4.747497837464815,,,,
13973,3.225205898284912,4.652988555301477,,,,
13974,3.3341917991638184,4.810221974026292,,,,
13975,3.264660120010376,4.709908965326938,,,,
13976,3.2023236751556396,4.619976485468361,,,,
13977,3.3282828330993652,4.801697137988324,,,,
13978,3.348912000656128,4.831458735720133,,,,
13979,3.2996938228607178,4.760451914693103,,,,
13980,3.2252049446105957,4.65298717944027,,,,
13981,3.32746958732605,4.8005238723441375,,,,
13982,3.3923206329345703,4.894084154240014,,,,
13983,3.294750928878784,4.7533208260577275,,,,
13984,3.2578935623168945,4.700146886098663,,,,
13985,3.363551378250122,4.852578893176689,,,,
13986,3.309309244155884,4.774324035311698,,,,
13987,3.3711133003234863,4.863488440651521,,,,
13988,3.3020381927490234,4.763834125504971,,,,
13989,3.30959415435791,4.77473507384726,,,,
13990,3.2799816131591797,4.732013207511731,,,,
13991,3.308399200439453,4.773011119755011,,,,
13992,3.2640380859375,4.709011559854735,,,,
13993,3.2269887924194336,4.6555607278277815,,,,
13994,3.2598681449890137,4.702995606727555,,,,
13995,3.2342820167541504,4.666082626407568,,,,
13996,3.342769145965576,4.822596469721172,,,,
13997,3.2520699501037598,4.691745189638713,,,,
13998,3.264446973800659,4.709601460347195,,,,
13999,3.2968690395355225,4.756376613798258,,,,
14000,3.2927494049072266,4.750433237349741,4.158331775665284,5.999204631123303,,
14001,3.2504453659057617,4.689401410072755,,,,
14002,3.1947648525238037,4.6090714095424525,,,,
14003,3.2347288131713867,4.666727217383002,,,,
14004,3.3340706825256348,4.810047239653015,,,,
14005,3.343076705932617,4.823040184960399,,,,
14006,3.2517261505126953,4.6912491916736245,,,,
14007,3.2018790245056152,4.619334990180643,,,,
14008,3.2783985137939453,4.729729277908273,,,,
14009,3.16485333442688,4.56591821071856,,,,
14010,3.2674014568328857,4.713863878366179,,,,
14011,3.2680728435516357,4.7148324846558385,,,,
14012,3.284679412841797,4.738790699816932,,,,
14013,3.222067356109619,4.648460596069562,,,,
14014,3.243633270263672,4.6795736334718505,,,,
14015,3.247192859649658,4.684709035426613,,,,
14016,3.2082901000976562,4.628584217144045,,,,
14017,3.190293788909912,4.6026210282391915,,,,
14018,3.2788808345794678,4.730425119713664,,,,
14019,3.234346389770508,4.666175497039034,,,,
14020,3.4179625511169434,4.931077622440604,,,,
14021,3.301619052886963,4.763229434504538,,,,
14022,3.2054824829101562,4.624533681750924,,,,
14023,3.266420364379883,4.712448461149578,,,,
14024,3.300764322280884,4.761996318897851,,,,
14025,3.294389247894287,4.7527990306950105,,,,
14026,3.3979320526123047,4.902179721581429,,,,
14027,3.242763042449951,4.6783181601205515,,,,
14028,3.3331613540649414,4.8087353559922335,,,,
14029,3.33211612701416,4.8072274121094685,,,,
14030,3.2889926433563232,4.7450133760904505,,,,
14031,3.212036609649658,4.6339892878953615,,,,
14032,3.2301509380340576,4.660122739624568,,,,
14033,3.245331287384033,4.68202335435074,,,,
14034,3.3179097175598145,4.786731895640846,,,,
14035,3.261057138442993,4.70471096168726,,,,
14036,3.240825653076172,4.675523098078729,,,,
14037,3.250033140182495,4.688806694066071,,,,
14038,3.2469050884246826,4.684293869307431,,,,
14039,3.1911349296569824,4.60383453782368,,,,
14040,3.241061210632324,4.675862935796834,,,,
14041,3.2262539863586426,4.654500626767863,,,,
14042,3.2199110984802246,4.6453497738807545,,,,
14043,3.2843544483184814,4.738321875110681,,,,
14044,3.2662353515625,4.712181544075439,,,,
14045,3.2606770992279053,4.704162680996309,,,,
14046,3.3300209045410156,4.8042046450379035,,,,
14047,3.2366394996643066,4.669483755311031,,,,
14048,3.2284560203552246,4.657677490294601,,,,
14049,3.2585811614990234,4.70113888202884,,,,
14050,3.279829978942871,4.731794445579833,,,,
14051,3.321417808532715,4.791793001090436,,,,
14052,3.2959048748016357,4.75498561811808,,,,
14053,3.2222936153411865,4.648787019140899,,,,
14054,3.1981019973754883,4.613885891870706,,,,
14055,3.2399048805236816,4.674194704083465,,,,
14056,3.3140735626220703,4.78119749393608,,,,
14057,3.241722822189331,4.676817439509123,,,,
14058,3.2150516510009766,4.638339073100983,,,,
14059,3.1957740783691406,4.610527414664657,,,,
14060,3.2755305767059326,4.725591719293815,,,,
14061,3.220733642578125,4.6465364541717085,,,,
14062,3.2762844562530518,4.726679337577872,,,,
14063,3.240593910217285,4.675188763805452,,,,
14064,3.3004515171051025,4.761545036421987,,,,
14065,3.228769302368164,4.658129460701068,,,,
14066,3.2472949028015137,4.684856252575752,,,,
14067,3.272120952606201,4.720672671513838,,,,
14068,3.13187837600708,4.518345401732795,,,,
14069,3.3099637031555176,4.775268220064934,,,,
14070,3.2181968688964844,4.642876663361347,,,,
14071,3.2437453269958496,4.679735297163662,,,,
14072,3.272482395172119,4.721194122911253,,,,
14073,3.2752747535705566,4.725222644525064,,,,
14074,3.206118583679199,4.625451381175928,,,,
14075,3.2590177059173584,4.701768682496299,,,,
14076,3.0972976684570312,4.468455986439908,,,,
14077,3.238463878631592,4.672115777799836,,,,
14078,3.243709087371826,4.679683014437799,,,,
14079,3.2287395000457764,4.658086465038353,,,,
14080,3.3043975830078125,4.767238006130848,,,,
14081,3.243927001953125,4.679997398723576,,,,
14082,3.285348415374756,4.739755866453574,,,,
14083,3.270084857940674,4.717735207837101,,,,
14084,3.224304676055908,4.651688366460955,,,,
14085,3.1691250801086426,4.5720810370295775,,,,
14086,3.1263747215270996,4.510405306707761,,,,
14087,3.1725873947143555,4.5770761011412375,,,,
14088,3.2307519912719727,4.660989876150219,,,,
14089,3.116677761077881,4.496415549955977,,,,
14090,3.2630200386047363,4.707542828016368,,,,
14091,3.2493889331817627,4.6878772998208085,,,,
14092,3.3014140129089355,4.762933624345053,,,,
14093,3.2640857696533203,4.70908035291508,,,,
14094,3.201676607131958,4.619042963639478,,,,
14095,3.2768211364746094,4.727453603472056,,,,
14096,3.291031837463379,4.74795531131611,,,,
14097,3.243539571762085,4.679438455108272,,,,
14098,3.1460282802581787,4.538759398424909,,,,
14099,3.2243387699127197,4.6517375534991015,,,,
14100,3.2515203952789307,4.690952349618236,,,,
14101,3.2582168579101562,4.700613303047803,,,,
14102,3.2679800987243652,4.714698682153467,,,,
14103,3.2540879249572754,4.694656511952519,,,,
14104,3.2107083797454834,4.632073057199448,,,,
14105,3.382962465286255,4.880583172181982,,,,
14106,3.2974040508270264,4.757148471935331,,,,
14107,3.25095796585083,4.690140935471465,,,,
14108,3.224817991256714,4.652428923755569,,,,
14109,3.2677693367004395,4.714394616826741,,,,
14110,3.328958511352539,4.802671935653414,,,,
14111,3.2309939861297607,4.66133900093147,,,,
14112,3.2287731170654297,4.658134964145896,,,,
14113,3.3755602836608887,4.869904081459307,,,,
14114,3.1971702575683594,4.6125416754715625,,,,
14115,3.186054229736328,4.596504637243907,,,,
14116,3.2810754776000977,4.733591320316048,,,,
14117,3.2462565898895264,4.683358283686737,,,,
14118,3.262331962585449,4.706550144155587,,,,
14119,3.2578635215759277,4.700103546470645,,,,
14120,3.337895393371582,4.815565131023297,,,,
14121,3.1445140838623047,4.536574874793649,,,,
14122,3.2701597213745117,4.717843212941842,,,,
14123,3.2242848873138428,4.651659817340911,,,,
14124,3.213385820388794,4.635935787537827,,,,
14125,3.324580430984497,4.796355700817827,,,,
14126,3.2253479957580566,4.653193558621306,,,,
14127,3.0959208011627197,4.466469586822442,,,,
14128,3.224810838699341,4.652418604796518,,,,
14129,3.1779048442840576,4.584747559265623,,,,
14130,3.323770046234131,4.795186562757261,,,,
14131,3.2585067749023438,4.701031564854701,,,,
14132,3.256208896636963,4.69771642727667,,,,
14133,3.2115964889526367,4.633354327948376,,,,
14134,3.262272834777832,4.706464840760759,,,,
14135,3.2789742946624756,4.73055995411194,,,,
14136,3.2081074714660645,4.628320739722923,,,,
14137,3.1780755519866943,4.584993838421659,,,,
14138,3.199075222015381,4.61528995823235,,,,
14139,3.3259096145629883,4.798273307374947,,,,
14140,3.250135898590088,4.688954943111115,,,,
14141,3.294614315032959,4.753123733939839,,,,
14142,3.247431516647339,4.6850533446936415,,,,
14143,3.21229887008667,4.63436764972726,,,,
14144,3.279322862625122,4.731062831383063,,,,
14145,3.167433500289917,4.569640603213834,,,,
14146,3.2514779567718506,4.690891123794528,,,,
14147,3.1648950576782227,4.565978404646362,,,,
14148,3.2864537239074707,4.741350489592374,,,,
14149,3.2382583618164062,4.671819279709748,,,,
14150,3.246701240539551,4.683999778974456,,,,
14151,3.232712507247925,4.663818302826308,,,,
14152,3.279967784881592,4.731993257524231,,,,
14153,3.1832470893859863,4.59245478978139,,,,
14154,3.299440383911133,4.760086279577369,,,,
14155,3.2149815559387207,4.638237947302276,,,,
14156,3.342320203781128,4.821948783058023,,,,
14157,3.270662784576416,4.7185689797284835,,,,
14158,3.316622495651245,4.7848748269768295,,,,
14159,3.395939350128174,4.899304859589606,,,,
14160,3.2380688190460205,4.671545827294876,,,,
14161,3.225111484527588,4.652852345041994,,,,
14162,3.2364044189453125,4.669144605523529,,,,
14163,3.288753032684326,4.744667690962216,,,,
14164,3.2867348194122314,4.741756024683109,,,,
14165,3.1775498390197754,4.584235394931354,,,,
14166,3.298847198486328,4.759230493906676,,,,
14167,3.2882847785949707,4.743992143109628,,,,
14168,3.281723976135254,4.734526905936742,,,,
14169,3.249115467071533,4.687482771619729,,,,
14170,3.2385215759277344,4.672199017402853,,,,
14171,3.227555990219116,4.6563790212805864,,,,
14172,3.2618284225463867,4.7058236894383425,,,,
14173,3.2317521572113037,4.662432810590958,,,,
14174,3.1935312747955322,4.607291733071324,,,,
14175,3.230259895324707,4.660279931767457,,,,
14176,3.247843027114868,4.68564702880442,,,,
14177,3.2370736598968506,4.670110116125473,,,,
14178,3.3553900718688965,4.84080461693332,,,,
14179,3.2515969276428223,4.691062762480089,,,,
14180,3.2197084426879883,4.645057403374288,,,,
14181,3.2339630126953125,4.665622400833859,,,,
14182,3.23858380317688,4.672288792346603,,,,
14183,3.3319435119628906,4.806978381231019,,,,
14184,3.2990593910217285,4.759536623025212,,,,
14185,3.249040126800537,4.687374078584384,,,,
14186,3.204854965209961,4.623628365076782,,,,
14187,3.1983602046966553,4.614258406292475,,,,
14188,3.18278431892395,4.59178715313074,,,,
14189,3.322779655456543,4.793757730893893,,,,
14190,3.2129063606262207,4.6352440733160565,,,,
14191,3.3039162158966064,4.766543540186664,,,,
14192,3.3668265342712402,4.857303944526494,,,,
14193,3.241683006286621,4.676759997303734,,,,
14194,3.2024998664855957,4.6202306758263365,,,,
14195,3.224405288696289,4.6518335198182825,,,,
14196,3.1677165031433105,4.570048890026983,,,,
14197,3.234862804412842,4.6669205258825714,,,,
14198,3.1995344161987305,4.615952435403473,,,,
14199,3.3133416175842285,4.780141520459783,,,,
14200,3.3361120223999023,4.81299227056639,4.165858364105224,6.010063202940417,,
14201,3.266310214996338,4.712289549180181,,,,
14202,3.287332057952881,4.742617657763931,,,,
14203,3.1539297103881836,4.550158752489398,,,,
14204,3.18440318107605,4.594122677529457,,,,
14205,3.230454206466675,4.660560263488364,,,,
14206,3.3008716106414795,4.762151103283628,,,,
14207,3.246474504470825,4.683672667972514,,,,
14208,3.267754316329956,4.714372947012733,,,,
14209,3.2262163162231445,4.65444628025019,,,,
14210,3.2493410110473633,4.687808162795162,,,,
14211,3.311074733734131,4.776871098370976,,,,
14212,3.31754207611084,4.786201501145585,,,,
14213,3.212702989578247,4.6349506709136845,,,,
14214,3.2211086750030518,4.6470775115913225,,,,
14215,3.3126578330993652,4.779155027974434,,,,
14216,3.155109405517578,4.551860692802336,,,,
14217,3.218785285949707,4.643725569726007,,,,
14218,3.3017849922180176,4.763468834354539,,,,
14219,3.170865535736084,4.574591983732175,,,,
14220,3.1748218536376953,4.580299743949009,,,,
14221,3.273374557495117,4.7224812410703105,,,,
14222,3.212177276611328,4.634192227423379,,,,
14223,3.332818031311035,4.808240045957748,,,,
14224,3.2981350421905518,4.758203069550421,,,,
14225,3.2057228088378906,4.624880398775064,,,,
14226,3.2269041538238525,4.655438620145669,,,,
14227,3.300903797149658,4.762197538599361,,,,
14228,3.232029914855957,4.662833530167468,,,,
14229,3.2544288635253906,4.695148382333986,,,,
14230,3.231667995452881,4.662311390839449,,,,
14231,3.2120840549468994,4.634057736990405,,,,
14232,3.2696805000305176,4.717151842685374,,,,
14233,3.2717511653900146,4.720139181330861,,,,
14234,3.335061550140381,4.811476759446987,,,,
14235,3.2101097106933594,4.631209360326815,,,,
14236,3.3185086250305176,4.78759593647878,,,,
14237,3.214334011077881,4.63730373754279,,,,
14238,3.360565185546875,4.848270727772576,,,,
14239,3.3193581104278564,4.788821484848829,,,,
14240,3.2494382858276367,4.6879485006382655,,,,
14241,3.322859048843384,4.793872271339368,,,,
14242,3.256650447845459,4.698353451015466,,,,
14243,3.2262215614318848,4.654453847486828,,,,
14244,3.213552474975586,4.636176219283732,,,,
14245,3.2726500034332275,4.721435930518367,,,,
14246,3.257120370864868,4.699031406625167,,,,
14247,3.2309579849243164,4.66128706217091,,,,
14248,3.221647024154663,4.647854185242619,,,,
14249,3.2445337772369385,4.680872790416468,,,,
14250,3.2112808227539062,4.632898917888891,,,,
14251,3.1472041606903076,4.540455835293019,,,,
14252,3.1946964263916016,4.608972691500857,,,,
14253,3.1715545654296875,4.5755860434541615,,,,
14254,3.281247615814209,4.733839663263894,,,,
14255,3.27626371383667,4.726649412596622,,,,
14256,3.2887377738952637,4.744645677182906,,,,
14257,3.243950366973877,4.6800311073231455,,,,
14258,3.3061041831970215,4.7697001097606,,,,
14259,3.280237913131714,4.732382970211086,,,,
14260,3.2099432945251465,4.63096927254621,,,,
14261,3.154479503631592,4.550951936475176,,,,
14262,3.299835205078125,4.760655886117027,,,,
14263,3.238372325897217,4.671983695123973,,,,
14264,3.2689898014068604,4.716155375206275,,,,
14265,3.296855926513672,4.756357695706663,,,,
14266,3.268153667449951,4.714949088893123,,,,
14267,3.290992021560669,4.747897869110722,,,,
14268,3.325028419494629,4.797002011619769,,,,
14269,3.239492416381836,4.67359964411148,,,,
14270,3.2128195762634277,4.635118869946228,,,,
14271,3.2572665214538574,4.699242257355125,,,,
14272,3.245124578475952,4.681725136434144,,,,
14273,3.238353729248047,4.671956865830438,,,,
14274,3.367245674133301,4.857908635526928,,,,
14275,3.231478214263916,4.662037594459275,,,,
14276,3.3106462955474854,4.776252992723775,,,,
14277,3.156627655029297,4.554051063843724,,,,
14278,3.249480724334717,4.6880097264619724,,,,
14279,3.187483549118042,4.598566709227752,,,,
14280,3.2033238410949707,4.6214194199091,,,,
14281,3.23146915435791,4.662024523777809,,,,
14282,3.1532251834869385,4.549142335022798,,,,
14283,3.3499655723571777,4.832978718388459,,,,
14284,3.247279405593872,4.68483389483114,,,,
14285,3.288248062133789,4.743939172453162,,,,
14286,3.2580697536468506,4.700401076456639,,,,
14287,3.223118305206299,4.649976795119568,,,,
14288,3.139191150665283,4.528895505467323,,,,
14289,3.285541534423828,4.740034478347972,,,,
14290,3.1410508155822754,4.531578434820783,,,,
14291,3.2240586280822754,4.651333394269574,,,,
14292,3.1897811889648438,4.601881502840482,,,,
14293,3.297900438308716,4.757864607693524,,,,
14294,3.3933234214782715,4.895530872299072,,,,
14295,3.1956629753112793,4.610367126834053,,,,
14296,3.14449405670166,4.536545981708304,,,,
14297,3.29018497467041,4.74673354656438,,,,
14298,3.2234842777252197,4.650504781857717,,,,
14299,3.2534995079040527,4.6938076055878595,,,,
14300,3.2872860431671143,4.742551272460699,,,,
14301,3.2082815170288086,4.628571834393183,,,,
14302,3.2528810501098633,4.692915359595184,,,,
14303,3.2882533073425293,4.743946739689799,,,,
14304,3.2199392318725586,4.645390361786358,,,,
14305,3.225738525390625,4.653756973785533,,,,
14306,3.2891132831573486,4.745187422533124,,,,
14307,3.2207112312316895,4.646504121433346,,,,
14308,3.32130765914917,4.79163408912104,,,,
14309,3.29762601852417,4.757468703631237,,,,
14310,3.246717929840088,4.6840238565455765,,,,
14311,3.186544418334961,4.597211829904254,,,,
14312,3.295408248901367,4.754269138394585,,,,
14313,3.2963650226593018,4.75564947115041,,,,
14314,3.249617099761963,4.68820647461456,,,,
14315,3.277228355407715,4.728041096207404,,,,
14316,3.217804193496704,4.642310152509405,,,,
14317,3.25004506111145,4.688823892331158,,,,
14318,3.343588352203369,4.823778334497901,,,,
14319,3.220902442932129,4.64677998160533,,,,
14320,3.279233455657959,4.730933844394916,,,,
14321,3.2413065433502197,4.67621687609231,,,,
14322,3.2564401626586914,4.698050073619344,,,,
14323,3.196768283843994,4.611961749972853,,,,
14324,3.1982505321502686,4.614100182253681,,,,
14325,3.2885780334472656,4.74441522043075,,,,
14326,3.2733821868896484,4.722492247959966,,,,
14327,3.249662399291992,4.688271828021888,,,,
14328,3.2849981784820557,4.73925058142534,,,,
14329,3.197260618209839,4.612672038320916,,,,
14330,3.2290749549865723,4.6585704242178805,,,,
14331,3.2244486808776855,4.651896121503197,,,,
14332,3.2927708625793457,4.750464194226897,,,,
14333,3.1610960960388184,4.560497661528665,,,,
14334,3.257936716079712,4.700209143818276,,,,
14335,3.233588933944702,4.665082719275452,,,,
14336,3.2909412384033203,4.747824604501454,,,,
14337,3.3009743690490723,4.762299352328672,,,,
14338,3.1635842323303223,4.564087283417474,,,,
14339,3.1867518424987793,4.597511079716756,,,,
14340,3.2123019695281982,4.634372121276182,,,,
14341,3.114182949066162,4.492816297038719,,,,
14342,3.359403610229492,4.846594928822569,,,,
14343,3.175321578979492,4.581020695221427,,,,
14344,3.2263855934143066,4.654690495614416,,,,
14345,3.302304983139038,4.764219022677603,,,,
14346,3.2501349449157715,4.688953567249908,,,,
14347,3.1038408279418945,4.477895770180465,,,,
14348,3.3005220890045166,4.7616468501512985,,,,
14349,3.3795275688171387,4.875627664080021,,,,
14350,3.273930788040161,4.723283712119237,,,,
14351,3.2919044494628906,4.749214224320426,,,,
14352,3.305119037628174,4.76827884513387,,,,
14353,3.275879383087158,4.72609494053024,,,,
14354,3.2605438232421875,4.703970404392645,,,,
14355,3.2877283096313477,4.7431893280954,,,,
14356,3.208822250366211,4.629351947697496,,,,
14357,3.2590274810791016,4.70178278507367,,,,
14358,3.230539321899414,4.660683059101079,,,,
14359,3.192115306854248,4.605248923144376,,,,
14360,3.263566493988037,4.708331196487922,,,,
14361,3.203474521636963,4.621636805979791,,,,
14362,3.28139066696167,4.7340460424449295,,,,
14363,3.30241060256958,4.764371399306267,,,,
14364,3.2415101528167725,4.6765106224599835,,,,
14365,3.3230819702148438,4.794193878896481,,,,
14366,3.246533155441284,4.683757283436739,,,,
14367,3.25730562210083,4.699298667664608,,,,
14368,3.2920382022857666,4.749407188854693,,,,
14369,3.2283220291137695,4.657484181795031,,,,
14370,3.253026008605957,4.693124490498633,,,,
14371,3.277559518814087,4.728518864011501,,,,
14372,3.2065558433532715,4.626082213539292,,,,
14373,3.1525304317474365,4.5481400201335695,,,,
14374,3.2689571380615234,4.716108251959938,,,,
14375,3.2764759063720703,4.726955541715157,,,,
14376,3.2877063751220703,4.743157683287641,,,,
14377,3.2791857719421387,4.730865051334571,,,,
14378,3.218780040740967,4.6437180024893685,,,,
14379,3.272446870803833,4.7211428720812965,,,,
14380,3.247802257537842,4.685588210737825,,,,
14381,3.0984299182891846,4.470089477657803,,,,
14382,3.335597038269043,4.812249305514662,,,,
14383,3.336373805999756,4.813369944467684,,,,
14384,3.194448947906494,4.608615655517666,,,,
14385,3.232668876647949,4.663755357176092,,,,
14386,3.2362780570983887,4.668962303913615,,,,
14387,3.2781057357788086,4.729306888517754,,,,
14388,3.3021557331085205,4.764003700398722,,,,
14389,3.154787540435791,4.551396339645006,,,,
14390,3.256570339202881,4.698237878674086,,,,
14391,3.169060468673706,4.57198782243281,,,,
14392,3.2363555431365967,4.669074092636676,,,,
14393,3.2029595375061035,4.620893840928064,,,,
14394,3.2240328788757324,4.6512962460169875,,,,
14395,3.241525411605835,4.676532636239294,,,,
14396,3.2685372829437256,4.7155025290636,,,,
14397,3.2206454277038574,4.64640918701007,,,,
14398,3.2317328453063965,4.662404949401518,,,,
14399,3.170919895172119,4.574670407820968,,,,
14400,3.246894359588623,4.684278390868854,4.153449058532715,5.992160359330081,,
14401,3.2455010414123535,4.6822682576455685,,,,
14402,3.275893211364746,4.72611489051774,,,,
14403,3.217383861541748,4.641703741682464,,,,
14404,3.2224297523498535,4.648983423328184,,,,
14405,3.281036138534546,4.733534566041263,,,,
14406,3.2403624057769775,4.674854773497477,,,,
14407,3.198991298675537,4.6151688824461425,,,,
14408,3.2533986568450928,4.69366210826523,,,,
14409,3.3647403717041016,4.854294248136395,,,,
14410,3.280322313308716,4.732504733927897,,,,
14411,3.289499521255493,4.74574464632192,,,,
14412,3.2700424194335938,4.717673982013394,,,,
14413,3.2357659339904785,4.668223466445508,,,,
14414,3.168626070022583,4.571361117653066,,,,
14415,3.204801559448242,4.623551316849196,,,,
14416,3.237017869949341,4.67002962824487,,,,
14417,3.1615657806396484,4.561175273173065,,,,
14418,3.2056074142456055,4.624713919569028,,,,
14419,3.222438335418701,4.648995806079046,,,,
14420,3.249067783355713,4.687413978559384,,,,
14421,3.2616944313049316,4.705630380938773,,,,
14422,3.2675838470458984,4.714127011821999,,,,
14423,3.202853202819824,4.620740432403494,,,,
14424,3.212928533554077,4.635276062089117,,,,
14425,3.1891961097717285,4.601037411990047,,,,
14426,3.2321860790252686,4.663058827440098,,,,
14427,3.2421646118164062,4.677454807213221,,,,
14428,3.0850234031677246,4.45074796477647,,,,
14429,3.235112190246582,4.667280313588177,,,,
14430,3.2243900299072266,4.651811506038972,,,,
14431,3.204155921936035,4.622619858812123,,,,
14432,3.1937220096588135,4.607566905312704,,,,
14433,3.270400285720825,4.718190273931284,,,,
14434,3.194535255432129,4.6087401709568905,,,,
14435,3.1070950031280518,4.482590552583718,,,,
14436,3.2812256813049316,4.733808018456135,,,,
14437,3.2118210792541504,4.633678343262601,,,,
14438,3.2879161834716797,4.74346037275316,,,,
14439,3.25016713142395,4.689000002565641,,,,
14440,3.184967517852783,4.594936843398641,,,,
14441,3.299888849258423,4.760733278309915,,,,
14442,3.2390401363372803,4.672947141934106,,,,
14443,3.238708019256592,4.672467998268803,,,,
14444,3.255852460861206,4.69720219915059,,,,
14445,3.2144460678100586,4.6374654012346,,,,
14446,3.274415969848633,4.7239836815082485,,,,
14447,3.3335623741149902,4.809313905629736,,,,
14448,3.1388607025146484,4.528418769559131,,,,
14449,3.1792473793029785,4.58668442787964,,,,
14450,3.226123332977295,4.6543121337825175,,,,
14451,3.173973560333252,4.57907591540547,,,,
14452,3.294051170349121,4.752311287897164,,,,
14453,3.213336944580078,4.635865274650973,,,,
14454,3.280275344848633,4.732436972763457,,,,
14455,3.259084701538086,4.701865336746084,,,,
14456,3.3002688884735107,4.7612815590008655,,,,
14457,3.2745420932769775,4.7241656391528615,,,,
14458,3.2150259017944336,4.638301924848397,,,,
14459,3.226184844970703,4.654400876830363,,,,
14460,3.1865806579589844,4.597264112630117,,,,
14461,3.283243179321289,4.736718652839338,,,,
14462,3.281561851501465,4.7342930095315685,,,,
14463,3.208911895751953,4.629481278650945,,,,
14464,3.2311439514160156,4.661555355106255,,,,
14465,3.310934543609619,4.776668846773561,,,,
14466,3.2067642211914062,4.626382839213001,,,,
14467,3.2757577896118164,4.72591951822636,,,,
14468,3.3068697452545166,4.770804582344441,,,,
14469,3.3445444107055664,4.825157635357821,,,,
14470,3.200286865234375,4.617037989895719,,,,
14471,3.202371597290039,4.6200456224940085,,,,
14472,3.154751777648926,4.5513447448497475,,,,
14473,3.242180347442627,4.677477508923134,,,,
14474,3.2459604740142822,4.682931078781994,,,,
14475,3.2921414375305176,4.749556125830341,,,,
14476,3.261826992034912,4.705821625646532,,,,
14477,3.317063331604004,4.78551081881972,,,,
14478,3.2984206676483154,4.758615139981889,,,,
14479,3.133817672729492,4.521143215497031,,,,
14480,3.268857955932617,4.71596516239442,,,,
14481,3.2005369663238525,4.61739880949723,,,,
14482,3.115666389465332,4.4949564491460565,,,,
14483,3.089545726776123,4.457272298619601,,,,
14484,3.3471646308898926,4.828937814023786,,,,
14485,3.255601406097412,4.696840003687873,,,,
14486,3.2771687507629395,4.727955104881972,,,,
14487,3.2579307556152344,4.700200544685732,,,,
14488,3.2439653873443604,4.6800527771371545,,,,
14489,3.1999502182006836,4.616552310889682,,,,
14490,3.260141134262085,4.70338944699803,,,,
14491,3.1751976013183594,4.580841833264529,,,,
14492,3.2450289726257324,4.681587206348152,,,,
14493,3.152101993560791,4.547521914486369,,,,
14494,3.297511577606201,4.757303600286408,,,,
14495,3.2656264305114746,4.711303056694832,,,,
14496,3.2151784896850586,4.638522062641502,,,,
14497,3.1914453506469727,4.604282380646526,,,,
14498,3.2760868072509766,4.7263941903427416,,,,
14499,3.3087997436523438,4.77358898146191,,,,
14500,3.247527837753296,4.685192306675538,,,,
14501,3.1120457649230957,4.489732992074051,,,,
14502,3.297412395477295,4.757160510720891,,,,
14503,3.201159954071045,4.618297590830639,,,,
14504,3.222507953643799,4.649096243947151,,,,
14505,3.16799259185791,4.570447201846381,,,,
14506,3.2321019172668457,4.662937407688589,,,,
14507,3.222381114959717,4.648913254406632,,,,
14508,3.230330467224121,4.6603817454967675,,,,
14509,3.2434163093566895,4.67926062504728,,,,
14510,3.1471052169799805,4.540313089692803,,,,
14511,3.2891488075256348,4.745238673363081,,,,
14512,3.2785539627075195,4.729953543284998,,,,
14513,3.1499271392822266,4.544384263004027,,,,
14514,3.204599142074585,4.623259290308031,,,,
14515,3.1701948642730713,4.573624409338421,,,,
14516,3.2342817783355713,4.666082282442266,,,,
14517,3.2303905487060547,4.6604684247528025,,,,
14518,3.2448668479919434,4.6813533099429785,,,,
14519,3.2031192779541016,4.62112429768022,,,,
14520,3.185746431350708,4.5960605780393795,,,,
14521,3.2718265056610107,4.720247874366207,,,,
14522,3.3111019134521484,4.7769103104153725,,,,
14523,3.344872236251831,4.825630587647694,,,,
14524,3.233365058898926,4.664759735857132,,,,
14525,3.353524684906006,4.8381134324126185,,,,
14526,3.2197275161743164,4.645084920598427,,,,
14527,3.2228662967681885,4.649613223795644,,,,
14528,3.1871328353881836,4.598060736268914,,,,
14529,3.270773410797119,4.718728579628484,,,,
14530,3.275038719177246,4.724882118876356,,,,
14531,3.2015180587768555,4.61881422671383,,,,
14532,3.2260475158691406,4.654202752816569,,,,
14533,3.153928279876709,4.550156688697587,,,,
14534,3.1439504623413086,4.535761740820369,,,,
14535,3.158820152282715,4.557214168758393,,,,
14536,3.287114143371582,4.7423032734781545,,,,
14537,3.268359661102295,4.715246274913814,,,,
14538,3.2859597206115723,4.740637793487199,,,,
14539,3.3685388565063477,4.859774303323487,,,,
14540,3.256920099258423,4.698742475771717,,,,
14541,3.2349367141723633,4.667027155126107,,,,
14542,3.1666319370269775,4.568484191869433,,,,
14543,3.1917529106140137,4.604726095885753,,,,
14544,3.2338504791259766,4.665460049211445,,,,
14545,3.15889573097229,4.55732320575904,,,,
14546,3.274599552154541,4.724248534790577,,,,
14547,3.226649045944214,4.655070577272823,,,,
14548,3.2468390464782715,4.684198590918853,,,,
14549,3.183206796646118,4.592396659645398,,,,
14550,3.2269749641418457,4.655540777840281,,,,
14551,3.257736921310425,4.699920900895429,,,,
14552,3.245253562927246,4.681911221662378,,,,
14553,3.1757466793060303,4.5816339853544035,,,,
14554,3.2416722774505615,4.676744518865157,,,,
14555,3.3007612228393555,4.761991847348929,,,,
14556,3.1900954246520996,4.602334849108156,,,,
14557,3.1952390670776367,4.609755556527585,,,,
14558,3.2303192615509033,4.660365579127586,,,,
14559,3.186527967453003,4.597188096298436,,,,
14560,3.129396915435791,4.514765410872434,,,,
14561,3.230294704437256,4.660330150701509,,,,
14562,3.308007001876831,4.772445296833673,,,,
14563,3.2161381244659424,4.639906522980947,,,,
14564,3.2170515060424805,4.641224254051858,,,,
14565,3.2875008583068848,4.742861185197554,,,,
14566,3.1447458267211914,4.536909209066926,,,,
14567,3.195664882659912,4.610369878556466,,,,
14568,3.1828858852386475,4.591933682349275,,,,
14569,3.26345157623291,4.70816540521249,,,,
14570,3.1762428283691406,4.582349777147294,,,,
14571,3.2345638275146484,4.666489193394208,,,,
14572,3.2886595726013184,4.74453285656394,,,,
14573,3.2022900581359863,4.619927986360818,,,,
14574,3.261362075805664,4.705150893308168,,,,
14575,3.242628574371338,4.678124163690379,,,,
14576,3.2075037956237793,4.6274498195789535,,,,
14577,3.249558925628662,4.688122547080939,,,,
14578,3.276113986968994,4.726433402387138,,,,
14579,3.129533290863037,4.514962159025021,,,,
14580,3.130492687225342,4.516346275399165,,,,
14581,3.194460868835449,4.608632853782752,,,,
14582,3.2524678707122803,4.692319267727293,,,,
14583,3.1632447242736816,4.563597476827817,,,,
14584,3.121370315551758,4.50318547502454,,,,
14585,3.1890974044799805,4.600895010355132,,,,
14586,3.2583541870117188,4.700811427061597,,,,
14587,3.196622610092163,4.611751587173498,,,,
14588,3.279390335083008,4.731160173563452,,,,
14589,3.2166261672973633,4.64061061995358,,,,
14590,3.2227306365966797,4.649417507538962,,,,
14591,3.2453670501708984,4.682074949145999,,,,
14592,3.2176339626312256,4.6420645612839735,,,,
14593,3.249843120574951,4.688532553720596,,,,
14594,3.328078269958496,4.801402015759443,,,,
14595,3.2204389572143555,4.646111313058776,,,,
14596,3.2608110904693604,4.7043559894958795,,,,
14597,3.3574061393737793,4.8437131875247115,,,,
14598,3.2324013710021973,4.663369428107557,,,,
14599,3.2537407875061035,4.694155698473206,,,,
14600,3.1748900413513184,4.580398118025303,4.161375904083252,6.003596380095735,,
14601,3.1078383922576904,4.483663036394499,,,,
14602,3.1960997581481934,4.610997271266814,,,,
14603,3.1484620571136475,4.542270596224924,,,,
14604,3.1354823112487793,4.523544781233679,,,,
14605,3.317263603210449,4.78579974967317,,,,
14606,3.192564010620117,4.605896265842223,,,,
14607,3.213996171951294,4.636816338710244,,,,
14608,3.2285196781158447,4.657769329030161,,,,
14609,3.327773094177246,4.800961740173235,,,,
14610,3.1917765140533447,4.604760148450623,,,,
14611,3.2538089752197266,4.6942540725495,,,,
14612,3.2084171772003174,4.628767550649864,,,,
14613,3.209240674972534,4.6299556068020244,,,,
14614,3.3533058166503906,4.837797672265634,,,,
14615,3.2402453422546387,4.67468588653433,,,,
14616,3.296994686126709,4.756557883512268,,,,
14617,3.234321355819702,4.666139380682353,,,,
14618,3.2733664512634277,4.722469546250052,,,,
14619,3.2284932136535645,4.657731148881671,,,,
14620,3.1643781661987305,4.5652326878722205,,,,
14621,3.239872932434082,4.674148612733034,,,,
14622,3.251180410385132,4.690461855097975,,,,
14623,3.154538154602051,4.551036551939401,,,,
14624,3.2758569717407227,4.726062607791878,,,,
14625,3.1762001514434814,4.582288207358285,,,,
14626,3.1253011226654053,4.50885643095409,,,,
14627,3.2508716583251953,4.69001642003224,,,,
14628,3.2231807708740234,4.65006691402862,,,,
14629,3.25679349899292,4.698559830196501,,,,
14630,3.3251521587371826,4.7971805296113645,,,,
14631,3.1912100315093994,4.603942886893724,,,,
14632,3.2201437950134277,4.645685484015239,,,,
14633,3.2436015605926514,4.679527886086721,,,,
14634,3.232800006866455,4.663944538092042,,,,
14635,3.25477933883667,4.695654011327523,,,,
14636,3.2301852703094482,4.660172270628017,,,,
14637,3.1968328952789307,4.61205496456962,,,,
14638,3.278559923171997,4.729962142417541,,,,
14639,3.1912448406219482,4.603993105827775,,,,
14640,3.168684482574463,4.571445389151989,,,,
14641,3.2393672466278076,4.673419062328074,,,,
14642,3.2983834743499756,4.758561481394819,,,,
14643,3.232064723968506,4.66288374910152,,,,
14644,3.3310279846191406,4.8056575544723925,,,,
14645,3.255316734313965,4.696429309117613,,,,
14646,3.171947956085205,4.576153586202009,,,,
14647,3.192863941192627,4.606328974191794,,,,
14648,3.288745403289795,4.744656684072561,,,,
14649,3.2580718994140625,4.700404172144354,,,,
14650,3.2853705883026123,4.739787855226635,,,,
14651,3.1403980255126953,4.530636657824658,,,,
14652,3.1872007846832275,4.598158766379905,,,,
14653,3.230739116668701,4.660971302023926,,,,
14654,3.2853894233703613,4.739815028485472,,,,
14655,3.2082314491271973,4.62849960167982,,,,
14656,3.134453535079956,4.522060570956733,,,,
14657,3.1771111488342285,4.5836024987761785,,,,
14658,3.223365068435669,4.650332799206854,,,,
14659,3.248760223388672,4.686970263320158,,,,
14660,3.2959742546081543,4.755085712020882,,,,
14661,3.303896427154541,4.766514991066621,,,,
14662,3.200450897216797,4.617274638023306,,,,
14663,3.241802930831909,4.676933011850503,,,,
14664,3.246310234069824,4.683435675879625,,,,
14665,3.214308261871338,4.637266589290203,,,,
14666,3.25838565826416,4.700856830481425,,,,
14667,3.3056743144989014,4.769079940321589,,,,
14668,3.2377676963806152,4.6711113991187965,,,,
14669,3.252267837524414,4.692030680839145,,,,
14670,3.196422576904297,4.611463000285351,,,,
14671,3.2871060371398926,4.742291578657896,,,,
14672,3.3165383338928223,4.78475340722532,,,,
14673,3.2623462677001953,4.70657078207369,,,,
14674,3.192437171936035,4.605713276301705,,,,
14675,3.31317138671875,4.779895929234351,,,,
14676,3.2069625854492188,4.626669018344036,,,,
14677,3.140956401824951,4.5314422245612995,,,,
14678,3.2063546180725098,4.625791906824636,,,,
14679,3.219278335571289,4.644436889969975,,,,
14680,3.157525062561035,4.55534574923942,,,,
14681,3.2157111167907715,4.639290481125556,,,,
14682,3.2021117210388184,4.619670700315127,,,,
14683,3.2571890354156494,4.699130468632064,,,,
14684,3.141200542449951,4.5317944450302665,,,,
14685,3.2320163249969482,4.6628139241452695,,,,
14686,3.1318373680114746,4.518286239700898,,,,
14687,3.2823290824890137,4.735399889872522,,,,
14688,3.1588809490203857,4.557301879910333,,,,
14689,3.2576706409454346,4.6998252785415495,,,,
14690,3.2770895957946777,4.7278409084018,,,,
14691,3.279082775115967,4.730716458324226,,,,
14692,3.2294864654541016,4.6591641083286595,,,,
14693,3.219212532043457,4.6443419555466985,,,,
14694,3.2553789615631104,4.696519084061363,,,,
14695,3.2475996017456055,4.685295840231357,,,,
14696,3.2532601356506348,4.6934622644249275,,,,
14697,3.2043776512145996,4.622939746542728,,,,
14698,3.2023487091064453,4.620012601825042,,,,
14699,3.3519952297210693,4.835906895002049,,,,
14700,3.2119522094726562,4.633867524178551,,,,
14701,3.249937057495117,4.688668076049476,,,,
14702,3.2548537254333496,4.6957613285016615,,,,
14703,3.2074875831604004,4.627426429938437,,,,
14704,3.247818946838379,4.6856122883089455,,,,
14705,3.17801570892334,4.584907503130926,,,,
14706,3.2543766498565674,4.695073053932909,,,,
14707,3.0820722579956055,4.44649036227171,,,,
14708,3.364492893218994,4.853937212153204,,,,
14709,3.220273017883301,4.645871913208774,,,,
14710,3.1580252647399902,4.55606738844244,,,,
14711,3.1842780113220215,4.593942095746051,,,,
14712,3.1932926177978516,4.6069474238042964,,,,
14713,3.1388871669769287,4.528456949707623,,,,
14714,3.1686055660247803,4.571331536637118,,,,
14715,3.2776198387145996,4.728605887232837,,,,
14716,3.2796688079833984,4.731561925035867,,,,
14717,3.228637218475342,4.657938903923912,,,,
14718,3.251181125640869,4.69046288699388,,,,
14719,3.1753339767456055,4.581038581417117,,,,
14720,3.28847599029541,4.744268003281611,,,,
14721,3.267239570617676,4.7136303259263075,,,,
14722,3.2351930141448975,4.667396917825462,,,,
14723,3.2515244483947754,4.6909581970283645,,,,
14724,3.2582993507385254,4.7007323150422,,,,
14725,3.1079163551330566,4.483775513048164,,,,
14726,3.257694959640503,4.699860363002325,,,,
14727,3.2665085792541504,4.712575728311217,,,,
14728,3.3161301612854004,4.784164538628766,,,,
14729,3.1971664428710938,4.612536172026735,,,,
14730,3.1617534160614014,4.561445973865523,,,,
14731,3.1929731369018555,4.606486510299984,,,,
14732,3.2673449516296387,4.71378235858967,,,,
14733,3.2312240600585938,4.661670927447635,,,,
14734,3.2464051246643066,4.6835725740697125,,,,
14735,3.261885166168213,4.705905553180154,,,,
14736,3.226921558380127,4.655463729612695,,,,
14737,3.256801128387451,4.698570837086156,,,,
14738,3.2548575401306152,4.695766831946489,,,,
14739,3.1414108276367188,4.532097822426389,,,,
14740,3.1548147201538086,4.551435551689402,,,,
14741,3.238460063934326,4.672110274355008,,,,
14742,3.1675772666931152,4.569848014290775,,,,
14743,3.119537830352783,4.500541757715477,,,,
14744,3.101329803466797,4.474273127622691,,,,
14745,3.2970495223999023,4.7566369955316645,,,,
14746,3.3080756664276123,4.77254435884057,,,,
14747,3.2210543155670166,4.646999087502529,,,,
14748,3.17586088180542,4.58179874473393,,,,
14749,3.2244362831115723,4.651878235307507,,,,
14750,3.2069509029388428,4.626652164044252,,,,
14751,3.2085585594177246,4.628971522073788,,,,
14752,3.2352213859558105,4.667437849696367,,,,
14753,3.27561616897583,4.725715202837135,,,,
14754,3.1087775230407715,4.485017915717997,,,,
14755,3.271394729614258,4.719624953204781,,,,
14756,3.2251360416412354,4.652887773468072,,,,
14757,3.154906749725342,4.551568322295869,,,,
14758,3.2162559032440186,4.64007644184,,,,
14759,3.2027342319488525,4.620568793717933,,,,
14760,3.2018613815307617,4.6193095367483155,,,,
14761,3.3215584754943848,4.791995940618454,,,,
14762,3.198608160018921,4.61461613020627,,,,
14763,3.3092851638793945,4.774289294816223,,,,
14764,3.164243221282959,4.565038003511444,,,,
14765,3.21323299407959,4.635715305779421,,,,
14766,3.232449769973755,4.663439253063807,,,,
14767,3.252786636352539,4.6927791493357,,,,
14768,3.222569465637207,4.649184986994996,,,,
14769,3.170578956604004,4.574178537439501,,,,
14770,3.1854546070098877,4.595639564510067,,,,
14771,3.190277576446533,4.602597638598675,,,,
14772,3.178910493850708,4.586198404908302,,,,
14773,3.0628504753112793,4.418759191715988,,,,
14774,3.241328716278076,4.676248864865371,,,,
14775,3.2373805046081543,4.670552799468794,,,,
14776,3.1934051513671875,4.607109775426711,,,,
14777,3.2954864501953125,4.754381959013552,,,,
14778,3.249342441558838,4.687810226586972,,,,
14779,3.2386960983276367,4.672450800003716,,,,
14780,3.1795058250427246,4.587057286266711,,,,
14781,3.0876312255859375,4.454510257246745,,,,
14782,3.1940689086914062,4.608067374826716,,,,
14783,3.2110393047332764,4.632550481038243,,,,
14784,3.2086899280548096,4.629161046955039,,,,
14785,3.2513234615325928,4.69066823427901,,,,
14786,3.2840633392333984,4.737901893477273,,,,
14787,3.2030227184295654,4.620984991733021,,,,
14788,3.2296087741851807,4.6593405625284445,,,,
14789,3.2551841735839844,4.696238064409853,,,,
14790,3.2552247047424316,4.696296538511146,,,,
14791,3.302790641784668,4.7649196799972175,,,,
14792,3.241511583328247,4.676512686251794,,,,
14793,3.2804994583129883,4.7327603001470795,,,,
14794,3.2221341133117676,4.648556906354044,,,,
14795,3.2197651863098145,4.6451392671160985,,,,
14796,3.2293357849121094,4.658946722257968,,,,
14797,3.2446210384368896,4.6809986817169,,,,
14798,3.264319896697998,4.709418126841375,,,,
14799,3.1787447929382324,4.585959349023603,,,,
14800,3.1269776821136475,4.511275194955825,4.200664710998535,6.0602781469948575,,
14801,3.2969775199890137,4.756533118010544,,,,
14802,3.16461181640625,4.565569773867912,,,,
14803,3.2823073863983154,4.735368589030064,,,,
14804,3.2183494567871094,4.643096801154452,,,,
14805,3.2585952281951904,4.701159175981641,,,,
14806,3.3123300075531006,4.778682075684561,,,,
14807,3.217566967010498,4.641967907034188,,,,
14808,3.197082042694092,4.612414408309924,,,,
14809,3.237673044204712,4.670974844894012,,,,
14810,3.2818644046783447,4.734729501499459,,,,
14811,3.1689453125,4.5718216871920765,,,,
14812,3.1916005611419678,4.60450630205795,,,,
14813,3.200819730758667,4.617806752345076,,,,
14814,3.191201686859131,4.603930848108163,,,,
14815,3.2189059257507324,4.64389961616868,,,,
14816,3.1920173168182373,4.605107553405366,,,,
14817,3.237605571746826,4.670877502713624,,,,
14818,3.153944969177246,4.550180766268707,,,,
14819,3.165919780731201,4.567456767513178,,,,
14820,3.1914000511169434,4.604217027239199,,,,
14821,3.1910552978515625,4.603719653412903,,,,
14822,3.16729474067688,4.56944041540823,,,,
14823,3.268444061279297,4.715368038630625,,,,
14824,3.256009101867676,4.697428184353823,,,,
14825,3.192678928375244,4.606062057117655,,,,
14826,3.1978092193603516,4.613463502480187,,,,
14827,3.10990047454834,4.486637992289124,,,,
14828,3.26259446144104,4.706928849952787,,,,
14829,3.2640511989593506,4.709030477946331,,,,
14830,3.296360969543457,4.755643623740281,,,,
14831,3.2682833671569824,4.715136206017262,,,,
14832,3.3265984058380127,4.799267023131632,,,,
14833,3.267732620239258,4.714341646170276,,,,
14834,3.2104411125183105,4.631687472096213,,,,
14835,3.1669816970825195,4.568988788967064,,,,
14836,3.1907575130462646,4.603290040751048,,,,
14837,3.3094544410705566,4.774533510180448,,,,
14838,3.2101831436157227,4.631315301639746,,,,
14839,3.2063863277435303,4.625837654209766,,,,
14840,3.2010908126831055,4.618197840893138,,,,
14841,3.240269184112549,4.674720283064502,,,,
14842,3.216496467590332,4.6404235028294405,,,,
14843,3.2848081588745117,4.738976441079864,,,,
14844,3.21956467628479,4.644849992297347,,,,
14845,3.224930763244629,4.652591619343286,,,,
14846,3.2917251586914062,4.748955562413528,,,,
14847,3.194659948348999,4.608920064809693,,,,
14848,3.2561850547790527,4.697682030746497,,,,
14849,3.2983927726745605,4.758574896041587,,,,
14850,3.2207047939300537,4.646494834370199,,,,
14851,3.1632683277130127,4.563631529392688,,,,
14852,3.23811674118042,4.671614964320523,,,,
14853,3.177361011505127,4.583962974412388,,,,
14854,3.203707695007324,4.621973204044878,,,,
14855,3.2616982460021973,4.7056358843836,,,,
14856,3.31864595413208,4.787794060492574,,,,
14857,3.202921152114868,4.620838462514485,,,,
14858,3.2015280723571777,4.618828673256503,,,,
14859,3.081406354904175,4.44552966718399,,,,
14860,3.267188549041748,4.713556717351738,,,,
14861,3.282200813293457,4.735214836540193,,,,
14862,3.168640613555908,4.571382099536471,,,,
14863,3.2029223442077637,4.620840182340994,,,,
14864,3.1127591133117676,4.490762136256814,,,,
14865,3.3160057067871094,4.783984988741265,,,,
14866,3.2565460205078125,4.6982027942133096,,,,
14867,3.269883632659912,4.717444901122445,,,,
14868,3.33292293548584,4.808391390690508,,,,
14869,3.269216537475586,4.716482486208216,,,,
14870,3.1260006427764893,4.509865625149353,,,,
14871,3.1994829177856445,4.6158781388983,,,,
14872,3.1858415603637695,4.596197820194767,,,,
14873,3.175511360168457,4.5812944916016,,,,
14874,3.1655988693237305,4.566993790217055,,,,
14875,3.2269396781921387,4.655489870975626,,,,
14876,3.245450973510742,4.682196024932207,,,,
14877,3.2040064334869385,4.622404192567941,,,,
14878,3.286414861679077,4.741294423248194,,,,
14879,3.218153476715088,4.642814061676433,,,,
14880,3.2690601348876953,4.716256844970284,,,,
14881,3.241119623184204,4.675947207295757,,,,
14882,3.140538215637207,4.530838909422073,,,,
14883,3.257657051086426,4.699805672519351,,,,
14884,3.2476460933685303,4.685362913465195,,,,
14885,3.231975793838501,4.662755450043976,,,,
14886,3.2050418853759766,4.623898033873335,,,,
14887,3.253185749053955,4.693354947250789,,,,
14888,3.1893301010131836,4.601230720489617,,,,
14889,3.142552137374878,4.533744384325749,,,,
14890,3.2590250968933105,4.701779345420653,,,,
14891,3.227597236633301,4.6564385272777855,,,,
14892,3.190908432006836,4.603507770787041,,,,
14893,3.1248769760131836,4.50824451668232,,,,
14894,3.0856451988220215,4.45164502628337,,,,
14895,3.203645944595337,4.6218841170317315,,,,
14896,3.148441791534424,4.542241359174277,,,,
14897,3.1253437995910645,4.508918000743099,,,,
14898,3.2037034034729004,4.621967012669447,,,,
14899,3.265669345855713,4.711364970449142,,,,
14900,3.0642306804656982,4.420750406847676,,,,
14901,3.2825698852539062,4.735747294827265,,,,
14902,3.254392623901367,4.695096099608124,,,,
14903,3.117605686187744,4.497754262910292,,,,
14904,3.2614126205444336,4.705223813952133,,,,
14905,3.0921220779418945,4.460989187670048,,,,
14906,3.141366958618164,4.532034532810871,,,,
14907,3.218862533569336,4.643837014483766,,,,
14908,3.259031057357788,4.701787944553196,,,,
14909,3.1591553688049316,4.557697783972619,,,,
14910,3.2268123626708984,4.655306193504504,,,,
14911,3.319657325744629,4.7892531613024945,,,,
14912,3.2573516368865967,4.699365052967841,,,,
14913,3.240511417388916,4.675069751811055,,,,
14914,3.191249370574951,4.6039996411685085,,,,
14915,3.2409331798553467,4.675678226429808,,,,
14916,3.1152796745300293,4.494398537426657,,,,
14917,3.19962215423584,4.616079014634508,,,,
14918,3.170320510864258,4.5738056790524295,,,,
14919,3.2994439601898193,4.760091439056895,,,,
14920,3.1564571857452393,4.55380512865299,,,,
14921,3.1514923572540283,4.546642395209856,,,,
14922,3.1781458854675293,4.585095308185668,,,,
14923,3.302234172821045,4.76411686498299,,,,
14924,3.292436122894287,4.749981266943274,,,,
14925,3.1895060539245605,4.601484566882291,,,,
14926,3.233095645904541,4.664371055066182,,,,
14927,3.217745304107666,4.642225193079879,,,,
14928,3.2062363624572754,4.625621300034981,,,,
14929,3.2656466960906982,4.711332293745478,,,,
14930,3.212244749069214,4.634289569603768,,,,
14931,3.2577497959136963,4.699939475021722,,,,
14932,3.2148916721343994,4.638108272383525,,,,
14933,3.1536107063293457,4.549698526915688,,,,
14934,3.27240252494812,4.721078894535175,,,,
14935,3.248910427093506,4.687186961460245,,,,
14936,3.260148286819458,4.703399765957082,,,,
14937,3.2240757942199707,4.651358159771298,,,,
14938,3.1714067459106445,4.575372784967092,,,,
14939,3.197833299636841,4.613498242975661,,,,
14940,3.1211986541748047,4.502937820007298,,,,
14941,3.2776942253112793,4.728713204406976,,,,
14942,3.1372475624084473,4.526091500327656,,,,
14943,3.1930270195007324,4.606564246458174,,,,
14944,3.198774814605713,4.614856561952175,,,,
14945,3.183556079864502,4.592900568812426,,,,
14946,3.1697235107421875,4.572944389936909,,,,
14947,3.1470279693603516,4.540201644935044,,,,
14948,3.18660569190979,4.597300228986798,,,,
14949,3.155064105987549,4.5517953393950075,,,,
14950,3.202531337738037,4.620276079246164,,,,
14951,3.246835947036743,4.684194119369931,,,,
14952,3.160985231399536,4.560337717663363,,,,
14953,3.121011734008789,4.502668151210744,,,,
14954,3.2530202865600586,4.6931162353313916,,,,
14955,3.2154345512390137,4.638891481375555,,,,
14956,3.1868155002593994,4.597602918452317,,,,
14957,3.1842329502105713,4.593877086304025,,,,
14958,3.259329319000244,4.702218245145654,,,,
14959,3.2171623706817627,4.64138419791716,,,,
14960,3.278134822845459,4.729348852284565,,,,
14961,3.2528977394104004,4.692939437166304,,,,
14962,3.1858649253845215,4.596231528794337,,,,
14963,3.310356616973877,4.7758350748821785,,,,
14964,3.1451492309570312,4.537491198357446,,,,
14965,3.20034122467041,4.617116413984513,,,,
14966,3.164661169052124,4.565640974685369,,,,
14967,3.205430030822754,4.624458009384544,,,,
14968,3.1307411193847656,4.516704687243563,,,,
14969,3.264164924621582,4.709194549395254,,,,
14970,3.23826003074646,4.67182168746686,,,,
14971,3.149550437927246,4.543840797827301,,,,
14972,3.2637429237365723,4.708585730811199,,,,
14973,3.1588168144226074,4.557209353244169,,,,
14974,3.261867046356201,4.7058794118172225,,,,
14975,3.207949638366699,4.628093034693181,,,,
14976,3.159398317337036,4.558048284615078,,,,
14977,3.1740145683288574,4.579135077437367,,,,
14978,3.261125087738037,4.704808991798252,,,,
14979,3.267820358276367,4.714468225401311,,,,
14980,3.1466169357299805,4.539608648754869,,,,
14981,3.26635479927063,4.7123538706916035,,,,
14982,3.304007053375244,4.7666745909666215,,,,
14983,3.266016960144043,4.711866471859058,,,,
14984,3.140530586242676,4.530827902532417,,,,
14985,3.1511752605438232,4.546184921358561,,,,
14986,3.1852736473083496,4.595378494846057,,,,
14987,3.2345056533813477,4.666405265860587,,,,
14988,3.125699281692505,4.509430853007972,,,,
14989,3.232125759124756,4.662971804218762,,,,
14990,3.226738929748535,4.655200252191573,,,,
14991,3.2909486293792725,4.747835267425808,,,,
14992,3.2418007850646973,4.676929916162787,,,,
14993,3.2910068035125732,4.747919194959429,,,,
14994,3.2514607906341553,4.690866358292804,,,,
14995,3.265692710876465,4.7113986790487115,,,,
14996,3.3044087886810303,4.767254172500029,,,,
14997,3.1788058280944824,4.586047404140845,,,,
14998,3.205404281616211,4.624420861131958,,,,
14999,3.2881267070770264,4.743764094114583,,,,
15000,3.156161308288574,4.553378267713549,4.092119026184082,5.903679825803149,,
