step,train_loss,train_bpc,avg_val_loss,avg_val_bpc,step_time_ms,peak_memory_mb
1,8.881903648376465,12.813878347166318,,,,
2,8.57103157043457,12.365384741968699,,,,
3,8.29076862335205,11.961050778067822,,,,
4,8.030774116516113,11.585957992397244,,,,
5,7.794659614562988,11.245316771347502,,,,
6,7.602023601531982,10.96740175065105,,,,
7,7.465724945068359,10.770764354891151,,,,
8,7.299413204193115,10.530827231088827,,,,
9,7.224930763244629,10.42337178289914,,,,
10,7.1075592041015625,10.254040416582033,,,,
11,7.021215915679932,10.1294733825621,,,,
12,6.926870346069336,9.99336149715505,,,,
13,6.844618797302246,9.874697595643331,,,,
14,6.808851718902588,9.823096609009058,,,,
15,6.716333389282227,9.689620873674432,,,,
16,6.6612548828125,9.610159385530988,,,,
17,6.569535732269287,9.477836621887745,,,,
18,6.551001071929932,9.451096759331596,,,,
19,6.431698799133301,9.278979962001115,,,,
20,6.44090461730957,9.292261150231344,,,,
21,6.341843128204346,9.14934563115616,,,,
22,6.286131381988525,9.068970571171333,,,,
23,6.286789417266846,9.069919915404094,,,,
24,6.265182971954346,9.038748403900513,,,,
25,6.194246292114258,8.936408407678089,,,,
26,6.136234760284424,8.852715458392815,,,,
27,6.09527587890625,8.793624283348166,,,,
28,6.167969226837158,8.898498615913702,,,,
29,6.048789978027344,8.726559304678911,,,,
30,6.090513229370117,8.786753232480894,,,,
31,6.105203151702881,8.807946310581416,,,,
32,6.0697431564331055,8.756788351255766,,,,
33,5.992947578430176,8.645995751708737,,,,
34,6.055861949920654,8.736762003458697,,,,
35,6.005347728729248,8.663885387051486,,,,
36,5.928138256072998,8.552495663740663,,,,
37,5.978304386138916,8.624870090807352,,,,
38,5.980090618133545,8.627447078847881,,,,
39,5.912707328796387,8.530233541482376,,,,
40,5.977962970733643,8.624377532495282,,,,
41,6.0433807373046875,8.71875541991336,,,,
42,5.954961776733398,8.591193823976605,,,,
43,5.916922092437744,8.536314160086283,,,,
44,5.993121147155762,8.646246158448394,,,,
45,5.936945915222168,8.56520242991701,,,,
46,5.894561290740967,8.50405434236804,,,,
47,5.964346408843994,8.604732986183128,,,,
48,5.9044036865234375,8.518253917953878,,,,
49,5.872372627258301,8.472042867597644,,,,
50,5.824538707733154,8.403033109112434,,,,
51,5.9139227867126465,8.531987076590575,,,,
52,5.875251293182373,8.476195904650679,,,,
53,5.847662448883057,8.436393615796197,,,,
54,5.950689792633057,8.585030653700285,,,,
55,5.929264068603516,8.55411986789541,,,,
56,5.830147743225098,8.41112523680083,,,,
57,5.862013816833496,8.45709826316827,,,,
58,5.947968006134033,8.581103945815785,,,,
59,5.9463887214660645,8.578825519657155,,,,
60,5.910728931427002,8.527379317408657,,,,
61,5.885172367095947,8.490508988786086,,,,
62,5.919826507568359,8.540504345391904,,,,
63,5.90801477432251,8.523463616413814,,,,
64,5.882857799530029,8.487169773636934,,,,
65,5.821963787078857,8.399318283853797,,,,
66,5.809829235076904,8.38181182585717,,,,
67,5.811666488647461,8.384462422472268,,,,
68,5.855270862579346,8.447370236504865,,,,
69,5.808364391326904,8.379698503043368,,,,
70,5.880136966705322,8.48324444161364,,,,
71,5.851113796234131,8.441372857503978,,,,
72,5.87322998046875,8.47327976682265,,,,
73,5.7936530113220215,8.35847446806569,,,,
74,5.872172832489014,8.471754624674798,,,,
75,5.849215507507324,8.438634205771638,,,,
76,5.817363262176514,8.392681129391699,,,,
77,5.817647457122803,8.393091136031357,,,,
78,5.8924641609191895,8.501028823574062,,,,
79,5.8268327713012695,8.406342743245638,,,,
80,5.840006351470947,8.425348202027184,,,,
81,5.981712818145752,8.629787418760822,,,,
82,5.803110599517822,8.372118883654542,,,,
83,5.861548900604248,8.456427530829904,,,,
84,5.913819313049316,8.531837795649626,,,,
85,5.870519161224365,8.46936888134203,,,,
86,5.909268379211426,8.525272185970287,,,,
87,5.873783588409424,8.474078454253256,,,,
88,5.817147254943848,8.392369496828335,,,,
89,5.8424601554870605,8.428888292912545,,,,
90,5.906550407409668,8.521350981530615,,,,
91,5.904173374176025,8.517921647472411,,,,
92,5.852689266204834,8.44364578021778,,,,
93,5.857849597930908,8.45109056520833,,,,
94,5.856268405914307,8.448809387327286,,,,
95,5.834406852722168,8.417269832950856,,,,
96,5.891191005706787,8.499192048862847,,,,
97,5.796475410461426,8.362546329307518,,,,
98,5.823678493499756,8.401792082303807,,,,
99,5.918384552001953,8.538424043247067,,,,
100,5.818911075592041,8.394914152130502,,,,
101,5.883906364440918,8.488682533033922,,,,
102,5.853713035583496,8.44512276722339,,,,
103,5.916860580444336,8.536225417038438,,,,
104,5.8936285972595215,8.50270875010769,,,,
105,5.787075519561768,8.348985153321683,,,,
106,5.707943916320801,8.234822381748348,,,,
107,5.858299255371094,8.451739283767385,,,,
108,5.795976638793945,8.361826753896308,,,,
109,5.842327117919922,8.428696360274182,,,,
110,5.822933673858643,8.400717534701217,,,,
111,5.884729862213135,8.489870589186083,,,,
112,5.802820205688477,8.37169993391704,,,,
113,5.79384183883667,8.358746888584657,,,,
114,5.813843727111816,8.387603513607626,,,,
115,5.916995048522949,8.53641941346861,,,,
116,5.824471950531006,8.40293679882795,,,,
117,5.815914154052734,8.390590508287811,,,,
118,5.8679704666137695,8.465691892266582,,,,
119,5.810168266296387,8.382300944516224,,,,
120,5.805312633514404,8.37529574718128,,,,
121,5.8395094871521,8.424631378338388,,,,
122,5.859033107757568,8.452798008966095,,,,
123,5.854337692260742,8.446023956313912,,,,
124,5.76530647277832,8.317579057482325,,,,
125,5.8501691818237305,8.440010066978541,,,,
126,5.946226119995117,8.578590935321378,,,,
127,5.877610206604004,8.479599097345952,,,,
128,5.83357572555542,8.416070769909041,,,,
129,5.782647609710693,8.342597029738036,,,,
130,5.8262810707092285,8.405546807537444,,,,
131,5.802500247955322,8.371238332482124,,,,
132,5.845765113830566,8.433656339925065,,,,
133,5.866981506347656,8.464265124195025,,,,
134,5.831404209136963,8.412937933940924,,,,
135,5.825592994689941,8.404554123676665,,,,
136,5.776505470275879,8.333735795634981,,,,
137,5.754963397979736,8.302657154762864,,,,
138,5.768821716308594,8.322650481890967,,,,
139,5.763691425323486,8.315249036528435,,,,
140,5.797255516052246,8.363671783774764,,,,
141,5.819942951202393,8.39640283395637,,,,
142,5.848759174346924,8.437975856184135,,,,
143,5.750049591064453,8.295568029894298,,,,
144,5.838217735290527,8.42276777433364,,,,
145,5.770792484283447,8.32549369907503,,,,
146,5.806639671325684,8.377210258050685,,,,
147,5.775734901428223,8.332624099779803,,,,
148,5.855027198791504,8.447018703966501,,,,
149,5.830546855926514,8.41170103471592,,,,
150,5.774962902069092,8.331510340132816,,,,
151,5.844424724578857,8.431722566998763,,,,
152,5.783100128173828,8.34324987588071,,,,
153,5.802022933959961,8.37054971394807,,,,
154,5.823073863983154,8.400919786298632,,,,
155,5.79202127456665,8.35612036954068,,,,
156,5.7667765617370605,8.319699947532765,,,,
157,5.798045635223389,8.364811684784684,,,,
158,5.831511974334717,8.413093406257305,,,,
159,5.809266090393066,8.380999379814494,,,,
160,5.7972493171691895,8.36366284067692,,,,
161,5.803181171417236,8.372220697383852,,,,
162,5.785114765167236,8.346156382680292,,,,
163,5.844021797180176,8.431141265638848,,,,
164,5.7100653648376465,8.237882985003102,,,,
165,5.79421329498291,8.359282786524746,,,,
166,5.807240009307861,8.37807636268043,,,,
167,5.838885307312012,8.423730877178471,,,,
168,5.857265472412109,8.450247850219101,,,,
169,5.888249397277832,8.494948204970155,,,,
170,5.762896537780762,8.314102256212482,,,,
171,5.791197776794434,8.35493231338852,,,,
172,5.798687934875488,8.36573832730753,,,,
173,5.848759651184082,8.437976544114738,,,,
174,5.787091255187988,8.349007855031598,,,,
175,5.780773639678955,8.339893462466472,,,,
176,5.818006992340088,8.393609835706359,,,,
177,5.743769645690918,8.286507983846846,,,,
178,5.814147472381592,8.388041725402024,,,,
179,5.754701137542725,8.302278792930965,,,,
180,5.793087959289551,8.3576592703006,,,,
181,5.770740032196045,8.325418026708652,,,,
182,5.813385963439941,8.386943100228313,,,,
183,5.71498441696167,8.244979677108306,,,,
184,5.803420543670654,8.372566038546784,,,,
185,5.821713447570801,8.398957120286985,,,,
186,5.735015869140625,8.273878953828689,,,,
187,5.8755083084106445,8.47656669924594,,,,
188,5.7696733474731445,8.32387912594873,,,,
189,5.726901054382324,8.262171750819155,,,,
190,5.748029708862305,8.292653955858079,,,,
191,5.839416980743408,8.424497919801318,,,,
192,5.80782413482666,8.378919077669657,,,,
193,5.830979824066162,8.412325675703853,,,,
194,5.789015769958496,8.351784342947127,,,,
195,5.728760242462158,8.264853992242012,,,,
196,5.752407073974609,8.298969158797762,,,,
197,5.768341064453125,8.321957047842687,,,,
198,5.803971767425537,8.373361286324375,,,,
199,5.7475433349609375,8.291952266642559,,,,
200,5.778392314910889,8.336457937032836,5.813994884490967,8.38782158760892,,
201,5.766885757446289,8.319857483640956,,,,
202,5.838253021240234,8.422818681198294,,,,
203,5.763853549957275,8.315482932933609,,,,
204,5.796660900115967,8.36281393431226,,,,
205,5.761149883270264,8.31158236641204,,,,
206,5.757373332977295,8.306133956032706,,,,
207,5.821951866149902,8.39930108558871,,,,
208,5.789085865020752,8.351885468745834,,,,
209,5.822640895843506,8.400295145310697,,,,
210,5.822422504425049,8.399980073094317,,,,
211,5.857324600219727,8.45033315361393,,,,
212,5.731960773468018,8.269471382452377,,,,
213,5.850519180297852,8.440515008041475,,,,
214,5.856858253479004,8.449660357483754,,,,
215,5.792592525482178,8.356944510403615,,,,
216,5.7685933113098145,8.322320963131913,,,,
217,5.751073837280273,8.297045704830513,,,,
218,5.678736209869385,8.19268456849515,,,,
219,5.759682655334473,8.30946560394522,,,,
220,5.773431777954102,8.329301394965134,,,,
221,5.740133285522461,8.281261825064927,,,,
222,5.778796672821045,8.337041302184563,,,,
223,5.7796125411987305,8.338218351447068,,,,
224,5.725022315979004,8.259461304241558,,,,
225,5.661503314971924,8.167822756486421,,,,
226,5.806558132171631,8.377092621917495,,,,
227,5.7144951820373535,8.244273860309164,,,,
228,5.687737941741943,8.205671322427103,,,,
229,5.685287952423096,8.202136734986569,,,,
230,5.7366108894348145,8.276180081697232,,,,
231,5.775435447692871,8.332192079360835,,,,
232,5.725895881652832,8.26072159310708,,,,
233,5.729547500610352,8.26598976566831,,,,
234,5.772061347961426,8.327324282410816,,,,
235,5.7809247970581055,8.340111536467766,,,,
236,5.758185386657715,8.307305501850383,,,,
237,5.707882404327393,8.234733638700503,,,,
238,5.745657444000244,8.28923150110591,,,,
239,5.743189811706543,8.285671460233049,,,,
240,5.749055862426758,8.294134382516706,,,,
241,5.678485870361328,8.192323404928338,,,,
242,5.755298614501953,8.30314076997709,,,,
243,5.657745838165283,8.162401863331226,,,,
244,5.780509948730469,8.339513036842764,,,,
245,5.753691673278809,8.30082244384346,,,,
246,5.77764368057251,8.335377885985418,,,,
247,5.6558427810668945,8.159656332292853,,,,
248,5.697792053222656,8.22017633920087,,,,
249,5.727010250091553,8.262329286927345,,,,
250,5.788417816162109,8.3509216779704,,,,
251,5.710968971252441,8.239186613496642,,,,
252,5.729852676391602,8.266430041254518,,,,
253,5.767704963684082,8.321039348417685,,,,
254,5.740254878997803,8.281437247368807,,,,
255,5.809837818145752,8.381824208608032,,,,
256,5.65701150894165,8.16134245020191,,,,
257,5.719565391540527,8.25158862641566,,,,
258,5.7164459228515625,8.247088184407884,,,,
259,5.7345967292785645,8.273274262828254,,,,
260,5.714644432067871,8.244489182588044,,,,
261,5.714208602905273,8.24386041401649,,,,
262,5.6927595138549805,8.212915919612048,,,,
263,5.680734634399414,8.195567685654213,,,,
264,5.687055587768555,8.204686893733562,,,,
265,5.673434734344482,8.185036156045978,,,,
266,5.6215386390686035,8.110165916749967,,,,
267,5.789194107055664,8.352041628992817,,,,
268,5.816774845123291,8.391832223027041,,,,
269,5.690360069274902,8.20945425281548,,,,
270,5.6988019943237305,8.22163337621898,,,,
271,5.677134990692139,8.19037449752876,,,,
272,5.653588771820068,8.156404484330338,,,,
273,5.697500228881836,8.219755325671558,,,,
274,5.648742198944092,8.14941235767686,,,,
275,5.599367618560791,8.078179895411898,,,,
276,5.664478302001953,8.172114755521354,,,,
277,5.729358673095703,8.265717345149342,,,,
278,5.753454208374023,8.30047985440294,,,,
279,5.691641330718994,8.211302722346954,,,,
280,5.586807727813721,8.060059803316992,,,,
281,5.702488422393799,8.226951767714262,,,,
282,5.642542362213135,8.140467883970787,,,,
283,5.685900688171387,8.203020725812005,,,,
284,5.675302982330322,8.1877314681503,,,,
285,5.6729631423950195,8.184355792679165,,,,
286,5.7117085456848145,8.240253593862596,,,,
287,5.642200946807861,8.139975325658716,,,,
288,5.811870574951172,8.384756856770544,,,,
289,5.6013312339782715,8.08101279363691,,,,
290,5.717231750488281,8.248221894042372,,,,
291,5.641545295715332,8.13902942107897,,,,
292,5.736367225646973,8.275828549158868,,,,
293,5.667142391204834,8.175958223802835,,,,
294,5.660407066345215,8.166241204029088,,,,
295,5.736755847930908,8.276389212600682,,,,
296,5.7098212242126465,8.237530764534135,,,,
297,5.622729778289795,8.111884367397389,,,,
298,5.58178186416626,8.052809014756617,,,,
299,5.701131343841553,8.22499391721684,,,,
300,5.633908748626709,8.128012212464698,,,,
301,5.646059036254883,8.14554137217124,,,,
302,5.664266109466553,8.171808626402818,,,,
303,5.6227874755859375,8.111967607000405,,,,
304,5.65126895904541,8.153057701944547,,,,
305,5.58991003036499,8.064535479823046,,,,
306,5.6769843101501465,8.19015711145807,,,,
307,5.574312686920166,8.042033269784156,,,,
308,5.631991386413574,8.125246043508222,,,,
309,5.5421528816223145,7.995636478164991,,,,
310,5.687350273132324,8.205112034846495,,,,
311,5.647008895874023,8.146911729933315,,,,
312,5.586489200592041,8.059600265673888,,,,
313,5.739047050476074,8.279694719150266,,,,
314,5.59505558013916,8.071958938964888,,,,
315,5.560211181640625,8.021689098048293,,,,
316,5.5856733322143555,8.058423216411382,,,,
317,5.61686897277832,8.10342901235037,,,,
318,5.694447994232178,8.215351881878867,,,,
319,5.613524436950684,8.098603867097761,,,,
320,5.6953020095825195,8.216583965589649,,,,
321,5.624354362487793,8.114228146963347,,,,
322,5.597891330718994,8.076050062263613,,,,
323,5.580954551696777,8.051615455159629,,,,
324,5.591032981872559,8.066155556394174,,,,
325,5.537606716156006,7.989077747791687,,,,
326,5.712725639343262,8.241720949839756,,,,
327,5.5771918296813965,8.046186994767796,,,,
328,5.533658027648926,7.9833809944645076,,,,
329,5.645624160766602,8.144913979460892,,,,
330,5.6111273765563965,8.095145639954213,,,,
331,5.602514266967773,8.082719549464073,,,,
332,5.625498294830322,8.115878492481025,,,,
333,5.603523254394531,8.084175210620975,,,,
334,5.654688358306885,8.157990852301896,,,,
335,5.6200456619262695,8.108012006030561,,,,
336,5.618851184844971,8.106288739868916,,,,
337,5.619260311126709,8.106878984326677,,,,
338,5.578531265258789,8.04811939183289,,,,
339,5.586076736450195,8.059005205701903,,,,
340,5.610449314117432,8.094167402636105,,,,
341,5.494200229644775,7.926455424959522,,,,
342,5.628121852874756,8.119663486661215,,,,
343,5.585206031799316,8.05774904442,,,,
344,5.480274677276611,7.906365099616332,,,,
345,5.573619842529297,8.041033706617341,,,,
346,5.602487564086914,8.08268102535028,,,,
347,5.6127495765686035,8.097485979867153,,,,
348,5.501331329345703,7.936743427134135,,,,
349,5.516251564025879,7.958268775716124,,,,
350,5.570871353149414,8.03706847461905,,,,
351,5.538397312164307,7.99021833673221,,,,
352,5.517364025115967,7.959873717813975,,,,
353,5.598877906799316,8.077473390682155,,,,
354,5.61696195602417,8.103563158818043,,,,
355,5.5532917976379395,8.011706537061613,,,,
356,5.540450096130371,7.993179877980067,,,,
357,5.583735466003418,8.055627466438956,,,,
358,5.577232837677002,8.046246156799691,,,,
359,5.578675270080566,8.048327146875131,,,,
360,5.493952751159668,7.926098388976331,,,,
361,5.634190082550049,8.128418091520736,,,,
362,5.588618755340576,8.062672563748901,,,,
363,5.52992057800293,7.977988994394657,,,,
364,5.578392505645752,8.047919204027286,,,,
365,5.629465579986572,8.121602075101741,,,,
366,5.579730987548828,8.049850225231173,,,,
367,5.517542362213135,7.960131003859667,,,,
368,5.5943708419799805,8.070971070618333,,,,
369,5.534900665283203,7.985173741617102,,,,
370,5.518764495849609,7.961894169996312,,,,
371,5.603744983673096,8.084495098351582,,,,
372,5.542865753173828,7.996664934417151,,,,
373,5.570938587188721,8.037165472834136,,,,
374,5.601775646209717,8.081653944959328,,,,
375,5.5166497230529785,7.958843197770006,,,,
376,5.627467632293701,8.118719645873279,,,,
377,5.487479209899902,7.916759043103877,,,,
378,5.459017276763916,7.8756971533144755,,,,
379,5.611153602600098,8.095183476137402,,,,
380,5.509860515594482,7.949048441838067,,,,
381,5.497928619384766,7.931834354347907,,,,
382,5.577731609344482,8.046965732210902,,,,
383,5.535232067108154,7.9856518533865,,,,
384,5.568742275238037,8.03399686447464,,,,
385,5.580409526824951,8.050829150479885,,,,
386,5.535191059112549,7.985592691354603,,,,
387,5.401923179626465,7.793327782510242,,,,
388,5.519838333129883,7.963443389715284,,,,
389,5.487854480743408,7.917300444488792,,,,
390,5.505708694458008,7.943058630073817,,,,
391,5.639585971832275,8.13620271422939,,,,
392,5.504961967468262,7.9419813307488125,,,,
393,5.549164295196533,8.005751809758138,,,,
394,5.5693206787109375,8.034831324296626,,,,
395,5.442355155944824,7.851658794238079,,,,
396,5.516467094421387,7.958579720348884,,,,
397,5.580737590789795,8.05130244673506,,,,
398,5.452817440032959,7.866752679608402,,,,
399,5.468044757843018,7.888721055499015,,,,
400,5.508060932159424,7.946452191740642,5.528420448303223,7.975824764716199,,
401,5.497616767883301,7.93138444773325,,,,
402,5.527700424194336,7.974785989504988,,,,
403,5.512563228607178,7.952947632498429,,,,
404,5.486861228942871,7.915867485041804,,,,
405,5.523439884185791,7.9686393295631515,,,,
406,5.473404407501221,7.896453395481807,,,,
407,5.42892599105835,7.832284604653082,,,,
408,5.519927024841309,7.9635713448075265,,,,
409,5.515443325042725,7.957102733343274,,,,
410,5.523448944091797,7.968652400244617,,,,
411,5.5743327140808105,8.042062162869502,,,,
412,5.488979339599609,7.918923272782334,,,,
413,5.503727912902832,7.9402009663470805,,,,
414,5.486641883850098,7.915551036964216,,,,
415,5.4715657234191895,7.893800735074898,,,,
416,5.420989036560059,7.820833999758636,,,,
417,5.600523471832275,8.079847439194664,,,,
418,5.423572540283203,7.824561207768135,,,,
419,5.433797359466553,7.83931250369794,,,,
420,5.5040106773376465,7.9406089091949275,,,,
421,5.455764293670654,7.871004090737731,,,,
422,5.446069717407227,7.857017773638964,,,,
423,5.461535930633545,7.879330802761905,,,,
424,5.462151527404785,7.880218921170961,,,,
425,5.557194232940674,8.017336561120258,,,,
426,5.502131462097168,7.937897774686726,,,,
427,5.535528182983398,7.986079058291244,,,,
428,5.544572830200195,7.999127725977506,,,,
429,5.401209831237793,7.7922986383274795,,,,
430,5.4623236656188965,7.880467264118806,,,,
431,5.406475067138672,7.7998947680507875,,,,
432,5.53129243850708,7.979968170740786,,,,
433,5.341777324676514,7.70655565584392,,,,
434,5.462296485900879,7.88042805207441,,,,
435,5.45730447769165,7.873226106586879,,,,
436,5.556639194488525,8.01653580989784,,,,
437,5.41860294342041,7.817391595018966,,,,
438,5.353390216827393,7.723309517760372,,,,
439,5.404067516326904,7.7964214064339625,,,,
440,5.459282875061035,7.876080330660598,,,,
441,5.422503471374512,7.823018867355198,,,,
442,5.464931488037109,7.884229556589081,,,,
443,5.431149482727051,7.835492425056975,,,,
444,5.451196670532227,7.864414403487272,,,,
445,5.383142471313477,7.7662329477627114,,,,
446,5.454665184020996,7.869418410696777,,,,
447,5.357115745544434,7.7286843195651365,,,,
448,5.494049549102783,7.926238038888831,,,,
449,5.495266437530518,7.9279936377888385,,,,
450,5.4355692863464355,7.8418688538203645,,,,
451,5.35331916809082,7.723207016100458,,,,
452,5.461873531341553,7.879817857629148,,,,
453,5.431479454040527,7.835968473034564,,,,
454,5.497961044311523,7.931881133628941,,,,
455,5.442114353179932,7.851311389283336,,,,
456,5.404628276824951,7.797230412823621,,,,
457,5.329765319824219,7.6892259960123805,,,,
458,5.429506301879883,7.833121816197482,,,,
459,5.394064903259277,7.781990686165366,,,,
460,5.481457233428955,7.908071167512891,,,,
461,5.344319820404053,7.710223701821523,,,,
462,5.551639556884766,8.009322857520655,,,,
463,5.395299434661865,7.783771738497701,,,,
464,5.362617015838623,7.7366209749371535,,,,
465,5.611948490142822,8.096330256453356,,,,
466,5.447409152984619,7.858950170704059,,,,
467,5.481056213378906,7.907492617875389,,,,
468,5.355562686920166,7.726443729589696,,,,
469,5.365812301635742,7.74123079791088,,,,
470,5.421365737915039,7.821377464935363,,,,
471,5.424797058105469,7.826327813557798,,,,
472,5.467624664306641,7.888114988637374,,,,
473,5.5011749267578125,7.936517785896203,,,,
474,5.416412353515625,7.814231241826711,,,,
475,5.426808834075928,7.829230192773759,,,,
476,5.3537278175354,7.723796572627616,,,,
477,5.449983596801758,7.862664308032092,,,,
478,5.444090366363525,7.854162173704038,,,,
479,5.398923397064209,7.789000011083931,,,,
480,5.403726577758789,7.795929536052495,,,,
481,5.369060039520264,7.745916293250986,,,,
482,5.409924030303955,7.8048705701055505,,,,
483,5.384687900543213,7.768462530848497,,,,
484,5.350956439971924,7.719798319960357,,,,
485,5.39812707901001,7.787851166976167,,,,
486,5.425749778747559,7.8277022989034934,,,,
487,5.455532550811768,7.870669756464454,,,,
488,5.416707515716553,7.814657070870248,,,,
489,5.416243076324463,7.813987026462486,,,,
490,5.37464714050293,7.7539767761316245,,,,
491,5.374795436859131,7.754190722549298,,,,
492,5.416292190551758,7.814057883314642,,,,
493,5.449469566345215,7.861922718841572,,,,
494,5.393867492675781,7.781705882895537,,,,
495,5.395585060119629,7.784183808929169,,,,
496,5.340640068054199,7.70491494135469,,,,
497,5.44143009185791,7.8503242088673835,,,,
498,5.405434608459473,7.798393703474057,,,,
499,5.389538288116455,7.775460160946803,,,,
500,5.350651741027832,7.719358732304752,,,,
501,5.396640777587891,7.785706887285209,,,,
502,5.428359508514404,7.831467343096182,,,,
503,5.343538761138916,7.709096871493069,,,,
504,5.438205718994141,7.845672422126847,,,,
505,5.2997331619262695,7.645898750745815,,,,
506,5.456264972686768,7.871726417871355,,,,
507,5.309603214263916,7.660138226306652,,,,
508,5.274580478668213,7.609611099344366,,,,
509,5.386270999908447,7.770746460451956,,,,
510,5.474005699157715,7.897320875972758,,,,
511,5.480501174926758,7.906691866652971,,,,
512,5.273542881011963,7.608114162351256,,,,
513,5.373467445373535,7.752274835818686,,,,
514,5.418205738067627,7.816818548826292,,,,
515,5.397334098815918,7.786707138382628,,,,
516,5.458539962768555,7.875008534780421,,,,
517,5.272189140319824,7.606161127368058,,,,
518,5.3770623207092285,7.757461144638105,,,,
519,5.368916988372803,7.745709914069951,,,,
520,5.316470146179199,7.670045114926953,,,,
521,5.282563209533691,7.621127745576743,,,,
522,5.4291768074035645,7.832646456150497,,,,
523,5.375864505767822,7.755733062962236,,,,
524,5.258296966552734,7.58611895716711,,,,
525,5.258813858032227,7.586864673941251,,,,
526,5.442190647125244,7.851421458179889,,,,
527,5.254082679748535,7.580039026493807,,,,
528,5.369309902191162,7.746276768887195,,,,
529,5.447727680206299,7.859409708347164,,,,
530,5.423192024230957,7.824012239146581,,,,
531,5.390717029571533,7.777160725398534,,,,
532,5.403704643249512,7.795897891244736,,,,
533,5.372037410736084,7.750211731938936,,,,
534,5.393806457519531,7.7816178277782955,,,,
535,5.3654561042785645,7.740716913750102,,,,
536,5.227741718292236,7.542037052028558,,,,
537,5.333472728729248,7.694574656454214,,,,
538,5.28448486328125,7.6239001059086515,,,,
539,5.367924213409424,7.744277642553565,,,,
540,5.445387840270996,7.856034032876029,,,,
541,5.331023693084717,7.691041444874888,,,,
542,5.367857933044434,7.744182020199686,,,,
543,5.36549711227417,7.740776075781999,,,,
544,5.304269313812256,7.6524430345764465,,,,
545,5.250997543334961,7.575588115489478,,,,
546,5.451375484466553,7.864672377463566,,,,
547,5.245002269744873,7.566938764012286,,,,
548,5.421562194824219,7.821660892343985,,,,
549,5.32014274597168,7.6753435564347345,,,,
550,5.361926555633545,7.735624851423356,,,,
551,5.411048412322998,7.806492710468488,,,,
552,5.3723859786987305,7.750714609210059,,,,
553,5.3160271644592285,7.669406027396347,,,,
554,5.225975513458252,7.539488957073375,,,,
555,5.431951999664307,7.836650212262584,,,,
556,5.397658824920654,7.787175619123578,,,,
557,5.279735088348389,7.617047629167674,,,,
558,5.259676933288574,7.588109828333497,,,,
559,5.261633396148682,7.590932407599458,,,,
560,5.305154323577881,7.653719833776452,,,,
561,5.2559285163879395,7.582702005859767,,,,
562,5.320510387420654,7.675873950929995,,,,
563,5.254884243011475,7.581195437838209,,,,
564,5.283234596252441,7.622096351866403,,,,
565,5.3184895515441895,7.67295850103257,,,,
566,5.393495559692383,7.781169297024845,,,,
567,5.358675003051758,7.730933852638422,,,,
568,5.398726463317871,7.788715895744705,,,,
569,5.39938497543335,7.7896659279080716,,,,
570,5.327420234680176,7.685842753304607,,,,
571,5.3255391120910645,7.683128867073992,,,,
572,5.288590431213379,7.629823188404367,,,,
573,5.349815368652344,7.718152102026298,,,,
574,5.35016393661499,7.718654979297421,,,,
575,5.3357014656066895,7.697790044094745,,,,
576,5.2652764320373535,7.596188197409825,,,,
577,5.293524265289307,7.6369412063582764,,,,
578,5.269268989562988,7.601948240352523,,,,
579,5.279754638671875,7.617075834322415,,,,
580,5.366528511047363,7.7422640696772635,,,,
581,5.281050205230713,7.618944941771992,,,,
582,5.213281631469727,7.521175556478899,,,,
583,5.366123676300049,7.741680016594934,,,,
584,5.214401721954346,7.522791505466406,,,,
585,5.200811862945557,7.503185483268046,,,,
586,5.26786994934082,7.599929851961996,,,,
587,5.288036823272705,7.62902450097376,,,,
588,5.392384052276611,7.7795657307882005,,,,
589,5.296965599060059,7.641906001523384,,,,
590,5.263748645782471,7.5939840677563675,,,,
591,5.298419952392578,7.64400418986391,,,,
592,5.233938694000244,7.55097739815101,,,,
593,5.3235626220703125,7.680277394722687,,,,
594,5.326015472412109,7.68381610974684,,,,
595,5.238519668579102,7.557586347458367,,,,
596,5.213891983032227,7.522056107651317,,,,
597,5.235967636108398,7.553904542868695,,,,
598,5.2790632247924805,7.616078334947411,,,,
599,5.283188343048096,7.622029622597868,,,,
600,5.326206207275391,7.684091281988221,5.320881080627442,7.676408748181119,,
601,5.218657970428467,7.528931974032812,,,,
602,5.256396770477295,7.5833775537123564,,,,
603,5.258520603179932,7.586441596620128,,,,
604,5.215544700622559,7.524440475122879,,,,
605,5.284278869628906,7.6236029198879605,,,,
606,5.206114292144775,7.510835271578424,,,,
607,5.225253105163574,7.538446742209146,,,,
608,5.2635273933410645,7.593664867956366,,,,
609,5.195118427276611,7.494971591862838,,,,
610,5.278425216674805,7.615157883799993,,,,
611,5.237512588500977,7.556133438023878,,,,
612,5.263784885406494,7.59403635048223,,,,
613,5.229861736297607,7.545095591491502,,,,
614,5.219557762145996,7.530230099081525,,,,
615,5.246910095214844,7.569691174356694,,,,
616,5.305293083190918,7.653920021582056,,,,
617,5.253604888916016,7.57934972002915,,,,
618,5.374608516693115,7.753921053752745,,,,
619,5.261070251464844,7.590119961556782,,,,
620,5.232802867889404,7.549338747453589,,,,
621,5.275103569030762,7.610365759216352,,,,
622,5.281422138214111,7.619481527642684,,,,
623,5.31633186340332,7.669845615051952,,,,
624,5.220619201660156,7.531761432604807,,,,
625,5.3428144454956055,7.708051904906427,,,,
626,5.2347331047058105,7.55212349053636,,,,
627,5.293267726898193,7.63657109969362,,,,
628,5.170931339263916,7.460076999933378,,,,
629,5.236044406890869,7.554015299695851,,,,
630,5.1748809814453125,7.465775129121765,,,,
631,5.212160587310791,7.519558231630185,,,,
632,5.200455188751221,7.502670911176665,,,,
633,5.230648994445801,7.5462313649178006,,,,
634,5.291136741638184,7.633496737826796,,,,
635,5.2879862785339355,7.628951580329794,,,,
636,5.265200614929199,7.596078816443876,,,,
637,5.217209339141846,7.526842040859527,,,,
638,5.3195576667785645,7.6744994655843,,,,
639,5.171657562255859,7.461124718242434,,,,
640,5.223326206207275,7.535666814640599,,,,
641,5.343719005584717,7.7093569092611745,,,,
642,5.161576271057129,7.446580489424268,,,,
643,5.151253700256348,7.431688167720756,,,,
644,5.097062587738037,7.353506918430333,,,,
645,5.260635852813721,7.589493256777038,,,,
646,5.183839797973633,7.478699969299406,,,,
647,5.1592607498168945,7.443239898413909,,,,
648,5.270455837249756,7.603660499624513,,,,
649,5.223627090454102,7.536100898851378,,,,
650,5.3283371925354,7.687165643855044,,,,
651,5.1753644943237305,7.466472690753664,,,,
652,5.220670223236084,7.531835041179376,,,,
653,5.321556091308594,7.677382582743364,,,,
654,5.229743480682373,7.544924984701846,,,,
655,5.147806167602539,7.426714429457803,,,,
656,5.286726474761963,7.627134067675476,,,,
657,5.18299674987793,7.477483707992504,,,,
658,5.384222030639648,7.767790422648925,,,,
659,5.260018348693848,7.588602386645569,,,,
660,5.234436511993408,7.551695597701014,,,,
661,5.277587890625,7.613949877660333,,,,
662,5.185163497924805,7.480609664654587,,,,
663,5.275023460388184,7.610250186874972,,,,
664,5.27284049987793,7.607100840572373,,,,
665,5.271297454833984,7.604874697139604,,,,
666,5.224586486816406,7.5374850152255215,,,,
667,5.250667095184326,7.575111379581286,,,,
668,5.212947845458984,7.520694005056483,,,,
669,5.23596715927124,7.553903854938092,,,,
670,5.263725757598877,7.593951047087402,,,,
671,5.089801788330078,7.343031799131581,,,,
672,5.213719367980957,7.521807076772867,,,,
673,5.180726528167725,7.474208470389473,,,,
674,5.217083930969238,7.526661115110819,,,,
675,5.193110466003418,7.492074716091705,,,,
676,5.142967224121094,7.419733309693981,,,,
677,5.235033988952637,7.552557574747138,,,,
678,5.192502975463867,7.491198292502908,,,,
679,5.290555477142334,7.6326581504211894,,,,
680,5.247832775115967,7.5710223200743725,,,,
681,5.207598686218262,7.512976799546967,,,,
682,5.229090213775635,7.543982519775118,,,,
683,5.32866096496582,7.687632748734788,,,,
684,5.259548187255859,7.587924087070566,,,,
685,5.201186656951904,7.503726196722359,,,,
686,5.155123710632324,7.437271412498366,,,,
687,5.227099418640137,7.541110409505709,,,,
688,5.166818618774414,7.454143598478611,,,,
689,5.210655689239502,7.517387122645693,,,,
690,5.327281951904297,7.685643253429607,,,,
691,5.2944254875183105,7.6382413951988,,,,
692,5.236126899719238,7.554134311690248,,,,
693,5.131974220275879,7.403873757562016,,,,
694,5.101672649383545,7.3601578315045,,,,
695,5.139866828918457,7.41526038491034,,,,
696,5.19881010055542,7.500297550594758,,,,
697,5.262474060058594,7.592145229253342,,,,
698,5.182254314422607,7.476412600042931,,,,
699,5.298408031463623,7.643986991598824,,,,
700,5.182300090789795,7.476478641380862,,,,
701,5.206671237945557,7.511638774523255,,,,
702,5.213033199310303,7.520817144634501,,,,
703,5.232187271118164,7.548450629044534,,,,
704,5.135634422302246,7.409154312874107,,,,
705,5.211016654968262,7.517907886112506,,,,
706,5.186370849609375,7.4823515049425255,,,,
707,5.208165645599365,7.513794749034471,,,,
708,5.082596302032471,7.332636479782829,,,,
709,5.223098278045654,7.53533798381215,,,,
710,5.177276611328125,7.469231292473504,,,,
711,5.196798801422119,7.497395859309401,,,,
712,5.249797344207764,7.573856594160591,,,,
713,5.1515374183654785,7.432097486429809,,,,
714,5.245969772338867,7.568334575206689,,,,
715,5.200677394866943,7.502991486837873,,,,
716,5.122902870178223,7.390786565761959,,,,
717,5.066023826599121,7.308727451659882,,,,
718,5.18880033493042,7.48585651136711,,,,
719,5.192880153656006,7.491742445610238,,,,
720,5.098947525024414,7.356226308105776,,,,
721,5.12322473526001,7.3912509189192885,,,,
722,5.233057498931885,7.549706102395833,,,,
723,5.0756025314331055,7.322546601622011,,,,
724,5.160069942474365,7.444407316647966,,,,
725,5.177006721496582,7.46884192375195,,,,
726,5.2670369148254395,7.598728037197767,,,,
727,5.127176284790039,7.396951799830089,,,,
728,5.2708024978637695,7.604160625173222,,,,
729,5.20181941986084,7.5046390806331384,,,,
730,5.277253150939941,7.61346695037671,,,,
731,5.186172008514404,7.482064637880886,,,,
732,5.0947651863098145,7.350192468782906,,,,
733,5.18474006652832,7.479998782278722,,,,
734,5.156282901763916,7.438943771795356,,,,
735,5.195818901062012,7.495982161919308,,,,
736,5.1520490646362305,7.4328356359673124,,,,
737,5.128329277038574,7.398615216029234,,,,
738,5.020482540130615,7.243025263516065,,,,
739,5.135260581970215,7.408614975281002,,,,
740,5.119792938232422,7.3862998823662505,,,,
741,5.140449523925781,7.416101036107758,,,,
742,5.1117682456970215,7.374722698240769,,,,
743,5.162712574005127,7.448219828052292,,,,
744,5.185298442840576,7.480804349015363,,,,
745,5.091414451599121,7.345358380432454,,,,
746,5.2410688400268555,7.561264024464417,,,,
747,5.139349937438965,7.414514668136199,,,,
748,5.203133583068848,7.50653501737625,,,,
749,5.099806785583496,7.3574659590531954,,,,
750,5.139411449432373,7.414603411184045,,,,
751,5.139430522918701,7.414630928408182,,,,
752,5.190777778625488,7.488709359579622,,,,
753,5.074611663818359,7.321117081828039,,,,
754,5.11759614944458,7.383130586076151,,,,
755,5.1932373046875,7.492257705632223,,,,
756,5.188024044036865,7.4847365603446905,,,,
757,5.173950672149658,7.4644329765144315,,,,
758,5.21012544631958,7.516622143814655,,,,
759,5.13732385635376,7.4115916510021345,,,,
760,5.161101818084717,7.445895998473834,,,,
761,5.163334369659424,7.449116889559193,,,,
762,5.194412708282471,7.493953454569731,,,,
763,5.197085380554199,7.4978093056020745,,,,
764,5.215385437011719,7.524210706301326,,,,
765,5.136698246002197,7.410689086050406,,,,
766,5.098929405212402,7.356200166742845,,,,
767,5.126148700714111,7.395469309379652,,,,
768,5.141510486602783,7.417631681700437,,,,
769,5.134918689727783,7.408121729038327,,,,
770,5.197133541107178,7.497878786593024,,,,
771,5.137060642242432,7.41121191330903,,,,
772,5.143863677978516,7.421026619228469,,,,
773,5.053192138671875,7.290215239121009,,,,
774,5.128180980682373,7.398401269611561,,,,
775,5.156454086303711,7.439190738881995,,,,
776,5.118021488189697,7.383744220174429,,,,
777,5.131737232208252,7.4035318560521,,,,
778,5.190375804901123,7.488129434080912,,,,
779,5.104396820068359,7.364087979042017,,,,
780,5.106656551361084,7.367348082171772,,,,
781,5.14971399307251,7.4294668398022115,,,,
782,5.125007629394531,7.393823091445593,,,,
783,5.056624889373779,7.295167651535255,,,,
784,5.083869457244873,7.3344732544940445,,,,
785,5.291460037231445,7.633963154775936,,,,
786,5.114362716674805,7.378465728654148,,,,
787,5.085996627807617,7.337542112916041,,,,
788,5.140912055969238,7.416768328793105,,,,
789,5.118770599365234,7.384824959152451,,,,
790,5.1276445388793945,7.397627347682678,,,,
791,5.140373706817627,7.415991655141809,,,,
792,5.1487531661987305,7.428080659636257,,,,
793,5.0683393478393555,7.312068042670242,,,,
794,5.113850116729736,7.377726203255437,,,,
795,5.163761615753174,7.449733275379885,,,,
796,5.168322563171387,7.456313331601896,,,,
797,5.176225185394287,7.4677144054928934,,,,
798,5.229427337646484,7.544468886711758,,,,
799,5.086806297302246,7.338710219080701,,,,
800,5.040458679199219,7.271844740286448,5.081939601898194,7.331689061755757,,
801,5.057186126708984,7.295977345855517,,,,
802,5.1643476486206055,7.450578742091527,,,,
803,5.173427104949951,7.463677628711841,,,,
804,5.170052528381348,7.458809143831218,,,,
805,5.119941711425781,7.386514516714527,,,,
806,5.02427864074707,7.24850187905014,,,,
807,5.04876708984375,7.283831243120982,,,,
808,5.213453769683838,7.521423899426745,,,,
809,5.180915355682373,7.47448089090844,,,,
810,5.089717388153076,7.3429100354147705,,,,
811,5.186862945556641,7.483061449325287,,,,
812,5.0244598388671875,7.248763292679452,,,,
813,5.076768398284912,7.324228591947449,,,,
814,5.079250335693359,7.327809270738412,,,,
815,5.032462120056152,7.26030814406657,,,,
816,5.145502090454102,7.423390348781927,,,,
817,5.053369522094727,7.2904711493054934,,,,
818,5.039015769958496,7.269763062280404,,,,
819,5.116361618041992,7.3813495337438155,,,,
820,5.11406135559082,7.378030956512767,,,,
821,5.134832382202148,7.407997213599102,,,,
822,5.070339202880859,7.314953223621115,,,,
823,4.9780707359313965,7.181837963922699,,,,
824,5.159224510192871,7.443187615688046,,,,
825,5.062689304351807,7.303916752949948,,,,
826,5.080747127532959,7.329968684902646,,,,
827,5.130904197692871,7.402330041287871,,,,
828,5.176548957824707,7.468181510372637,,,,
829,5.094911575317383,7.350403663478165,,,,
830,5.027278900146484,7.252830338407056,,,,
831,5.028206825256348,7.254169051361371,,,,
832,5.148972988128662,7.4283977956444485,,,,
833,5.126224994659424,7.395579378276204,,,,
834,5.042325019836426,7.274537300668356,,,,
835,5.082767009735107,7.332882758938865,,,,
836,5.079512119293213,7.328186944639707,,,,
837,5.022610664367676,7.246095497799268,,,,
838,5.051976203918457,7.288461016082208,,,,
839,5.104447841644287,7.364161587616586,,,,
840,5.075931549072266,7.323021273738392,,,,
841,5.0592875480651855,7.299009056024927,,,,
842,5.024798393249512,7.249251723407903,,,,
843,5.075536727905273,7.3224516671987345,,,,
844,5.149634838104248,7.429352643322039,,,,
845,5.122829914093018,7.390681312379631,,,,
846,4.9445366859436035,7.133458556304387,,,,
847,5.073081970214844,7.318910200452168,,,,
848,5.086267471313477,7.337932857498801,,,,
849,5.049394130706787,7.2847358718645205,,,,
850,5.032715797424316,7.260674123147607,,,,
851,5.079015254974365,7.327470120950911,,,,
852,5.115700721740723,7.380396061927431,,,,
853,5.1945672035217285,7.494176344085249,,,,
854,5.122683525085449,7.390470117684371,,,,
855,5.054497718811035,7.292098793113259,,,,
856,5.117230415344238,7.382602943303303,,,,
857,4.999709129333496,7.2130555667767124,,,,
858,5.045774936676025,7.279514478584326,,,,
859,4.948912620544434,7.139771695452259,,,,
860,5.124026775360107,7.392408018194294,,,,
861,4.999003887176514,7.212038117414208,,,,
862,5.012350559234619,7.231293295004808,,,,
863,5.172761917114258,7.462717965520027,,,,
864,5.005205154418945,7.220984654912091,,,,
865,5.110249996185303,7.372532327199381,,,,
866,5.036922454833984,7.2667430469312535,,,,
867,5.10098934173584,7.3591720269497545,,,,
868,5.0482048988342285,7.283020172939513,,,,
869,5.109630584716797,7.3716387053454975,,,,
870,5.079533100128174,7.328217213586259,,,,
871,5.126498699188232,7.395974250442585,,,,
872,5.0538201332092285,7.291121243725755,,,,
873,5.116977214813232,7.38223765215287,,,,
874,5.02923583984375,7.255653605603619,,,,
875,5.076315879821777,7.323575745804773,,,,
876,5.152613162994385,7.433649457871195,,,,
877,5.09017276763916,7.343567009141067,,,,
878,5.056190490722656,7.294540946755511,,,,
879,5.11812162399292,7.383888685601153,,,,
880,5.043633937835693,7.276425670174829,,,,
881,5.016881942749023,7.237830699529405,,,,
882,5.052109241485596,7.288652948720571,,,,
883,5.089889049530029,7.343157690432013,,,,
884,5.064518451690674,7.306555654744787,,,,
885,5.0130228996276855,7.232263277155674,,,,
886,5.061830520629883,7.302677789933132,,,,
887,4.986023426055908,7.193311270527058,,,,
888,5.076570510864258,7.323943100747017,,,,
889,4.94664192199707,7.136495769918624,,,,
890,5.055352210998535,7.293331564754643,,,,
891,4.984302043914795,7.190827841048599,,,,
892,5.044686317443848,7.277943933016647,,,,
893,5.043037414550781,7.275565068989912,,,,
894,4.948040008544922,7.138512782447943,,,,
895,5.006164073944092,7.222368083355631,,,,
896,5.17279052734375,7.462759241356234,,,,
897,5.066901206970215,7.309993243970232,,,,
898,4.896925926208496,7.064770749341592,,,,
899,5.185257434844971,7.480745186983467,,,,
900,4.98904275894165,7.197667247108112,,,,
901,5.030338287353516,7.257244101158799,,,,
902,5.054686069488525,7.292370525701622,,,,
903,4.994295120239258,7.205244802705127,,,,
904,5.016183376312256,7.236822881195349,,,,
905,5.123274326324463,7.391322463702048,,,,
906,5.209892749786377,7.516286433680171,,,,
907,5.037485599517822,7.267555492973929,,,,
908,5.007250785827637,7.223935877200897,,,,
909,5.049807071685791,7.285331619767109,,,,
910,5.093498229980469,7.348364637169535,,,,
911,4.978971004486084,7.183136776902014,,,,
912,5.063013076782227,7.304383857829691,,,,
913,5.172773361206055,7.46273447585451,,,,
914,5.018298149108887,7.239873853421655,,,,
915,5.126400470733643,7.395832536738274,,,,
916,5.031947612762451,7.259565866945446,,,,
917,5.125532150268555,7.394579815109389,,,,
918,4.985462665557861,7.192502264137399,,,,
919,4.965809345245361,7.164148516385554,,,,
920,5.0594353675842285,7.299222314511996,,,,
921,5.0111188888549805,7.229516370256093,,,,
922,5.061059474945068,7.301565406147351,,,,
923,5.072619438171387,7.31824290776682,,,,
924,4.987700462341309,7.1957307224593965,,,,
925,4.968509197235107,7.168043579462294,,,,
926,5.056272983551025,7.294659958749908,,,,
927,5.038715362548828,7.26932966600023,,,,
928,5.010985374450684,7.2293237496871265,,,,
929,5.086083889007568,7.337668004216472,,,,
930,5.023613452911377,7.247542215858326,,,,
931,5.007248401641846,7.223932437547879,,,,
932,4.953390121459961,7.146231363818666,,,,
933,5.020021915435791,7.242360722553131,,,,
934,4.995420932769775,7.206869006859875,,,,
935,5.049983024597168,7.285585466159783,,,,
936,5.047940731048584,7.282639059385201,,,,
937,4.986514568328857,7.194019839048613,,,,
938,5.010377407073975,7.228446638167727,,,,
939,5.06825590133667,7.311947654814637,,,,
940,4.939334392547607,7.125953233420734,,,,
941,4.999743938446045,7.213105785710764,,,,
942,5.035062313079834,7.26405942964719,,,,
943,4.9647040367126465,7.162553893246754,,,,
944,4.982450008392334,7.188155918584795,,,,
945,5.1634521484375,7.449286808418245,,,,
946,5.02750301361084,7.253153665790678,,,,
947,5.101069927215576,7.359288287221737,,,,
948,5.054029941558838,7.291423933191274,,,,
949,5.1183061599731445,7.384154914744689,,,,
950,5.034327507019043,7.262999328587272,,,,
951,5.00233793258667,7.216848128193539,,,,
952,4.93789529800415,7.123877058859518,,,,
953,5.0377631187438965,7.267955868585138,,,,
954,5.151530742645264,7.4320878554013605,,,,
955,4.96850061416626,7.168031196711432,,,,
956,5.079923152923584,7.328779940819882,,,,
957,4.946328639984131,7.136043799512157,,,,
958,5.035210132598877,7.26427268813426,,,,
959,4.960374355316162,7.156307483367416,,,,
960,5.0043182373046875,7.219705103989671,,,,
961,4.9866414070129395,7.194202828589131,,,,
962,5.0405683517456055,7.2720029643252415,,,,
963,5.041733264923096,7.2736835787894725,,,,
964,5.024303436279297,7.24853765144152,,,,
965,4.890674591064453,7.055751979130346,,,,
966,4.952720642089844,7.145265509251421,,,,
967,4.930805683135986,7.113648906647406,,,,
968,5.060616493225098,7.300926318616745,,,,
969,5.000393390655518,7.214042747192664,,,,
970,4.963451385498047,7.1607466995514875,,,,
971,4.912611961364746,7.087400914472723,,,,
972,4.969604969024658,7.169624443989025,,,,
973,4.9584126472473145,7.1534773368648175,,,,
974,4.957043647766113,7.151502288102309,,,,
975,4.9607672691345215,7.15687433818466,,,,
976,4.942704200744629,7.130814838995324,,,,
977,5.039857864379883,7.270977947726099,,,,
978,4.968288421630859,7.1677250675928965,,,,
979,4.969391822814941,7.169316939009282,,,,
980,4.966367721557617,7.164954083122195,,,,
981,4.9521589279174805,7.144455127000555,,,,
982,4.97589635848999,7.178701000370961,,,,
983,4.984232425689697,7.190727403180495,,,,
984,4.882547378540039,7.044026889925123,,,,
985,5.005157947540283,7.220916549782349,,,,
986,4.895702362060547,7.063005519413136,,,,
987,4.981966018676758,7.187457669022292,,,,
988,4.942242622375488,7.130148922171183,,,,
989,4.916045665740967,7.0923547027481755,,,,
990,5.019346714019775,7.241386612818644,,,,
991,5.063138008117676,7.3045640956477955,,,,
992,5.019177436828613,7.241142397454419,,,,
993,4.978516101837158,7.182480491106322,,,,
994,4.99581241607666,7.207433797885309,,,,
995,5.0337629318237305,7.262184818752785,,,,
996,5.067427158355713,7.310752031425839,,,,
997,5.041247367858887,7.272982577504556,,,,
998,4.88259220123291,7.044091555401847,,,,
999,5.100036144256592,7.357796853673455,,,,
1000,4.927271366119385,7.108549965014625,4.929125499725342,7.111224914373085,,
1001,4.991278171539307,7.200892265777091,,,,
1002,4.876047611236572,7.034649707869479,,,,
1003,4.952102184295654,7.1443732632587444,,,,
1004,4.902196407318115,7.072374446301538,,,,
1005,4.931824684143066,7.1151190143469805,,,,
1006,4.959867000579834,7.155575525205344,,,,
1007,4.950484275817871,7.142039114721234,,,,
1008,4.954076766967773,7.147221983887635,,,,
1009,4.9333600997924805,7.117334150890094,,,,
1010,4.92530632019043,7.105715002997802,,,,
1011,4.948041915893555,7.138515534170357,,,,
1012,4.995709419250488,7.207285204874963,,,,
1013,5.076949596405029,7.32449000557676,,,,
1014,4.957080841064453,7.1515559466893786,,,,
1015,4.987691879272461,7.195718339708534,,,,
1016,5.102679252624512,7.361610053008385,,,,
1017,5.073674201965332,7.319764610261654,,,,
1018,4.978629112243652,7.18264353065934,,,,
1019,4.982094764709473,7.187643410285223,,,,
1020,5.023590564727783,7.24750919518936,,,,
1021,4.944118022918701,7.132854553234557,,,,
1022,4.962098121643066,7.158794352498893,,,,
1023,4.9004807472229,7.06989927199032,,,,
1024,4.937382221221924,7.123136845530205,,,,
1025,4.905282020568848,7.076826045236471,,,,
1026,4.923182010650635,7.102650272159427,,,,
1027,5.065475940704346,7.307937019396516,,,,
1028,4.956734657287598,7.151056509071273,,,,
1029,4.969668388366699,7.169715938759285,,,,
1030,4.972836971282959,7.174287237619217,,,,
1031,5.13043737411499,7.401656557227092,,,,
1032,4.9528069496154785,7.145390024690645,,,,
1033,4.939062118530273,7.125560425046164,,,,
1034,4.9582600593566895,7.153257199071714,,,,
1035,4.942318916320801,7.130258991067735,,,,
1036,4.939615249633789,7.126358424546167,,,,
1037,5.045684814453125,7.279384459700273,,,,
1038,5.014190196990967,7.2339473312729226,,,,
1039,4.91172981262207,7.086128242856338,,,,
1040,5.003849029541016,7.219028180275876,,,,
1041,4.970581531524658,7.171033325864894,,,,
1042,5.089076995849609,7.341986144614335,,,,
1043,4.906122207641602,7.078038178959752,,,,
1044,5.059776306152344,7.299714184893464,,,,
1045,4.888431072235107,7.052515265641108,,,,
1046,4.991844177246094,7.201708839403388,,,,
1047,5.00156307220459,7.21573024096293,,,,
1048,4.985185623168945,7.1921025764567945,,,,
1049,5.026451110839844,7.251636090879464,,,,
1050,5.0083136558532715,7.22546927451599,,,,
1051,4.858945369720459,7.0099763888460975,,,,
1052,4.863450527191162,7.016475957187504,,,,
1053,5.072109699249268,7.317507509951731,,,,
1054,4.925940990447998,7.106630638630996,,,,
1055,5.024746417999268,7.2491767389721256,,,,
1056,4.950395584106445,7.141911159628992,,,,
1057,4.992974281311035,7.2033392349335665,,,,
1058,4.945648193359375,7.135062122541032,,,,
1059,4.941938877105713,7.129710710376784,,,,
1060,4.866386413574219,7.020711545912953,,,,
1061,5.053003311157227,7.289942818602043,,,,
1062,4.941360950469971,7.128876938485401,,,,
1063,4.837884426116943,6.979591869952863,,,,
1064,5.066062927246094,7.308783861969365,,,,
1065,4.933387756347656,7.117374050865093,,,,
1066,5.072797775268555,7.31850019381251,,,,
1067,4.978443145751953,7.182375237723994,,,,
1068,4.882781982421875,7.044365351782021,,,,
1069,4.981945991516113,7.187428775936946,,,,
1070,4.94066047668457,7.127866368428932,,,,
1071,4.9749836921691895,7.177384301195955,,,,
1072,4.977229118347168,7.180623766407607,,,,
1073,4.982329368591309,7.187981872142122,,,,
1074,4.86726713180542,7.021982153737528,,,,
1075,4.9270830154418945,7.108278232426262,,,,
1076,4.886949062347412,7.050377177325581,,,,
1077,4.977640628814697,7.1812174505183854,,,,
1078,5.029055118560791,7.255392879904911,,,,
1079,4.958413124084473,7.1534780247954215,,,,
1080,4.937545299530029,7.123372117796585,,,,
1081,4.959625244140625,7.155226744389394,,,,
1082,5.028839588165283,7.255081935272152,,,,
1083,4.982985973358154,7.188929152583074,,,,
1084,4.995639801025391,7.20718476700686,,,,
1085,4.992926597595215,7.203270441873221,,,,
1086,4.951607704162598,7.143659879222965,,,,
1087,4.956435680389404,7.150625176582909,,,,
1088,4.871764183044434,7.028470027258677,,,,
1089,4.996703624725342,7.208719540183159,,,,
1090,4.933660507202148,7.117767547170268,,,,
1091,4.93951416015625,7.126212583258235,,,,
1092,4.940119743347168,7.127086255124619,,,,
1093,4.871909141540527,7.0286791581621255,,,,
1094,4.913278102874756,7.0883619535257445,,,,
1095,4.855040550231934,7.004342925134435,,,,
1096,5.009480953216553,7.227153328633238,,,,
1097,5.004735469818115,7.220307043267692,,,,
1098,4.867658615112305,7.022546944762961,,,,
1099,4.94351053237915,7.13197812964576,,,,
1100,4.881447792053223,7.042440521953565,,,,
1101,5.004356384277344,7.219760138437948,,,,
1102,4.873056411743164,7.030334319194029,,,,
1103,4.940393447875977,7.1274811272909995,,,,
1104,4.932623863220215,7.116271986038365,,,,
1105,4.943331241607666,7.131719467738862,,,,
1106,4.971593379974365,7.172493114605417,,,,
1107,5.0132527351379395,7.232594859706538,,,,
1108,4.821662425994873,6.956188470823452,,,,
1109,5.022364616394043,7.2457405256078875,,,,
1110,4.918687343597412,7.096165838291295,,,,
1111,4.940516471862793,7.127658613386689,,,,
1112,4.9908318519592285,7.20024836273226,,,,
1113,4.940861225128174,7.128155987212985,,,,
1114,5.008879661560059,7.226285848142286,,,,
1115,4.897531032562256,7.065643733277371,,,,
1116,4.898723125457764,7.067363559785999,,,,
1117,4.88395881652832,7.046063164511339,,,,
1118,5.0739922523498535,7.320223459974156,,,,
1119,4.934218406677246,7.118572425976305,,,,
1120,4.93760347366333,7.123456045330206,,,,
1121,4.892393112182617,7.058231281025184,,,,
1122,4.971866130828857,7.172886610910591,,,,
1123,4.958927154541016,7.1542196139859415,,,,
1124,4.982692718505859,7.188506075261952,,,,
1125,4.993246078491211,7.203731355377534,,,,
1126,4.948729038238525,7.13950684216993,,,,
1127,4.9498467445373535,7.14111935150442,,,,
1128,4.961912631988525,7.15852674749415,,,,
1129,4.972348690032959,7.173582796681283,,,,
1130,4.902859210968018,7.0733306698403355,,,,
1131,4.986096382141113,7.193416523909386,,,,
1132,4.894224643707275,7.06087362247304,,,,
1133,4.865023612976074,7.01874544024829,,,,
1134,4.824950695037842,6.960932440264852,,,,
1135,4.965414524078369,7.163578909845896,,,,
1136,4.940621376037598,7.127809958119449,,,,
1137,4.920144557952881,7.098268154215442,,,,
1138,4.914950847625732,7.090775214082652,,,,
1139,4.885961055755615,7.04895178511523,,,,
1140,4.836488246917725,6.977577609145958,,,,
1141,4.903994560241699,7.074968632607153,,,,
1142,4.825727939605713,6.962053767148477,,,,
1143,4.895092010498047,7.062124968240718,,,,
1144,4.902338027954102,7.072578761690763,,,,
1145,4.963218688964844,7.160410989417003,,,,
1146,4.941930294036865,7.129698327625922,,,,
1147,4.861391067504883,7.013504784911198,,,,
1148,4.8550124168396,7.0043023372288316,,,,
1149,5.040236473083496,7.271524164625239,,,,
1150,4.866367340087891,7.020684028688816,,,,
1151,4.928562641143799,7.110412881088771,,,,
1152,4.884439945220947,7.046757286490221,,,,
1153,4.835361003875732,6.975951341199399,,,,
1154,4.961550235748291,7.158003920235527,,,,
1155,4.932741641998291,7.1164419048974175,,,,
1156,4.874872207641602,7.032953958931972,,,,
1157,4.865434646606445,7.019338436428465,,,,
1158,4.986270904541016,7.193668306510249,,,,
1159,4.87955904006958,7.039715628833294,,,,
1160,4.902835369110107,7.073296273310163,,,,
1161,4.988428115844727,7.196780504560262,,,,
1162,4.88848876953125,7.052598505244125,,,,
1163,4.84782600402832,6.993934535104218,,,,
1164,4.880082607269287,7.040470976635883,,,,
1165,4.91060733795166,7.084508854215814,,,,
1166,4.865760803222656,7.019808980961225,,,,
1167,4.997768878936768,7.210256377151269,,,,
1168,5.005876064300537,7.221952573271147,,,,
1169,4.908883094787598,7.082021297153735,,,,
1170,4.929080486297607,7.111159973724119,,,,
1171,4.899844169616699,7.068980884634713,,,,
1172,4.942283630371094,7.13020808420308,,,,
1173,4.9470672607421875,7.137109404016902,,,,
1174,4.959041595458984,7.15438471733077,,,,
1175,4.944235324859619,7.133023784163005,,,,
1176,4.966895580291748,7.165715622300215,,,,
1177,4.8496832847595215,6.996614024804661,,,,
1178,4.9626312255859375,7.159563458913551,,,,
1179,4.903133869171143,7.073726917867923,,,,
1180,4.856902122497559,7.007028606210309,,,,
1181,4.826964855194092,6.96383825913383,,,,
1182,4.855377197265625,7.004828604140472,,,,
1183,5.004787921905518,7.220382715634071,,,,
1184,4.870779514312744,7.02704945056255,,,,
1185,4.95780611038208,7.152602289137228,,,,
1186,4.88490629196167,7.047430082620396,,,,
1187,4.8752827644348145,7.033546267181544,,,,
1188,4.931309223175049,7.11437536136465,,,,
1189,4.8951497077941895,7.062208207843736,,,,
1190,4.884445667266846,7.046765541657463,,,,
1191,4.838812351226807,6.980930582907179,,,,
1192,4.891546726226807,7.057010204204058,,,,
1193,4.834048748016357,6.974058156178701,,,,
1194,4.847358703613281,6.993260363112836,,,,
1195,4.895542144775391,7.062774374730376,,,,
1196,4.888106346130371,7.052046784900157,,,,
1197,4.906307220458984,7.078305096033891,,,,
1198,4.8817973136901855,7.0429447750858944,,,,
1199,4.9546332359313965,7.148024798901863,,,,
1200,4.8472700119018555,6.993132408020593,4.865234851837158,7.019050193505619,,
1201,4.85784912109375,7.008394836388763,,,,
1202,4.997926235198975,7.210483394250408,,,,
1203,4.8315205574035645,6.970410748119203,,,,
1204,4.8578596115112305,7.008409970862039,,,,
1205,4.889922142028809,7.0546664246381,,,,
1206,4.890018939971924,7.0548060745506005,,,,
1207,4.835839748382568,6.976642023525264,,,,
1208,4.855408668518066,7.004874007560299,,,,
1209,4.9147725105285645,7.090517928036961,,,,
1210,4.964641571044922,7.162463774337701,,,,
1211,4.952477931976318,7.144915352574264,,,,
1212,4.970188140869141,7.170465783117046,,,,
1213,4.830580234527588,6.969054148969197,,,,
1214,4.92232084274292,7.101407869489594,,,,
1215,4.9810709953308105,7.186166423279613,,,,
1216,4.9162678718566895,7.092675278409384,,,,
1217,4.853641033172607,7.0023238488133055,,,,
1218,4.888402938842773,7.052474677735504,,,,
1219,4.799726486206055,6.924541599272885,,,,
1220,4.886531352996826,7.049774550116958,,,,
1221,4.9371490478515625,7.122800447465117,,,,
1222,4.9308085441589355,7.113653034231026,,,,
1223,4.84043550491333,6.983272298681327,,,,
1224,4.888344764709473,7.052390750201883,,,,
1225,4.941268444061279,7.128743479948332,,,,
1226,4.873037338256836,7.030306801969892,,,,
1227,4.968573093414307,7.168135762163157,,,,
1228,4.940069675445557,7.127014022411256,,,,
1229,4.933383941650391,7.117368547420266,,,,
1230,4.916699409484863,7.093297855605507,,,,
1231,4.948921203613281,7.139784078203121,,,,
1232,4.892043113708496,7.057726339962251,,,,
1233,4.8758111000061035,7.034308494290167,,,,
1234,4.958764553070068,7.153985029650165,,,,
1235,4.904531955718994,7.075743930397242,,,,
1236,4.917677402496338,7.094708801273185,,,,
1237,4.813029766082764,6.943734175178571,,,,
1238,4.891643047332764,7.057149166185956,,,,
1239,4.866993427276611,7.021587281571147,,,,
1240,4.903245449066162,7.073887893629131,,,,
1241,4.859223365783691,7.010377452387909,,,,
1242,4.908004283905029,7.0807534410515744,,,,
1243,4.824525356292725,6.9603188061665735,,,,
1244,4.880145072937012,7.040561095544936,,,,
1245,4.820143222808838,6.953996723920857,,,,
1246,4.942934989929199,7.131147797407394,,,,
1247,5.062295436859131,7.303348522271497,,,,
1248,4.882927417755127,7.044575170616073,,,,
1249,4.766515731811523,6.876628608603713,,,,
1250,4.887388229370117,7.0510107614113595,,,,
1251,4.921058177947998,7.099586229251655,,,,
1252,4.885962963104248,7.048954536837644,,,,
1253,4.815738677978516,6.947642308936778,,,,
1254,4.837500095367432,6.979037397886481,,,,
1255,4.860569477081299,7.012319480481452,,,,
1256,4.868716716766357,7.02407346277202,,,,
1257,4.893346309661865,7.059606454301483,,,,
1258,4.899574279785156,7.06859151591316,,,,
1259,4.94722318649292,7.137334357324232,,,,
1260,4.901672840118408,7.071619098498949,,,,
1261,4.942063331604004,7.129890260264285,,,,
1262,4.878097057342529,7.037606433603113,,,,
1263,4.752525329589844,6.856444724698454,,,,
1264,4.926113605499268,7.106879669509445,,,,
1265,4.811151027679443,6.941023728600973,,,,
1266,4.869976043701172,7.025890287495734,,,,
1267,4.918618202209473,7.096066088353795,,,,
1268,4.943553924560547,7.132040731330674,,,,
1269,4.883331775665283,7.045158535767801,,,,
1270,4.853165149688721,7.001637294071061,,,,
1271,4.783389568328857,6.900972408868042,,,,
1272,4.755681037902832,6.860997449432094,,,,
1273,4.810910701751709,6.940677011576834,,,,
1274,4.91206169128418,7.0866070425563406,,,,
1275,4.782313823699951,6.899420437426656,,,,
1276,4.922994613647461,7.10237991543227,,,,
1277,4.752500057220459,6.856408264376471,,,,
1278,4.812378406524658,6.942794461974256,,,,
1279,4.898675441741943,7.067294766725654,,,,
1280,4.855538368225098,7.005061124684438,,,,
1281,4.863626956939697,7.016730491510781,,,,
1282,4.863674640655518,7.0167992845711264,,,,
1283,4.834168434143066,6.974230826760167,,,,
1284,4.822730541229248,6.957729435375183,,,,
1285,4.800149917602539,6.92515248164875,,,,
1286,4.935245990753174,7.120054916426743,,,,
1287,4.9170355796813965,7.0937828466809405,,,,
1288,4.813835620880127,6.944896777898403,,,,
1289,4.831547260284424,6.9704492722329965,,,,
1290,4.806084156036377,6.9337137780087,,,,
1291,4.84586763381958,6.991109204115844,,,,
1292,4.789609909057617,6.909946463590064,,,,
1293,4.86525821685791,7.019083902105188,,,,
1294,4.7780070304870605,6.893207048216285,,,,
1295,4.834789752960205,6.975127200336464,,,,
1296,4.9013214111328125,7.071112093644205,,,,
1297,4.975522041320801,7.178160974847252,,,,
1298,4.892509460449219,7.058399136092426,,,,
1299,4.881996154785156,7.043231642147533,,,,
1300,4.889484882354736,7.054035592274735,,,,
1301,4.787391185760498,6.906745522492205,,,,
1302,4.920750141143799,7.0991418260818255,,,,
1303,4.831331729888916,6.970138327600236,,,,
1304,4.839901447296143,6.9825018164054615,,,,
1305,4.860943794250488,7.012859506005161,,,,
1306,4.837462425231934,6.978983051368809,,,,
1307,4.917150497436523,7.093948637956372,,,,
1308,4.843398571014404,6.987547099451173,,,,
1309,4.837007999420166,6.97832745350372,,,,
1310,4.830444812774658,6.968858776677817,,,,
1311,4.835903167724609,6.976733518295523,,,,
1312,4.918191909790039,7.095451078394309,,,,
1313,4.930985450744629,7.1139082564849065,,,,
1314,4.859106540679932,7.010208909390064,,,,
1315,4.8084869384765625,6.937180260319491,,,,
1316,4.893954753875732,7.060484253751487,,,,
1317,4.81796932220459,6.950860448299722,,,,
1318,4.790592670440674,6.911364288563776,,,,
1319,4.800862789154053,6.926180937900909,,,,
1320,4.87261962890625,7.029704174761268,,,,
1321,4.692025184631348,6.769161465593768,,,,
1322,4.760274410247803,6.8676242849351405,,,,
1323,4.935473918914795,7.120383747255193,,,,
1324,4.8727521896362305,7.029895419469027,,,,
1325,4.803427219390869,6.92988062868627,,,,
1326,4.784354209899902,6.902364092478824,,,,
1327,4.825401782989502,6.961583222615717,,,,
1328,4.912724018096924,7.087562578164534,,,,
1329,4.894402503967285,7.061130220588128,,,,
1330,4.891061305999756,7.056309890849745,,,,
1331,4.8246564865112305,6.960507987082522,,,,
1332,4.7015061378479,6.782839589782189,,,,
1333,4.79250431060791,6.9141222023530124,,,,
1334,4.802102088928223,6.927968869539279,,,,
1335,4.858861446380615,7.00985531305989,,,,
1336,4.819761276245117,6.953445691507492,,,,
1337,4.892879962921143,7.058933658171307,,,,
1338,4.894598960876465,7.0614136479967495,,,,
1339,4.788856506347656,6.908859533236611,,,,
1340,4.79221773147583,6.9137087560603385,,,,
1341,4.777156829833984,6.891980467950331,,,,
1342,4.831676006317139,6.970635013495928,,,,
1343,4.8152756690979,6.9469743283208265,,,,
1344,4.882631778717041,7.044148653641934,,,,
1345,4.843561172485352,6.98778168378695,,,,
1346,4.863522052764893,7.016579146778022,,,,
1347,4.863495826721191,7.016541310594833,,,,
1348,4.842601299285889,6.986396879482203,,,,
1349,4.841982841491699,6.985504633489526,,,,
1350,4.864964008331299,7.018659448922858,,,,
1351,4.891336917877197,7.056707514738539,,,,
1352,4.8156633377075195,6.947533615901432,,,,
1353,4.8962249755859375,7.063759491354518,,,,
1354,4.924384593963623,7.104385233141331,,,,
1355,4.848918914794922,6.995511272047328,,,,
1356,4.758609294891357,6.865222031267889,,,,
1357,4.715081691741943,6.802424974062446,,,,
1358,4.822109222412109,6.956833061798886,,,,
1359,4.880561351776123,7.041161658961749,,,,
1360,4.816286087036133,6.948432053269539,,,,
1361,4.7824249267578125,6.899580725257261,,,,
1362,4.762543201446533,6.870897458746361,,,,
1363,4.783106803894043,6.900564466020196,,,,
1364,5.009983062744141,7.2278777195586725,,,,
1365,4.834105491638184,6.974140019920512,,,,
1366,4.811241149902344,6.941153747485026,,,,
1367,4.796922206878662,6.920495879393989,,,,
1368,4.927290439605713,7.108577482238763,,,,
1369,4.924032211303711,7.103876852425381,,,,
1370,4.854508399963379,7.003575194580984,,,,
1371,4.7627692222595215,6.871223537852397,,,,
1372,4.939392566680908,7.126037160954355,,,,
1373,4.732816219329834,6.8280104890660045,,,,
1374,4.787337303161621,6.906667786334015,,,,
1375,4.840782165527344,6.983772424230036,,,,
1376,4.721919059753418,6.812289210985333,,,,
1377,4.710890769958496,6.796378751988713,,,,
1378,4.839105606079102,6.981353660228302,,,,
1379,4.917547225952148,7.094520996218444,,,,
1380,4.77783203125,6.892954577684818,,,,
1381,4.7281880378723145,6.821333434628906,,,,
1382,4.839231967926025,6.981535961838216,,,,
1383,4.8621978759765625,7.014668763492238,,,,
1384,4.8744282722473145,7.0323134955401585,,,,
1385,4.855728626251221,7.005335608995215,,,,
1386,4.84848690032959,6.994888006920601,,,,
1387,4.843853950500488,6.988204073177469,,,,
1388,4.838754177093506,6.980846655373558,,,,
1389,4.903553485870361,7.074332296798961,,,,
1390,4.86032772064209,7.011970699665502,,,,
1391,4.790518283843994,6.911256971389638,,,,
1392,4.8133392333984375,6.944180642140211,,,,
1393,4.8643693923950195,7.017801599460355,,,,
1394,4.842865467071533,6.986777993036514,,,,
1395,4.833759784698486,6.97364127023301,,,,
1396,4.788416862487793,6.908225261220228,,,,
1397,4.7856597900390625,6.904247646471074,,,,
1398,4.814994812011719,6.946569137195394,,,,
1399,4.978085517883301,7.181859289771405,,,,
1400,4.918673515319824,7.096145888303796,4.812877655029297,6.94351472531607,,
1401,4.85537576675415,7.004826540348661,,,,
1402,4.81893253326416,6.952250068118694,,,,
1403,4.874154567718506,7.031918623373778,,,,
1404,4.766975402832031,6.877291773705441,,,,
1405,4.813310146331787,6.944138678373401,,,,
1406,4.740006446838379,6.838383794635446,,,,
1407,4.848005771636963,6.994193884941719,,,,
1408,4.796536922454834,6.9199400314664,,,,
1409,4.766862392425537,6.877128734152422,,,,
1410,4.954092979431152,7.147245373528153,,,,
1411,4.834239959716797,6.974334016350685,,,,
1412,4.803623199462891,6.930163368164289,,,,
1413,4.814541339874268,6.945914915191511,,,,
1414,4.707857608795166,6.79200282542016,,,,
1415,4.727111339569092,6.819780087326314,,,,
1416,4.850730895996094,6.998125408340443,,,,
1417,4.879026412963867,7.038947210349239,,,,
1418,4.814548492431641,6.945925234150563,,,,
1419,4.853606700897217,7.002274317809857,,,,
1420,4.835318565368652,6.975890115375692,,,,
1421,4.815862655639648,6.947821170893675,,,,
1422,4.836109161376953,6.977030704316214,,,,
1423,4.832653045654297,6.9720445833024,,,,
1424,4.724325180053711,6.815760508810349,,,,
1425,4.973143577575684,7.174729576997237,,,,
1426,4.83328914642334,6.972962282727403,,,,
1427,4.855372428894043,7.0048217248344375,,,,
1428,4.758452415466309,6.864995702099353,,,,
1429,4.783634662628174,6.901326005198216,,,,
1430,4.841038703918457,6.984142530894693,,,,
1431,4.734219074249268,6.830034380901358,,,,
1432,4.759490489959717,6.866493327023067,,,,
1433,4.78939962387085,6.909643086193942,,,,
1434,4.729780673980713,6.823631122844434,,,,
1435,4.819827556610107,6.953541313861372,,,,
1436,4.831707000732422,6.970679728985153,,,,
1437,4.7908430099487305,6.911725452130589,,,,
1438,4.783631801605225,6.9013218776145955,,,,
1439,4.784730911254883,6.902907557655551,,,,
1440,4.809553623199463,6.938719161079412,,,,
1441,4.77998685836792,6.896063336081814,,,,
1442,4.795558452606201,6.918528397868117,,,,
1443,4.707092761993408,6.790899384732224,,,,
1444,4.771219730377197,6.883415044006759,,,,
1445,4.930958271026611,7.113869044440509,,,,
1446,4.819503307342529,6.953073521051025,,,,
1447,4.783596515655518,6.90127097074994,,,,
1448,4.804018020629883,6.930732974703946,,,,
1449,4.7455244064331055,6.846344527578583,,,,
1450,4.765116214752197,6.874609532282584,,,,
1451,4.851931095123291,6.999856929669329,,,,
1452,4.792858600616455,6.914633334791377,,,,
1453,4.704148292541504,6.786651413255913,,,,
1454,4.8376946449279785,6.979318073572689,,,,
1455,4.8211350440979,6.955427619576035,,,,
1456,4.750406265258789,6.853387561096717,,,,
1457,4.784856796264648,6.903089171334861,,,,
1458,4.739750385284424,6.838014375901392,,,,
1459,4.851079940795898,6.998628973542169,,,,
1460,4.768892765045166,6.880057942661918,,,,
1461,4.716391563415527,6.804314719430127,,,,
1462,4.786706924438477,6.905758342076252,,,,
1463,4.834843635559082,6.975204936494655,,,,
1464,4.834474086761475,6.97467179027698,,,,
1465,4.767419338226318,6.877932237097253,,,,
1466,4.8534345626831055,7.002025974862011,,,,
1467,4.800020217895508,6.924965364524611,,,,
1468,4.909441947937012,7.082827551820979,,,,
1469,4.759947776794434,6.867153052471776,,,,
1470,4.7391252517700195,6.837112498880267,,,,
1471,4.840871810913086,6.983901755183485,,,,
1472,4.827394485473633,6.964458084607539,,,,
1473,4.597701072692871,6.633080537063873,,,,
1474,4.800202369689941,6.925228154015129,,,,
1475,4.819503307342529,6.953073521051025,,,,
1476,4.7395853996276855,6.837776351912598,,,,
1477,4.872792720794678,7.029953893570321,,,,
1478,4.803306579589844,6.929706582243597,,,,
1479,4.913084030151367,7.08808196577014,,,,
1480,4.763556957244873,6.872359999209299,,,,
1481,4.911043643951416,7.085138310717972,,,,
1482,4.755953788757324,6.861390945737268,,,,
1483,4.797366142272949,6.921136342785801,,,,
1484,4.758875370025635,6.865605896544614,,,,
1485,4.886853218078613,7.050238903274288,,,,
1486,4.900297164916992,7.069634418707992,,,,
1487,4.79506778717041,6.917820517277167,,,,
1488,4.734104633331299,6.829869277556529,,,,
1489,4.853525638580322,7.0021573696072705,,,,
1490,4.841553688049316,6.98488549594642,,,,
1491,4.8135809898376465,6.944529422956161,,,,
1492,4.732429504394531,6.827452577346605,,,,
1493,4.829407691955566,6.96736252761531,,,,
1494,4.797921180725098,6.921937094008219,,,,
1495,4.806713104248047,6.934621158474653,,,,
1496,4.933809757232666,7.117982869449148,,,,
1497,4.8045973777771,6.931568810387139,,,,
1498,4.7141218185424805,6.801040169757699,,,,
1499,4.851179122924805,6.998772063107687,,,,
1500,4.812913417816162,6.943566320111329,,,,
1501,4.716085433959961,6.80387306798271,,,,
1502,4.731746196746826,6.82646677279186,,,,
1503,4.639828681945801,6.693857830017582,,,,
1504,4.8997883796691895,7.068900396754109,,,,
1505,4.79053258895874,6.911277609307741,,,,
1506,4.685724258422852,6.760071150599764,,,,
1507,4.83568811416626,6.976423261593367,,,,
1508,4.748070240020752,6.850017389070409,,,,
1509,4.891562461853027,7.057032905913972,,,,
1510,4.789909362792969,6.910378484009031,,,,
1511,4.8371968269348145,6.978599874022686,,,,
1512,4.8244218826293945,6.960169525225624,,,,
1513,4.827597141265869,6.9647504551140065,,,,
1514,4.760430812835693,6.867849926173072,,,,
1515,4.781559467315674,6.898332131211997,,,,
1516,4.749111652374268,6.851519829508347,,,,
1517,4.620737075805664,6.666314464516602,,,,
1518,4.744982719421387,6.845563038413062,,,,
1519,4.833353042602539,6.973054465428266,,,,
1520,4.830864429473877,6.969464155608854,,,,
1521,4.711548328399658,6.797327408290872,,,,
1522,4.748385429382324,6.850472111199291,,,,
1523,4.837307929992676,6.97876016185329,,,,
1524,4.783652305603027,6.901351458630544,,,,
1525,4.769330024719238,6.880688775025282,,,,
1526,4.807580947875977,6.9358731921729335,,,,
1527,4.764746189117432,6.874075698134305,,,,
1528,4.786730766296387,6.905792738606425,,,,
1529,4.7687225341796875,6.8798123514364855,,,,
1530,4.683655261993408,6.757086219711389,,,,
1531,4.747471809387207,6.849154036163078,,,,
1532,4.804906845092773,6.932015277348779,,,,
1533,4.788392543792725,6.908190176759453,,,,
1534,4.747410297393799,6.849065293115233,,,,
1535,4.712399005889893,6.798554676487429,,,,
1536,4.796558856964111,6.919971676274159,,,,
1537,4.787092208862305,6.906314190003841,,,,
1538,4.7052178382873535,6.788194441599454,,,,
1539,4.74138069152832,6.840366410634592,,,,
1540,4.774465560913086,6.888097787624452,,,,
1541,4.731820106506348,6.826573402035395,,,,
1542,4.72646951675415,6.818854132734068,,,,
1543,4.696549415588379,6.7756885511593135,,,,
1544,4.807358264923096,6.935551928581122,,,,
1545,4.666254997253418,6.73198294406085,,,,
1546,4.696606159210205,6.775770414901125,,,,
1547,4.7600483894348145,6.867298205829104,,,,
1548,4.814260482788086,6.945509724066079,,,,
1549,4.752233982086182,6.856024399099746,,,,
1550,4.804721832275391,6.93174836027464,,,,
1551,4.857989311218262,7.008597087986177,,,,
1552,4.804893970489502,6.931996703222486,,,,
1553,4.903773784637451,7.074650120737755,,,,
1554,4.772644996643066,6.885471268580476,,,,
1555,4.765219211578369,6.87475812529293,,,,
1556,4.810622215270996,6.940260813561745,,,,
1557,4.781444072723389,6.898165652005961,,,,
1558,4.730024814605713,6.823983343313401,,,,
1559,4.743215084075928,6.843012879666069,,,,
1560,4.725234508514404,6.81707239247113,,,,
1561,4.7251667976379395,6.81697470632544,,,,
1562,4.762057304382324,6.870196457461445,,,,
1563,4.745204448699951,6.845882926143667,,,,
1564,4.776033401489258,6.8903597034486,,,,
1565,4.760210037231445,6.8675314143036745,,,,
1566,4.786389350891113,6.905300180294354,,,,
1567,4.841087818145752,6.984213387746848,,,,
1568,4.792622089385986,6.914292121212065,,,,
1569,4.820825099945068,6.954980464683792,,,,
1570,4.784554481506348,6.902653023332274,,,,
1571,4.795877933502197,6.91898931137243,,,,
1572,4.749941825866699,6.852717516688956,,,,
1573,4.777597427368164,6.89261611582792,,,,
1574,4.748599052429199,6.8507803041096365,,,,
1575,4.747348308563232,6.848975862136784,,,,
1576,4.718331813812256,6.80711390905557,,,,
1577,4.7429633140563965,6.842649652307447,,,,
1578,4.6236066818237305,6.670454430888172,,,,
1579,4.678068161010742,6.749025736830751,,,,
1580,4.701429843902588,6.7827295208856375,,,,
1581,4.776032447814941,6.890358327587393,,,,
1582,4.776742935180664,6.8913833441865355,,,,
1583,4.7646098136901855,6.8738789499817186,,,,
1584,4.753167152404785,6.8573706792907,,,,
1585,4.6532416343688965,6.713208629962062,,,,
1586,4.742318153381348,6.841718882200977,,,,
1587,4.761843204498291,6.869887576620495,,,,
1588,4.843749523162842,6.988053416375314,,,,
1589,4.733306407928467,6.828717681726352,,,,
1590,4.768484115600586,6.87946838613476,,,,
1591,4.626873016357422,6.675166755521812,,,,
1592,4.699877738952637,6.780490306771403,,,,
1593,4.826159954071045,6.962677032275204,,,,
1594,4.765939235687256,6.875796900504141,,,,
1595,4.758858680725098,6.865581818973493,,,,
1596,4.786960601806641,6.9061243211572885,,,,
1597,4.7945427894592285,6.917063105682766,,,,
1598,4.660825729370117,6.724150166209954,,,,
1599,4.795408725738525,6.918312387658634,,,,
1600,4.830050945281982,6.968290545999366,4.812883758544922,6.943523530827795,,
1601,4.71552038192749,6.803057870217621,,,,
1602,4.731318473815918,6.825849699040564,,,,
1603,4.682709217071533,6.755721365394142,,,,
1604,4.7367167472839355,6.833637761402235,,,,
1605,4.7144575119018555,6.801524472902528,,,,
1606,4.710380554199219,6.79564266624302,,,,
1607,4.767945289611816,6.87869102455286,,,,
1608,4.827816486358643,6.965066903191594,,,,
1609,4.643324851989746,6.698901737202087,,,,
1610,4.728506565093994,6.821792972272012,,,,
1611,4.796570777893066,6.919988874539245,,,,
1612,4.733357906341553,6.828791978231525,,,,
1613,4.788449287414551,6.908272040501263,,,,
1614,4.7356648445129395,6.832120186491022,,,,
1615,4.674128532409668,6.743342054185037,,,,
1616,4.653258800506592,6.713233395463787,,,,
1617,4.761148452758789,6.868885261731267,,,,
1618,4.730418682098389,6.824551573991852,,,,
1619,4.734048843383789,6.829788789675925,,,,
1620,4.895212650299072,7.062299014683391,,,,
1621,4.834991931915283,6.975418882912328,,,,
1622,4.715620040893555,6.803201647713743,,,,
1623,4.803342819213867,6.929758864969459,,,,
1624,4.850677967071533,6.99804904804346,,,,
1625,4.804249286651611,6.93106662104662,,,,
1626,4.794013023376465,6.9162988147823325,,,,
1627,4.681105136871338,6.753407166844132,,,,
1628,4.815977096557617,6.947986274238503,,,,
1629,4.776461601257324,6.890977465130499,,,,
1630,4.726846694946289,6.819398285841398,,,,
1631,4.826470851898193,6.963125563028655,,,,
1632,4.82118034362793,6.955492972983363,,,,
1633,4.8649001121521,7.0185672662219964,,,,
1634,4.810685634613037,6.940352308332005,,,,
1635,4.822228908538818,6.9570057323803525,,,,
1636,4.7540788650512695,6.8586860026044985,,,,
1637,4.791210174560547,6.912255158695246,,,,
1638,4.742640972137451,6.842184611219514,,,,
1639,4.8078932762146,6.936323786718194,,,,
1640,4.68953275680542,6.765565652329529,,,,
1641,4.664669990539551,6.729696262734978,,,,
1642,4.749324798583984,6.85182733448809,,,,
1643,4.7515058517456055,6.854973929068276,,,,
1644,4.72387170791626,6.815106286806466,,,,
1645,4.822443962097168,6.957315989082509,,,,
1646,4.805778980255127,6.933273502422492,,,,
1647,4.7251434326171875,6.816940997725871,,,,
1648,4.746689796447754,6.848025829973418,,,,
1649,4.779107570648193,6.89479479204905,,,,
1650,4.722762107849121,6.813505472292235,,,,
1651,4.645750522613525,6.702401240181843,,,,
1652,4.720134258270264,6.809714286736615,,,,
1653,4.699471950531006,6.7799048778278665,,,,
1654,4.774387359619141,6.887984967005487,,,,
1655,4.785982608795166,6.90471337548961,,,,
1656,4.753220081329346,6.857447039587683,,,,
1657,4.769618034362793,6.8811042851097675,,,,
1658,4.676231384277344,6.746375828146257,,,,
1659,4.767584323883057,6.878170261086048,,,,
1660,4.757806301116943,6.8640635561316765,,,,
1661,4.753787517547607,6.8582656770057895,,,,
1662,4.7858805656433105,6.904566158340471,,,,
1663,4.675644874572754,6.745529673504012,,,,
1664,4.710376739501953,6.795637162798193,,,,
1665,4.7440996170043945,6.844288990935471,,,,
1666,4.769372463226318,6.88075000084899,,,,
1667,4.741182327270508,6.840080231503556,,,,
1668,4.770233631134033,6.881992403518822,,,,
1669,4.65592622756958,6.7170816792594925,,,,
1670,4.784852504730225,6.90308297995943,,,,
1671,4.77810001373291,6.893341194683957,,,,
1672,4.7757391929626465,6.88993525026627,,,,
1673,4.747701168060303,6.849484930783338,,,,
1674,4.743984222412109,6.844122511729435,,,,
1675,4.816253185272217,6.948384586057902,,,,
1676,4.813755989074707,6.944781893487627,,,,
1677,4.780535697937012,6.896855144206387,,,,
1678,4.722094535827637,6.812542369447403,,,,
1679,4.6699090003967285,6.737254556275096,,,,
1680,4.748824119567871,6.851105007354466,,,,
1681,4.707887172698975,6.792045477117574,,,,
1682,4.6825079917907715,6.755431058679485,,,,
1683,4.764057636260986,6.873082326342923,,,,
1684,4.699396133422852,6.779795496861918,,,,
1685,4.62669563293457,6.674910845337329,,,,
1686,4.750484943389893,6.853501069646287,,,,
1687,4.715487957000732,6.803011090936587,,,,
1688,4.740137577056885,6.838572975551394,,,,
1689,4.7755656242370605,6.889684843526615,,,,
1690,4.829967498779297,6.968170158143762,,,,
1691,4.675719738006592,6.7456376786087535,,,,
1692,4.7309489250183105,6.82531655282289,,,,
1693,4.703038215637207,6.785049910811078,,,,
1694,4.6426825523376465,6.697975094679238,,,,
1695,4.720959663391113,6.810905094611189,,,,
1696,4.7634711265563965,6.872236171700677,,,,
1697,4.7719244956970215,6.884431805438661,,,,
1698,4.7437310218811035,6.843757220579003,,,,
1699,4.83651065826416,6.97760994188432,,,,
1700,4.720190525054932,6.8097954625478225,,,,
1701,4.674692153930664,6.744155188158316,,,,
1702,4.732492923736572,6.827544072116864,,,,
1703,4.713772773742676,6.8005366045559725,,,,
1704,4.675603866577148,6.7454705114721145,,,,
1705,4.715277671813965,6.802707713540465,,,,
1706,4.726247310638428,6.81853355707286,,,,
1707,4.731939792633057,6.826746072616861,,,,
1708,4.868504524230957,7.023767333653484,,,,
1709,4.811110019683838,6.940964566569076,,,,
1710,4.771815299987793,6.88427426933047,,,,
1711,4.761760234832764,6.869767876695494,,,,
1712,4.746302604675293,6.847467230323415,,,,
1713,4.67415189743042,6.743375762784606,,,,
1714,4.733918190002441,6.82960029669058,,,,
1715,4.7926201820373535,6.9142893694896514,,,,
1716,4.72883939743042,6.822273147833221,,,,
1717,4.73124361038208,6.825741693935822,,,,
1718,4.817008018493652,6.949473580203165,,,,
1719,4.613945007324219,6.656515581001043,,,,
1720,4.733139991760254,6.828477593945748,,,,
1721,4.768154621124268,6.878993026087775,,,,
1722,4.686142921447754,6.760675153669594,,,,
1723,4.791102886199951,6.912100374309469,,,,
1724,4.6593546867370605,6.722027900298307,,,,
1725,4.7559990882873535,6.861456299144597,,,,
1726,4.791987419128418,6.913376485578872,,,,
1727,4.8401336669921875,6.982836838609343,,,,
1728,4.5796637535095215,6.607058186127123,,,,
1729,4.8262410163879395,6.962793980477791,,,,
1730,4.722121238708496,6.812580893561196,,,,
1731,4.766622543334961,6.876782705058886,,,,
1732,4.69497013092041,6.773410125000683,,,,
1733,4.714116096496582,6.801031914590458,,,,
1734,4.741365432739258,6.840344396855281,,,,
1735,4.708604335784912,6.793080124745164,,,,
1736,4.711963176727295,6.797925907915875,,,,
1737,4.673910617828369,6.743027669899259,,,,
1738,4.69681978225708,6.7760786078114705,,,,
1739,4.60089111328125,6.637682792800962,,,,
1740,4.634547710418701,6.68623899858436,,,,
1741,4.67396879196167,6.743111597432881,,,,
1742,4.636141300201416,6.688538062661094,,,,
1743,4.74228572845459,6.841672102919943,,,,
1744,4.799564361572266,6.924307702867711,,,,
1745,4.801361560821533,6.926900513312119,,,,
1746,4.805579662322998,6.932985947430248,,,,
1747,4.708200931549072,6.792498135454645,,,,
1748,4.783395767211914,6.900981351965887,,,,
1749,4.6958794593811035,6.774722008661465,,,,
1750,4.705840110778809,6.789092191036958,,,,
1751,4.767954349517822,6.878704095234326,,,,
1752,4.632633686065674,6.683477645142107,,,,
1753,4.749256610870361,6.851728960411796,,,,
1754,4.663427829742432,6.7279042035129875,,,,
1755,4.659265518188477,6.721899257275462,,,,
1756,4.654118061065674,6.7144730464112055,,,,
1757,4.677856922149658,6.748720983573422,,,,
1758,4.8210015296936035,6.955234999007069,,,,
1759,4.746109962463379,6.847189306359621,,,,
1760,4.750550270080566,6.853595316138959,,,,
1761,4.784792900085449,6.9029969886339995,,,,
1762,4.673288345336914,6.742129920461756,,,,
1763,4.712792873382568,6.79912290716588,,,,
1764,4.671836853027344,6.74003585970485,,,,
1765,4.702714920043945,6.7845834938619385,,,,
1766,4.751059532165527,6.854330026023445,,,,
1767,4.6052165031433105,6.643923011304867,,,,
1768,4.730597972869873,6.824810235898749,,,,
1769,4.739368915557861,6.837464031418631,,,,
1770,4.717827320098877,6.806386078477118,,,,
1771,4.649359226226807,6.707607498988763,,,,
1772,4.866970539093018,7.021554260902182,,,,
1773,4.763974189758301,6.872961938487318,,,,
1774,4.677364826202393,6.7480110391906605,,,,
1775,4.637394428253174,6.690345944286964,,,,
1776,4.6850361824035645,6.759078466738984,,,,
1777,4.7501349449157715,6.852996128583353,,,,
1778,4.769867897033691,6.881464760745976,,,,
1779,4.789562702178955,6.909878358460322,,,,
1780,4.732826232910156,6.828024935608677,,,,
1781,4.707162857055664,6.791000510530932,,,,
1782,4.831008434295654,6.969671910651097,,,,
1783,4.589827060699463,6.621720739009082,,,,
1784,4.741489887237549,6.840523946742782,,,,
1785,4.704199314117432,6.786725021830482,,,,
1786,4.618724346160889,6.663410709439434,,,,
1787,4.6979498863220215,6.77770900334165,,,,
1788,4.800115585327148,6.925102950645301,,,,
1789,4.786025524139404,6.90477528924392,,,,
1790,4.6663923263549805,6.7321810680746434,,,,
1791,4.753504753112793,6.857857734157943,,,,
1792,4.682433605194092,6.755323741505347,,,,
1793,4.662365913391113,6.726372182059102,,,,
1794,4.753666400909424,6.858090942632513,,,,
1795,4.7320733070373535,6.826938693185827,,,,
1796,4.752203464508057,6.855980371541125,,,,
1797,4.645638942718506,6.702240264420635,,,,
1798,4.600545406341553,6.637184043113459,,,,
1799,4.711716651916504,6.797570247793891,,,,
1800,4.786190032958984,6.905012625302112,4.726110363006592,6.818335983403549,,
1801,4.657654285430908,6.7195747397664,,,,
1802,4.6670637130737305,6.733149674364303,,,,
1803,4.702898979187012,6.7848490350748705,,,,
1804,4.668510913848877,6.735237543745778,,,,
1805,4.7192301750183105,6.808409970312471,,,,
1806,4.727192401885986,6.819897035528901,,,,
1807,4.638644218444824,6.69214901039861,,,,
1808,4.7655863761901855,6.8752878318575865,,,,
1809,4.682031154632568,6.754743128076034,,,,
1810,4.826803207397461,6.96360505065926,,,,
1811,4.711096286773682,6.796675250078801,,,,
1812,4.792002201080322,6.913397811427578,,,,
1813,4.677597522735596,6.748346749325145,,,,
1814,4.656454086303711,6.717843218437514,,,,
1815,4.674313545227051,6.743608971259175,,,,
1816,4.675607204437256,6.745475326986339,,,,
1817,4.7557525634765625,6.861100639022612,,,,
1818,4.694223880767822,6.772333513606282,,,,
1819,4.657646656036377,6.719563732876745,,,,
1820,4.661427021026611,6.725017646700906,,,,
1821,4.7660932540893555,6.876019102089056,,,,
1822,4.695784091949463,6.774584422540775,,,,
1823,4.792916297912598,6.914716574394395,,,,
1824,4.575587749481201,6.601177755328822,,,,
1825,4.7622480392456055,6.870471629702825,,,,
1826,4.692748546600342,6.770205056319204,,,,
1827,4.649316310882568,6.707545585234452,,,,
1828,4.70058536529541,6.781511195786925,,,,
1829,4.666575908660889,6.732445921356972,,,,
1830,4.613142490386963,6.655357793795434,,,,
1831,4.70037841796875,6.781212633905027,,,,
1832,4.765120506286621,6.874615723658015,,,,
1833,4.740329265594482,6.838849523653982,,,,
1834,4.680305480957031,6.752253507222144,,,,
1835,4.719099998474121,6.80822216525773,,,,
1836,4.722452640533447,6.8130590053305955,,,,
1837,4.735105037689209,6.83131255596257,,,,
1838,4.659760475158691,6.722613329241844,,,,
1839,4.664863109588623,6.7299748746293755,,,,
1840,4.729987621307373,6.823929684726331,,,,
1841,4.664393901824951,6.72929795091558,,,,
1842,4.693164825439453,6.7708056197360165,,,,
1843,4.652705669403076,6.712435395963783,,,,
1844,4.586504936218262,6.616927926494838,,,,
1845,4.607093334197998,6.646630706160051,,,,
1846,4.672056198120117,6.740352307782437,,,,
1847,4.682713985443115,6.755728244700176,,,,
1848,4.770395278930664,6.882225611993393,,,,
1849,4.744860649108887,6.845386928178579,,,,
1850,4.839701175689697,6.982212885552013,,,,
1851,4.665145397186279,6.730382129546619,,,,
1852,4.616238594055176,6.659824527203643,,,,
1853,4.727839469909668,6.820830557357784,,,,
1854,4.609356880187988,6.649896312734635,,,,
1855,4.665075778961182,6.730281691678515,,,,
1856,4.630031108856201,6.67972291990847,,,,
1857,4.633838176727295,6.685215357846425,,,,
1858,4.680790424346924,6.752953132645854,,,,
1859,4.6492228507995605,6.707410750836175,,,,
1860,4.777654647827148,6.892698667500334,,,,
1861,4.632604598999023,6.683435681375296,,,,
1862,4.61649227142334,6.660190506284679,,,,
1863,4.632068634033203,6.682662447377017,,,,
1864,4.675238132476807,6.744942868699268,,,,
1865,4.615457534790039,6.65869769687519,,,,
1866,4.703413486480713,6.7855913121959945,,,,
1867,4.751010894775391,6.854259857101893,,,,
1868,4.7948737144470215,6.9175405295215615,,,,
1869,4.63857889175415,6.6920547639059365,,,,
1870,4.625844955444336,6.673683577140771,,,,
1871,4.631890296936035,6.682405161331326,,,,
1872,4.696576118469238,6.775727075273107,,,,
1873,4.748699188232422,6.850924769536362,,,,
1874,4.642307758331299,6.697434381224926,,,,
1875,4.753150939941406,6.857347289650182,,,,
1876,4.75492525100708,6.859907079425624,,,,
1877,4.81649112701416,6.948727863429023,,,,
1878,4.6991496086120605,6.779439836739933,,,,
1879,4.696697235107422,6.775901809646384,,,,
1880,4.659533977508545,6.722286562205205,,,,
1881,4.6577959060668945,6.719779055155625,,,,
1882,4.854264259338379,7.003222974112017,,,,
1883,4.566689491271973,6.5883402823378185,,,,
1884,4.6286091804504395,6.677671510848978,,,,
1885,4.747529029846191,6.849236587835492,,,,
1886,4.684948444366455,6.758951887507949,,,,
1887,4.634684085845947,6.686435746736947,,,,
1888,4.748680591583252,6.8508979402428265,,,,
1889,4.646763324737549,6.703862404783574,,,,
1890,4.736258029937744,6.832975972161715,,,,
1891,4.731532096862793,6.82615789195091,,,,
1892,4.769195556640625,6.880494778595109,,,,
1893,4.6886701583862305,6.764321185867885,,,,
1894,4.674855709075928,6.7443911483553,,,,
1895,4.667304992675781,6.733497767249649,,,,
1896,4.651564121246338,6.71078849009912,,,,
1897,4.680436611175537,6.7524426881380935,,,,
1898,4.646157741546631,6.70298873291719,,,,
1899,4.722291469573975,6.812826484786629,,,,
1900,4.5943427085876465,6.628235441823766,,,,
1901,4.6788859367370605,6.75020553781567,,,,
1902,4.63981294631958,6.6938351283076685,,,,
1903,4.698332786560059,6.778261411616222,,,,
1904,4.750622272491455,6.853699193660081,,,,
1905,4.6702399253845215,6.7377319801138915,,,,
1906,4.674997806549072,6.744596151675128,,,,
1907,4.684802532196045,6.758741380743293,,,,
1908,4.59678840637207,6.631763837888867,,,,
1909,4.628125190734863,6.676973261286475,,,,
1910,4.7266082763671875,6.8190543205396725,,,,
1911,4.629528999328613,6.678998528983036,,,,
1912,4.65614128112793,6.71739193596165,,,,
1913,4.659246444702148,6.7218717400513235,,,,
1914,4.759459972381592,6.8664492994644455,,,,
1915,4.73171329498291,6.826419305580221,,,,
1916,4.614648342132568,6.657530278641133,,,,
1917,4.670450210571289,6.738035357510014,,,,
1918,4.753140449523926,6.857332155176906,,,,
1919,4.697935581207275,6.777688365423546,,,,
1920,4.700967311859131,6.78206222820029,,,,
1921,4.590426445007324,6.622585467777621,,,,
1922,4.552202224731445,6.567439574743763,,,,
1923,4.631557464599609,6.6819249857701175,,,,
1924,4.717714309692383,6.8062230389241005,,,,
1925,4.801339626312256,6.926868868504361,,,,
1926,4.76326322555542,6.871936233957572,,,,
1927,4.749354362487793,6.851869986185504,,,,
1928,4.769474506378174,6.880897217998128,,,,
1929,4.610006332397461,6.650833274216535,,,,
1930,4.729743957519531,6.823578152187968,,,,
1931,4.686875343322754,6.761731815076495,,,,
1932,4.594360828399658,6.628261583186697,,,,
1933,4.652352333068848,6.711925639386625,,,,
1934,4.633625030517578,6.684907852866682,,,,
1935,4.6171441078186035,6.661130907419597,,,,
1936,4.6903533935546875,6.766749580898068,,,,
1937,4.684101104736328,6.757729434825616,,,,
1938,4.7010626792907715,6.78219981432098,,,,
1939,4.715581893920898,6.803146613265466,,,,
1940,4.671727657318115,6.73987832359666,,,,
1941,4.730692386627197,6.824946446158233,,,,
1942,4.620192050933838,6.665528159836857,,,,
1943,4.553886890411377,6.569870033565756,,,,
1944,4.69279146194458,6.770266970073514,,,,
1945,4.605240345001221,6.64395740783504,,,,
1946,4.631858825683594,6.682359757911499,,,,
1947,4.648536205291748,6.706420130767206,,,,
1948,4.543611526489258,6.555045816991986,,,,
1949,4.6147918701171875,6.657737345752772,,,,
1950,4.617571830749512,6.661747981170893,,,,
1951,4.672562122344971,6.7410822021526995,,,,
1952,4.631450176239014,6.6817702013843405,,,,
1953,4.645925045013428,6.702653022782706,,,,
1954,4.74965763092041,6.8523075100492985,,,,
1955,4.683313846588135,6.756593661399318,,,,
1956,4.73602294921875,6.832636822374214,,,,
1957,4.637194633483887,6.690057701364118,,,,
1958,4.626931667327881,6.675251370986037,,,,
1959,4.6639862060546875,6.728709770249629,,,,
1960,4.491298198699951,6.479573638417954,,,,
1961,4.579954624176025,6.607477823795228,,,,
1962,4.724429607391357,6.815911165612504,,,,
1963,4.669005393981934,6.735950927781556,,,,
1964,4.6335601806640625,6.684814294304613,,,,
1965,4.6766252517700195,6.746944058824707,,,,
1966,4.628335475921631,6.6772766386825975,,,,
1967,4.700936794281006,6.7820182006416685,,,,
1968,4.686830520629883,6.761667149599771,,,,
1969,4.607612609863281,6.6473798625872105,,,,
1970,4.760383605957031,6.86778182104333,,,,
1971,4.6249470710754395,6.672388203814473,,,,
1972,4.721683979034424,6.811950061197832,,,,
1973,4.690386772155762,6.76679773604031,,,,
1974,4.73521614074707,6.831472843793175,,,,
1975,4.619749546051025,6.664889760236854,,,,
1976,4.694925308227539,6.773345459523958,,,,
1977,4.633731842041016,6.685061949321855,,,,
1978,4.606575965881348,6.6458843014553075,,,,
1979,4.713074207305908,6.7995287862219165,,,,
1980,4.586745262145996,6.617274643518977,,,,
1981,4.658555030822754,6.720874240676319,,,,
1982,4.6232194900512695,6.669895831238169,,,,
1983,4.53820276260376,6.547242620157038,,,,
1984,4.770298480987549,6.882085962080892,,,,
1985,4.6975836753845215,6.7771806726382,,,,
1986,4.650827407836914,6.709725637316788,,,,
1987,4.692418575286865,6.769729008341615,,,,
1988,4.680816173553467,6.75299028089844,,,,
1989,4.678165912628174,6.7491667626044585,,,,
1990,4.69106912612915,6.767782164733848,,,,
1991,4.7253899574279785,6.817296657847855,,,,
1992,4.663583278656006,6.728128468889713,,,,
1993,4.674550533294678,6.743950872769091,,,,
1994,4.604395389556885,6.642738394805725,,,,
1995,4.729546546936035,6.823293348918139,,,,
1996,4.626150608062744,6.6741245406575835,,,,
1997,4.639693737030029,6.693663145656806,,,,
1998,4.6877827644348145,6.763040947014863,,,,
1999,4.667302131652832,6.733493639666029,,,,
2000,4.7033162117004395,6.78545097435289,4.656856060028076,6.7184231439362225,,
2001,4.545898914337158,6.558345820096741,,,,
2002,4.646498680114746,6.703480603298658,,,,
2003,4.560111045837402,6.578849591732605,,,,
2004,4.604089260101318,6.642296743358309,,,,
2005,4.574433326721191,6.599512275337866,,,,
2006,4.6407880783081055,6.695241946391726,,,,
2007,4.584206581115723,6.613612100986203,,,,
2008,4.611062049865723,6.652356352572577,,,,
2009,4.647614479064941,6.705090360910734,,,,
2010,4.657139778137207,6.718832462645276,,,,
2011,4.72100830078125,6.810975263532741,,,,
2012,4.600081920623779,6.636515374566905,,,,
2013,4.722224235534668,6.812729486571542,,,,
2014,4.62741231918335,6.675944805034316,,,,
2015,4.579163074493408,6.606335858993499,,,,
2016,4.6603169441223145,6.723416144256071,,,,
2017,4.707317352294922,6.79122340004645,,,,
2018,4.722501754760742,6.813129862182751,,,,
2019,4.586231231689453,6.616533054328457,,,,
2020,4.679980278015137,6.75178433855059,,,,
2021,4.674814701080322,6.744331986323403,,,,
2022,4.616112232208252,6.659642225593728,,,,
2023,4.687287330627441,6.762326187117877,,,,
2024,4.647898197174072,6.705499679619788,,,,
2025,4.720713138580322,6.8105494344892055,,,,
2026,4.691996097564697,6.769119501826958,,,,
2027,4.653678894042969,6.713839462325427,,,,
2028,4.686316013336182,6.760924872478647,,,,
2029,4.714831352233887,6.802063810495634,,,,
2030,4.682127475738525,6.754882090057931,,,,
2031,4.626612186431885,6.674790457481724,,,,
2032,4.641777515411377,6.696669402393888,,,,
2033,4.680177211761475,6.752068453889816,,,,
2034,4.763916015625,6.8728780109536975,,,,
2035,4.607532024383545,6.647263602315227,,,,
2036,4.614980220794678,6.658009078341135,,,,
2037,4.603801250457764,6.641881233273825,,,,
2038,4.6844000816345215,6.75816076731398,,,,
2039,4.614744186401367,6.657668552692427,,,,
2040,4.650766372680664,6.709637582199547,,,,
2041,4.784440040588379,6.902487919987445,,,,
2042,4.687849998474121,6.76313794522995,,,,
2043,4.6282057762146,6.677089521558458,,,,
2044,4.650150299072266,6.708748775859888,,,,
2045,4.606728553771973,6.646104439248411,,,,
2046,4.656344413757324,6.717684994398719,,,,
2047,4.517180442810059,6.516913823642684,,,,
2048,4.662113666534424,6.726008266769876,,,,
2049,4.679184913635254,6.750636870304033,,,,
2050,4.610916614532471,6.652146533738524,,,,
2051,4.650415897369385,6.70913195320601,,,,
2052,4.65797233581543,6.720033589478902,,,,
2053,4.629469871520996,6.678913225588208,,,,
2054,4.616355895996094,6.659993758132092,,,,
2055,4.62662935256958,6.674815222983449,,,,
2056,4.628872871398926,6.678051936472687,,,,
2057,4.566636085510254,6.588263234110232,,,,
2058,4.727067470550537,6.819716797710796,,,,
2059,4.64457368850708,6.700703427452526,,,,
2060,4.561535835266113,6.580905128375718,,,,
2061,4.60227632522583,6.639681231203987,,,,
2062,4.634270191192627,6.685838622973152,,,,
2063,4.673390865325928,6.742277825541498,,,,
2064,4.712148189544678,6.798192824990014,,,,
2065,4.609525203704834,6.650139152237653,,,,
2066,4.592143535614014,6.625062705880649,,,,
2067,4.530069828033447,6.535509275784574,,,,
2068,4.656886577606201,6.718467171494844,,,,
2069,4.542716026306152,6.553753883318704,,,,
2070,4.646108627319336,6.702917876065035,,,,
2071,4.685450553894043,6.759676278433383,,,,
2072,4.6068549156188965,6.646286740858326,,,,
2073,4.619372367858887,6.664345607129524,,,,
2074,4.622720241546631,6.669175567896356,,,,
2075,4.626275539398193,6.674304778475688,,,,
2076,4.662120819091797,6.726018585728927,,,,
2077,4.518342018127441,6.518589622592691,,,,
2078,4.635768413543701,6.688000100929195,,,,
2079,4.580206394195557,6.607841051153851,,,,
2080,4.534695148468018,6.542182202638051,,,,
2081,4.563920974731445,6.58434615725418,,,,
2082,4.678196430206299,6.74921079016308,,,,
2083,4.72531795501709,6.817192780326733,,,,
2084,4.585967063903809,6.616151940774145,,,,
2085,4.680913925170898,6.753131306672148,,,,
2086,4.662591934204102,6.726698261165137,,,,
2087,4.603480815887451,6.641418943908305,,,,
2088,4.6872382164001465,6.762255330265721,,,,
2089,4.576646327972412,6.602704961268484,,,,
2090,4.569870948791504,6.592930155324045,,,,
2091,4.538242816925049,6.547300406327728,,,,
2092,4.702982425689697,6.784969422930474,,,,
2093,4.531981945037842,6.538267877504413,,,,
2094,4.5901265144348145,6.62215275942805,,,,
2095,4.670412063598633,6.737980323061738,,,,
2096,4.581370830535889,6.609520977687478,,,,
2097,4.546542167663574,6.559273838480797,,,,
2098,4.598615646362305,6.6343999879612925,,,,
2099,4.553064346313477,6.568683353274802,,,,
2100,4.61674165725708,6.660550293990284,,,,
2101,4.608338832855225,6.648427580896266,,,,
2102,4.584527969360352,6.614075766212929,,,,
2103,4.578280925750732,6.605063187377114,,,,
2104,4.5692877769470215,6.592088816196024,,,,
2105,4.603024959564209,6.640761282251406,,,,
2106,4.6220316886901855,6.668182196104972,,,,
2107,4.576083660125732,6.601893203156411,,,,
2108,4.615316867828369,6.658494757347172,,,,
2109,4.635241508483887,6.6872399376123814,,,,
2110,4.659389972686768,6.722078807162963,,,,
2111,4.637996673583984,6.6912148006391226,,,,
2112,4.53972864151001,6.549443998088082,,,,
2113,4.629732608795166,6.67929227535071,,,,
2114,4.529135704040527,6.534161619732413,,,,
2115,4.625604629516602,6.673336860116632,,,,
2116,4.5580644607543945,6.575896993582592,,,,
2117,4.6201558113098145,6.665475877110995,,,,
2118,4.577833652496338,6.604417908471077,,,,
2119,4.704927444458008,6.787775491861952,,,,
2120,4.687985420227051,6.7633333175213295,,,,
2121,4.579765319824219,6.607204715345658,,,,
2122,4.613025665283203,6.655189250797589,,,,
2123,4.643919467926025,6.699759586664591,,,,
2124,4.59453821182251,6.628517493371181,,,,
2125,4.624037742614746,6.671076320153691,,,,
2126,4.556262016296387,6.573296615901547,,,,
2127,4.593738555908203,6.627363833749193,,,,
2128,4.500873565673828,6.493387972865858,,,,
2129,4.533954620361328,6.541113846410891,,,,
2130,4.57570743560791,6.601350425910288,,,,
2131,4.620528697967529,6.666013838842893,,,,
2132,4.732446670532227,6.827477342848329,,,,
2133,4.696930408477783,6.776238207711471,,,,
2134,4.609017848968506,6.649407194075581,,,,
2135,4.580106735229492,6.607697273657729,,,,
2136,4.583240032196045,6.612217665653008,,,,
2137,4.616148471832275,6.659694508319591,,,,
2138,4.663033485412598,6.727335284903933,,,,
2139,4.601438522338867,6.638472537133723,,,,
2140,4.52419900894165,6.527039474194882,,,,
2141,4.576010227203369,6.601787261843479,,,,
2142,4.5255656242370605,6.529011083304374,,,,
2143,4.639245986938477,6.693017178820165,,,,
2144,4.625665664672852,6.673424915233874,,,,
2145,4.6420392990112305,6.697047076295182,,,,
2146,4.71732234954834,6.805657559968063,,,,
2147,4.666052341461182,6.731690573554383,,,,
2148,4.563577651977539,6.583850847219695,,,,
2149,4.642547607421875,6.697780410318462,,,,
2150,4.582207679748535,6.610728295896536,,,,
2151,4.586808204650879,6.6173654503586326,,,,
2152,4.547580718994141,6.560772151335113,,,,
2153,4.603888034820557,6.642006436643652,,,,
2154,4.638898849487305,6.692516365340852,,,,
2155,4.496135234832764,6.486552006459363,,,,
2156,4.5805158615112305,6.60828751811549,,,,
2157,4.565929889678955,6.58724440888652,,,,
2158,4.515315532684326,6.514223327052585,,,,
2159,4.671066761016846,6.7389248517802764,,,,
2160,4.63722562789917,6.6901024168533425,,,,
2161,4.614753246307373,6.657681623373892,,,,
2162,4.606537818908691,6.645829267007031,,,,
2163,4.588804721832275,6.6202458157952835,,,,
2164,4.6303935050964355,6.680245747167093,,,,
2165,4.61469030380249,6.657590816534237,,,,
2166,4.56406831741333,6.584558727810647,,,,
2167,4.614892959594727,6.657883187040704,,,,
2168,4.515328884124756,6.514242589109482,,,,
2169,4.561950206756592,6.581502940070116,,,,
2170,4.642479419708252,6.697682036242168,,,,
2171,4.627211570739746,6.675655186250263,,,,
2172,4.58420467376709,6.613609349263789,,,,
2173,4.506072998046875,6.500889168165891,,,,
2174,4.566531181335449,6.588111889377473,,,,
2175,4.667792320251465,6.734200832326377,,,,
2176,4.589711666107178,6.621554259803047,,,,
2177,4.63196325302124,6.682510414713654,,,,
2178,4.531551361083984,6.537646676169497,,,,
2179,4.514308929443359,6.5127711055487,,,,
2180,4.61496639251709,6.657989128353635,,,,
2181,4.632505893707275,6.683293279740382,,,,
2182,4.5181884765625,6.51836810893838,,,,
2183,4.572042942047119,6.596063679222765,,,,
2184,4.581584930419922,6.609829858528428,,,,
2185,4.575506210327148,6.6010601191956315,,,,
2186,4.441328525543213,6.407482638759885,,,,
2187,4.581793785095215,6.61013117213274,,,,
2188,4.618649482727051,6.663302704334693,,,,
2189,4.6520676612854,6.711514944816365,,,,
2190,4.501699447631836,6.494579468671036,,,,
2191,4.565367698669434,6.586433338705051,,,,
2192,4.566385269165039,6.5879013826128165,,,,
2193,4.69180965423584,6.768850520961008,,,,
2194,4.539278984069824,6.548795279529028,,,,
2195,4.708927631378174,6.793546541694305,,,,
2196,4.4477314949035645,6.416720170903028,,,,
2197,4.565347194671631,6.586403757689103,,,,
2198,4.561677932739258,6.581110131695546,,,,
2199,4.659668445587158,6.722480558635378,,,,
2200,4.6496968269348145,6.7080945538560055,4.622376346588135,6.668679432345147,,
2201,4.624828815460205,6.672217597024817,,,,
2202,4.5636796951293945,6.583998064368834,,,,
2203,4.543772220611572,6.555277649605348,,,,
2204,4.600903511047363,6.6377006789966515,,,,
2205,4.587698936462402,6.6186505047258795,,,,
2206,4.693185806274414,6.770835888682568,,,,
2207,4.605898857116699,6.6449074399984065,,,,
2208,4.591400623321533,6.6239909100004715,,,,
2209,4.637984275817871,6.691196914443433,,,,
2210,4.419403553009033,6.375851589613197,,,,
2211,4.616282939910889,6.659888504749764,,,,
2212,4.578829288482666,6.605854307571083,,,,
2213,4.6152262687683105,6.658364050532516,,,,
2214,4.566155433654785,6.587569800061953,,,,
2215,4.520270347595215,6.521371613953048,,,,
2216,4.559238433837891,6.577590678728289,,,,
2217,4.670334815979004,6.737868878303979,,,,
2218,4.597735404968262,6.633130068067321,,,,
2219,4.564864158630371,6.585706883987807,,,,
2220,4.557569980621338,6.575183609546813,,,,
2221,4.633127689361572,6.684190341247282,,,,
2222,4.5513458251953125,6.566204051379964,,,,
2223,4.580846309661865,6.608764254023682,,,,
2224,4.636011600494385,6.688350945536955,,,,
2225,4.573569297790527,6.598265745084412,,,,
2226,4.494548797607422,6.484263261341681,,,,
2227,4.595429420471191,6.629803235669031,,,,
2228,4.57299280166626,6.59743403698484,,,,
2229,4.596188545227051,6.630898421189725,,,,
2230,4.594294548034668,6.628165960832817,,,,
2231,4.505375862121582,6.499883413623645,,,,
2232,4.593578338623047,6.627132689066434,,,,
2233,4.469134330749512,6.447597936038937,,,,
2234,4.5568976402282715,6.574213627395947,,,,
2235,4.626417636871338,6.674509781795517,,,,
2236,4.680160999298096,6.752045064249298,,,,
2237,4.564248085021973,6.584818077648148,,,,
2238,4.587761402130127,6.618740623634932,,,,
2239,4.561249256134033,6.580491682083043,,,,
2240,4.537898540496826,6.546803720432036,,,,
2241,4.583657264709473,6.612819604931027,,,,
2242,4.661705017089844,6.725418710242718,,,,
2243,4.536279678344727,6.5444681960333195,,,,
2244,4.579953193664551,6.6074757600034175,,,,
2245,4.548068523406982,6.561475904342444,,,,
2246,4.60249662399292,6.639999055142781,,,,
2247,4.694018840789795,6.772037703446798,,,,
2248,4.58316707611084,6.61211241227068,,,,
2249,4.573302745819092,6.597881191877083,,,,
2250,4.514976501464844,6.513734208393532,,,,
2251,4.626706123352051,6.674925979810604,,,,
2252,4.65714168548584,6.71883521436769,,,,
2253,4.5797810554504395,6.607227417055572,,,,
2254,4.641390323638916,6.696110802743886,,,,
2255,4.4930219650268555,6.48206050754943,,,,
2256,4.579365253448486,6.606627541569362,,,,
2257,4.482020378112793,6.466188572666604,,,,
2258,4.533286094665527,6.540149367704853,,,,
2259,4.4881978034973145,6.475100713634314,,,,
2260,4.600966930389404,6.63779217376691,,,,
2261,4.49568510055542,6.485902599969705,,,,
2262,4.566564083099365,6.58815935658911,,,,
2263,4.604104995727539,6.642319445068223,,,,
2264,4.619934558868408,6.665156677310994,,,,
2265,4.606346130371094,6.645552718904444,,,,
2266,4.636718273162842,6.68937045869127,,,,
2267,4.640017509460449,6.694130250536549,,,,
2268,4.5274858474731445,6.531781379844472,,,,
2269,4.5869879722595215,6.6176248001961335,,,,
2270,4.536571979522705,6.544889897493235,,,,
2271,4.587139129638672,6.617842874197428,,,,
2272,4.492984771728516,6.482006848962361,,,,
2273,4.655825614929199,6.716936525902164,,,,
2274,4.587952136993408,6.6190157958763125,,,,
2275,4.615659713745117,6.658989379451053,,,,
2276,4.538580417633057,6.547787461194972,,,,
2277,4.655158996582031,6.715974798918539,,,,
2278,4.525000095367432,6.528195197608681,,,,
2279,4.566394329071045,6.587914453294282,,,,
2280,4.537444114685059,6.546148122566947,,,,
2281,4.669886589050293,6.737222223536734,,,,
2282,4.638126373291016,6.691401917763262,,,,
2283,4.530297756195068,6.535838106613023,,,,
2284,4.513548374176025,6.511673856236196,,,,
2285,4.540043830871582,6.549898720216963,,,,
2286,4.597668170928955,6.633033069852234,,,,
2287,4.576814651489258,6.602947800771502,,,,
2288,4.402057647705078,6.350826738051452,,,,
2289,4.534725666046143,6.542226230196672,,,,
2290,4.585649013519287,6.615693091061643,,,,
2291,4.580505847930908,6.6082730715728175,,,,
2292,4.599219799041748,6.635271596035865,,,,
2293,4.64863395690918,6.706561156540913,,,,
2294,4.522889614105225,6.525150416757805,,,,
2295,4.579082489013672,6.606219598721516,,,,
2296,4.585554122924805,6.615556192871556,,,,
2297,4.531927108764648,6.538188765485017,,,,
2298,4.546550273895264,6.559285533301056,,,,
2299,4.513766765594482,6.511988928452576,,,,
2300,4.5183539390563965,6.518606820857777,,,,
2301,4.592794418334961,6.62600173115436,,,,
2302,4.557076930999756,6.574472289302845,,,,
2303,4.609184741973877,6.6496479697867885,,,,
2304,4.547605991363525,6.560808611657096,,,,
2305,4.5789055824279785,6.605964376467636,,,,
2306,4.590590000152588,6.622821427974604,,,,
2307,4.629135608673096,6.678430986235188,,,,
2308,4.509235382080078,6.505451523927979,,,,
2309,4.512125492095947,6.509621071315497,,,,
2310,4.59912109375,6.6351291944009505,,,,
2311,4.601161956787109,6.638073537383722,,,,
2312,4.52870512008667,6.5335404183974966,,,,
2313,4.663904190063477,6.728591446185836,,,,
2314,4.554205894470215,6.570330259139465,,,,
2315,4.491565227508545,6.479958879555887,,,,
2316,4.555795192718506,6.572623131840768,,,,
2317,4.484428882598877,6.469663310144636,,,,
2318,4.5996856689453125,6.635943704235437,,,,
2319,4.530557155609131,6.536212340861301,,,,
2320,4.489867210388184,6.477509158676996,,,,
2321,4.5574259757995605,6.574975854504571,,,,
2322,4.515931129455566,6.515111445461641,,,,
2323,4.535111427307129,6.542782766054864,,,,
2324,4.4900288581848145,6.477742367151567,,,,
2325,4.5930256843566895,6.626335377497034,,,,
2326,4.604156017303467,6.642393053642792,,,,
2327,4.534632205963135,6.542091395798395,,,,
2328,4.5018086433410645,6.494737004779226,,,,
2329,4.515652656555176,6.514709693989226,,,,
2330,4.5282111167907715,6.532827722292321,,,,
2331,4.469879150390625,6.448672483641528,,,,
2332,4.572319030761719,6.596461991042164,,,,
2333,4.613872528076172,6.656411015549318,,,,
2334,4.6100544929504395,6.6509027552074835,,,,
2335,4.476945400238037,6.458866927254072,,,,
2336,4.554720878601074,6.571073224191192,,,,
2337,4.508931636810303,6.50501331213358,,,,
2338,4.584826946258545,6.614507098701293,,,,
2339,4.534716606140137,6.542213159515206,,,,
2340,4.509707927703857,6.506133263155999,,,,
2341,4.684811592102051,6.758754451424758,,,,
2342,4.577243328094482,6.603566250384005,,,,
2343,4.611732482910156,6.653323583001029,,,,
2344,4.549742698669434,6.563891228691161,,,,
2345,4.526312828063965,6.530089070559981,,,,
2346,4.509456157684326,6.505770035797377,,,,
2347,4.497861862182617,6.48904300317446,,,,
2348,4.503693580627441,6.497456394454669,,,,
2349,4.521280288696289,6.5228286509711575,,,,
2350,4.549042701721191,6.562881346565295,,,,
2351,4.534589767456055,6.542030169974688,,,,
2352,4.5069193840026855,6.5021102449870165,,,,
2353,4.532522678375244,6.539047990808727,,,,
2354,4.510064125061035,6.5066471473167775,,,,
2355,4.5129594802856445,6.510824261940933,,,,
2356,4.50879430770874,6.504815188119787,,,,
2357,4.543563365936279,6.554976336001037,,,,
2358,4.512739658355713,6.510507125932742,,,,
2359,4.6440887451171875,6.7000038020288155,,,,
2360,4.53576135635376,6.543720415467368,,,,
2361,4.572221279144287,6.596320965268456,,,,
2362,4.552731037139893,6.5682024897829905,,,,
2363,4.529041290283203,6.53402540947293,,,,
2364,4.679285049438477,6.750781335730759,,,,
2365,4.527207851409912,6.531380316302659,,,,
2366,4.542695045471191,6.553723614372152,,,,
2367,4.629026889801025,6.678274138057602,,,,
2368,4.578439712524414,6.605292268268063,,,,
2369,4.717430114746094,6.805813032284443,,,,
2370,4.5481719970703125,6.561625185283393,,,,
2371,4.497869491577148,6.489054010064115,,,,
2372,4.535513877868652,6.543363379484177,,,,
2373,4.544384956359863,6.556161640430783,,,,
2374,4.534591197967529,6.5420322337664985,,,,
2375,4.524233341217041,6.527089005198331,,,,
2376,4.550325870513916,6.564732567819182,,,,
2377,4.547535419464111,6.560706797927786,,,,
2378,4.512204647064209,6.50973526779567,,,,
2379,4.534319877624512,6.541640801253135,,,,
2380,4.497931003570557,6.4891427531119605,,,,
2381,4.575260639190674,6.600705834934854,,,,
2382,4.545867443084717,6.558300416676913,,,,
2383,4.500946044921875,6.493492538317583,,,,
2384,4.448460102081299,6.417771328865102,,,,
2385,4.603437900543213,6.641357030153995,,,,
2386,4.481771469116211,6.465829472891602,,,,
2387,4.563229560852051,6.583348657879176,,,,
2388,4.5548882484436035,6.571314687833004,,,,
2389,4.537588596343994,6.546356565539793,,,,
2390,4.505995750427246,6.500777723408131,,,,
2391,4.567778587341309,6.589911515836101,,,,
2392,4.594147682189941,6.627954078206955,,,,
2393,4.544112682342529,6.555768832056213,,,,
2394,4.499213218688965,6.490992598504641,,,,
2395,4.51596212387085,6.515156160950865,,,,
2396,4.564549446105957,6.585252849789529,,,,
2397,4.547580718994141,6.560772151335113,,,,
2398,4.68505334854126,6.759103232240708,,,,
2399,4.5339860916137695,6.541159249830719,,,,
2400,4.614128589630127,6.656780434283371,4.531176662445068,6.537106100301305,,
2401,4.583264350891113,6.612252750113783,,,,
2402,4.564667701721191,6.585423456579185,,,,
2403,4.591777801513672,6.6245350631078015,,,,
2404,4.512408256530762,6.510029014163344,,,,
2405,4.568047523498535,6.5902995086964475,,,,
2406,4.451303958892822,6.421874146984085,,,,
2407,4.584463596343994,6.613982895581463,,,,
2408,4.474224090576172,6.454940907300176,,,,
2409,4.484195709228516,6.469326912079548,,,,
2410,4.429207801818848,6.389996130750759,,,,
2411,4.596749782562256,6.631708115509988,,,,
2412,4.582699775695801,6.611438240279297,,,,
2413,4.560817718505859,6.57986910488692,,,,
2414,4.547453880310059,6.560589161794596,,,,
2415,4.465510845184326,6.442370351383311,,,,
2416,4.407998561859131,6.359397665439851,,,,
2417,4.546814441680908,6.5596666468553675,,,,
2418,4.4706292152404785,6.449754598480757,,,,
2419,4.454384803771973,6.426318866612983,,,,
2420,4.587858200073242,6.618880273547433,,,,
2421,4.43577241897583,6.399466871368472,,,,
2422,4.562587261199951,6.582422015356327,,,,
2423,4.489635467529297,6.477174824403719,,,,
2424,4.43475341796875,6.397996763668896,,,,
2425,4.542076110839844,6.5528306804488725,,,,
2426,4.525447845458984,6.528841164445321,,,,
2427,4.521509170532227,6.523158857660814,,,,
2428,4.5375871658325195,6.546354501747983,,,,
2429,4.506875991821289,6.502047643302102,,,,
2430,4.473762035369873,6.454274302545431,,,,
2431,4.480257034301758,6.46364460529504,,,,
2432,4.532774448394775,6.539411218167349,,,,
2433,4.497173309326172,6.488049631383077,,,,
2434,4.579219341278076,6.606417034804706,,,,
2435,4.51227331161499,6.509834329802567,,,,
2436,4.5362229347229,6.544386332291508,,,,
2437,4.578979015350342,6.606070317780567,,,,
2438,4.533807754516602,6.540901963785028,,,,
2439,4.515239715576172,6.514113946086637,,,,
2440,4.518868923187256,6.519349785909505,,,,
2441,4.4713358879089355,6.450774111635072,,,,
2442,4.560981273651123,6.580105065083903,,,,
2443,4.590956211090088,6.623349758678055,,,,
2444,4.573395729064941,6.598015338344757,,,,
2445,4.614779472351074,6.657719459557082,,,,
2446,4.404411792755127,6.354223051440691,,,,
2447,4.490904808044434,6.4790060956701065,,,,
2448,4.475989818572998,6.457488314324755,,,,
2449,4.508049964904785,6.503741328447799,,,,
2450,4.5318145751953125,6.538026413862602,,,,
2451,4.492284297943115,6.4809962789058915,,,,
2452,4.432662487030029,6.394980187972762,,,,
2453,4.618068695068359,6.662464804859689,,,,
2454,4.410177230834961,6.36254082036702,,,,
2455,4.633594036102295,6.684863137377458,,,,
2456,4.4794158935546875,6.462431095710553,,,,
2457,4.488919734954834,6.476142240567939,,,,
2458,4.531139373779297,6.537052304128115,,,,
2459,4.477673530578613,6.459917397285542,,,,
2460,4.560269355773926,6.579077984692951,,,,
2461,4.590060710906982,6.622057825004774,,,,
2462,4.4637651443481445,6.439851837444076,,,,
2463,4.469529628753662,6.448168230509198,,,,
2464,4.501628875732422,6.494477654941725,,,,
2465,4.514686107635498,6.51331525865603,,,,
2466,4.523214340209961,6.525618897498755,,,,
2467,4.519570827484131,6.5203624197577845,,,,
2468,4.579685688018799,6.607089830934882,,,,
2469,4.422654151916504,6.380541212536925,,,,
2470,4.430863380432129,6.392384625805941,,,,
2471,4.46662712097168,6.443980796925991,,,,
2472,4.485835075378418,6.471692017494213,,,,
2473,4.436032772064209,6.399842481477956,,,,
2474,4.502920150756836,6.496340571015871,,,,
2475,4.622226715087891,6.668463559721784,,,,
2476,4.49006986618042,6.477801529183464,,,,
2477,4.534887313842773,6.542459438671242,,,,
2478,4.494709014892578,6.4844944060244405,,,,
2479,4.4675679206848145,6.4453380840065995,,,,
2480,4.487104415893555,6.4735232887606005,,,,
2481,4.521355628967285,6.522937344006502,,,,
2482,4.491730690002441,6.480197591475284,,,,
2483,4.429196357727051,6.389979620416275,,,,
2484,4.517661094665527,6.517607257690963,,,,
2485,4.451274871826172,6.4218321832172744,,,,
2486,4.538297176361084,6.5473788304165215,,,,
2487,4.571982383728027,6.595976312036127,,,,
2488,4.455190181732178,6.427480781402212,,,,
2489,4.495297431945801,6.4853433123891,,,,
2490,4.4881510734558105,6.475033296435176,,,,
2491,4.431996822357178,6.394019836850345,,,,
2492,4.489159107208252,6.476487581730872,,,,
2493,4.529139995574951,6.534167811107844,,,,
2494,4.492589950561523,6.481437242422704,,,,
2495,4.483608245849609,6.4684793815760955,,,,
2496,4.584277629852295,6.613714602646117,,,,
2497,4.435019016265869,6.398379941015018,,,,
2498,4.558009147644043,6.575817193632592,,,,
2499,4.5002617835998535,6.4925053579016305,,,,
2500,4.484436511993408,6.469674317034291,,,,
2501,4.472174644470215,6.451984181566543,,,,
2502,4.509702205657959,6.506125007988758,,,,
2503,4.602165222167969,6.639520943373383,,,,
2504,4.567885398864746,6.590065612291274,,,,
2505,4.5141072273254395,6.51248011090344,,,,
2506,4.51608943939209,6.515339838421987,,,,
2507,4.508723735809326,6.504713374390476,,,,
2508,4.506650447845459,6.50172225212667,,,,
2509,4.432348728179932,6.394527529635692,,,,
2510,4.3296308517456055,6.246336958693244,,,,
2511,4.423069000244141,6.381139712161927,,,,
2512,4.486095428466797,6.472067627603698,,,,
2513,4.525193214416504,6.528473809503078,,,,
2514,4.518775939941406,6.519215639441831,,,,
2515,4.548459529876709,6.5620400074372744,,,,
2516,4.639096260070801,6.692801168610681,,,,
2517,4.570276737213135,6.593515584267582,,,,
2518,4.595766067504883,6.630288914675067,,,,
2519,4.503873825073242,6.497716432222774,,,,
2520,4.528208255767822,6.5328235947087006,,,,
2521,4.611762046813965,6.653366234698443,,,,
2522,4.4089250564575195,6.3607343146023565,,,,
2523,4.573925018310547,6.598778941314587,,,,
2524,4.430715084075928,6.3921706793882676,,,,
2525,4.509680271148682,6.506093363180999,,,,
2526,4.4919610023498535,6.480529861956751,,,,
2527,4.4952287673950195,6.485244250382203,,,,
2528,4.48827600479126,6.47521353425328,,,,
2529,4.424394607543945,6.383052159239521,,,,
2530,4.450066089630127,6.420088279137525,,,,
2531,4.475503921508789,6.456787313039839,,,,
2532,4.460971355438232,6.435821252038456,,,,
2533,4.478292465209961,6.460810331208822,,,,
2534,4.519433498382568,6.5201642957439905,,,,
2535,4.445573329925537,6.413606596991809,,,,
2536,4.474984169006348,6.4560374686820765,,,,
2537,4.473158359527588,6.453403382401462,,,,
2538,4.421825885772705,6.37934627707873,,,,
2539,4.51069974899292,6.507564158811178,,,,
2540,4.4862213134765625,6.472249241283008,,,,
2541,4.477624416351318,6.459846540433387,,,,
2542,4.591704845428467,6.6244298097254735,,,,
2543,4.435549736022949,6.39914560777666,,,,
2544,4.480372428894043,6.463811084501076,,,,
2545,4.558422088623047,6.576412941535181,,,,
2546,4.520055770874023,6.521062045181495,,,,
2547,4.511606216430664,6.5088719148883385,,,,
2548,4.576535701751709,6.602545361368483,,,,
2549,4.458407402038574,6.432122249183698,,,,
2550,4.433863162994385,6.396712397232252,,,,
2551,4.45812463760376,6.431714306335851,,,,
2552,4.603618144989014,6.641617067922099,,,,
2553,4.6265950202941895,6.67476569198,,,,
2554,4.450705528259277,6.421010794076754,,,,
2555,4.450549125671387,6.420785152838822,,,,
2556,4.494640350341797,6.4843953440175435,,,,
2557,4.459043502807617,6.433039948608702,,,,
2558,4.44325590133667,6.410263254259035,,,,
2559,4.492000102996826,6.480586272266234,,,,
2560,4.497467517852783,6.488474084565406,,,,
2561,4.423411846160889,6.381634334265809,,,,
2562,4.367834091186523,6.30145258278055,,,,
2563,4.4926958084106445,6.48158996301667,,,,
2564,4.471129417419434,6.450476237683777,,,,
2565,4.44232702255249,6.408923165443512,,,,
2566,4.453619480133057,6.425214737994445,,,,
2567,4.480970859527588,6.464674437408407,,,,
2568,4.522606372833252,6.524741785979355,,,,
2569,4.5728960037231445,6.597294387072339,,,,
2570,4.44303560256958,6.40994543032024,,,,
2571,4.409468650817871,6.361518555490291,,,,
2572,4.380014419555664,6.319025082115108,,,,
2573,4.406100273132324,6.356659013707511,,,,
2574,4.418797492980957,6.374977229816211,,,,
2575,4.450045585632324,6.4200586981215775,,,,
2576,4.384557723999023,6.325579684904792,,,,
2577,4.50750732421875,6.502958463421072,,,,
2578,4.529070854187012,6.534068061170344,,,,
2579,4.510162353515625,6.506788861021088,,,,
2580,4.489038944244385,6.476314223218802,,,,
2581,4.5119805335998535,6.509411940412048,,,,
2582,4.473753452301025,6.454261919794569,,,,
2583,4.402998447418213,6.352184025132061,,,,
2584,4.390305519104004,6.3338720003987925,,,,
2585,4.401978015899658,6.350711853640676,,,,
2586,4.446741580963135,6.415292026970263,,,,
2587,4.4785895347595215,6.461238911974772,,,,
2588,4.467762470245361,6.445618759692808,,,,
2589,4.492887020111084,6.481865823188653,,,,
2590,4.428023815155029,6.388287999062389,,,,
2591,4.409734725952148,6.3619024207670165,,,,
2592,4.556795597076416,6.574066410246808,,,,
2593,4.496018886566162,6.486384151392121,,,,
2594,4.4493632316589355,6.419074269428038,,,,
2595,4.532048225402832,6.538363499858293,,,,
2596,4.447824954986572,6.416855005301305,,,,
2597,4.679755687713623,6.751460323236365,,,,
2598,4.5546345710754395,6.570948708751968,,,,
2599,4.50046968460083,6.492805295644735,,,,
2600,4.498708724975586,6.49026476792619,4.483248233795166,6.46795999397049,,
2601,4.407828330993652,6.3591520742144185,,,,
2602,4.438918113708496,6.404005149559439,,,,
2603,4.492431640625,6.481208849462358,,,,
2604,4.493640899658203,6.48295344147271,,,,
2605,4.430387496948242,6.391698071063697,,,,
2606,4.491239070892334,6.479488335023126,,,,
2607,4.450686931610107,6.420983964783219,,,,
2608,4.418188571929932,6.374098742435604,,,,
2609,4.538382530212402,6.547501969994539,,,,
2610,4.457479000091553,6.4307828482987786,,,,
2611,4.539182662963867,6.54865631754713,,,,
2612,4.475202560424805,6.4563525408984574,,,,
2613,4.503698825836182,6.497463961691307,,,,
2614,4.474782466888428,6.455746474036817,,,,
2615,4.462854385375977,6.438537889991484,,,,
2616,4.415541172027588,6.370279351725243,,,,
2617,4.508662700653076,6.504625319273234,,,,
2618,4.473117351531982,6.453344220369566,,,,
2619,4.486453533172607,6.4725842634868895,,,,
2620,4.456333637237549,6.429130438989289,,,,
2621,4.437706470489502,6.402257117896069,,,,
2622,4.441479682922363,6.407700712761179,,,,
2623,4.399632453918457,6.347327923002299,,,,
2624,4.454855442047119,6.42699785411859,,,,
2625,4.402050018310547,6.350815731161797,,,,
2626,4.42994499206543,6.391059671463694,,,,
2627,4.511916637420654,6.509319757711185,,,,
2628,4.483081817626953,6.467719906189886,,,,
2629,4.495991230010986,6.486344251417121,,,,
2630,4.440386772155762,6.406123975818069,,,,
2631,4.429388523101807,6.390256856449466,,,,
2632,4.406981945037842,6.357930997393293,,,,
2633,4.52887487411499,6.533785321692325,,,,
2634,4.457016468048096,6.430115555613431,,,,
2635,4.381556510925293,6.321249849686669,,,,
2636,4.493253707885742,6.482394841822708,,,,
2637,4.562721252441406,6.582615323855897,,,,
2638,4.433496952056885,6.396184066528802,,,,
2639,4.487480640411377,6.474066066006723,,,,
2640,4.457803726196289,6.431251329039729,,,,
2641,4.534980773925781,6.542594273069518,,,,
2642,4.4651103019714355,6.441792489676412,,,,
2643,4.417507171630859,6.373115689603272,,,,
2644,4.325634479522705,6.240571412305719,,,,
2645,4.586266994476318,6.616584649123715,,,,
2646,4.56751823425293,6.589535905726617,,,,
2647,4.397465229034424,6.344201278409614,,,,
2648,4.473875999450684,6.454438717959656,,,,
2649,4.416461944580078,6.371607745720507,,,,
2650,4.462987422943115,6.438729822629847,,,,
2651,4.436509609222412,6.400530412081407,,,,
2652,4.423591136932373,6.381892996172707,,,,
2653,4.504812240600586,6.499070279650366,,,,
2654,4.4155144691467285,6.3702408276114495,,,,
2655,4.48655366897583,6.472728728913614,,,,
2656,4.431576251983643,6.3934130820581005,,,,
2657,4.418702602386475,6.374840331626125,,,,
2658,4.49931526184082,6.49113981565378,,,,
2659,4.426616668701172,6.386257915851604,,,,
2660,4.535731315612793,6.5436770758393505,,,,
2661,4.293371677398682,6.194026027676209,,,,
2662,4.439873218536377,6.405383074558152,,,,
2663,4.486693859100342,6.472930980511029,,,,
2664,4.3935017585754395,6.3384831992337265,,,,
2665,4.488461017608643,6.475480451327419,,,,
2666,4.542652606964111,6.553662388548445,,,,
2667,4.438647270202637,6.403614404976679,,,,
2668,4.540737152099609,6.550898971314381,,,,
2669,4.39418363571167,6.339466939996662,,,,
2670,4.423947334289551,6.382406880333484,,,,
2671,4.51925802230835,6.5199111372819205,,,,
2672,4.514260768890381,6.512701624557752,,,,
2673,4.4638590812683105,6.439987359772956,,,,
2674,4.473548412322998,6.453966109635085,,,,
2675,4.3583574295043945,6.28778064996756,,,,
2676,4.411779403686523,6.364852267194616,,,,
2677,4.507707595825195,6.5032473942745215,,,,
2678,4.442873954772949,6.409712221845671,,,,
2679,4.494057655334473,6.483554692820126,,,,
2680,4.482635021209717,6.467075315214452,,,,
2681,4.319159984588623,6.231230690572058,,,,
2682,4.523192882537842,6.5255879406216,,,,
2683,4.4789628982543945,6.461777561637274,,,,
2684,4.4438157081604,6.411070884787487,,,,
2685,4.410346031188965,6.362784347800641,,,,
2686,4.4844231605529785,6.469655054977394,,,,
2687,4.479882717132568,6.463104579771332,,,,
2688,4.325637340545654,6.24057553988934,,,,
2689,4.503905773162842,6.497762523573205,,,,
2690,4.536195278167725,6.544346432316509,,,,
2691,4.3909430503845215,6.334791763615607,,,,
2692,4.537171840667725,6.545755314192377,,,,
2693,4.466178894042969,6.443334142158746,,,,
2694,4.358558177947998,6.288070268751613,,,,
2695,4.459752082824707,6.434062213485431,,,,
2696,4.452291011810303,6.42329816333323,,,,
2697,4.411915302276611,6.365048327416599,,,,
2698,4.376967430114746,6.314629205559055,,,,
2699,4.29033088684082,6.189639094218,,,,
2700,4.30596923828125,6.212200466288786,,,,
2701,4.530143737792969,6.535615905028108,,,,
2702,4.4350361824035645,6.398404706516743,,,,
2703,4.395334243774414,6.341126916542789,,,,
2704,4.359461307525635,6.28937320931455,,,,
2705,4.3693718910217285,6.30367115897668,,,,
2706,4.420960426330566,6.378097683033466,,,,
2707,4.439152717590332,6.404343611416337,,,,
2708,4.45042610168457,6.420607666743131,,,,
2709,4.534421443939209,6.54178733047167,,,,
2710,4.380133152008057,6.319196376835368,,,,
2711,4.380038261413574,6.319059478645281,,,,
2712,4.476677894592285,6.458480998185536,,,,
2713,4.432287216186523,6.3944387865878465,,,,
2714,4.409399509429932,6.36141880555279,,,,
2715,4.465757369995117,6.442726011505296,,,,
2716,4.374566078186035,6.311164787040075,,,,
2717,4.4698944091796875,6.4486944974208384,,,,
2718,4.477571964263916,6.4597708680670065,,,,
2719,4.453829288482666,6.425517427459963,,,,
2720,4.549706935882568,6.563839633895903,,,,
2721,4.461033821105957,6.435911370947507,,,,
2722,4.52143669128418,6.523054292209089,,,,
2723,4.448565483093262,6.417923361528465,,,,
2724,4.469362258911133,6.447926766867387,,,,
2725,4.359139919281006,6.288909544087824,,,,
2726,4.421024322509766,6.378189865734329,,,,
2727,4.466172218322754,6.443324511130298,,,,
2728,4.3842453956604,6.325129090359531,,,,
2729,4.3828864097595215,6.323168488139695,,,,
2730,4.429688453674316,6.390689564799037,,,,
2731,4.442690372467041,6.409447368563342,,,,
2732,4.311142921447754,6.219664513336233,,,,
2733,4.367276668548584,6.300648391905115,,,,
2734,4.56075382232666,6.579776922186057,,,,
2735,4.378048419952393,6.3161887442370785,,,,
2736,4.396578788757324,6.342922415417798,,,,
2737,4.455392837524414,6.42777315190868,,,,
2738,4.466019630432129,6.443104373337194,,,,
2739,4.383636951446533,6.324251290909527,,,,
2740,4.499539375305176,6.491463143037402,,,,
2741,4.613553047180176,6.655950102045006,,,,
2742,4.481237411499023,6.465058990615736,,,,
2743,4.504039764404297,6.497955832072774,,,,
2744,4.429845333099365,6.3909158939675725,,,,
2745,4.479950428009033,6.463202265917022,,,,
2746,4.34226655960083,6.2645664317540986,,,,
2747,4.40554141998291,6.355852759040267,,,,
2748,4.411891460418701,6.365013930886427,,,,
2749,4.438584804534912,6.4035242860676265,,,,
2750,4.396676540374756,6.343063441191505,,,,
2751,4.373458385467529,6.309566724248257,,,,
2752,4.332910537719727,6.251068545383782,,,,
2753,4.46010684967041,6.434574033854398,,,,
2754,4.482816219329834,6.4673367288437635,,,,
2755,4.440505504608154,6.406295270538329,,,,
2756,4.423163890838623,6.381276610352014,,,,
2757,4.462543964385986,6.438090047168638,,,,
2758,4.430112361907959,6.391301135105506,,,,
2759,4.4078755378723145,6.3592201793441605,,,,
2760,4.444182872772217,6.411600591352144,,,,
2761,4.338161468505859,6.258644037188986,,,,
2762,4.4880900382995605,6.4749452413179345,,,,
2763,4.289125919342041,6.187900693583079,,,,
2764,4.4222187995910645,6.379913131895973,,,,
2765,4.4277238845825195,6.387855290712818,,,,
2766,4.539590835571289,6.5492451861436844,,,,
2767,4.3953070640563965,6.341087704498393,,,,
2768,4.334497928619385,6.25335866636267,,,,
2769,4.5687761306762695,6.591350666658521,,,,
2770,4.447107791900635,6.415820357673714,,,,
2771,4.461679935455322,6.436843516915184,,,,
2772,4.374701499938965,6.311360159331454,,,,
2773,4.479776859283447,6.462951859177365,,,,
2774,4.328146457672119,6.2441954307247,,,,
2775,4.4108567237854,6.363521121476937,,,,
2776,4.338308811187744,6.258856607745453,,,,
2777,4.350005149841309,6.275730857517508,,,,
2778,4.447833061218262,6.416866700121564,,,,
2779,4.5052947998046875,6.499766465421058,,,,
2780,4.425215721130371,6.384236775738665,,,,
2781,4.394431114196777,6.339823975979853,,,,
2782,4.410733222961426,6.3633429474506435,,,,
2783,4.381764888763428,6.321550475360378,,,,
2784,4.488692283630371,6.475814097670093,,,,
2785,4.385042190551758,6.326278622397898,,,,
2786,4.3790411949157715,6.317621015753464,,,,
2787,4.462338447570801,6.43779354907855,,,,
2788,4.336491584777832,6.256234904215701,,,,
2789,4.3971710205078125,6.343776825227284,,,,
2790,4.398306369781494,6.345414787994101,,,,
2791,4.394916534423828,6.340524289334167,,,,
2792,4.407619953155518,6.358851448540711,,,,
2793,4.360571384429932,6.290974711759384,,,,
2794,4.372383117675781,6.308015440737475,,,,
2795,4.479206085205078,6.462128406245034,,,,
2796,4.405538558959961,6.355848631456646,,,,
2797,4.443474769592285,6.41057901440602,,,,
2798,4.377190589904785,6.31495115708147,,,,
2799,4.520954132080078,6.522358106438396,,,,
2800,4.472326278686523,6.45220294349844,4.403789234161377,6.353324889244825,,
2801,4.413232326507568,6.366948391743332,,,,
2802,4.424006462097168,6.382492183728313,,,,
2803,4.421239376068115,6.378500122436485,,,,
2804,4.447173118591309,6.415914604166387,,,,
2805,4.409920692443848,6.362170713702363,,,,
2806,4.460286617279053,6.4348333836919,,,,
2807,4.415750503540039,6.370581353260158,,,,
2808,4.456581115722656,6.42948747497248,,,,
2809,4.3435821533203125,6.266464432289021,,,,
2810,4.46527624130249,6.4420318895264135,,,,
2811,4.40383768081665,6.353394782994135,,,,
2812,4.364995002746582,6.297356643967602,,,,
2813,4.266984462738037,6.155957323942424,,,,
2814,4.37871789932251,6.317154598804325,,,,
2815,4.415497303009033,6.370216062109725,,,,
2816,4.308358669281006,6.215647686542681,,,,
2817,4.399978160858154,6.347826672689801,,,,
2818,4.48434591293335,6.469543610219635,,,,
2819,4.410616874694824,6.363175092383401,,,,
2820,4.31658411026001,6.227514489452215,,,,
2821,4.396992206573486,6.343518851250989,,,,
2822,4.420607566833496,6.377588614386912,,,,
2823,4.368634223937988,6.302606930333141,,,,
2824,4.468520164489746,6.446711881421692,,,,
2825,4.3750762939453125,6.311900872785768,,,,
2826,4.457931995391846,6.431436382372057,,,,
2827,4.459407329559326,6.433564839659136,,,,
2828,4.333020210266113,6.251226769422575,,,,
2829,4.452462196350098,6.4235451304198685,,,,
2830,4.470350742340088,6.449352847008341,,,,
2831,4.36279821395874,6.294187347677502,,,,
2832,4.3421807289123535,6.264442604245477,,,,
2833,4.443682670593262,6.410878952149124,,,,
2834,4.378303050994873,6.316556099179322,,,,
2835,4.462370872497559,6.437840328359584,,,,
2836,4.4034104347229,6.352778397173443,,,,
2837,4.487285614013672,6.473784702389912,,,,
2838,4.409327507019043,6.361314928031669,,,,
2839,4.403942108154297,6.353545439796291,,,,
2840,4.418143272399902,6.374033389028276,,,,
2841,4.40408182144165,6.353747003463102,,,,
2842,4.41650390625,6.3716682836136105,,,,
2843,4.375672340393066,6.312760786040081,,,,
2844,4.380127429962158,6.319188121668126,,,,
2845,4.313448429107666,6.222990657803919,,,,
2846,4.467129230499268,6.444705187851425,,,,
2847,4.40499210357666,6.3550602629850905,,,,
2848,4.312370300292969,6.221435246709516,,,,
2849,4.43212890625,6.3942103936275005,,,,
2850,4.439762592315674,6.405223474658151,,,,
2851,4.3195600509643555,6.231807864348354,,,,
2852,4.393063068389893,6.337850303078551,,,,
2853,4.44635009765625,6.41472723594483,,,,
2854,4.339616298675537,6.260742913460116,,,,
2855,4.354797840118408,6.282645248012797,,,,
2856,4.426302433013916,6.38580456958393,,,,
2857,4.306690692901611,6.213241305291809,,,,
2858,4.369597434997559,6.303996550152113,,,,
2859,4.3849687576293945,6.326172681084967,,,,
2860,4.46060848236084,6.435297736849229,,,,
2861,4.440964221954346,6.406957059778849,,,,
2862,4.326810359954834,6.24226784917383,,,,
2863,4.366848945617676,6.3000313181538194,,,,
2864,4.543732643127441,6.555220551365262,,,,
2865,4.450494766235352,6.420706728750028,,,,
2866,4.470739364624023,6.449913510450154,,,,
2867,4.417464256286621,6.373053775848962,,,,
2868,4.410944938659668,6.363648388638576,,,,
2869,4.339900016784668,6.26115223216917,,,,
2870,4.47190523147583,6.451595500775592,,,,
2871,4.365217685699463,6.297677907559413,,,,
2872,4.400764465332031,6.348961070254893,,,,
2873,4.413494110107422,6.367326065644626,,,,
2874,4.386191368103027,6.327936535152215,,,,
2875,4.4326934814453125,6.395024903461987,,,,
2876,4.322059154510498,6.235413308641042,,,,
2877,4.280605316162109,6.175608061630009,,,,
2878,4.2815470695495605,6.176966724571825,,,,
2879,4.46469259262085,6.441189862467789,,,,
2880,4.330801963806152,6.248026516255321,,,,
2881,4.4123406410217285,6.365661961514878,,,,
2882,4.3456034660339355,6.2693805701170495,,,,
2883,4.397294521331787,6.343954999253578,,,,
2884,4.412456035614014,6.365828440720913,,,,
2885,4.2828545570373535,6.178853030286488,,,,
2886,4.364889621734619,6.297204611304239,,,,
2887,4.28675651550293,6.18448236641453,,,,
2888,4.4244065284729,6.383069357504608,,,,
2889,4.513223171234131,6.511204687564642,,,,
2890,4.3877482414245605,6.330182628572484,,,,
2891,4.435338497161865,6.398840854519331,,,,
2892,4.390034198760986,6.333480567885429,,,,
2893,4.328308582305908,6.244429327129874,,,,
2894,4.4428791999816895,6.409719789082309,,,,
2895,4.433823585510254,6.396655298992166,,,,
2896,4.473634719848633,6.4540906250743095,,,,
2897,4.338606834411621,6.25928656437261,,,,
2898,4.308775901794434,6.2162496258207005,,,,
2899,4.3402276039123535,6.261624840493741,,,,
2900,4.3452372550964355,6.268852239413599,,,,
2901,4.446902751922607,6.41552454751423,,,,
2902,4.351591110229492,6.278018914704587,,,,
2903,4.458874225616455,6.432795733244477,,,,
2904,4.472994804382324,6.453167422204478,,,,
2905,4.380224227905273,6.319327771580626,,,,
2906,4.356151103973389,6.284597595065391,,,,
2907,4.308221340179443,6.215449562528887,,,,
2908,4.448122024536133,6.4172835860672555,,,,
2909,4.340332508087158,6.2617761852265,,,,
2910,4.364157676696777,6.296148637827941,,,,
2911,4.477967262268066,6.460341162537268,,,,
2912,4.473235130310059,6.453514139228618,,,,
2913,4.36655855178833,6.299612368416318,,,,
2914,4.3991241455078125,6.34659458897902,,,,
2915,4.444917678833008,6.412660692412063,,,,
2916,4.301473617553711,6.205714656559449,,,,
2917,4.434073448181152,6.3970157746283745,,,,
2918,4.421558380126953,6.378960348010193,,,,
2919,4.4005818367004395,6.34869759283377,,,,
2920,4.316006660461426,6.226681405491435,,,,
2921,4.289931297302246,6.189062608372308,,,,
2922,4.391950607299805,6.3362453609806995,,,,
2923,4.492003917694092,6.480591775711062,,,,
2924,4.3643083572387695,6.296366023898631,,,,
2925,4.465008735656738,6.441645960457877,,,,
2926,4.479769229888916,6.46294085228771,,,,
2927,4.330837249755859,6.248077423119976,,,,
2928,4.3655009269714355,6.298086538337863,,,,
2929,4.370986461639404,6.306000491999966,,,,
2930,4.445282459259033,6.413186959323703,,,,
2931,4.415208339691162,6.369799176164033,,,,
2932,4.371528148651123,6.306781981165487,,,,
2933,4.404659748077393,6.354580775354485,,,,
2934,4.370687484741211,6.305569159511602,,,,
2935,4.383190155029297,6.323606699934094,,,,
2936,4.3600993156433105,6.290293660461968,,,,
2937,4.428259372711182,6.388627836780494,,,,
2938,4.321619510650635,6.234779036624659,,,,
2939,4.243877410888672,6.1226208948297804,,,,
2940,4.298709392547607,6.201726722851242,,,,
2941,4.3894853591918945,6.332688759760857,,,,
2942,4.384663105010986,6.3257317175681544,,,,
2943,4.37260103225708,6.308329825023252,,,,
2944,4.520599842071533,6.521846974000033,,,,
2945,4.34556245803833,6.269321408085153,,,,
2946,4.339443206787109,6.260493194651064,,,,
2947,4.360353469848633,6.290660327473607,,,,
2948,4.35601282119751,6.28439809519039,,,,
2949,4.453213691711426,6.424629309050907,,,,
2950,4.395539283752441,6.341422726702274,,,,
2951,4.422995090484619,6.3810330829183926,,,,
2952,4.335968494415283,6.2554802443437145,,,,
2953,4.414093017578125,6.368190106482561,,,,
2954,4.502798557281494,6.496165148711991,,,,
2955,4.33828067779541,6.258816019839849,,,,
2956,4.454756736755371,6.426855452483675,,,,
2957,4.371778964996338,6.307143832662902,,,,
2958,4.395801067352295,6.341800400603568,,,,
2959,4.405940532684326,6.356428556955356,,,,
2960,4.363763809204102,6.29558040714949,,,,
2961,4.409140586853027,6.361045259235117,,,,
2962,4.301241397857666,6.205379634355568,,,,
2963,4.327475070953369,6.243226824435041,,,,
2964,4.4126200675964355,6.3660650888485,,,,
2965,4.395371437072754,6.341180575129859,,,,
2966,4.388163089752197,6.330781128197486,,,,
2967,4.405272006988525,6.355464078249317,,,,
2968,4.378856182098389,6.317354098679325,,,,
2969,4.2540459632873535,6.137291014948379,,,,
2970,4.4733734130859375,6.4537136391036185,,,,
2971,4.4007720947265625,6.3489720771445475,,,,
2972,4.325888633728027,6.240938079317359,,,,
2973,4.331394672393799,6.24888161399541,,,,
2974,4.421804428100586,6.379315320201575,,,,
2975,4.364322185516357,6.296385973886132,,,,
2976,4.477787017822266,6.460081124769164,,,,
2977,4.366603374481201,6.299677033893042,,,,
2978,4.388638496398926,6.331466995009127,,,,
2979,4.422050952911377,6.379670980323559,,,,
2980,4.367251873016357,6.300612619513736,,,,
2981,4.341424465179443,6.263351546308403,,,,
2982,4.318454265594482,6.2302125532789505,,,,
2983,4.3508477210998535,6.2769464308938065,,,,
2984,4.286866664886475,6.184641278383927,,,,
2985,4.410196304321289,6.362568337591157,,,,
2986,4.375667572021484,6.312753906734047,,,,
2987,4.365359783172607,6.297882910879242,,,,
2988,4.3783040046691895,6.316557475040529,,,,
2989,4.382779598236084,6.323014391684522,,,,
2990,4.335587501525879,6.254930587791557,,,,
2991,4.350756645202637,6.276815036148547,,,,
2992,4.46699857711792,6.4445166948660795,,,,
2993,4.317256450653076,6.228484471603081,,,,
2994,4.3284502029418945,6.244633642519099,,,,
2995,4.399510383605957,6.347151812767815,,,,
2996,4.302187442779541,6.206744488672815,,,,
2997,4.4702348709106445,6.449185679871703,,,,
2998,4.430037975311279,6.3911938179313665,,,,
2999,4.362957000732422,6.294416428568451,,,,
3000,4.300761699676514,6.204687576168496,4.40095796585083,6.349240232493774,,
3001,4.365509510040283,6.298098921088725,,,,
3002,4.290484428405762,6.189860607872311,,,,
3003,4.392989158630371,6.337743673835017,,,,
3004,4.368146896362305,6.301903865256414,,,,
3005,4.372935771942139,6.308812752306875,,,,
3006,4.3999810218811035,6.347830800273422,,,,
3007,4.4182047843933105,6.374122132076121,,,,
3008,4.40433931350708,6.354118485988966,,,,
3009,4.415921688079834,6.370828320346797,,,,
3010,4.359760761260986,6.289805229733517,,,,
3011,4.460470199584961,6.435098236974228,,,,
3012,4.4338812828063965,6.396738538595184,,,,
3013,4.393546104431152,6.338547176779848,,,,
3014,4.286561965942383,6.1842016907283215,,,,
3015,4.369739055633545,6.304200865541338,,,,
3016,4.369410514831543,6.303726881355559,,,,
3017,4.299383640289307,6.202699456724522,,,,
3018,4.51953125,6.520305321517698,,,,
3019,4.4044880867004395,6.354333120337243,,,,
3020,4.31634521484375,6.227169836219885,,,,
3021,4.423476219177246,6.381727204897275,,,,
3022,4.336328029632568,6.2559989440187165,,,,
3023,4.4097900390625,6.361982220717017,,,,
3024,4.416554927825928,6.371741892188179,,,,
3025,4.387607574462891,6.329979689044466,,,,
3026,4.440713882446289,6.406595896212036,,,,
3027,4.42909049987793,6.389826899822309,,,,
3028,4.388571739196777,6.331370684724644,,,,
3029,4.405782222747803,6.35620016399501,,,,
3030,4.396937370300293,6.343439739231592,,,,
3031,4.29201602935791,6.1920702409705966,,,,
3032,4.364755630493164,6.297011302804669,,,,
3033,4.3406267166137695,6.26220063840883,,,,
3034,4.454826831817627,6.4269565782823825,,,,
3035,4.339123249053955,6.260031593216148,,,,
3036,4.435222625732422,6.398673687382693,,,,
3037,4.446354389190674,6.414733427320261,,,,
3038,4.329418182373047,6.246030141644105,,,,
3039,4.385348796844482,6.3267209617759175,,,,
3040,4.38122034072876,6.320764858611237,,,,
3041,4.407438278198242,6.3585893469807955,,,,
3042,4.3755950927734375,6.312649341282322,,,,
3043,4.410593032836914,6.363140695853229,,,,
3044,4.310301780700684,6.218451003751745,,,,
3045,4.368385314941406,6.30224783055814,,,,
3046,4.371160507202148,6.306251586670226,,,,
3047,4.440986633300781,6.406989392517211,,,,
3048,4.358217716217041,6.287579086300749,,,,
3049,4.398521423339844,6.345725044696257,,,,
3050,4.385919570922852,6.327544414708249,,,,
3051,4.292911052703857,6.1933614867132745,,,,
3052,4.347050189971924,6.271467751567921,,,,
3053,4.334955215454102,6.25401839181138,,,,
3054,4.331066608428955,6.248408317740235,,,,
3055,4.4130449295043945,6.366678035016175,,,,
3056,4.3889079093933105,6.331855675800077,,,,
3057,4.358935356140137,6.288614421858943,,,,
3058,4.362434387207031,6.293662456627068,,,,
3059,4.341780185699463,6.263864742538578,,,,
3060,4.448927402496338,6.4184455008564845,,,,
3061,4.280468463897705,6.175410625546818,,,,
3062,4.3686299324035645,6.30260073895771,,,,
3063,4.296135425567627,6.198013273453812,,,,
3064,4.302687168121338,6.207465439945232,,,,
3065,4.377704620361328,6.31569274627199,,,,
3066,4.303809642791748,6.209084828585756,,,,
3067,4.373844146728516,6.310123260106449,,,,
3068,4.283092021942139,6.179195619727007,,,,
3069,4.293685436248779,6.194478686013279,,,,
3070,4.389221668243408,6.332308334137148,,,,
3071,4.474435806274414,6.4552463484881075,,,,
3072,4.4871439933776855,6.473580387000687,,,,
3073,4.318353176116943,6.230066711991019,,,,
3074,4.2268548011779785,6.098062460217175,,,,
3075,4.317596912384033,6.228975654053945,,,,
3076,4.317735195159912,6.229175153928946,,,,
3077,4.318944454193115,6.230919745939298,,,,
3078,4.42683744430542,6.386576427721002,,,,
3079,4.433736801147461,6.396530095622338,,,,
3080,4.248126983642578,6.128751732367738,,,,
3081,4.339850425720215,6.261080687386411,,,,
3082,4.345840930938721,6.269723159557569,,,,
3083,4.348097324371338,6.2729784471731,,,,
3084,4.330495834350586,6.247584864807904,,,,
3085,4.417874336242676,6.373645396167929,,,,
3086,4.311825752258301,6.220649629960375,,,,
3087,4.361297130584717,6.292021742137837,,,,
3088,4.342923164367676,6.265513712195051,,,,
3089,4.253416538238525,6.136382946551823,,,,
3090,4.276240348815918,6.169310744886016,,,,
3091,4.264765739440918,6.152756382844566,,,,
3092,4.418635845184326,6.374744021341641,,,,
3093,4.329741477966309,6.246496558593245,,,,
3094,4.384413719177246,6.325371929862549,,,,
3095,4.37669038772583,6.3142295178784495,,,,
3096,4.357308864593506,6.286267890570571,,,,
3097,4.3898468017578125,6.333210211158272,,,,
3098,4.251722812652588,6.133939417048364,,,,
3099,4.370565414428711,6.305393049277119,,,,
3100,4.320512771606445,6.233182349694049,,,,
3101,4.4374237060546875,6.401849175048223,,,,
3102,4.324655532836914,6.239159090776834,,,,
3103,4.40812873840332,6.359585470494593,,,,
3104,4.295773029327393,6.197490446195189,,,,
3105,4.237883567810059,6.113973607144398,,,,
3106,4.310153484344482,6.218237057334071,,,,
3107,4.409305572509766,6.36128328322391,,,,
3108,4.337309837341309,6.257415393131223,,,,
3109,4.323981761932373,6.238187044834157,,,,
3110,4.352194786071777,6.278889834848556,,,,
3111,4.322548866271973,6.236119813370786,,,,
3112,4.32804012298584,6.244042022200131,,,,
3113,4.381681442260742,6.3214300875047735,,,,
3114,4.341525077819824,6.2634966996657315,,,,
3115,4.411612033843994,6.364610803552805,,,,
3116,4.300921440124512,6.204918032920652,,,,
3117,4.351002216339111,6.277169320409325,,,,
3118,4.39077091217041,6.334543420667761,,,,
3119,4.343615531921387,6.2665125874312615,,,,
3120,4.389552116394043,6.33278507004534,,,,
3121,4.478635787963867,6.461305641243307,,,,
3122,4.3804545402526855,6.319660042062094,,,,
3123,4.310959815979004,6.219400347984507,,,,
3124,4.303066253662109,6.208012344774976,,,,
3125,4.458751678466797,6.43261893507939,,,,
3126,4.256062984466553,6.140200961400977,,,,
3127,4.419541358947754,6.3760504015575945,,,,
3128,4.3837175369262695,6.324367551181511,,,,
3129,4.322567462921143,6.236146642664321,,,,
3130,4.460638523101807,6.435341076477246,,,,
3131,4.330120086669922,6.2470427754923845,,,,
3132,4.386255741119385,6.328029405783681,,,,
3133,4.321437835693359,6.234516935064745,,,,
3134,4.353219032287598,6.28036750978477,,,,
3135,4.339820861816406,6.261038035688997,,,,
3136,4.318206787109375,6.22985551729576,,,,
3137,4.369326591491699,6.303605805569353,,,,
3138,4.395489692687988,6.3413511819195145,,,,
3139,4.285961151123047,6.183334898167973,,,,
3140,4.341942310333252,6.264098638943751,,,,
3141,4.283292770385742,6.1794852385110595,,,,
3142,4.293482780456543,6.194186315506813,,,,
3143,4.403847694396973,6.353409229536808,,,,
3144,4.341957092285156,6.264119964792458,,,,
3145,4.328698635101318,6.244992054363497,,,,
3146,4.2310566902160645,6.104124504694788,,,,
3147,4.323764801025391,6.237874036409587,,,,
3148,4.219784259796143,6.087861825229201,,,,
3149,4.278378963470459,6.1723961136424945,,,,
3150,4.355026721954346,6.282975454702453,,,,
3151,4.332961559295654,6.251142153958351,,,,
3152,4.360174179077148,6.290401665566709,,,,
3153,4.284415245056152,6.181104627151584,,,,
3154,4.416201114654541,6.371231447680419,,,,
3155,4.342075824737549,6.264291259512718,,,,
3156,4.30137300491333,6.2055695032021205,,,,
3157,4.3172478675842285,6.228472088852219,,,,
3158,4.354930877685547,6.28283718065116,,,,
3159,4.411687850952148,6.364720184518753,,,,
3160,4.456931114196777,6.429992416035413,,,,
3161,4.332979202270508,6.251167607390679,,,,
3162,4.343099594116211,6.265768246518327,,,,
3163,4.3136677742004395,6.223307105881507,,,,
3164,4.351090431213379,6.277296587570963,,,,
3165,4.390261173248291,6.333808022852672,,,,
3166,4.364948749542236,6.297289914699067,,,,
3167,4.332108020782471,6.249910758178173,,,,
3168,4.35609245300293,6.284512979601167,,,,
3169,4.327430248260498,6.243162158958317,,,,
3170,4.281961441040039,6.177564536266224,,,,
3171,4.3560943603515625,6.28451573132358,,,,
3172,4.444864273071289,6.412583644184476,,,,
3173,4.389184951782227,6.332255363480683,,,,
3174,4.305583477020264,6.211643930430594,,,,
3175,4.295897006988525,6.197669308152086,,,,
3176,4.395114421844482,6.340809780534599,,,,
3177,4.350900173187256,6.277022103260186,,,,
3178,4.328842639923096,6.245199809405739,,,,
3179,4.404793739318848,6.354774083854055,,,,
3180,4.238701343536377,6.115153408129317,,,,
3181,4.373236179351807,6.309246148587049,,,,
3182,4.430396556854248,6.391711141745162,,,,
3183,4.2647385597229,6.152717170800169,,,,
3184,4.276713848114014,6.169993859975243,,,,
3185,4.244354724884033,6.123309513363836,,,,
3186,4.336005687713623,6.255533902930783,,,,
3187,4.238545894622803,6.114929142752593,,,,
3188,4.285181999206543,6.182210819561933,,,,
3189,4.380435943603516,6.319633212768559,,,,
3190,4.368809223175049,6.302859400864608,,,,
3191,4.411665439605713,6.364687851780391,,,,
3192,4.343908786773682,6.266935664752384,,,,
3193,4.2757568359375,6.1686131832541164,,,,
3194,4.31489372253418,6.22507577546298,,,,
3195,4.380496501922607,6.319720579955198,,,,
3196,4.369362831115723,6.303658088295214,,,,
3197,4.30322265625,6.208237986012907,,,,
3198,4.3753533363342285,6.3123005604663724,,,,
3199,4.345794677734375,6.269656430289034,,,,
3200,4.290955543518066,6.190540283308521,4.409886264801026,6.3621210451127945,,
3201,4.285799026489258,6.183101001762799,,,,
3202,4.471996784210205,6.451727583451455,,,,
3203,4.402552127838135,6.351540122087231,,,,
3204,4.2870564460754395,6.184915074764101,,,,
3205,4.382063865661621,6.321981807848742,,,,
3206,4.308504581451416,6.215858193307337,,,,
3207,4.3727922439575195,6.308605685195236,,,,
3208,4.317884922027588,6.22939116413843,,,,
3209,4.306244850158691,6.212598090177582,,,,
3210,4.316424369812012,6.227284032700059,,,,
3211,4.360214710235596,6.290460139668003,,,,
3212,4.241779327392578,6.119594000174596,,,,
3213,4.351428031921387,6.277783642438207,,,,
3214,4.329949378967285,6.24679649633635,,,,
3215,4.326206207275391,6.241396241099257,,,,
3216,4.3365044593811035,6.256253478341994,,,,
3217,4.250300884246826,6.131888007988873,,,,
3218,4.32051420211792,6.233184413485859,,,,
3219,4.377981662750244,6.316092433952596,,,,
3220,4.251166820526123,6.13313728996474,,,,
3221,4.278404235839844,6.172432573964477,,,,
3222,4.337642192840576,6.257894880761828,,,,
3223,4.4415459632873535,6.407796335115059,,,,
3224,4.201422214508057,6.0613709935515,,,,
3225,4.339874744415283,6.261115771847187,,,,
3226,4.3717851638793945,6.307152775760747,,,,
3227,4.378451347351074,6.3167700455969955,,,,
3228,4.3423566818237305,6.264696450638151,,,,
3229,4.285688877105713,6.182942089793403,,,,
3230,4.429157733917236,6.389923898037396,,,,
3231,4.284317970275879,6.18096428930848,,,,
3232,4.349477767944336,6.274970006270091,,,,
3233,4.330718517303467,6.247906128399716,,,,
3234,4.292009353637695,6.192060609942148,,,,
3235,4.2201642990112305,6.0884101059201505,,,,
3236,4.294816970825195,6.196111145335269,,,,
3237,4.340945720672607,6.262660863982538,,,,
3238,4.365546703338623,6.2981525796757944,,,,
3239,4.264084815979004,6.151774017942837,,,,
3240,4.300599575042725,6.204453679763322,,,,
3241,4.3890910148620605,6.332119841151803,,,,
3242,4.334997177124023,6.254078929704484,,,,
3243,4.288012981414795,6.186295063554623,,,,
3244,4.255873203277588,6.139927165020803,,,,
3245,4.280330657958984,6.175211813602421,,,,
3246,4.2874579429626465,6.185494312332207,,,,
3247,4.366304874420166,6.2992463893352815,,,,
3248,4.39127254486084,6.335267123662592,,,,
3249,4.361657619476318,6.292541817674046,,,,
3250,4.431240558624268,6.392928778913271,,,,
3251,4.217465877532959,6.084517106635221,,,,
3252,4.26359748840332,6.15107095286611,,,,
3253,4.362603664398193,6.2939066719912935,,,,
3254,4.388486385345459,6.331247545146627,,,,
3255,4.3461761474609375,6.270206774771795,,,,
3256,4.331096649169922,6.248451657368253,,,,
3257,4.376620292663574,6.314128392079742,,,,
3258,4.3418169021606445,6.263917713195044,,,,
3259,4.339858055114746,6.261091694276066,,,,
3260,4.293254375457764,6.19385679674776,,,,
3261,4.471707344055176,6.45131000957516,,,,
3262,4.25996732711792,6.145833737182036,,,,
3263,4.370022773742676,6.304610184250391,,,,
3264,4.260772228240967,6.146994964040662,,,,
3265,4.2804646492004395,6.17540512210199,,,,
3266,4.394522666931152,6.339956058655716,,,,
3267,4.2574968338012695,6.142269568725555,,,,
3268,4.283355712890625,6.179576045350715,,,,
3269,4.279486179351807,6.173993488503709,,,,
3270,4.345410346984863,6.269101958222652,,,,
3271,4.34296178817749,6.26556943457393,,,,
3272,4.291023254394531,6.190637969454211,,,,
3273,4.319868564605713,6.232252955448787,,,,
3274,4.283700466156006,6.180073419177011,,,,
3275,4.266974925994873,6.155943565330356,,,,
3276,4.26804780960083,6.15749140918812,,,,
3277,4.352015018463135,6.278630485011055,,,,
3278,4.368272304534912,6.302084791005122,,,,
3279,4.304715633392334,6.210391896732314,,,,
3280,4.276309967041016,6.16941118275412,,,,
3281,4.315245151519775,6.2255827803177235,,,,
3282,4.3342766761779785,6.25303946656267,,,,
3283,4.304408550262451,6.209948869423691,,,,
3284,4.24953556060791,6.130783879370333,,,,
3285,4.2703166007995605,6.160764582999342,,,,
3286,4.34752082824707,6.272146739073527,,,,
3287,4.245517730712891,6.124987376105653,,,,
3288,4.326106071472168,6.2412517756725325,,,,
3289,4.322773456573486,6.236443828685012,,,,
3290,4.265141487121582,6.153298472160086,,,,
3291,4.2435221672058105,6.1221083865302095,,,,
3292,4.352874279022217,6.2798701359584745,,,,
3293,4.298182964324951,6.200967247465032,,,,
3294,4.313065528869629,6.222438249529348,,,,
3295,4.330868721008301,6.248122826539803,,,,
3296,4.331809997558594,6.249480801551016,,,,
3297,4.264824867248535,6.152841686239394,,,,
3298,4.200225353240967,6.0596442877368375,,,,
3299,4.441184997558594,6.407275571648246,,,,
3300,4.319255352020264,6.2313682766927485,,,,
3301,4.377635478973389,6.31559299633449,,,,
3302,4.390469551086426,6.33410864852638,,,,
3303,4.338867664337158,6.259662862412698,,,,
3304,4.354299545288086,6.28192636053219,,,,
3305,4.268871784210205,6.158680153270884,,,,
3306,4.346757411956787,6.271045362177402,,,,
3307,4.351127624511719,6.277350246158033,,,,
3308,4.304538726806641,6.210136674478433,,,,
3309,4.362486362457275,6.293737441062844,,,,
3310,4.265363693237305,6.1536190478212935,,,,
3311,4.245438575744629,6.12487317962548,,,,
3312,4.3360419273376465,6.255586185656646,,,,
3313,4.304306507110596,6.209801652274552,,,,
3314,4.35441780090332,6.282096967321846,,,,
3315,4.336726188659668,6.256573366072598,,,,
3316,4.177807331085205,6.027301918346181,,,,
3317,4.394697666168213,6.340208529187183,,,,
3318,4.219375133514404,6.087271580771439,,,,
3319,4.346530914306641,6.270718595140763,,,,
3320,4.295531272888184,6.197141665379239,,,,
3321,4.377452850341797,6.3153295189133685,,,,
3322,4.342931270599365,6.265525407015309,,,,
3323,4.302116394042969,6.206641987012901,,,,
3324,4.3190178871154785,6.23102568725223,,,,
3325,4.280594348907471,6.1755922392261295,,,,
3326,4.188621520996094,6.042903496501852,,,,
3327,4.382400035858154,6.322466798924175,,,,
3328,4.248642921447754,6.129496073280673,,,,
3329,4.34204626083374,6.264248607815304,,,,
3330,4.254128932952881,6.137410714873379,,,,
3331,4.2590484619140625,6.1445080949091855,,,,
3332,4.266444683074951,6.155178586499318,,,,
3333,4.318863391876221,6.230802797736712,,,,
3334,4.3402605056762695,6.261672307705379,,,,
3335,4.252240180969238,6.134685821753108,,,,
3336,4.337925434112549,6.258303511540278,,,,
3337,4.321725845336914,6.234932445149229,,,,
3338,4.285332679748535,6.1824282056326245,,,,
3339,4.347278118133545,6.27179658239637,,,,
3340,4.347004413604736,6.2714017102299895,,,,
3341,4.318246841430664,6.229913303466449,,,,
3342,4.289989948272705,6.189147223836533,,,,
3343,4.262295722961426,6.149192902318688,,,,
3344,4.333998203277588,6.252637715090254,,,,
3345,4.255997180938721,6.140106026977701,,,,
3346,4.338788032531738,6.259547978001922,,,,
3347,4.28355598449707,6.179864976204165,,,,
3348,4.239039421081543,6.115641150927164,,,,
3349,4.502037048339844,6.495066523538279,,,,
3350,4.282046794891357,6.177687675844242,,,,
3351,4.361961841583252,6.292980717399048,,,,
3352,4.303396224975586,6.208488392752564,,,,
3353,4.366918087005615,6.3001310680913205,,,,
3354,4.281845569610596,6.177397369129586,,,,
3355,4.354121685028076,6.281669762417103,,,,
3356,4.344457626342773,6.267727472876957,,,,
3357,4.2007012367248535,6.060330842479082,,,,
3358,4.300966739654541,6.20498338632798,,,,
3359,4.354052543640137,6.281570012479603,,,,
3360,4.182856559753418,6.034586415506126,,,,
3361,4.3357110023498535,6.2551087618178505,,,,
3362,4.253336429595947,6.136267374210443,,,,
3363,4.437011241912842,6.401254115076238,,,,
3364,4.380692481994629,6.320003319433216,,,,
3365,4.33292293548584,6.251086431579472,,,,
3366,4.2826080322265625,6.178497370164504,,,,
3367,4.359950542449951,6.29007902611369,,,,
3368,4.2211127281188965,6.089778399890416,,,,
3369,4.3532867431640625,6.28046519593046,,,,
3370,4.286437511444092,6.1840221408408205,,,,
3371,4.234435081481934,6.1089984930202395,,,,
3372,4.247405052185059,6.127710205434113,,,,
3373,4.353919982910156,6.281378767771843,,,,
3374,4.290092468261719,6.1892951289162745,,,,
3375,4.358572006225586,6.2880902187391134,,,,
3376,4.2580742835998535,6.143102652686334,,,,
3377,4.249229431152344,6.130342227922918,,,,
3378,4.362565040588379,6.2938509496124135,,,,
3379,4.3095293045043945,6.217336556174153,,,,
3380,4.359058380126953,6.288791907954633,,,,
3381,4.378381252288818,6.316668919798288,,,,
3382,4.3111114501953125,6.219619109916405,,,,
3383,4.231201171875,6.104332947667634,,,,
3384,4.475651741027832,6.457000571526908,,,,
3385,4.359893321990967,6.289996474441277,,,,
3386,4.328723907470703,6.24502851468548,,,,
3387,4.341731071472168,6.263793885686423,,,,
3388,4.270175933837891,6.160561643471324,,,,
3389,4.235555648803711,6.11061512993835,,,,
3390,4.337446212768555,6.2576121412838095,,,,
3391,4.2758073806762695,6.168686103898082,,,,
3392,4.286261081695557,6.183767606517544,,,,
3393,4.249364376068115,6.130536912283694,,,,
3394,4.258407115936279,6.143582828247544,,,,
3395,4.341780662536621,6.263865430469181,,,,
3396,4.270330905914307,6.160785220917445,,,,
3397,4.366977691650391,6.3002170594167515,,,,
3398,4.241699695587158,6.119479115763819,,,,
3399,4.262770652770996,6.149878081199725,,,,
3400,4.407038688659668,6.358012861135103,4.359123611450196,6.288886016861186,,
3401,4.197805881500244,6.056153727854926,,,,
3402,4.280393123626709,6.175301932511473,,,,
3403,4.230175971984863,6.102853896870213,,,,
3404,4.258859157562256,6.144234986459615,,,,
3405,4.274881362915039,6.16735014266618,,,,
3406,4.277641773223877,6.171332572929559,,,,
3407,4.240762710571289,6.118127332128037,,,,
3408,4.284378528594971,6.181051656495119,,,,
3409,4.3080949783325195,6.2152672609189725,,,,
3410,4.313887596130371,6.223624241889698,,,,
3411,4.315439224243164,6.225862768073329,,,,
3412,4.290384769439697,6.18971683037619,,,,
3413,4.289183616638184,6.187983933186096,,,,
3414,4.239093780517578,6.115719575015958,,,,
3415,4.2039666175842285,6.065041791251516,,,,
3416,4.294742107391357,6.196003140230528,,,,
3417,4.417627811431885,6.373289736045945,,,,
3418,4.327902793884277,6.243843898186337,,,,
3419,4.265408039093018,6.153683025367415,,,,
3420,4.203118324279785,6.063817962707976,,,,
3421,4.287766933441162,6.185940091363243,,,,
3422,4.3487677574157715,6.273945677601552,,,,
3423,4.315552711486816,6.226026495556949,,,,
3424,4.2894487380981445,6.188366422601615,,,,
3425,4.291399955749512,6.191181434630938,,,,
3426,4.309210777282715,6.216877018531048,,,,
3427,4.375226974487305,6.312118258856458,,,,
3428,4.324647903442383,6.239148083887178,,,,
3429,4.282524585723877,6.1783769823089,,,,
3430,4.364020347595215,6.295950513814147,,,,
3431,4.3747406005859375,6.3114165696409374,,,,
3432,4.27853536605835,6.172621754880427,,,,
3433,4.269185543060303,6.159132811607955,,,,
3434,4.352476596832275,6.279296401835196,,,,
3435,4.262929439544678,6.150107162090675,,,,
3436,4.260537147521973,6.14665581425316,,,,
3437,4.217611789703369,6.084727613399877,,,,
3438,4.3030853271484375,6.208039861999113,,,,
3439,4.282974720001221,6.179026388798558,,,,
3440,4.2813005447387695,6.17661106444984,,,,
3441,4.269471168518066,6.159544882039422,,,,
3442,4.154418468475342,5.993558922246899,,,,
3443,4.380458354949951,6.319665545506921,,,,
3444,4.29360294342041,6.194359674018883,,,,
3445,4.3621978759765625,6.293321243047757,,,,
3446,4.345441818237305,6.26914736164248,,,,
3447,4.3343634605407715,6.253164669932498,,,,
3448,4.258582592010498,6.143835986709614,,,,
3449,4.292330741882324,6.192524275168875,,,,
3450,4.269859313964844,6.160104857550632,,,,
3451,4.35768985748291,6.2868175471227286,,,,
3452,4.380921840667725,6.320334214053476,,,,
3453,4.31020450592041,6.218310665908641,,,,
3454,4.385744094848633,6.327291256246179,,,,
3455,4.329006195068359,6.2454357696027225,,,,
3456,4.340682506561279,6.262281126289433,,,,
3457,4.224998474121094,6.09538434637794,,,,
3458,4.301202297210693,6.205323224046085,,,,
3459,4.2524309158325195,6.134960993994489,,,,
3460,4.2661051750183105,6.154688779909661,,,,
3461,4.334675312042236,6.253614576547155,,,,
3462,4.305360317230225,6.211321978908179,,,,
3463,4.180527687072754,6.031226562438871,,,,
3464,4.204355239868164,6.0656024546933285,,,,
3465,4.270134449005127,6.160501793508823,,,,
3466,4.151264190673828,5.989008261305068,,,,
3467,4.299499988555908,6.202867311791764,,,,
3468,4.2798919677734375,6.174578917447246,,,,
3469,4.213230133056641,6.078406219084763,,,,
3470,4.294098377227783,6.1950744339158685,,,,
3471,4.205379009246826,6.067079441698938,,,,
3472,4.236611843109131,6.1121388962249945,,,,
3473,4.252346992492676,6.134839918208281,,,,
3474,4.301264762878418,6.205413342955137,,,,
3475,4.261101722717285,6.147470324087647,,,,
3476,4.31633996963501,6.227162268983248,,,,
3477,4.316076278686523,6.226781843359539,,,,
3478,4.317266941070557,6.228499606076357,,,,
3479,4.296608924865723,6.198696388543039,,,,
3480,4.299109935760498,6.20230458455814,,,,
3481,4.285512924194336,6.182688243400729,,,,
3482,4.236401081085205,6.111834830898269,,,,
3483,4.257031440734863,6.141598148456587,,,,
3484,4.287529468536377,6.185597501922724,,,,
3485,4.338824272155762,6.259600260727784,,,,
3486,4.336470603942871,6.256204635269149,,,,
3487,4.2451019287109375,6.124387500619443,,,,
3488,4.207426071166992,6.070032727779554,,,,
3489,4.275218486785889,6.16783650960282,,,,
3490,4.2804484367370605,6.1753817324614735,,,,
3491,4.248913288116455,6.129886129932829,,,,
3492,4.216927528381348,6.083740432983924,,,,
3493,4.344973087310791,6.268471125859287,,,,
3494,4.265541076660156,6.153874958005777,,,,
3495,4.152623653411865,5.990969551455508,,,,
3496,4.317067623138428,6.228212051084114,,,,
3497,4.11592960357666,5.938031227728125,,,,
3498,4.286575794219971,6.184221640715822,,,,
3499,4.435399532318115,6.398928909636573,,,,
3500,4.162743091583252,6.00556881472195,,,,
3501,4.28925085067749,6.188080931401183,,,,
3502,4.334967613220215,6.25403627800707,,,,
3503,4.2991251945495605,6.202326598337451,,,,
3504,4.31065034866333,6.218953881022868,,,,
3505,4.202184677124023,6.062470994586419,,,,
3506,4.269617557525635,6.1597560767346815,,,,
3507,4.278857707977295,6.17308679596836,,,,
3508,4.339759349822998,6.260949292641151,,,,
3509,4.248754024505615,6.129656361111277,,,,
3510,4.222657680511475,6.0920072950455975,,,,
3511,4.253093719482422,6.135917217533287,,,,
3512,4.248048782348633,6.128638911748772,,,,
3513,4.383739471435547,6.324399195989269,,,,
3514,4.278204441070557,6.172144331041632,,,,
3515,4.288786888122559,6.187411574924025,,,,
3516,4.31925106048584,6.2313620853173175,,,,
3517,4.297451972961426,6.199912649849941,,,,
3518,4.230285167694092,6.103011432978404,,,,
3519,4.279407024383545,6.1738792920235355,,,,
3520,4.278594493865967,6.172707058275255,,,,
3521,4.218966484069824,6.086682024244282,,,,
3522,4.2711591720581055,6.161980156375639,,,,
3523,4.237618923187256,6.113591805659484,,,,
3524,4.138218879699707,5.970187855855849,,,,
3525,4.187866687774658,6.041814502356589,,,,
3526,4.328141689300537,6.244188551418666,,,,
3527,4.360540866851807,6.290930684200763,,,,
3528,4.353769779205322,6.281162069631756,,,,
3529,4.2748613357543945,6.167321249580835,,,,
3530,4.236048221588135,6.111325762251715,,,,
3531,4.210824489593506,6.0749356091903515,,,,
3532,4.210108757019043,6.073903025354571,,,,
3533,4.242823600769043,6.1211005681961534,,,,
3534,4.332592010498047,6.250609007740676,,,,
3535,4.257017612457275,6.1415781984690865,,,,
3536,4.311121463775635,6.219633556459077,,,,
3537,4.258519172668457,6.143744491939354,,,,
3538,4.281617641448975,6.1770685383011354,,,,
3539,4.226736068725586,6.0978911654969155,,,,
3540,4.3433380126953125,6.266112211820053,,,,
3541,4.2497358322143555,6.131072810223783,,,,
3542,4.23282527923584,6.106676039302988,,,,
3543,4.242760181427002,6.121009073425895,,,,
3544,4.3122100830078125,6.221204102026756,,,,
3545,4.141079902648926,5.974315439476557,,,,
3546,4.277724266052246,6.171451584923957,,,,
3547,4.285931587219238,6.183292246470559,,,,
3548,4.212962627410889,6.078020290016227,,,,
3549,4.217221260070801,6.08416419823565,,,,
3550,4.149502754211426,5.986467045655919,,,,
3551,4.243907451629639,6.122664234457798,,,,
3552,4.2504119873046875,6.132048295819477,,,,
3553,4.224075794219971,6.0940532006602615,,,,
3554,4.301377773284912,6.205576382508155,,,,
3555,4.300108909606934,6.2037457991723715,,,,
3556,4.2802910804748535,6.175154715362335,,,,
3557,4.216289520263672,6.082819981836506,,,,
3558,4.206501007080078,6.068698142408859,,,,
3559,4.200700759887695,6.0603301545484785,,,,
3560,4.21990966796875,6.088042750977908,,,,
3561,4.2683916091918945,6.157987407153209,,,,
3562,4.249022483825684,6.130043666041019,,,,
3563,4.258549213409424,6.143787831567372,,,,
3564,4.321990966796875,6.235314934564748,,,,
3565,4.219729900360107,6.087783401140407,,,,
3566,4.2745490074157715,6.1668706550355745,,,,
3567,4.223866939544678,6.09375188705595,,,,
3568,4.237551689147949,6.113494807444397,,,,
3569,4.355278015136719,6.283337994130472,,,,
3570,4.2625250816345215,6.149523796938948,,,,
3571,4.234551906585693,6.109167036018085,,,,
3572,4.319747447967529,6.23207822107551,,,,
3573,4.294422626495361,6.195542226726215,,,,
3574,4.248849391937256,6.129793947231967,,,,
3575,4.344381809234619,6.267618091911008,,,,
3576,4.21451473236084,6.080259504130461,,,,
3577,4.332732677459717,6.250811947268694,,,,
3578,4.271437644958496,6.162381907848055,,,,
3579,4.212267875671387,6.077017975126998,,,,
3580,4.328124046325684,6.244163097986338,,,,
3581,4.17723274230957,6.026472961969023,,,,
3582,4.262657642364502,6.149715041646708,,,,
3583,4.258456230163574,6.143653685099699,,,,
3584,4.139524936676025,5.972072097778702,,,,
3585,4.2652716636657715,6.153486277214827,,,,
3586,4.307188987731934,6.213960192772415,,,,
3587,4.294945240020752,6.196296198667597,,,,
3588,4.364181041717529,6.29618234642751,,,,
3589,4.197470188140869,6.055669424710096,,,,
3590,4.164980888366699,6.008797273043946,,,,
3591,4.350216865539551,6.27603629870544,,,,
3592,4.244257926940918,6.123169863451335,,,,
3593,4.416550636291504,6.371735700812748,,,,
3594,4.277270317077637,6.170796674989471,,,,
3595,4.204849720001221,6.066315838729108,,,,
3596,4.282662868499756,6.1785764821839,,,,
3597,4.191283226013184,6.046743525130316,,,,
3598,4.219124794006348,6.086910417204627,,,,
3599,4.240166187286377,6.11726673094312,,,,
3600,4.2226738929748535,6.092030684686115,4.393042182922363,6.3378201717181195,,
3601,4.223381042480469,6.093050885771033,,,,
3602,4.236879348754883,6.112524825293531,,,,
3603,4.287694454193115,6.185835525911518,,,,
3604,4.206869125366211,6.069229224834723,,,,
3605,4.195090293884277,6.052235963068271,,,,
3606,4.364664077758789,6.296879220128806,,,,
3607,4.234368801116943,6.10890287066636,,,,
3608,4.24346399307251,6.122024458996589,,,,
3609,4.289170265197754,6.1879646711292,,,,
3610,4.266514778137207,6.155279712298025,,,,
3611,4.328685283660889,6.2449727923066005,,,,
3612,4.277990818023682,6.171836138131286,,,,
3613,4.303332328796387,6.208396210051702,,,,
3614,4.291991710662842,6.192035156509821,,,,
3615,4.239602565765381,6.116453596969841,,,,
3616,4.23000955581665,6.1026138090896085,,,,
3617,4.3094940185546875,6.217285649309498,,,,
3618,4.29360818862915,6.19436724125552,,,,
3619,4.308656692504883,6.216077643169838,,,,
3620,4.262089729309082,6.148895716297997,,,,
3621,4.221791744232178,6.09075801306973,,,,
3622,4.272247314453125,6.163550014012715,,,,
3623,4.244698524475098,6.123805511328924,,,,
3624,4.164844036102295,6.008599836960756,,,,
3625,4.271468639373779,6.1624266233372795,,,,
3626,4.4025092124938965,6.35147820833292,,,,
3627,4.345792770385742,6.26965367856662,,,,
3628,4.359145164489746,6.288917111324461,,,,
3629,4.277170658111572,6.170652897493349,,,,
3630,4.278428077697754,6.17246697049465,,,,
3631,4.399463653564453,6.347084395568677,,,,
3632,4.353528022766113,6.280813288815806,,,,
3633,4.200395584106445,6.059889878962269,,,,
3634,4.287318706512451,6.185293436595999,,,,
3635,4.292168617248535,6.192290378763701,,,,
3636,4.244963645935059,6.124188000744443,,,,
3637,4.268501281738281,6.158145631192003,,,,
3638,4.345846652984619,6.26973141472481,,,,
3639,4.167252063751221,6.012073886508185,,,,
3640,4.142374038696289,5.976182483134323,,,,
3641,4.2515034675598145,6.133622968970776,,,,
3642,4.201793670654297,6.061906891491589,,,,
3643,4.273064136505127,6.164728439136428,,,,
3644,4.180531024932861,6.031231377953095,,,,
3645,4.176524639129639,6.0254513850228975,,,,
3646,4.264183044433594,6.151915731647148,,,,
3647,4.217253684997559,6.084210977516685,,,,
3648,4.15530252456665,5.994834345585697,,,,
3649,4.207942962646484,6.070778444553696,,,,
3650,4.175954818725586,6.024629307951773,,,,
3651,4.287446022033691,6.18547711406712,,,,
3652,4.2468366622924805,6.126890192154799,,,,
3653,4.204460144042969,6.065753799426088,,,,
3654,4.223926544189453,6.093837878381382,,,,
3655,4.188271999359131,6.042399243369522,,,,
3656,4.287975311279297,6.186240717036951,,,,
3657,4.22337532043457,6.093042630603792,,,,
3658,4.251657009124756,6.133844482625087,,,,
3659,4.334431171417236,6.253262356078188,,,,
3660,4.387737274169922,6.330166806168604,,,,
3661,4.277818202972412,6.1715871072528365,,,,
3662,4.217214107513428,6.084153879276598,,,,
3663,4.219639301300049,6.087652694325751,,,,
3664,4.325837135314941,6.240863782812186,,,,
3665,4.346641540527344,6.270878195040764,,,,
3666,4.256312847137451,6.140561437037186,,,,
3667,4.325326442718506,6.24012700913589,,,,
3668,4.303107738494873,6.2080721947374755,,,,
3669,4.2091593742370605,6.0725333555231,,,,
3670,4.301398277282715,6.205605963524103,,,,
3671,4.2272820472717285,6.098678846037868,,,,
3672,4.292758941650391,6.193142036850774,,,,
3673,4.239055633544922,6.115664540567682,,,,
3674,4.153885364532471,5.99278981583224,,,,
3675,4.185249328613281,6.038038451274245,,,,
3676,4.325920581817627,6.24098417066779,,,,
3677,4.243181228637695,6.121616516148742,,,,
3678,4.244657039642334,6.123745661366423,,,,
3679,4.247739315032959,6.128192444787133,,,,
3680,4.159162521362305,6.000403143820635,,,,
3681,4.207129955291748,6.069605522874811,,,,
3682,4.248989105224609,6.1299955108987785,,,,
3683,4.323888301849365,6.238052210435881,,,,
3684,4.262545108795166,6.149552690024294,,,,
3685,4.287494659423828,6.185547282988672,,,,
3686,4.299550533294678,6.20294023243573,,,,
3687,4.257604122161865,6.142424353111331,,,,
3688,4.18747615814209,6.041251087192362,,,,
3689,4.273192405700684,6.164913492468756,,,,
3690,4.3177490234375,6.229195103916446,,,,
3691,4.297026634216309,6.199299015751662,,,,
3692,4.181720733642578,6.032947764808705,,,,
3693,4.2207465171813965,6.089250069186965,,,,
3694,4.260511875152588,6.146619353931177,,,,
3695,4.31449031829834,6.22449378617246,,,,
3696,4.204279899597168,6.065493761657984,,,,
3697,4.268168926239014,6.157666143561397,,,,
3698,4.279656410217285,6.174239079729141,,,,
3699,4.32977819442749,6.246549529249711,,,,
3700,4.242856502532959,6.121148035407792,,,,
3701,4.290801525115967,6.190318081723606,,,,
3702,4.2071852684021,6.069685322824812,,,,
3703,4.243891716003418,6.122641532747885,,,,
3704,4.2970685958862305,6.199359553644766,,,,
3705,4.205560684204102,6.067341543258854,,,,
3706,4.285721778869629,6.18298955700504,,,,
3707,4.255573749542236,6.139495144601836,,,,
3708,4.3933000564575195,6.338192204588466,,,,
3709,4.172802925109863,6.020082086662961,,,,
3710,4.22076940536499,6.089283089855931,,,,
3711,4.292932987213135,6.1933931315210335,,,,
3712,4.349052429199219,6.2743563721718125,,,,
3713,4.211592674255371,6.076043865392512,,,,
3714,4.251722812652588,6.133939417048364,,,,
3715,4.274924278259277,6.167412056420491,,,,
3716,4.261437892913818,6.147955315163079,,,,
3717,4.298079967498779,6.200818654454686,,,,
3718,4.170233249664307,6.016374828640962,,,,
3719,4.1926751136779785,6.048751594561791,,,,
3720,4.290881633758545,6.190433654064987,,,,
3721,4.2690534591674805,6.158942254830799,,,,
3722,4.192551136016846,6.048572732604893,,,,
3723,4.24754524230957,6.1279124570315275,,,,
3724,4.150047302246094,5.98725266240506,,,,
3725,4.23351526260376,6.107671474886182,,,,
3726,4.322836875915527,6.2365353234552705,,,,
3727,4.206400394439697,6.068552989051531,,,,
3728,4.211999416351318,6.076630670197256,,,,
3729,4.241621017456055,6.11936560721425,,,,
3730,4.227069854736328,6.098372716919331,,,,
3731,4.235173225402832,6.110063409594382,,,,
3732,4.322019100189209,6.235355522470352,,,,
3733,4.194176197052002,6.0509172001014555,,,,
3734,4.253509044647217,6.1365164050888925,,,,
3735,4.213415145874023,6.078673136158902,,,,
3736,4.253142833709717,6.135988074385442,,,,
3737,4.2623443603515625,6.14926307124024,,,,
3738,4.284372806549072,6.1810434013278766,,,,
3739,4.2103271484375,6.074218097570952,,,,
3740,4.211483478546143,6.075886329284321,,,,
3741,4.25820255279541,6.143287706018663,,,,
3742,4.259653568267822,6.145381078844965,,,,
3743,4.262862682342529,6.150010851806192,,,,
3744,4.200202941894531,6.059611954998475,,,,
3745,4.2011027336120605,6.060910080047188,,,,
3746,4.286544322967529,6.184176237295993,,,,
3747,4.259127140045166,6.144621603458755,,,,
3748,4.238848686218262,6.115365978685784,,,,
3749,4.223804473876953,6.093661768146898,,,,
3750,4.1693267822265625,6.015067072563801,,,,
3751,4.285069465637207,6.182048467939519,,,,
3752,4.301766395568848,6.206137045949967,,,,
3753,4.248371601104736,6.129104640767308,,,,
3754,4.3165283203125,6.227434001571611,,,,
3755,4.157898426055908,5.998579439790885,,,,
3756,4.203873157501221,6.06490695685324,,,,
3757,4.1865434646606445,6.039905494932011,,,,
3758,4.21318244934082,6.078337426024418,,,,
3759,4.205352783203125,6.067041605515748,,,,
3760,4.201958179473877,6.062144227549779,,,,
3761,4.217879295349121,6.085113542468412,,,,
3762,4.1689982414245605,6.014593088378023,,,,
3763,4.268894672393799,6.15871317393985,,,,
3764,4.211947917938232,6.076556373692083,,,,
3765,4.182718753814697,6.034387603561729,,,,
3766,4.207677841186523,6.070395955138177,,,,
3767,4.289000511169434,6.187719767834371,,,,
3768,4.250080585479736,6.131570184050078,,,,
3769,4.139904975891113,5.972620378469653,,,,
3770,4.175602436065674,6.024120927235823,,,,
3771,4.189927577972412,6.044787738424705,,,,
3772,4.34541130065918,6.269103334083859,,,,
3773,4.117218494415283,5.939890704149254,,,,
3774,4.21569299697876,6.081959380651589,,,,
3775,4.309473991394043,6.217256756224153,,,,
3776,4.271737575531006,6.162814616197626,,,,
3777,4.20401668548584,6.065114023964878,,,,
3778,4.285325527191162,6.182417886673573,,,,
3779,4.133701801300049,5.963671089249356,,,,
3780,4.302684307098389,6.207461312361612,,,,
3781,4.307621955871582,6.214584833760349,,,,
3782,4.150892734527588,5.98847236336498,,,,
3783,4.2926859855651855,6.193036783468446,,,,
3784,4.213927745819092,6.079412661557612,,,,
3785,4.226119518280029,6.0970016712266535,,,,
3786,4.287403106689453,6.18541520031281,,,,
3787,4.241176605224609,6.118724455891833,,,,
3788,4.362599849700928,6.293901168546466,,,,
3789,4.144320487976074,5.978990615857612,,,,
3790,4.299501895904541,6.202870063514178,,,,
3791,4.260672569274902,6.1468511865445405,,,,
3792,4.1497697830200195,5.9868522867938525,,,,
3793,4.263555526733398,6.1510104149730065,,,,
3794,4.316158771514893,6.226900855353936,,,,
3795,4.2120137214660645,6.076651308115359,,,,
3796,4.192869186401367,6.0490315823173955,,,,
3797,4.289762496948242,6.1888190809386865,,,,
3798,4.098775386810303,5.913282924268967,,,,
3799,4.243616580963135,6.122244596789693,,,,
3800,4.310981750488281,6.219431992792266,4.299952411651612,6.203520020348319,,
3801,4.173487186431885,6.021069267078913,,,,
3802,4.244302749633789,6.12323452892806,,,,
3803,4.239262580871582,6.11596310244958,,,,
3804,4.131198883056641,5.96006014151184,,,,
3805,4.258222579956055,6.143316599104008,,,,
3806,4.376060962677002,6.3133214494818946,,,,
3807,4.3077802658081055,6.214813226720694,,,,
3808,4.190522193908691,6.045645587887209,,,,
3809,4.2621965408325195,6.14904981275317,,,,
3810,4.214346885681152,6.080017352558046,,,,
3811,4.193599224090576,6.050084804071279,,,,
3812,4.115469455718994,5.9373673746957945,,,,
3813,4.222685813903809,6.092047882951201,,,,
3814,4.254074573516846,6.1373322907845855,,,,
3815,4.249130725860596,6.1301998262880035,,,,
3816,4.182120323181152,6.033524250654398,,,,
3817,4.222570419311523,6.091881403745166,,,,
3818,4.1673455238342285,6.012208720906461,,,,
3819,4.208994388580322,6.072295331534305,,,,
3820,4.165887832641602,6.010105717051711,,,,
3821,4.283242225646973,6.179412317867094,,,,
3822,4.227240562438965,6.098618996075367,,,,
3823,4.1891889572143555,6.0437221339199585,,,,
3824,4.162793159484863,6.005641047435312,,,,
3825,4.146326541900635,5.981884739906331,,,,
3826,4.149784088134766,5.986872924711956,,,,
3827,4.220739841461182,6.089240438158517,,,,
3828,4.201160907745361,6.060994007580809,,,,
3829,4.245607376098633,6.125116707059102,,,,
3830,4.331378936767578,6.248858912285496,,,,
3831,4.239885330200195,6.1168615398176875,,,,
3832,4.257007598876953,6.141563751926414,,,,
3833,4.34845495223999,6.273494395125688,,,,
3834,4.191858768463135,6.047573857368683,,,,
3835,4.22657585144043,6.097660020814156,,,,
3836,4.2028303146362305,6.0634024526234915,,,,
3837,4.308877944946289,6.216396842969839,,,,
3838,4.21738862991333,6.084405661877462,,,,
3839,4.186615467071533,6.040009372453133,,,,
3840,4.230402946472168,6.103181351837456,,,,
3841,4.292541980743408,6.192829028426203,,,,
3842,4.201572418212891,6.061587691691587,,,,
3843,4.227171897888184,6.09851993406847,,,,
3844,4.264490127563477,6.152358758955771,,,,
3845,4.247813701629639,6.128299761961271,,,,
3846,4.2379937171936035,6.114132519113796,,,,
3847,4.2743754386901855,6.166620248295918,,,,
3848,4.250007629394531,6.13146493066775,,,,
3849,4.208103179931641,6.071009589236455,,,,
3850,4.184329986572266,6.03671212107079,,,,
3851,4.282520294189453,6.178370790933469,,,,
3852,4.294853210449219,6.196163428061132,,,,
3853,4.185756683349609,6.038770409436316,,,,
3854,4.196505069732666,6.054277053168711,,,,
3855,4.269722938537598,6.159908109398045,,,,
3856,4.258577346801758,6.1438284194729755,,,,
3857,4.345431327819824,6.269132227169204,,,,
3858,4.197880744934082,6.056261732959668,,,,
3859,4.238404273986816,6.114724827363368,,,,
3860,4.109311103820801,5.928482750952222,,,,
3861,4.219391345977783,6.087294970411956,,,,
3862,4.282163143157959,6.177855530911484,,,,
3863,4.167041778564453,6.011770509112063,,,,
3864,4.214648723602295,6.08045281263003,,,,
3865,4.258277893066406,6.143396399054008,,,,
3866,4.232886791229248,6.106764782350833,,,,
3867,4.201074123382568,6.060868804210981,,,,
3868,4.285050392150879,6.182020950715381,,,,
3869,4.21755313873291,6.084642997935652,,,,
3870,4.3149871826171875,6.225210609861256,,,,
3871,4.259303569793701,6.144876137782032,,,,
3872,4.257146835327148,6.141764627662622,,,,
3873,4.24807596206665,6.128678123793169,,,,
3874,4.2217631340026855,6.090716737233523,,,,
3875,4.293890953063965,6.194775184103367,,,,
3876,4.237652778625488,6.1136406487323285,,,,
3877,4.275737762451172,6.168585666029979,,,,
3878,4.253270626068115,6.136172439787167,,,,
3879,4.1805830001831055,6.031306362388871,,,,
3880,4.243329048156738,6.121829774635812,,,,
3881,4.237069129943848,6.112798621673704,,,,
3882,4.221256256103516,6.089985467002054,,,,
3883,4.208883762359619,6.072135731634305,,,,
3884,4.178096771240234,6.027719492222476,,,,
3885,4.174278736114502,6.022211231880642,,,,
3886,4.18921422958374,6.043758594241941,,,,
3887,4.241430282592773,6.119090434972869,,,,
3888,4.199594974517822,6.058734843479075,,,,
3889,4.281991958618164,6.177608563824845,,,,
3890,4.152028560638428,5.990111014062401,,,,
3891,4.178624629974365,6.028481031400497,,,,
3892,4.258067607879639,6.1430930216578865,,,,
3893,4.174744129180908,6.022882652149611,,,,
3894,4.196595191955566,6.054407072052763,,,,
3895,4.1483354568481445,5.984782991538671,,,,
3896,4.137311935424805,5.968879411848085,,,,
3897,4.207343578338623,6.069913715785158,,,,
3898,4.26066255569458,6.146836740001867,,,,
3899,4.198127269744873,6.056617393081652,,,,
3900,4.187727928161621,6.041614314550984,,,,
3901,4.21516752243042,6.081201281126585,,,,
3902,4.211887359619141,6.0764690065054445,,,,
3903,4.295063018798828,6.19646611752665,,,,
3904,4.18698263168335,6.0405390790177895,,,,
3905,4.148771286010742,5.9854117601102255,,,,
3906,4.255694389343262,6.13966919104451,,,,
3907,4.283881664276123,6.180334832806322,,,,
3908,4.293315887451172,6.193945539795605,,,,
3909,4.167308330535889,6.012155062319392,,,,
3910,4.19523811340332,6.052449221555341,,,,
3911,4.249501705169678,6.130735036297488,,,,
3912,4.211010456085205,6.075203902125698,,,,
3913,4.18822717666626,6.042334577892798,,,,
3914,4.262874126434326,6.1500273621406745,,,,
3915,4.195714473724365,6.053136464228189,,,,
3916,4.147507190704346,5.983588056080476,,,,
3917,4.2666707038879395,6.155504665605354,,,,
3918,4.221440315246582,6.090251008214986,,,,
3919,4.097511291503906,5.911459220239218,,,,
3920,4.165816307067871,6.010002527461193,,,,
3921,4.198471546173096,6.057114078977344,,,,
3922,4.222860813140869,6.092300353482668,,,,
3923,4.273770332336426,6.165747264360139,,,,
3924,4.24053430557251,6.117797813368984,,,,
3925,4.109657287597656,5.928982188570328,,,,
3926,4.240018367767334,6.11705347245605,,,,
3927,4.241584300994873,6.119312636557784,,,,
3928,4.1317853927612305,5.960906296154086,,,,
3929,4.193828582763672,6.050415698691539,,,,
3930,4.257142543792725,6.141758436287191,,,,
3931,4.276976585388184,6.170372909737745,,,,
3932,4.257843017578125,6.14276900634366,,,,
3933,4.1292924880981445,5.957309794959242,,,,
3934,4.247451305389404,6.127776934702648,,,,
3935,4.271616458892822,6.162639881824349,,,,
3936,4.1806840896606445,6.031452203676802,,,,
3937,4.1861701011657715,6.039366845269509,,,,
3938,4.215843200683594,6.082176078791676,,,,
3939,4.238368988037109,6.114673920498713,,,,
3940,4.290788650512695,6.190299507597313,,,,
3941,4.2388834953308105,6.115416197619836,,,,
3942,4.178928375244141,6.0289192431948955,,,,
3943,4.195472240447998,6.052786995481636,,,,
3944,4.091148853302002,5.902280162197368,,,,
3945,4.194905757904053,6.051969733924736,,,,
3946,4.253230094909668,6.136113965685873,,,,
3947,4.297607421875,6.200136915226666,,,,
3948,4.19004487991333,6.044956969353153,,,,
3949,4.147939205169678,5.984211321207203,,,,
3950,4.201479434967041,6.061453545223914,,,,
3951,4.312384128570557,6.221455196697017,,,,
3952,4.191091537475586,6.0464669770277295,,,,
3953,4.224942207336426,6.095303170566733,,,,
3954,4.1435418128967285,5.977867225182176,,,,
3955,4.319037437438965,6.231053892406972,,,,
3956,4.2873053550720215,6.185274174539102,,,,
3957,4.182567596435547,6.034169529560435,,,,
3958,4.173398494720459,6.020941311986671,,,,
3959,4.213087558746338,6.078200527834331,,,,
3960,4.103934288024902,5.920725645467706,,,,
3961,4.124657154083252,5.950622421563093,,,,
3962,4.298687934875488,6.201695765974087,,,,
3963,4.252215385437012,6.1346500493617295,,,,
3964,4.234323024749756,6.108836829328428,,,,
3965,4.230798244476318,6.103751646307717,,,,
3966,4.181446075439453,6.032551516781117,,,,
3967,4.174176216125488,6.0220633268009,,,,
3968,4.223277568817139,6.092901604830084,,,,
3969,4.195813179016113,6.053278865863104,,,,
3970,4.217125415802002,6.084025924184356,,,,
3971,4.292513847351074,6.1927884405206,,,,
3972,4.224459648132324,6.09460698479604,,,,
3973,4.185492038726807,6.0383886079514015,,,,
3974,4.252521514892578,6.135091700809145,,,,
3975,4.179855823516846,6.030257268218608,,,,
3976,4.155609607696533,5.99527737289432,,,,
3977,4.235875606536865,6.111076731373266,,,,
3978,4.225548267364502,6.096177530363719,,,,
3979,4.236236095428467,6.111596806909475,,,,
3980,4.213406085968018,6.078660065477437,,,,
3981,4.243005752563477,6.121363357686672,,,,
3982,4.359042644500732,6.288769206244719,,,,
3983,4.18908166885376,6.043567349534182,,,,
3984,4.191434383392334,6.046961599131611,,,,
3985,4.268917083740234,6.158745506678212,,,,
3986,4.262203216552734,6.149059443781619,,,,
3987,4.271950721740723,6.163122121177369,,,,
3988,4.287012577056885,6.184851785148583,,,,
3989,4.2802252769470215,6.175059780939058,,,,
3990,4.191772937774658,6.047450029860061,,,,
3991,4.241621494293213,6.119366295144853,,,,
3992,4.230827331542969,6.103793610074527,,,,
3993,4.138631820678711,5.970783603758438,,,,
3994,4.2003865242004395,6.059876808280804,,,,
3995,4.241940021514893,6.119825832787958,,,,
3996,4.287959098815918,6.186217327396434,,,,
3997,4.205042839050293,6.066594450623505,,,,
3998,4.214101791381836,6.079663756227872,,,,
3999,4.256500244140625,6.140831793764342,,,,
4000,4.217236518859863,6.08418621201496,4.326816844940185,6.242277205030037,,
4001,4.193833351135254,6.0504225779975735,,,,
4002,4.206211566925049,6.068280568532565,,,,
4003,4.18344259262085,6.035431882217768,,,,
4004,4.269636154174805,6.159782906028217,,,,
4005,4.277041435241699,6.170466468299814,,,,
4006,4.200344085693359,6.059815582457097,,,,
4007,4.211209774017334,6.07549145711794,,,,
4008,4.248404026031494,6.129151420048343,,,,
4009,4.140521049499512,5.973509184809312,,,,
4010,4.165966033935547,6.010218537670677,,,,
4011,4.231714725494385,6.1050738489275505,,,,
4012,4.236047744750977,6.111325074321112,,,,
4013,4.155035018920898,5.9944484165171605,,,,
4014,4.169743061065674,6.015667635980614,,,,
4015,4.190980434417725,6.046306689197125,,,,
4016,4.199174404144287,6.058128088686831,,,,
4017,4.167429447174072,6.0123297966926685,,,,
4018,4.2286787033081055,6.100693794775376,,,,
4019,4.151536464691162,5.989401069679639,,,,
4020,4.328977584838867,6.245394493766516,,,,
4021,4.237630844116211,6.113609003924569,,,,
4022,4.207549095153809,6.070210213875245,,,,
4023,4.184511184692383,6.036973534700103,,,,
4024,4.228369235992432,6.100247327813737,,,,
4025,4.178828716278076,6.028775465698774,,,,
4026,4.346251010894775,6.270314779876537,,,,
4027,4.1477813720703125,5.98398361617746,,,,
4028,4.25482702255249,6.138417845276831,,,,
4029,4.366493225097656,6.299518121923645,,,,
4030,4.327011585235596,6.242558155888486,,,,
4031,4.20067834854126,6.060297821810116,,,,
4032,4.237668514251709,6.113663350442242,,,,
4033,4.1552734375,5.994792381818886,,,,
4034,4.225697040557861,6.096392164711996,,,,
4035,4.218942642211914,6.086647627714109,,,,
4036,4.17008638381958,6.016162946015099,,,,
4037,4.243050575256348,6.121428023163396,,,,
4038,4.18631649017334,6.039578039964769,,,,
4039,4.188024520874023,6.042042207386331,,,,
4040,4.210798263549805,6.074897773007161,,,,
4041,4.156521320343018,5.996592696208118,,,,
4042,4.119506359100342,5.943191395184613,,,,
4043,4.236741065979004,6.11232532541853,,,,
4044,4.169241905212402,6.014944620916387,,,,
4045,4.154959678649902,5.994339723481815,,,,
4046,4.236424922943115,6.111869227428442,,,,
4047,4.233219146728516,6.107244269981439,,,,
4048,4.195803165435791,6.053264419320431,,,,
4049,4.246664047241211,6.12664116127635,,,,
4050,4.166900634765625,6.011566881653441,,,,
4051,4.250743865966797,6.132527095519479,,,,
4052,4.285827159881592,6.183141589668403,,,,
4053,4.137148857116699,5.968644139581705,,,,
4054,4.171379566192627,6.0180286138116585,,,,
4055,4.165276527404785,6.009223790018086,,,,
4056,4.195066452026367,6.052201566538098,,,,
4057,4.1603546142578125,6.002122970329262,,,,
4058,4.144705772399902,5.9795464637852,,,,
4059,4.1977739334106445,6.056107636504494,,,,
4060,4.25883674621582,6.144202653721253,,,,
4061,4.152252197265625,5.990433653515419,,,,
4062,4.222142219543457,6.091263642063267,,,,
4063,4.16968297958374,6.0155809567245795,,,,
4064,4.165989398956299,6.0102522462702455,,,,
4065,4.188910007476807,6.043319694516939,,,,
4066,4.210119247436523,6.073918159827847,,,,
4067,4.214563369750977,6.080329673052013,,,,
4068,4.1210198402404785,5.945374886919967,,,,
4069,4.284470558166504,6.181184427101584,,,,
4070,4.150059700012207,5.98727054860075,,,,
4071,4.163448810577393,6.006586952015057,,,,
4072,4.175292015075684,6.023673084412976,,,,
4073,4.236855506896973,6.112490428763358,,,,
4074,4.236164569854736,6.111493617318957,,,,
4075,4.183505535125732,6.035522689057424,,,,
4076,4.070277214050293,5.872168751753704,,,,
4077,4.2172088623046875,6.084146312039961,,,,
4078,4.1936469078063965,6.050153597131624,,,,
4079,4.146690845489502,5.982410318887368,,,,
4080,4.299551963806152,6.2029422962275405,,,,
4081,4.2225823402404785,6.091898602010252,,,,
4082,4.171116352081299,6.017648876118553,,,,
4083,4.165288925170898,6.009241676213776,,,,
4084,4.17377233505249,6.021480649579777,,,,
4085,4.148519992828369,5.985049220682207,,,,
4086,4.072842597961426,5.875869818400271,,,,
4087,4.151759624481201,5.989723021202054,,,,
4088,4.176270961761475,6.025085405941861,,,,
4089,4.059401988983154,5.856479118480792,,,,
4090,4.1398539543151855,5.972546769895084,,,,
4091,4.193822860717773,6.050407443524298,,,,
4092,4.193017482757568,6.049245528735069,,,,
4093,4.183523178100586,6.035548142489751,,,,
4094,4.155758857727051,5.9954926951731995,,,,
4095,4.160116195678711,6.001779005027537,,,,
4096,4.236676216125488,6.1122317668564605,,,,
4097,4.163755416870117,6.007029291393077,,,,
4098,4.079799652099609,5.885906725904625,,,,
4099,4.1147003173828125,5.936257742632428,,,,
4100,4.230966091156006,6.103993797880132,,,,
4101,4.1547112464904785,5.993981311637417,,,,
4102,4.16283655166626,6.0057036491202265,,,,
4103,4.196562767028809,6.054360292771729,,,,
4104,4.165649890899658,6.009762439680588,,,,
4105,4.274932861328125,6.167424439171353,,,,
4106,4.312977313995361,6.222310982367709,,,,
4107,4.1900506019592285,6.0449652245203955,,,,
4108,4.155045509338379,5.994463550990437,,,,
4109,4.190075397491455,6.045000996911774,,,,
4110,4.241884231567383,6.119745344907355,,,,
4111,4.1443190574646,5.978988552065801,,,,
4112,4.170766830444336,6.0171446229862235,,,,
4113,4.223514080047607,6.093242818409396,,,,
4114,4.1067214012146,5.9247465998448785,,,,
4115,4.124124050140381,5.9498533151484345,,,,
4116,4.169000625610352,6.01459652803104,,,,
4117,4.203717231750488,6.064682003545911,,,,
4118,4.237452030181885,6.113351029948276,,,,
4119,4.216097354888916,6.082542745803315,,,,
4120,4.222717761993408,6.0920939743016325,,,,
4121,4.068560600280762,5.869692201581279,,,,
4122,4.178393840789795,6.028148072988426,,,,
4123,4.200893878936768,6.0606087664428765,,,,
4124,4.132002353668213,5.9612193045786555,,,,
4125,4.2521867752075195,6.134608773525522,,,,
4126,4.151514530181885,5.98936942487188,,,,
4127,4.039239883422852,5.827391348775063,,,,
4128,4.167203426361084,6.012003717586633,,,,
4129,4.175257205963135,6.023622865478924,,,,
4130,4.268211841583252,6.157728057315707,,,,
4131,4.182492256164551,6.034060836525089,,,,
4132,4.190381050109863,6.045441960428587,,,,
4133,4.163602828979492,6.006809153599972,,,,
4134,4.267726421356201,6.157027743961394,,,,
4135,4.221567153930664,6.090433997755505,,,,
4136,4.1567792892456055,5.996964866664586,,,,
4137,4.170648097991943,6.016973328265965,,,,
4138,4.200401306152344,6.0598981341295115,,,,
4139,4.225165843963623,6.095625810019751,,,,
4140,4.153692722320557,5.992511891868445,,,,
4141,4.294564247131348,6.19574654211544,,,,
4142,4.141719341278076,5.9752379544157845,,,,
4143,4.1331024169921875,5.962806360480817,,,,
4144,4.265843868255615,6.154311793938969,,,,
4145,4.094577312469482,5.907226383236182,,,,
4146,4.158862113952637,5.99996974754046,,,,
4147,4.072434425354004,5.875280949803717,,,,
4148,4.197031497955322,6.055036528554921,,,,
4149,4.19414758682251,6.050875924265248,,,,
4150,4.193185329437256,6.049487680307483,,,,
4151,4.168773651123047,6.014269073063797,,,,
4152,4.155802249908447,5.995555296858114,,,,
4153,4.140812873840332,5.973930198338624,,,,
4154,4.171088695526123,6.017608976143554,,,,
4155,4.149794101715088,5.986887371254628,,,,
4156,4.229484558105469,6.101856397495209,,,,
4157,4.267890930175781,6.157265080019585,,,,
4158,4.260183811187744,6.1461460576760025,,,,
4159,4.281494617462158,6.176891052205446,,,,
4160,4.162416458129883,6.0050975822585855,,,,
4161,4.160895824432373,6.0029037715641795,,,,
4162,4.160161972045898,6.001845046365468,,,,
4163,4.239978790283203,6.116996374215963,,,,
4164,4.236837387084961,6.112464287400427,,,,
4165,4.146583080291748,5.982254846570988,,,,
4166,4.194697380065918,6.051669108251027,,,,
4167,4.225361347198486,6.095907861567166,,,,
4168,4.276309967041016,6.16941118275412,,,,
4169,4.171063423156738,6.017572515821571,,,,
4170,4.226949214935303,6.098198670476658,,,,
4171,4.191958427429199,6.047717634864804,,,,
4172,4.136563301086426,5.967799360800667,,,,
4173,4.161428451538086,6.003672190048235,,,,
4174,4.095699787139893,5.908845771876706,,,,
4175,4.161344051361084,6.003550426331424,,,,
4176,4.163590431213379,6.0067912674042825,,,,
4177,4.159062385559082,6.00025867839391,,,,
4178,4.248594284057617,6.12942590435912,,,,
4179,4.178927421569824,6.028917867333688,,,,
4180,4.14420747756958,5.978827576304593,,,,
4181,4.150487422943115,5.987887622352046,,,,
4182,4.18778133392334,6.041691362778571,,,,
4183,4.219593524932861,6.08758665298782,,,,
4184,4.247321605682373,6.127589817578509,,,,
4185,4.2201714515686035,6.088420424879203,,,,
4186,4.1448974609375,5.979823011887787,,,,
4187,4.1630353927612305,6.005990516181866,,,,
4188,4.131422519683838,5.960382780964859,,,,
4189,4.259396553039551,6.145010284249705,,,,
4190,4.13143253326416,5.960397227507531,,,,
4191,4.23846435546875,6.114811506619402,,,,
4192,4.226077556610107,6.09694113333355,,,,
4193,4.186476707458496,6.039809184647528,,,,
4194,4.174882411956787,6.023082152024611,,,,
4195,4.1088714599609375,5.927848478935839,,,,
4196,4.0716047286987305,5.874083950553712,,,,
4197,4.142174243927002,5.975894240211478,,,,
4198,4.135822772979736,5.966731004573507,,,,
4199,4.228252410888672,6.10007878481589,,,,
4200,4.189741611480713,6.0445194454893585,4.294848251342773,6.196156273582855,,
4201,4.2238664627075195,6.093751199125347,,,,
4202,4.238941669464111,6.115500125153457,,,,
4203,4.092458724975586,5.9041699075650484,,,,
4204,4.099262714385986,5.913985989345694,,,,
4205,4.157589912414551,5.998134348690452,,,,
4206,4.198073863983154,6.056540344854065,,,,
4207,4.195352554321289,6.052614324900169,,,,
4208,4.190502166748047,6.045616694801863,,,,
4209,4.199347972869873,6.058378495426488,,,,
4210,4.155548572540283,5.995189317777077,,,,
4211,4.191356658935547,6.046849466443248,,,,
4212,4.201850414276123,6.0619887552334,,,,
4213,4.163374900817871,6.006480322771523,,,,
4214,4.112287521362305,5.932776813778965,,,,
4215,4.240086078643799,6.11715115860174,,,,
4216,4.062683582305908,5.861213456893743,,,,
4217,4.13961935043335,5.972208308038185,,,,
4218,4.239004611968994,6.115590931993113,,,,
4219,4.131375312805176,5.960314675835117,,,,
4220,4.1383490562438965,5.970375660910592,,,,
4221,4.180293560028076,6.030888788512576,,,,
4222,4.110793113708496,5.930620839267748,,,,
4223,4.230069160461426,6.10269980041504,,,,
4224,4.2976274490356445,6.200165808312011,,,,
4225,4.132082462310791,5.961334876920035,,,,
4226,4.2087225914001465,6.071903211090339,,,,
4227,4.226118564605713,6.097000295365446,,,,
4228,4.197349548339844,6.055495378267423,,,,
4229,4.166821002960205,6.0114519972426645,,,,
4230,4.270912170410156,6.161623808323052,,,,
4231,4.125701427459717,5.952128989584651,,,,
4232,4.228747367858887,6.100792856782273,,,,
4233,4.21035099029541,6.074252494101125,,,,
4234,4.2238078117370605,6.093666583661122,,,,
4235,4.137723922729492,5.969473783889467,,,,
4236,4.263566493988037,6.151026237376886,,,,
4237,4.142556667327881,5.976445960555445,,,,
4238,4.351052284240723,6.277241553122687,,,,
4239,4.192623615264893,6.048677298056618,,,,
4240,4.133825778961182,5.963849951206253,,,,
4241,4.2469401359558105,6.127039473095748,,,,
4242,4.14767599105835,5.983831583514098,,,,
4243,4.167141914367676,6.011914974538787,,,,
4244,4.124180316925049,5.949934490959642,,,,
4245,4.171753883361816,6.018568639335368,,,,
4246,4.152207851409912,5.990369675969299,,,,
4247,4.1920695304870605,6.047877922695408,,,,
4248,4.152789115905762,5.991208263374905,,,,
4249,4.148092269897461,5.984432146930911,,,,
4250,4.116215705871582,5.938443986090196,,,,
4251,4.103756427764893,5.9204690473526185,,,,
4252,4.101650238037109,5.917430457877174,,,,
4253,4.055192947387695,5.850406755044127,,,,
4254,4.181095600128174,6.032045887787581,,,,
4255,4.147878170013428,5.984123266089961,,,,
4256,4.238282680511475,6.1145494050594875,,,,
4257,4.161530017852783,6.00381871926677,,,,
4258,4.217620849609375,6.084740684081342,,,,
4259,4.14743709564209,5.983486930281769,,,,
4260,4.120258331298828,5.944276261746255,,,,
4261,4.159918785095215,6.001494201757708,,,,
4262,4.232941627502441,6.10684389437023,,,,
4263,4.093753337860107,5.906037639153419,,,,
4264,4.202182292938232,6.062467554933401,,,,
4265,4.196963787078857,6.054938842409231,,,,
4266,4.207784175872803,6.070549363662747,,,,
4267,4.217055797576904,6.083925486316252,,,,
4268,4.272441387176514,6.1638300017683205,,,,
4269,4.11781644821167,5.940753369125981,,,,
4270,4.177970886230469,6.027537878543165,,,,
4271,4.129200458526611,5.957177024352776,,,,
4272,4.107454299926758,5.925803949182383,,,,
4273,4.144330978393555,5.979005750330887,,,,
4274,4.329529285430908,6.246190429474709,,,,
4275,4.1771321296691895,6.026327808611694,,,,
4276,4.236016750335693,6.111280358831888,,,,
4277,4.139035224914551,5.971365593048958,,,,
4278,4.2807111740112305,6.175760782223975,,,,
4279,4.119689464569092,5.9434555605363375,,,,
4280,4.142207622528076,5.9759423953537185,,,,
4281,4.178552627563477,6.028377153879376,,,,
4282,4.043211936950684,5.833121810701812,,,,
4283,4.2762370109558105,6.169305929371792,,,,
4284,4.188989639282227,6.043434578927716,,,,
4285,4.196312427520752,6.053999129204917,,,,
4286,4.2003703117370605,6.059853418640286,,,,
4287,4.192897319793701,6.049072170222999,,,,
4288,4.025413990020752,5.807444800927994,,,,
4289,4.173445701599121,6.021009417116413,,,,
4290,4.094937324523926,5.907745770841788,,,,
4291,4.116573333740234,5.938959934042784,,,,
4292,4.124014377593994,5.949695091109641,,,,
4293,4.190823078155518,6.046079672097986,,,,
4294,4.260693073272705,6.146880767560488,,,,
4295,4.159654140472412,6.001112400272793,,,,
4296,4.079140663146973,5.884956005810655,,,,
4297,4.260780334472656,6.14700665886092,,,,
4298,4.175392150878906,6.023817549839701,,,,
4299,4.109562873840332,5.928845978310844,,,,
4300,4.176996231079102,6.0261317483897106,,,,
4301,4.108092308044434,5.9267244003298005,,,,
4302,4.138032913208008,5.969919562920503,,,,
4303,4.1903815269470215,6.04544264835919,,,,
4304,4.198586463928223,6.057279870252776,,,,
4305,4.151824951171875,5.989817267694727,,,,
4306,4.144870281219482,5.979783799843391,,,,
4307,4.128724098205566,5.956489781679928,,,,
4308,4.194299697875977,6.051095374127749,,,,
4309,4.226282119750977,6.09723625556243,,,,
4310,4.1938676834106445,6.0504721090010225,,,,
4311,4.08022403717041,5.886518984141697,,,,
4312,4.20053768157959,6.060094882282098,,,,
4313,4.188616752624512,6.042896617195817,,,,
4314,4.112100601196289,5.932507144982411,,,,
4315,4.165762424468994,6.009924791303003,,,,
4316,4.1820502281188965,6.03342312485569,,,,
4317,4.181424140930176,6.032519871973359,,,,
4318,4.223026752471924,6.092539753332669,,,,
4319,4.155689716339111,5.995392945235699,,,,
4320,4.167886734008789,6.012989522141378,,,,
4321,4.118846893310547,5.94223998716004,,,,
4322,4.180019855499268,6.030493916346195,,,,
4323,4.118494510650635,5.9417316064440895,,,,
4324,4.135152816772461,5.965764462075658,,,,
4325,4.218668460845947,6.086252067617124,,,,
4326,4.162774085998535,6.005613530211174,,,,
4327,4.184446811676025,6.0368806640686365,,,,
4328,4.172727584838867,6.019973393627615,,,,
4329,4.092514991760254,5.904251083376256,,,,
4330,4.1978840827941895,6.056266548473892,,,,
4331,4.156670093536377,5.996807330556395,,,,
4332,4.240234851837158,6.117365792950017,,,,
4333,4.091333866119385,5.902547079271507,,,,
4334,4.151501655578613,5.989350850745587,,,,
4335,4.137020587921143,5.968459086249377,,,,
4336,4.181973457336426,6.033312368028534,,,,
4337,4.222212791442871,6.091365455792578,,,,
4338,4.087038040161133,5.896349512465014,,,,
4339,4.100208759307861,5.915350843662941,,,,
4340,4.073932647705078,5.877442427759761,,,,
4341,4.033566474914551,5.8192063504552,,,,
4342,4.196074485778809,6.053655851833795,,,,
4343,4.110124588012695,5.92965636056171,,,,
4344,4.167203426361084,6.012003717586633,,,,
4345,4.157082557678223,5.99740239052838,,,,
4346,4.133585453033447,5.963503234182114,,,,
4347,4.084327697753906,5.892439314914998,,,,
4348,4.19804048538208,6.056492189711824,,,,
4349,4.328685760498047,6.244973480237204,,,,
4350,4.18805456161499,6.042085547014349,,,,
4351,4.235401153564453,6.110392240422832,,,,
4352,4.180253505706787,6.030831002341886,,,,
4353,4.191638469696045,6.047256033429888,,,,
4354,4.191398620605469,6.046910004336352,,,,
4355,4.193704605102539,6.0502368367346415,,,,
4356,4.144672393798828,5.979498308642959,,,,
4357,4.239950656890869,6.11695578631036,,,,
4358,4.14696741104126,5.982809318637369,,,,
4359,4.107630252838135,5.926057795575056,,,,
4360,4.107524871826172,5.925905762911693,,,,
4361,4.133777618408203,5.963780470215305,,,,
4362,4.230786323547363,6.103734448042631,,,,
4363,4.187132835388184,6.040755777157877,,,,
4364,4.150766849517822,5.988290749685668,,,,
4365,4.210474967956543,6.074431356058022,,,,
4366,4.2106218338012695,6.074643238683885,,,,
4367,4.179795265197754,6.03016990103197,,,,
4368,4.203733921051025,6.0647060811170315,,,,
4369,4.217166423797607,6.084085086216253,,,,
4370,4.140230178833008,5.973089547141207,,,,
4371,4.207330703735352,6.069895141658864,,,,
4372,4.123173236846924,5.948481581525153,,,,
4373,4.097808361053467,5.911887801005167,,,,
4374,4.157613277435303,5.998168057290021,,,,
4375,4.201738357543945,6.061827091541589,,,,
4376,4.201981067657471,6.062177248218745,,,,
4377,4.233859539031982,6.108168160781874,,,,
4378,4.119565963745117,5.943277386510044,,,,
4379,4.180304050445557,6.030903922985852,,,,
4380,4.1435322761535645,5.977853466570107,,,,
4381,4.027360439300537,5.810252933651282,,,,
4382,4.295305252075195,6.196815586273203,,,,
4383,4.258128643035889,6.143181076775128,,,,
4384,4.149842739105225,5.9869575401761805,,,,
4385,4.19834041595459,6.056924898061395,,,,
4386,4.133318901062012,5.963118680974785,,,,
4387,4.207164764404297,6.069655741808863,,,,
4388,4.23853063583374,6.114907128973282,,,,
4389,4.06980562210083,5.87148838838689,,,,
4390,4.182663440704346,6.034307803611728,,,,
4391,4.0916032791137695,5.902935760062457,,,,
4392,4.175658226013184,6.024201415116426,,,,
4393,4.098465442657471,5.9128357693767235,,,,
4394,4.116050720214844,5.938205962101401,,,,
4395,4.122226715087891,5.947116039277302,,,,
4396,4.141158103942871,5.9744282600955225,,,,
4397,4.156766414642334,5.996946292538292,,,,
4398,4.234657287597656,6.109319068681447,,,,
4399,4.1461873054504395,5.981683864170123,,,,
4400,4.16268253326416,6.0054814475353115,4.277529525756836,6.171170634065507,,
4401,4.133586406707764,5.96350461004332,,,,
4402,4.160499095916748,6.002331413302108,,,,
4403,4.128514289855957,5.95618709221441,,,,
4404,4.170930862426758,6.017381271113811,,,,
4405,4.174558639526367,6.022615047144868,,,,
4406,4.1453375816345215,5.980457971834773,,,,
4407,4.102047920227051,5.918004192000453,,,,
4408,4.188426494598389,6.0426221328850405,,,,
4409,4.256091594696045,6.140242237237184,,,,
4410,4.211212158203125,6.075494896770958,,,,
4411,4.288201332092285,6.186566796142987,,,,
4412,4.160839080810547,6.002821907822369,,,,
4413,4.139183521270752,5.971579539466632,,,,
4414,4.081817626953125,5.888818048218431,,,,
4415,4.1315460205078125,5.960560954991153,,,,
4416,4.160495281219482,6.002325909857281,,,,
4417,4.121475696563721,5.946032548576866,,,,
4418,4.148784637451172,5.985431022167122,,,,
4419,4.104532718658447,5.921588998375037,,,,
4420,4.108470439910889,5.927269929298337,,,,
4421,4.168171405792236,6.013400216711639,,,,
4422,4.191877365112305,6.047600686662217,,,,
4423,4.121547698974609,5.946136426097987,,,,
4424,4.165454387664795,6.0094803881331735,,,,
4425,4.11602258682251,5.938165374195798,,,,
4426,4.134559631347656,5.964908676404964,,,,
4427,4.167535781860352,6.012483205217238,,,,
4428,4.029758453369141,5.8137125366560385,,,,
4429,4.133430004119873,5.963278968805389,,,,
4430,4.146920680999756,5.982741901438231,,,,
4431,4.120879650115967,5.945172635322552,,,,
4432,4.117343425750732,5.940070941967358,,,,
4433,4.130490303039551,5.9590378766351115,,,,
4434,4.103620529174805,5.920272987130635,,,,
4435,4.084695816040039,5.8929703973408625,,,,
4436,4.198077201843262,6.05654516036829,,,,
4437,4.093626022338867,5.905853961682297,,,,
4438,4.248220920562744,6.128887254696618,,,,
4439,4.149990558624268,5.98717079866325,,,,
4440,4.120790481567383,5.9450439922997065,,,,
4441,4.189977169036865,6.0448592832074635,,,,
4442,4.111347675323486,5.931420902559562,,,,
4443,4.160626411437988,6.00251509077323,,,,
4444,4.202113628387451,6.062368492926504,,,,
4445,4.160339832305908,6.002101644480556,,,,
4446,4.1900715827941895,6.0449954934669465,,,,
4447,4.251700401306152,6.133907084310001,,,,
4448,4.059994220733643,5.857333528290278,,,,
4449,4.084732532501221,5.893023367997328,,,,
4450,4.111380577087402,5.9314683697712,,,,
4451,4.167677402496338,6.012687520606463,,,,
4452,4.171966552734375,6.0188754563845075,,,,
4453,4.114100456237793,5.935392325933286,,,,
4454,4.214199066162109,6.079804094070976,,,,
4455,4.165750503540039,6.009907593037917,,,,
4456,4.193968772888184,6.050617950288954,,,,
4457,4.208499908447266,6.071581947498527,,,,
4458,4.131533622741699,5.960543068795463,,,,
4459,4.1440749168396,5.978636331596834,,,,
4460,4.1117424964904785,5.9319905090992195,,,,
4461,4.1868743896484375,6.040382918770806,,,,
4462,4.221954822540283,6.09099328533611,,,,
4463,4.11996603012085,5.94385456028634,,,,
4464,4.178606033325195,6.028454202106962,,,,
4465,4.210665702819824,6.074706528299402,,,,
4466,4.086501121520996,5.895574902605529,,,,
4467,4.12315034866333,5.948448560856187,,,,
4468,4.1753411293029785,6.023743941265131,,,,
4469,4.249326705932617,6.130482565766021,,,,
4470,4.164595127105713,6.008240737185754,,,,
4471,4.096755027770996,5.910368162302144,,,,
4472,4.0419745445251465,5.831336630785856,,,,
4473,4.138598918914795,5.9707361365468,,,,
4474,4.147109508514404,5.983014321957198,,,,
4475,4.204204082489014,6.065384380692034,,,,
4476,4.201183319091797,6.061026340319171,,,,
4477,4.222402572631836,6.091639252172751,,,,
4478,4.15766716003418,5.998245793448212,,,,
4479,4.0392255783081055,5.827370710856959,,,,
4480,4.195887565612793,6.053386183037242,,,,
4481,4.138991832733154,5.971302991364044,,,,
4482,4.054093360900879,5.848820387072569,,,,
4483,4.006206512451172,5.779734268290375,,,,
4484,4.271327495574951,6.162222995878658,,,,
4485,4.165543079376221,6.009608343225415,,,,
4486,4.167192459106445,6.011987895182753,,,,
4487,4.160685062408447,6.002599706237454,,,,
4488,4.107450485229492,5.925798445737555,,,,
4489,4.139232635498047,5.971650396318787,,,,
4490,4.197702407836914,6.056004446913977,,,,
4491,4.051389694213867,5.8449198205510005,,,,
4492,4.130539894104004,5.959109421417871,,,,
4493,4.041204452514648,5.830225622861282,,,,
4494,4.177093505859375,6.026272086232814,,,,
4495,4.217655658721924,6.084790903015394,,,,
4496,4.083319187164307,5.890984341688698,,,,
4497,4.108835220336914,5.927796196209977,,,,
4498,4.147233963012695,5.983193871844699,,,,
4499,4.229124546051025,6.101337009889603,,,,
4500,4.125541687011719,5.9518985328324945,,,,
4501,4.039822101593018,5.8282313120418765,,,,
4502,4.234356880187988,6.108885672401273,,,,
4503,4.120463848114014,5.944572759836342,,,,
4504,4.16740608215332,6.012296088093099,,,,
4505,4.099881172180176,5.91487823533837,,,,
4506,4.209794044494629,6.073448991156294,,,,
4507,4.059218883514404,5.856214953129066,,,,
4508,4.159745693206787,6.001244482948655,,,,
4509,4.093620777130127,5.905846394445659,,,,
4510,4.017280578613281,5.795710768624927,,,,
4511,4.181375503540039,6.032449703051807,,,,
4512,4.160419464111328,6.002216528891332,,,,
4513,4.064842700958252,5.86432840666617,,,,
4514,4.1184258460998535,5.9416325444371925,,,,
4515,4.059064865112305,5.855992751544151,,,,
4516,4.113615989685059,5.93469338844018,,,,
4517,4.129640579223633,5.957811984299762,,,,
4518,4.152547359466553,5.990859482558956,,,,
4519,4.0863471031188965,5.895352701020614,,,,
4520,4.131189823150635,5.960047070830375,,,,
4521,4.140539169311523,5.973535326172243,,,,
4522,4.199773788452148,6.058992817455369,,,,
4523,4.232607841491699,6.106362342947814,,,,
4524,4.149359703063965,5.986260666474884,,,,
4525,4.301488876342773,6.205736670338759,,,,
4526,4.052201747894287,5.846091366368678,,,,
4527,4.116680145263672,5.939114030497957,,,,
4528,4.094295978546143,5.906820504180145,,,,
4529,4.186847686767578,6.040344394657013,,,,
4530,4.1783552169799805,6.028092350609547,,,,
4531,4.155699729919434,5.995407391778372,,,,
4532,4.118715763092041,5.94205080624409,,,,
4533,4.092734336853027,5.904567531453843,,,,
4534,4.083075523376465,5.890632809150334,,,,
4535,4.058945655822754,5.855820768893288,,,,
4536,4.185420513153076,6.038285418360884,,,,
4537,4.123492240905762,5.948941807098861,,,,
4538,4.190271377563477,6.045283736389793,,,,
4539,4.2455244064331055,6.124997007134102,,,,
4540,4.15242338180542,5.990680620602058,,,,
4541,4.144466400146484,5.979201122622268,,,,
4542,4.013829708099365,5.79073221484775,,,,
4543,4.1639556884765625,6.007318222246527,,,,
4544,4.1187052726745605,5.942035671770815,,,,
4545,4.042154788970947,5.83159666855396,,,,
4546,4.1447672843933105,5.979635206833045,,,,
4547,4.150299549102783,5.987616577694286,,,,
4548,4.162956714630127,6.005877007632296,,,,
4549,4.122115135192871,5.946955063516095,,,,
4550,4.103933811187744,5.920724957537102,,,,
4551,4.198719024658203,6.057471114960535,,,,
4552,4.069039821624756,5.870383571837747,,,,
4553,4.066391468048096,5.866562805266179,,,,
4554,4.128398418426514,5.956019925077771,,,,
4555,4.184208393096924,6.036536698766911,,,,
4556,4.10491418838501,5.922139342857798,,,,
4557,4.109941005706787,5.929391507279381,,,,
4558,4.10097599029541,5.9164577240038945,,,,
4559,4.097709655761719,5.911745399370253,,,,
4560,4.086330890655518,5.895329311380096,,,,
4561,4.1050262451171875,5.922301006549609,,,,
4562,4.214212894439697,6.079824044058476,,,,
4563,4.152915000915527,5.991389877054217,,,,
4564,4.1099724769592285,5.929436910699208,,,,
4565,4.200448989868164,6.059966927189857,,,,
4566,4.08363676071167,5.891442503470597,,,,
4567,4.1404876708984375,5.97346102966707,,,,
4568,4.1337056159973145,5.963676592694183,,,,
4569,4.171674728393555,6.0184544428551945,,,,
4570,4.0845112800598145,5.8927041681973265,,,,
4571,4.164783477783203,6.008512469774118,,,,
4572,4.1891770362854,6.043704935654873,,,,
4573,4.121383190155029,5.945899090039797,,,,
4574,4.093024730682373,5.904986481191345,,,,
4575,4.128654479980469,5.956389343811825,,,,
4576,4.075427532196045,5.87959909020158,,,,
4577,4.138238906860352,5.970216748941194,,,,
4578,4.175713062286377,6.024280527135823,,,,
4579,4.054742813110352,5.849757348554469,,,,
4580,4.107079982757568,5.925263923658673,,,,
4581,4.11198616027832,5.932342041637583,,,,
4582,4.128747940063477,5.956524178210101,,,,
4583,4.089756965637207,5.900272092765894,,,,
4584,4.039309024810791,5.827491098712564,,,,
4585,4.126742839813232,5.953631430022589,,,,
4586,4.09542989730835,5.908456403155153,,,,
4587,4.113189697265625,5.934078378480694,,,,
4588,4.1788530349731445,6.02881055015955,,,,
4589,4.079273700714111,5.885147938449018,,,,
4590,4.052536487579346,5.8465742936523,,,,
4591,4.178449630737305,6.02822856086903,,,,
4592,4.110536098480225,5.930250044672488,,,,
4593,4.1774210929870605,6.026744694557386,,,,
4594,4.187865257263184,6.0418124385647785,,,,
4595,4.1513824462890625,5.989178868094724,,,,
4596,4.245335578918457,6.124724586615135,,,,
4597,4.278685569763184,6.172838453020514,,,,
4598,4.171806335449219,6.018644311701747,,,,
4599,4.084718227386475,5.893002730079225,,,,
4600,4.121872425079346,5.946604906838938,4.269310474395752,6.15931304942606,,
4601,4.008565425872803,5.783137460985649,,,,
4602,4.1535420417785645,5.992294505797755,,,,
4603,4.081040382385254,5.887696721334805,,,,
4604,4.114063739776611,5.93533935527682,,,,
4605,4.206139087677002,6.06817600308084,,,,
4606,4.107311248779297,5.925597570001347,,,,
4607,4.114108085632324,5.935403332822941,,,,
4608,4.08482027053833,5.893149947228363,,,,
4609,4.183138847351074,6.034993670423369,,,,
4610,4.0612616539001465,5.859162047834251,,,,
4611,4.1281938552856445,5.9557248028488905,,,,
4612,4.068193435668945,5.869162495016622,,,,
4613,4.1033525466918945,5.919886370131495,,,,
4614,4.206364631652832,6.068501394256272,,,,
4615,4.122344493865967,5.947285958136354,,,,
4616,4.217874526977539,6.085106663162378,,,,
4617,4.114245414733887,5.935601456836735,,,,
4618,4.141073226928711,5.974305808448109,,,,
4619,4.19955587387085,6.058678433169592,,,,
4620,4.119387626647949,5.943020100464353,,,,
4621,4.149774074554443,5.9868584781692835,,,,
4622,4.1640849113464355,6.007504651440062,,,,
4623,4.068725109100342,5.86992953763947,,,,
4624,4.17140007019043,6.018058194827607,,,,
4625,4.037744045257568,5.825233310472036,,,,
4626,4.053328990936279,5.847717634315236,,,,
4627,4.170751571655273,6.017122609206913,,,,
4628,4.144474983215332,5.97921350537313,,,,
4629,4.124795913696289,5.950822609368697,,,,
4630,4.198315620422363,6.056889125670016,,,,
4631,4.043954849243164,5.834193606581989,,,,
4632,4.118715763092041,5.94205080624409,,,,
4633,4.078577518463135,5.884143559767979,,,,
4634,4.027246475219727,5.810088518237057,,,,
4635,4.1457743644714355,5.981088116267534,,,,
4636,4.123805999755859,5.949394465435932,,,,
4637,3.9890689849853516,5.755010042402338,,,,
4638,4.215720176696777,6.081998592695985,,,,
4639,4.106603145599365,5.924575993055222,,,,
4640,4.0614142417907715,5.859382185627355,,,,
4641,4.136950969696045,5.9683586483812725,,,,
4642,4.293763160705566,6.194590818701642,,,,
4643,4.180069923400879,6.030566149059557,,,,
4644,4.194328784942627,6.051137337894559,,,,
4645,4.113268852233887,5.934192574960867,,,,
4646,4.096773624420166,5.910394991595679,,,,
4647,4.143568515777588,5.977905749295969,,,,
4648,4.170053005218506,6.016114790872857,,,,
4649,4.209551811218262,6.07309952240974,,,,
4650,4.161572456359863,6.003879945090477,,,,
4651,4.049002170562744,5.84147535201952,,,,
4652,4.072676658630371,5.87563041855027,,,,
4653,4.133068084716797,5.962756829477369,,,,
4654,4.134552478790283,5.964898357445913,,,,
4655,4.136022090911865,5.96701855956575,,,,
4656,4.059085845947266,5.856023020490703,,,,
4657,4.015628337860107,5.793327089083968,,,,
4658,4.16595983505249,6.0102095945728315,,,,
4659,4.109992980957031,5.929466491715157,,,,
4660,4.1562418937683105,5.996189568874495,,,,
4661,4.171158313751221,6.017709414011657,,,,
4662,4.132243633270264,5.961567397464002,,,,
4663,4.112888336181641,5.933643606339313,,,,
4664,4.144404888153076,5.979112379574422,,,,
4665,4.102434158325195,5.918561415789248,,,,
4666,4.150154113769531,5.987406758860234,,,,
4667,4.140691757202148,5.973755463965348,,,,
4668,4.094583034515381,5.907234638403423,,,,
4669,4.115464210510254,5.937359807459156,,,,
4670,4.099306106567383,5.914048591030608,,,,
4671,4.104757308959961,5.921913013689262,,,,
4672,4.216917991638184,6.083726674371855,,,,
4673,4.127263069152832,5.954381962310954,,,,
4674,4.107992649078369,5.926580622833679,,,,
4675,4.18801212310791,6.042024321190641,,,,
4676,4.150460720062256,5.987849098238253,,,,
4677,4.094950199127197,5.907764344968081,,,,
4678,4.1243414878845215,5.950167011503608,,,,
4679,4.055651664733887,5.851068544284647,,,,
4680,4.055441379547119,5.850765166888525,,,,
4681,4.071422576904297,5.873821161063193,,,,
4682,4.154861927032471,5.994198697708108,,,,
4683,4.085746765136719,5.894486596390869,,,,
4684,4.070621490478516,5.872665437649395,,,,
4685,4.110812187194824,5.930648356491886,,,,
4686,4.055337429046631,5.850615198016973,,,,
4687,4.148496627807617,5.985015512082637,,,,
4688,4.068110466003418,5.869042795091621,,,,
4689,4.140530109405518,5.973522255490778,,,,
4690,4.128556251525879,5.956247630107513,,,,
4691,4.132955551147461,5.962594477854955,,,,
4692,4.104525089263916,5.921577991485382,,,,
4693,4.124382972717285,5.950226861466108,,,,
4694,4.074502944946289,5.878265192761488,,,,
4695,4.1195573806762695,5.943265003759182,,,,
4696,4.1270527839660645,5.954078584914832,,,,
4697,4.093129634857178,5.905137825924104,,,,
4698,4.071454048156738,5.873866564483022,,,,
4699,4.182683944702148,6.034337384627677,,,,
4700,4.140201091766357,5.973047583374396,,,,
4701,4.199869632720947,6.0591310915066625,,,,
4702,4.128993988037109,5.956879150401482,,,,
4703,4.131662845611572,5.960729497988998,,,,
4704,4.110128879547119,5.929662551937141,,,,
4705,4.046902179718018,5.838445705641921,,,,
4706,4.104698181152344,5.921827710294434,,,,
4707,4.00880241394043,5.783479362495564,,,,
4708,4.242563724517822,6.120725646017273,,,,
4709,4.110360622406006,5.929996886210418,,,,
4710,4.124759197235107,5.950769638712232,,,,
4711,4.088032245635986,5.89778384777321,,,,
4712,4.090882301330566,5.9018956089900385,,,,
4713,4.066535949707031,5.866771248239025,,,,
4714,4.143948078155518,5.978453342056316,,,,
4715,4.1757588386535645,6.024346568473755,,,,
4716,4.116153240203857,5.938353867181143,,,,
4717,4.094391345977783,5.906958090300836,,,,
4718,4.160890102386475,6.002895516396938,,,,
4719,4.050570487976074,5.843737955774271,,,,
4720,4.155163288116455,5.994633469849489,,,,
4721,4.108766078948975,5.927696446272477,,,,
4722,4.088151931762695,5.897956518354676,,,,
4723,4.144056797027588,5.978610190233903,,,,
4724,4.154452800750732,5.993608453250347,,,,
4725,3.9865965843200684,5.751443122223443,,,,
4726,4.162771224975586,6.005609402627553,,,,
4727,4.165744304656982,6.009898649940072,,,,
4728,4.142180442810059,5.975903183309322,,,,
4729,4.099887371063232,5.914887178436215,,,,
4730,4.092681884765625,5.9044918590874635,,,,
4731,4.08842134475708,5.898345199145626,,,,
4732,4.114850997924805,5.936475128703118,,,,
4733,4.042586803436279,5.832219933680687,,,,
4734,4.135390281677246,5.966107051516176,,,,
4735,4.154185771942139,5.993223212112414,,,,
4736,4.121552467346191,5.946143305404022,,,,
4737,4.1630024909973145,6.005943048970227,,,,
4738,4.217893600463867,6.085134180386516,,,,
4739,4.098621845245361,5.913061410614655,,,,
4740,4.038144111633301,5.825810484248332,,,,
4741,4.082454204559326,5.889736435574038,,,,
4742,4.073365211486816,5.876623790341654,,,,
4743,4.056571960449219,5.852396250349308,,,,
4744,4.0720391273498535,5.874710655333456,,,,
4745,4.184390544891357,6.036799488257429,,,,
4746,4.181671142578125,6.032876220025947,,,,
4747,4.1092848777771,5.928444914769032,,,,
4748,4.093597412109375,5.905812685846089,,,,
4749,4.127680778503418,5.954984589519577,,,,
4750,4.0868611335754395,5.896094290211134,,,,
4751,4.1440300941467285,5.97857166612011,,,,
4752,4.137572288513184,5.9692550219575695,,,,
4753,4.20940637588501,6.0728897035756875,,,,
4754,4.01857852935791,5.797583315727521,,,,
4755,4.131439208984375,5.96040685853598,,,,
4756,4.130917549133301,5.959654262455804,,,,
4757,4.088247299194336,5.8980941044753665,,,,
4758,4.110208034515381,5.929776748417313,,,,
4759,4.098918437957764,5.913489303450002,,,,
4760,4.08196496963501,5.889030618774897,,,,
4761,4.173757076263428,6.0214586358004665,,,,
4762,4.0733323097229,5.876576323130016,,,,
4763,4.188967227935791,6.043402246189354,,,,
4764,3.980689525604248,5.742921037907889,,,,
4765,4.110838890075684,5.93068688060568,,,,
4766,4.120815277099609,5.945079764691086,,,,
4767,4.133147716522217,5.962871713888146,,,,
4768,4.055747985839844,5.851207506266545,,,,
4769,4.047033786773682,5.838635574488473,,,,
4770,4.075026035308838,5.8790198526334745,,,,
4771,4.063704013824463,5.862685628385129,,,,
4772,4.034180164337158,5.820091717141842,,,,
4773,4.034383296966553,5.820384775578912,,,,
4774,4.123314380645752,5.9486852089837745,,,,
4775,4.07487678527832,5.878804530354595,,,,
4776,4.105653762817383,5.92320632322375,,,,
4777,4.196990489959717,6.054977366523024,,,,
4778,4.200507640838623,6.06005154265408,,,,
4779,4.114161014556885,5.935479693119924,,,,
4780,4.095552444458008,5.90863320132024,,,,
4781,4.049976348876953,5.842880794242371,,,,
4782,4.101617336273193,5.917382990665536,,,,
4783,4.080811500549316,5.887366514645148,,,,
4784,4.0957794189453125,5.908960656287483,,,,
4785,4.11081600189209,5.930653859936714,,,,
4786,4.191652774810791,6.0472766713479915,,,,
4787,4.095770359039307,5.908947585606017,,,,
4788,4.1096367835998535,5.928952607554379,,,,
4789,4.1374831199646,5.969126378934724,,,,
4790,4.170930862426758,6.017381271113811,,,,
4791,4.215212821960449,6.081266634533914,,,,
4792,4.065818786621094,5.865736600611434,,,,
4793,4.20880651473999,6.072024286876546,,,,
4794,4.135130405426025,5.965732129337296,,,,
4795,4.1083292961120605,5.927066301839716,,,,
4796,4.065286159515381,5.86496818212738,,,,
4797,4.076531410217285,5.88119164954857,,,,
4798,4.154142379760742,5.9931606104275,,,,
4799,4.033343315124512,5.818884398932785,,,,
4800,4.028751850128174,5.812260315152153,4.269343852996826,6.159361204568301,,
4801,4.107306957244873,5.925591378625916,,,,
4802,4.05342435836792,5.847855220435926,,,,
4803,4.173163414001465,6.02060216219917,,,,
4804,4.161778450012207,6.004177131111168,,,,
4805,4.113269805908203,5.934193950822074,,,,
4806,4.193246364593506,6.0495757354247255,,,,
4807,4.127207279205322,5.95430147443035,,,,
4808,4.091636657714844,5.902983915204699,,,,
4809,4.162287712097168,6.004911840995654,,,,
4810,4.211187839508057,6.075459812310181,,,,
4811,4.05400276184082,5.848689680257913,,,,
4812,4.0831170082092285,5.890692659112835,,,,
4813,4.060925483703613,5.858677056758818,,,,
4814,4.098001480102539,5.912166412899565,,,,
4815,4.123383045196533,5.9487842709906715,,,,
4816,4.0610270500183105,5.858823585977353,,,,
4817,4.091272830963135,5.902459024154265,,,,
4818,4.048511028289795,5.8407667834979655,,,,
4819,4.053727149963379,5.848292056369118,,,,
4820,4.101369380950928,5.917025266751741,,,,
4821,4.11146879196167,5.931595636932839,,,,
4822,4.046840667724609,5.838356962594076,,,,
4823,4.125624179840088,5.952017544826892,,,,
4824,4.138070106506348,5.969973221507573,,,,
4825,4.103603363037109,5.920248221628911,,,,
4826,4.090028762817383,5.90066421320986,,,,
4827,3.9661896228790283,5.722002100152842,,,,
4828,4.2086944580078125,6.071862623184735,,,,
4829,4.140597343444824,5.9736192537058646,,,,
4830,4.186048984527588,6.0391921108962325,,,,
4831,4.120601177215576,5.944770883850136,,,,
4832,4.259546279907227,6.145226294459189,,,,
4833,4.163800239562988,6.007093956869801,,,,
4834,4.121410846710205,5.945938990014797,,,,
4835,4.08490514755249,5.893272398875777,,,,
4836,4.067770481109619,5.868552300571361,,,,
4837,4.167468070983887,6.0123855190715485,,,,
4838,4.059232234954834,5.856234215185963,,,,
4839,4.141569137573242,5.9750212562756975,,,,
4840,4.127821445465088,5.9551875290475955,,,,
4841,4.119647026062012,5.943394334712631,,,,
4842,4.073842525482178,5.877312408875708,,,,
4843,4.159323692321777,6.000635664364601,,,,
4844,4.096611499786377,5.910161095190505,,,,
4845,4.070819854736328,5.872951616780431,,,,
4846,4.19660758972168,6.054424958248453,,,,
4847,4.110507488250732,5.930208768836281,,,,
4848,4.121249675750732,5.945706469470831,,,,
4849,4.173764228820801,6.021468954759518,,,,
4850,4.147273540496826,5.983250970084785,,,,
4851,4.051417350769043,5.844959720526001,,,,
4852,4.1014180183410645,5.917095435673294,,,,
4853,4.05844259262085,5.855095002106648,,,,
4854,4.081427097320557,5.888254633054204,,,,
4855,4.140495300292969,5.973472036556726,,,,
4856,4.136847019195557,5.96820867950972,,,,
4857,4.069249629974365,5.870686261303266,,,,
4858,4.063865661621094,5.8629188368596985,,,,
4859,4.057851314544678,5.854241968158368,,,,
4860,4.160850524902344,6.002838418156852,,,,
4861,4.128358364105225,5.955962138907081,,,,
4862,4.081608772277832,5.888516734614119,,,,
4863,4.112228870391846,5.93269219831474,,,,
4864,4.023774147033691,5.805079007582726,,,,
4865,4.171985149383545,6.018902285678042,,,,
4866,4.18735408782959,6.041074976957878,,,,
4867,4.0935468673706055,5.9057397652021235,,,,
4868,4.171041965484619,6.017541558944415,,,,
4869,4.1290202140808105,5.956916986584671,,,,
4870,3.995326042175293,5.764037067780825,,,,
4871,4.096944808959961,5.910641958682318,,,,
4872,4.055288791656494,5.850545029095421,,,,
4873,4.082548141479492,5.889871957902918,,,,
4874,4.135049343109131,5.965615181134709,,,,
4875,4.117815971374512,5.940752681195378,,,,
4876,4.10741662979126,5.92574960266471,,,,
4877,4.056465148925781,5.852242153894135,,,,
4878,4.189259052276611,6.043823259718666,,,,
4879,4.086512565612793,5.8955914129400115,,,,
4880,4.138864517211914,5.971119313892922,,,,
4881,4.123952388763428,5.9496056601311915,,,,
4882,3.9752209186553955,5.735031505782208,,,,
4883,4.1066765785217285,5.924681934368154,,,,
4884,4.089940071105957,5.900536258117619,,,,
4885,4.108314037322998,5.927044288060405,,,,
4886,4.095278263092041,5.908237641223256,,,,
4887,4.153720855712891,5.992552479774049,,,,
4888,4.076961994171143,5.881812850883486,,,,
4889,3.979687213897705,5.741475007779434,,,,
4890,4.184237957000732,6.036579350464325,,,,
4891,4.124731063842773,5.950729050806628,,,,
4892,4.060718536376953,5.85837849487692,,,,
4893,4.0123467445373535,5.788592750671016,,,,
4894,3.9866414070129395,5.7515077877001675,,,,
4895,4.103283882141113,5.919787308124598,,,,
4896,4.046928882598877,5.838484229755714,,,,
4897,4.048100471496582,5.840174475248394,,,,
4898,4.114021301269531,5.935278129453113,,,,
4899,4.1537885665893555,5.992650165919739,,,,
4900,4.006170272827148,5.779681985564513,,,,
4901,4.127022743225098,5.954035245286814,,,,
4902,4.1002068519592285,5.915348091940527,,,,
4903,4.0323615074157715,5.817467949820279,,,,
4904,4.1175665855407715,5.940392893489773,,,,
4905,3.9811596870422363,5.743599337482892,,,,
4906,3.976818084716797,5.737335729338469,,,,
4907,4.137004852294922,5.968436384539462,,,,
4908,4.159739017486572,6.0012348519202074,,,,
4909,4.074185848236084,5.877807718910193,,,,
4910,4.112589359283447,5.933212273850949,,,,
4911,4.213747978210449,6.079153311720111,,,,
4912,4.118975639343262,5.942425728422972,,,,
4913,4.106902122497559,5.925007325543586,,,,
4914,4.077966690063477,5.883262320664958,,,,
4915,4.100000858306885,5.915050905919836,,,,
4916,4.0247063636779785,5.806423911912472,,,,
4917,4.085599422454834,5.894274025834402,,,,
4918,4.079834461212158,5.885956944838677,,,,
4919,4.186555862426758,6.039923381127701,,,,
4920,4.004176139831543,5.776805059780879,,,,
4921,4.008300304412842,5.78275497157013,,,,
4922,4.071657657623291,5.874160310850695,,,,
4923,4.204250335693359,6.065451109960569,,,,
4924,4.123292446136475,5.948653564176015,,,,
4925,4.061480522155762,5.859477807981236,,,,
4926,4.143598556518555,5.977949088923986,,,,
4927,4.100703239440918,5.91606422769872,,,,
4928,4.03933572769165,5.827529622826357,,,,
4929,4.129073619842529,5.956994034812258,,,,
4930,4.083220958709717,5.890842627984387,,,,
4931,4.108425140380859,5.927204575891009,,,,
4932,4.098401069641113,5.9127428987452575,,,,
4933,4.040774345397949,5.829605109456969,,,,
4934,4.1197896003723145,5.943600025963063,,,,
4935,4.073890686035156,5.877381889866657,,,,
4936,4.114152908325195,5.935467998299665,,,,
4937,4.085890769958496,5.8946943514331105,,,,
4938,4.055759906768799,5.851224704531631,,,,
4939,4.141717910766602,5.975235890623974,,,,
4940,4.044051170349121,5.834332568563886,,,,
4941,4.179208278656006,6.029323058459121,,,,
4942,4.011274337768555,5.787045594743855,,,,
4943,4.048461437225342,5.840695238715206,,,,
4944,4.062018871307373,5.8602544816325315,,,,
4945,4.035833358764648,5.822476772544007,,,,
4946,4.076751708984375,5.881509473487364,,,,
4947,4.048441410064697,5.840666345629861,,,,
4948,4.048791885375977,5.841171974623398,,,,
4949,4.032463550567627,5.817615166969417,,,,
4950,4.127344131469727,5.95449891051354,,,,
4951,4.092724800109863,5.904553772841774,,,,
4952,4.031152248382568,5.815723357809927,,,,
4953,4.036184787750244,5.8229837773987505,,,,
4954,4.1509575843811035,5.988565921927049,,,,
4955,4.089798450469971,5.900331942728394,,,,
4956,4.055530071258545,5.850893121980767,,,,
4957,4.077332973480225,5.882348060892972,,,,
4958,4.142279624938965,5.97604627287484,,,,
4959,4.122879981994629,5.94805850420403,,,,
4960,4.1363911628723145,5.967551017852821,,,,
4961,4.212457180023193,6.0772910835765686,,,,
4962,4.093142509460449,5.905156400050397,,,,
4963,4.20734977722168,6.069922658883002,,,,
4964,4.004359245300293,5.777069225132605,,,,
4965,4.045006275177002,5.8357104935625985,,,,
4966,4.064602851867676,5.863982377572634,,,,
4967,4.0298943519592285,5.813908596878022,,,,
4968,3.9835283756256104,5.747016632755536,,,,
4969,4.094268321990967,5.906780604205146,,,,
4970,4.0516886711120605,5.845351153039364,,,,
4971,4.042043209075928,5.831435692792753,,,,
4972,4.1230340003967285,5.948280705788945,,,,
4973,4.031844139099121,5.816721545115534,,,,
4974,4.116331100463867,5.938610465296231,,,,
4975,4.129558086395264,5.957692972305365,,,,
4976,4.024975776672363,5.806812592703422,,,,
4977,4.038997173309326,5.827041192097906,,,,
4978,4.11427116394043,5.935638605089322,,,,
4979,4.125979423522949,5.952530053126463,,,,
4980,4.000101089477539,5.770926004843785,,,,
4981,4.131498336791992,5.960492161930808,,,,
4982,4.109774589538574,5.929151419498776,,,,
4983,4.158730983734131,5.999780566624511,,,,
4984,4.047512054443359,5.839325568883734,,,,
4985,4.079738616943359,5.885818670787383,,,,
4986,4.085147380828857,5.893621867622331,,,,
4987,4.202173709869385,6.062455172182539,,,,
4988,4.00449275970459,5.777261845701571,,,,
4989,4.076070308685303,5.880526420655032,,,,
4990,4.108157634735107,5.926818646822473,,,,
4991,4.175764560699463,6.024354823640996,,,,
4992,4.154312610626221,5.993406201652932,,,,
4993,4.179651737213135,6.02996283392033,,,,
4994,4.082242012023926,5.889430306455502,,,,
4995,4.18300724029541,6.034803801576817,,,,
4996,4.176685810089111,6.025683905566864,,,,
4997,4.088062763214111,5.897827875331831,,,,
4998,4.0684895515441895,5.869589699921365,,,,
4999,4.160275459289551,6.00200877384909,,,,
5000,4.073334217071533,5.87657907485243,4.18943681716919,6.044079720247633,,
5001,4.029635429382324,5.813535050560348,,,,
5002,4.14462423324585,5.97942882765201,,,,
5003,4.161215305328369,6.003364685068492,,,,
5004,4.1291093826293945,5.957045629607517,,,,
5005,4.058300495147705,5.854889998786819,,,,
5006,4.075936317443848,5.880333112155463,,,,
5007,4.160162925720215,6.001846422226675,,,,
5008,4.035892009735107,5.822561388008232,,,,
5009,4.1915435791015625,6.047119135239801,,,,
5010,4.0432562828063965,5.833185788247933,,,,
5011,4.075052261352539,5.879057688816665,,,,
5012,4.055097579956055,5.850269168923437,,,,
5013,4.133297920227051,5.963088412028233,,,,
5014,4.146466255187988,5.9820863035731415,,,,
5015,4.081195831298828,5.88792098671153,,,,
5016,4.099323749542236,5.914074044462936,,,,
5017,4.171341896057129,6.017974267293986,,,,
5018,4.188751220703125,6.04309061362599,,,,
5019,3.991882801055908,5.759069520893304,,,,
5020,4.140561580657959,5.973567658910605,,,,
5021,4.011950492858887,5.788021080339549,,,,
5022,4.012142658233643,5.78829831637274,,,,
5023,4.119403839111328,5.943043490104871,,,,
5024,4.134670257568359,5.965068276304965,,,,
5025,4.087373733520508,5.8968338156098445,,,,
5026,4.11978816986084,5.9435979621712525,,,,
5027,3.9426188468933105,5.687996658528343,,,,
5028,4.115495681762695,5.9374052108789845,,,,
5029,4.042911052703857,5.8326877264910335,,,,
5030,4.108370780944824,5.927126151802216,,,,
5031,4.141921043395996,5.975528949061045,,,,
5032,4.116339683532715,5.938622848047093,,,,
5033,4.007599830627441,5.781744401513659,,,,
5034,4.15366792678833,5.9924761194770655,,,,
5035,4.11865234375,5.941959311473831,,,,
5036,4.078058242797852,5.883394403340821,,,,
5037,4.090231418609619,5.900956583716328,,,,
5038,4.073237419128418,5.876439424939929,,,,
5039,4.028995513916016,5.812611847690516,,,,
5040,4.110166072845459,5.92971621052421,,,,
5041,4.1928277015686035,6.048971732354895,,,,
5042,4.0505828857421875,5.843755841969961,,,,
5043,4.108345031738281,5.9270890035496295,,,,
5044,4.1716508865356445,6.018420046325022,,,,
5045,4.063892364501953,5.862957360973492,,,,
5046,4.109092712402344,5.928167678735841,,,,
5047,4.024099349975586,5.8055481762542795,,,,
5048,4.122034072875977,5.946838115313508,,,,
5049,4.007978439331055,5.7822906184128,,,,
5050,4.022312164306641,5.802969812352544,,,,
5051,4.111239433288574,5.931264742312578,,,,
5052,4.064044952392578,5.863177498766596,,,,
5053,4.0152153968811035,5.792731341181379,,,,
5054,4.038405418395996,5.826187470219023,,,,
5055,4.080583572387695,5.887037683816699,,,,
5056,4.036527633666992,5.8234783995026325,,,,
5057,3.9674735069274902,5.7238543533026345,,,,
5058,4.189754486083984,6.0445380196156515,,,,
5059,4.132168769836426,5.96145939235926,,,,
5060,4.197665214538574,6.055950788326908,,,,
5061,3.9503490924835205,5.699149045506192,,,,
5062,4.148460865020752,5.984963917287378,,,,
5063,4.083344459533691,5.891020802010681,,,,
5064,4.096245288848877,5.909632764487054,,,,
5065,4.063007354736328,5.861680561773486,,,,
5066,3.9755191802978516,5.735461806374667,,,,
5067,4.026080131530762,5.808405839981016,,,,
5068,4.087185859680176,5.896562770952085,,,,
5069,4.042816162109375,5.832550828300947,,,,
5070,4.063471794128418,5.862350606181248,,,,
5071,4.088462829589844,5.898405049108127,,,,
5072,4.081676483154297,5.888614420759809,,,,
5073,3.9327280521392822,5.673727257986255,,,,
5074,4.089963436126709,5.900569966717188,,,,
5075,4.000431060791016,5.771402052821374,,,,
5076,4.004952430725098,5.7779250108032985,,,,
5077,3.994316577911377,5.762580718693319,,,,
5078,4.141436576843262,5.9748300115679385,,,,
5079,4.018892765045166,5.798036661995195,,,,
5080,4.060653209686279,5.858284248384248,,,,
5081,4.144614219665527,5.979414381109337,,,,
5082,4.014716625213623,5.7920117657701695,,,,
5083,4.100057601928711,5.915132769661647,,,,
5084,4.087874412536621,5.897556142743468,,,,
5085,4.070885181427002,5.873045863273104,,,,
5086,4.0914716720581055,5.902745891215904,,,,
5087,4.076503753662109,5.8811517495735695,,,,
5088,4.078001022338867,5.883311851668407,,,,
5089,4.150249481201172,5.987544344980924,,,,
5090,4.143675327301025,5.978059845751142,,,,
5091,4.145008087158203,5.979982611787788,,,,
5092,4.060421466827393,5.8579499141109705,,,,
5093,4.0875654220581055,5.897110363712431,,,,
5094,4.065484046936035,5.865253673327812,,,,
5095,4.031427383422852,5.816120293768118,,,,
5096,4.126026153564453,5.9525974703256015,,,,
5097,4.028194427490234,5.811456124276718,,,,
5098,4.05846643447876,5.85512939863682,,,,
5099,4.216753005981445,6.083488650383061,,,,
5100,4.1292033195495605,5.957181151936397,,,,
5101,4.106138229370117,5.923905260716857,,,,
5102,4.162212371826172,6.004803147960309,,,,
5103,4.134426116943359,5.964716055835998,,,,
5104,4.109282493591309,5.928441475116014,,,,
5105,4.0674543380737305,5.868096202581272,,,,
5106,3.977541923522949,5.7383800079945075,,,,
5107,4.1685872077941895,6.014000092197848,,,,
5108,4.070605754852295,5.872642735939482,,,,
5109,4.0690741539001465,5.870433102841196,,,,
5110,4.0435051918029785,5.833544888022934,,,,
5111,4.166936874389648,6.0116191643793035,,,,
5112,4.063751220703125,5.86275373351487,,,,
5113,4.022489547729492,5.803225722537028,,,,
5114,4.02994441986084,5.813980829591385,,,,
5115,4.152434349060059,5.9906964430059375,,,,
5116,4.15259313583374,5.990925523896887,,,,
5117,4.111481189727783,5.9316135231285285,,,,
5118,4.054836273193359,5.849892182952746,,,,
5119,4.10854434967041,5.927376558541872,,,,
5120,4.039374828338623,5.827586033135839,,,,
5121,4.141074180603027,5.974307184309315,,,,
5122,4.111678123474121,5.9318976384677535,,,,
5123,4.117488384246826,5.940280072870807,,,,
5124,3.979048013687134,5.7405528368055085,,,,
5125,4.0844831466674805,5.892663580291723,,,,
5126,4.172813415527344,6.020097221136236,,,,
5127,4.147558212280273,5.983661664655045,,,,
5128,4.105099678039551,5.92240694786254,,,,
5129,4.052886009216309,5.847078546784631,,,,
5130,4.098935127258301,5.913513381021123,,,,
5131,4.064184188842773,5.863378374502804,,,,
5132,4.056328773498535,5.852045405741548,,,,
5133,4.108308792114258,5.927036720823767,,,,
5134,4.10752534866333,5.925906450842297,,,,
5135,4.009677886962891,5.7847424030835,,,,
5136,4.061016082763672,5.858807763573473,,,,
5137,4.025637626647949,5.807767440381013,,,,
5138,4.027234077453613,5.810070632041367,,,,
5139,3.9884257316589355,5.754082024018282,,,,
5140,4.075028896331787,5.879023980217095,,,,
5141,4.160943031311035,6.0029718766939215,,,,
5142,4.083224296569824,5.890847443498612,,,,
5143,4.027709007263184,5.810755810922405,,,,
5144,4.077363014221191,5.882391400520989,,,,
5145,4.039838790893555,5.828255389612997,,,,
5146,4.043914794921875,5.834135820411299,,,,
5147,4.03787899017334,5.825427994832813,,,,
5148,3.9978065490722656,5.7676156827799785,,,,
5149,4.055242538452148,5.850478299826886,,,,
5150,4.104615211486816,5.921708010369434,,,,
5151,4.123876571655273,5.949496279165243,,,,
5152,4.0204644203186035,5.80030408126417,,,,
5153,4.019243240356445,5.798542290988732,,,,
5154,4.073756217956543,5.877187893436484,,,,
5155,4.049604892730713,5.842344896302282,,,,
5156,3.9779043197631836,5.73890283525313,,,,
5157,4.0252275466918945,5.807175820062045,,,,
5158,4.05642557144165,5.852185055654049,,,,
5159,3.999368667602539,5.769869343436884,,,,
5160,3.9869649410247803,5.751974548614609,,,,
5161,4.152381420135498,5.990620082708954,,,,
5162,4.129788875579834,5.958025930717435,,,,
5163,4.046293258666992,5.837567218261314,,,,
5164,4.0338134765625,5.819562698507788,,,,
5165,4.011208534240723,5.786950660320579,,,,
5166,4.069245338439941,5.870680069927835,,,,
5167,4.172049522399902,6.018995156309508,,,,
5168,4.099449157714844,5.914254970211643,,,,
5169,4.174166202545166,6.022048880258228,,,,
5170,4.044835090637207,5.83546352647596,,,,
5171,3.9936347007751465,5.761596977930384,,,,
5172,4.033550262451172,5.819182960814683,,,,
5173,4.098431587219238,5.912786926303879,,,,
5174,4.023770332336426,5.805073504137898,,,,
5175,4.082568168640137,5.889900850988263,,,,
5176,4.036750793457031,5.823800351025048,,,,
5177,3.98858380317688,5.754310073013326,,,,
5178,4.078610897064209,5.884191714910221,,,,
5179,3.986630439758301,5.751491965296288,,,,
5180,4.003239154815674,5.775453276145098,,,,
5181,4.054313659667969,5.849138211011363,,,,
5182,4.155352592468262,5.994906578299059,,,,
5183,3.9950008392333984,5.763567899109271,,,,
5184,4.047043323516846,5.838649333100542,,,,
5185,4.137299537658691,5.968861525652396,,,,
5186,4.022012233734131,5.802537104002973,,,,
5187,4.158447265625,5.999371247915458,,,,
5188,4.031081199645996,5.815620856150012,,,,
5189,4.021329879760742,5.801552675309434,,,,
5190,4.055679798126221,5.851109132190251,,,,
5191,4.137833595275879,5.9696320079282605,,,,
5192,4.004149436950684,5.776766535667086,,,,
5193,4.056323051452637,5.852037150574307,,,,
5194,4.066261291503906,5.866375000211438,,,,
5195,4.015361309051514,5.792941847946035,,,,
5196,3.9811155796051025,5.743535703902073,,,,
5197,4.073111534118652,5.876257811260618,,,,
5198,4.068917274475098,5.870206773672661,,,,
5199,3.9814305305480957,5.743990082065652,,,,
5200,4.068376541137695,5.869426660368347,4.230261707305909,6.102977586792714,,
5201,3.984860897064209,5.748939054826881,,,,
5202,4.073378562927246,5.876643052398551,,,,
5203,4.067174911499023,5.86769307524765,,,,
5204,4.06479549407959,5.8642603015364285,,,,
5205,4.026865482330322,5.8095388616849,,,,
5206,4.0110673904418945,5.786747032861957,,,,
5207,4.115261077880859,5.937066749022086,,,,
5208,4.070410251617432,5.872360684392066,,,,
5209,4.175158977508545,6.023481151774613,,,,
5210,4.090513229370117,5.901363150702967,,,,
5211,4.086529731750488,5.895616178441736,,,,
5212,3.979168653488159,5.740726883248182,,,,
5213,4.152678489685059,5.9910486634749045,,,,
5214,4.132586479187012,5.962062019567884,,,,
5215,4.083016872406006,5.890548193686111,,,,
5216,4.045507431030273,5.8364335086268255,,,,
5217,4.064128875732422,5.863298574552804,,,,
5218,3.972294807434082,5.73081001963413,,,,
5219,4.0378241539001465,5.825348882813416,,,,
5220,4.017487525939941,5.796009330506824,,,,
5221,4.040097713470459,5.828628935930672,,,,
5222,4.026130676269531,5.808478760624982,,,,
5223,4.084373950958252,5.892506044183532,,,,
5224,4.028880596160889,5.812446056415085,,,,
5225,3.9975059032440186,5.767181942534502,,,,
5226,4.146433353424072,5.982038836361504,,,,
5227,4.0061726570129395,5.77968542521753,,,,
5228,3.935340166091919,5.677495741831962,,,,
5229,3.9842615127563477,5.748074326058342,,,,
5230,4.0435380935668945,5.833592355234572,,,,
5231,4.121574878692627,5.9461756381423845,,,,
5232,4.043050765991211,5.832889290157845,,,,
5233,4.08466911315918,5.892931873227069,,,,
5234,4.021320343017578,5.801538916697365,,,,
5235,4.1066389083862305,5.924627587850481,,,,
5236,4.089064598083496,5.899273217529682,,,,
5237,3.9928221702575684,5.760424744182102,,,,
5238,4.0737128257751465,5.87712529175157,,,,
5239,4.037442207336426,5.824797850400052,,,,
5240,4.0557050704956055,5.851145592512234,,,,
5241,3.9517836570739746,5.701218684726675,,,,
5242,4.0356855392456055,5.822263514056937,,,,
5243,4.020747661590576,5.80071271204262,,,,
5244,4.088802337646484,5.898894855697784,,,,
5245,4.071343898773193,5.873707652513624,,,,
5246,4.087917327880859,5.8976180564977785,,,,
5247,4.008449077606201,5.782969605918407,,,,
5248,4.003626823425293,5.776012563725704,,,,
5249,4.074127197265625,5.877723103445969,,,,
5250,4.124560832977295,5.9504834595811955,,,,
5251,4.019702911376953,5.7992054560904585,,,,
5252,3.9843883514404297,5.7482573155988606,,,,
5253,4.031729221343994,5.8165557538401025,,,,
5254,4.079405784606934,5.885338495226174,,,,
5255,4.1277995109558105,5.955155884239836,,,,
5256,3.9871320724487305,5.752215668291119,,,,
5257,4.010205268859863,5.7855032543309175,,,,
5258,4.050598621368408,5.843778543679875,,,,
5259,4.092328071594238,5.903981414579703,,,,
5260,4.02396297454834,5.805351428101692,,,,
5261,4.097495079040527,5.9114358305987,,,,
5262,4.021689414978027,5.802071374984437,,,,
5263,3.994288682937622,5.762540474753017,,,,
5264,3.9948530197143555,5.763354640622201,,,,
5265,4.030433654785156,5.814686646390525,,,,
5266,3.947862148284912,5.695561143443892,,,,
5267,4.150029182434082,5.987226521042129,,,,
5268,4.147021293640137,5.982887054795559,,,,
5269,4.014482498168945,5.791673991843875,,,,
5270,4.032604217529297,5.817818106497436,,,,
5271,3.9990768432617188,5.769448329907572,,,,
5272,4.039120197296143,5.827218678193597,,,,
5273,4.0609235763549805,5.858674305036404,,,,
5274,4.056074142456055,5.851678050799305,,,,
5275,3.9869384765625,5.751936368466118,,,,
5276,4.007375717163086,5.781421074130037,,,,
5277,4.093636512756348,5.905869096155572,,,,
5278,4.039617538452148,5.827936189812996,,,,
5279,4.027592182159424,5.81058726792456,,,,
5280,3.9677863121032715,5.7243056357784985,,,,
5281,4.052450180053711,5.846449778213076,,,,
5282,4.066296577453613,5.866425907076093,,,,
5283,4.065600395202637,5.865421528395054,,,,
5284,4.030681133270264,5.815043682373717,,,,
5285,4.098793029785156,5.913308377701294,,,,
5286,4.0226545333862305,5.803463746525822,,,,
5287,3.9553020000457764,5.70629458068424,,,,
5288,4.193356037139893,6.049733959463519,,,,
5289,4.0336222648620605,5.819286838335803,,,,
5290,4.061182975769043,5.859048539284681,,,,
5291,3.989222764968872,5.7552319000219505,,,,
5292,4.040524482727051,5.82924463382076,,,,
5293,4.003764629364014,5.776211375670101,,,,
5294,4.063127040863037,5.861853232354952,,,,
5295,4.14791202545166,5.984172109162806,,,,
5296,4.127246856689453,5.9543585726704364,,,,
5297,4.0199480056762695,5.799559052420633,,,,
5298,4.077853679656982,5.8830992811119405,,,,
5299,4.064574241638184,5.863941101736427,,,,
5300,4.058903694152832,5.855760231000184,,,,
5301,4.032522201538086,5.817699782433642,,,,
5302,3.996433734893799,5.765635130572642,,,,
5303,4.041993141174316,5.83136346007939,,,,
5304,4.080992698669434,5.88762792827446,,,,
5305,4.033015727996826,5.818411790608214,,,,
5306,4.047375202178955,5.839128132800544,,,,
5307,4.033547401428223,5.819178833231062,,,,
5308,4.026035308837891,5.808341174504291,,,,
5309,3.9589638710021973,5.711577543753444,,,,
5310,4.05318021774292,5.847502999966959,,,,
5311,4.085233688354492,5.893746383061555,,,,
5312,3.97951602935791,5.741228040692795,,,,
5313,4.1078948974609375,5.9264395970599715,,,,
5314,4.001409530639648,5.7728136864196555,,,,
5315,3.9898178577423096,5.756090437415058,,,,
5316,4.002165794372559,5.773904744356729,,,,
5317,4.019277572631836,5.79859182199218,,,,
5318,4.117785453796387,5.940708653636757,,,,
5319,3.984201669692993,5.7479879907676095,,,,
5320,4.145889759063721,5.981254595473569,,,,
5321,4.011342525482178,5.787143968820148,,,,
5322,4.0115861892700195,5.787495501358512,,,,
5323,3.9895360469818115,5.755683870428419,,,,
5324,4.044905662536621,5.83556534020527,,,,
5325,4.001572608947754,5.773048958686036,,,,
5326,4.12724494934082,5.954355820948023,,,,
5327,4.008744716644287,5.783396122892546,,,,
5328,4.00417423248291,5.776802308058466,,,,
5329,4.062389373779297,5.860789003711413,,,,
5330,4.017581939697266,5.796145540766307,,,,
5331,4.040705680847168,5.829506047450072,,,,
5332,4.105893135070801,5.923551664386683,,,,
5333,3.9922642707824707,5.759619865376065,,,,
5334,4.082568168640137,5.889900850988263,,,,
5335,4.0826416015625,5.890006792301194,,,,
5336,4.01236629486084,5.788620955825758,,,,
5337,4.002139568328857,5.77386690817354,,,,
5338,4.046133995056152,5.837337449439761,,,,
5339,4.011207580566406,5.7869492844593715,,,,
5340,4.094277381896973,5.906793674886611,,,,
5341,3.9442155361175537,5.690300194153999,,,,
5342,4.04117488861084,5.830182971163868,,,,
5343,4.0399651527404785,5.828437691222912,,,,
5344,3.924898624420166,5.662431781442888,,,,
5345,3.9995365142822266,5.770111495009299,,,,
5346,4.088430404663086,5.898358269827092,,,,
5347,3.9940919876098633,5.7622567033790935,,,,
5348,3.961587429046631,5.715362537933633,,,,
5349,4.062647819519043,5.861161862098484,,,,
5350,4.042115211486816,5.831539570313874,,,,
5351,3.986787796020508,5.751718982395427,,,,
5352,3.916198968887329,5.649880831548222,,,,
5353,4.05214262008667,5.84600606297385,,,,
5354,4.059476852416992,5.856587123585533,,,,
5355,4.001090049743652,5.772352772915343,,,,
5356,3.980724811553955,5.7429719447725445,,,,
5357,4.0261945724487305,5.808570943325844,,,,
5358,4.0651421546936035,5.8647604270851375,,,,
5359,4.114874839782715,5.936509525233291,,,,
5360,3.978957176208496,5.740421786025551,,,,
5361,4.087258815765381,5.896668024334413,,,,
5362,4.015151500701904,5.792639158480517,,,,
5363,4.040518283843994,5.829235690722916,,,,
5364,4.044097900390625,5.834399985763024,,,,
5365,4.052515983581543,5.846544712636352,,,,
5366,4.024454116821289,5.806059996623247,,,,
5367,3.9865355491638184,5.751355067106202,,,,
5368,4.024791240692139,5.806546363559887,,,,
5369,4.037146091461182,5.824370645495309,,,,
5370,4.083673000335693,5.891494786196459,,,,
5371,4.0629682540893555,5.861624151464003,,,,
5372,4.064269542694092,5.863501514080822,,,,
5373,3.9770193099975586,5.737626036053125,,,,
5374,4.125572204589844,5.951942560391116,,,,
5375,4.093361854553223,5.905472848127985,,,,
5376,4.124567985534668,5.950493778540247,,,,
5377,4.004892349243164,5.7778383315472635,,,,
5378,3.9909777641296387,5.757763828607953,,,,
5379,4.0943074226379395,5.906837014514629,,,,
5380,4.017747402191162,5.796384252685705,,,,
5381,3.9886417388916016,5.754393656581645,,,,
5382,4.1382904052734375,5.970291045446367,,,,
5383,4.1113433837890625,5.931414711184131,,,,
5384,4.035979270935059,5.8226872793086635,,,,
5385,4.0540547370910645,5.8487646646936895,,,,
5386,4.071022033691406,5.873243299356295,,,,
5387,3.9501216411590576,5.698820902608346,,,,
5388,4.043039798736572,5.8328734677539655,,,,
5389,4.013781547546387,5.790662733856801,,,,
5390,3.9950006008148193,5.763567555143969,,,,
5391,4.170655250549316,6.016983647225016,,,,
5392,3.960460901260376,5.713737301882979,,,,
5393,4.133242607116699,5.963008612078232,,,,
5394,4.048764228820801,5.841132074648398,,,,
5395,3.970447301864624,5.728144632511058,,,,
5396,4.037936210632324,5.825510546505227,,,,
5397,4.078713417053223,5.884339619989963,,,,
5398,3.956857204437256,5.7085382663473965,,,,
5399,4.030981063842773,5.815476390723288,,,,
5400,3.998044013977051,5.767958272220497,4.246551895141602,6.126479359998418,,
5401,4.048487663269043,5.840733074898396,,,,
5402,4.122474670410156,5.9474737631910966,,,,
5403,4.07078742980957,5.872904837499396,,,,
5404,4.002445220947266,5.774307871690351,,,,
5405,4.018733024597168,5.797806205243039,,,,
5406,4.002463340759277,5.7743340130532825,,,,
5407,3.946321487426758,5.693338439664141,,,,
5408,4.010387420654297,5.785766043821435,,,,
5409,4.017553329467773,5.796104264930101,,,,
5410,4.04538631439209,5.836258774253549,,,,
5411,4.061185836791992,5.859052666868302,,,,
5412,4.111027240753174,5.930958613194043,,,,
5413,4.024386882781982,5.805962998408161,,,,
5414,4.046502590179443,5.837869219796229,,,,
5415,3.9982376098632812,5.768237572045498,,,,
5416,3.963365077972412,5.7179271432232985,,,,
5417,4.083494186401367,5.891236812220165,,,,
5418,3.955204963684082,5.706154586806438,,,,
5419,4.001436233520508,5.772852210533449,,,,
5420,4.0610785484313965,5.858897882482526,,,,
5421,4.000290870666504,5.771199801223959,,,,
5422,4.047239303588867,5.838932072578561,,,,
5423,4.067688941955566,5.86843466443817,,,,
5424,3.9906349182128906,5.757269206504072,,,,
5425,4.069579601287842,5.871162309280854,,,,
5426,4.047670841217041,5.839554649774684,,,,
5427,4.0559306144714355,5.851470983687666,,,,
5428,4.152141571044922,5.990274053615418,,,,
5429,3.9381682872772217,5.681575858241031,,,,
5430,4.06558084487915,5.865393323240313,,,,
5431,4.014187812805176,5.791248850730942,,,,
5432,4.104640960693359,5.92174515862202,,,,
5433,3.9029674530029297,5.630791789198355,,,,
5434,3.9890031814575195,5.754915107979062,,,,
5435,4.034385681152344,5.8203882152319295,,,,
5436,4.138485908508301,5.970573096993782,,,,
5437,4.019885063171387,5.799468245580977,,,,
5438,3.9329073429107666,5.673985919893153,,,,
5439,4.017539024353027,5.796083627011997,,,,
5440,3.9913783073425293,5.758341690314852,,,,
5441,3.949625015258789,5.698104422884851,,,,
5442,4.027021408081055,5.809763814992229,,,,
5443,3.9853687286376953,5.749671700919556,,,,
5444,4.044163703918457,5.8344949201863,,,,
5445,3.9924490451812744,5.759886438484902,,,,
5446,4.012782096862793,5.789220831311968,,,,
5447,3.9887726306915283,5.7545824935322925,,,,
5448,4.098606109619141,5.913038708904741,,,,
5449,4.121952533721924,5.946720479180318,,,,
5450,4.090540885925293,5.901403050677968,,,,
5451,3.984712600708008,5.748725108409207,,,,
5452,4.081120491027832,5.887812293676185,,,,
5453,4.0050435066223145,5.778056405548558,,,,
5454,4.074337959289551,5.878027168772695,,,,
5455,4.0032758712768555,5.775506246801564,,,,
5456,3.9913206100463867,5.758258450711835,,,,
5457,3.9195821285247803,5.6547616991797085,,,,
5458,3.981687068939209,5.744360188730309,,,,
5459,4.025225639343262,5.807173068339631,,,,
5460,4.082213878631592,5.889389718549898,,,,
5461,3.936314821243286,5.678901871985415,,,,
5462,4.129729747772217,5.957940627322607,,,,
5463,3.9713289737701416,5.72941661619684,,,,
5464,3.987211227416992,5.7523298647712915,,,,
5465,4.231971263885498,6.105443955592207,,,,
5466,4.06778621673584,5.868575002281275,,,,
5467,4.0774431228637695,5.882506972862369,,,,
5468,3.9916889667510986,5.758789877103,,,,
5469,3.9768104553222656,5.737324722448814,,,,
5470,4.0336995124816895,5.819398283093563,,,,
5471,4.022493362426758,5.803231225981856,,,,
5472,4.061152458190918,5.859004511726061,,,,
5473,4.111687660217285,5.931911397079823,,,,
5474,4.051677703857422,5.845335330635485,,,,
5475,4.0672101974487305,5.867743982112305,,,,
5476,4.008230209350586,5.7826538457714225,,,,
5477,4.039570331573486,5.827868084683255,,,,
5478,4.041324138641357,5.830398293442748,,,,
5479,4.05361270904541,5.84812695302429,,,,
5480,4.01786994934082,5.7965610508507925,,,,
5481,3.970299243927002,5.727931030058687,,,,
5482,4.025417327880859,5.807449616442218,,,,
5483,3.9612112045288086,5.71481976068751,,,,
5484,3.968635082244873,5.725530152252642,,,,
5485,4.048241138458252,5.840377414776412,,,,
5486,4.070943832397461,5.873130478737329,,,,
5487,4.092856407165527,5.904743641688326,,,,
5488,4.127239227294922,5.954347565780782,,,,
5489,4.033771991729736,5.819502848545287,,,,
5490,4.001076698303223,5.772333510858447,,,,
5491,3.988997459411621,5.75490685281182,,,,
5492,4.0886454582214355,5.8986685265292484,,,,
5493,4.110109329223633,5.929634346782399,,,,
5494,4.031554222106934,5.816303283308636,,,,
5495,4.048142433166504,5.8402350131414975,,,,
5496,3.9884095191955566,5.754058634377765,,,,
5497,4.06028938293457,5.857759357333814,,,,
5498,4.086269378662109,5.895240568332251,,,,
5499,4.01265811920166,5.78904196935507,,,,
5500,3.986586093902588,5.7514279877501675,,,,
5501,4.084844589233398,5.893185031689139,,,,
5502,4.007002830505371,5.780883112398139,,,,
5503,3.975905418395996,5.736019030163463,,,,
5504,4.033733367919922,5.819447126166408,,,,
5505,3.933835506439209,5.675324976812771,,,,
5506,4.09028434753418,5.901032944013311,,,,
5507,3.963803768157959,5.718560039378474,,,,
5508,3.9136009216308594,5.646132641655318,,,,
5509,4.07053279876709,5.872537482557154,,,,
5510,4.05989933013916,5.857196630100191,,,,
5511,4.123255729675293,5.94860059351955,,,,
5512,3.9971566200256348,5.766678033367474,,,,
5513,4.066795349121094,5.867145482487302,,,,
5514,4.048235893249512,5.840369847539773,,,,
5515,4.077293872833252,5.882291650583489,,,,
5516,4.130622863769531,5.959229121342871,,,,
5517,3.973684072494507,5.7328143054472855,,,,
5518,4.00888729095459,5.783601814142978,,,,
5519,4.007787704467773,5.782015446171419,,,,
5520,3.988154172897339,5.753690247539616,,,,
5521,3.938803195953369,5.6824918378395255,,,,
5522,4.073247909545898,5.8764545594132045,,,,
5523,4.054563522338867,5.849498686647571,,,,
5524,3.9634413719177246,5.718037212119851,,,,
5525,3.961243152618408,5.714865852037941,,,,
5526,4.049837589263916,5.842680606436766,,,,
5527,3.9267795085906982,5.6651453237082015,,,,
5528,4.042054653167725,5.831452203127236,,,,
5529,4.084608554840088,5.89284450604043,,,,
5530,4.084774017333984,5.893083217959828,,,,
5531,4.110456466674805,5.930135160261711,,,,
5532,4.06768798828125,5.868433288576964,,,,
5533,4.032234191894531,5.817284272349157,,,,
5534,4.08333158493042,5.891002227884388,,,,
5535,4.028209686279297,5.811478138056029,,,,
5536,3.9371767044067383,5.680145306551154,,,,
5537,3.9999876022338867,5.770762277360164,,,,
5538,4.004785537719727,5.7776842350920905,,,,
5539,4.027519226074219,5.810482014542232,,,,
5540,4.0316619873046875,5.816458755625016,,,,
5541,4.004132270812988,5.776741770165362,,,,
5542,4.067826747894287,5.868633476382568,,,,
5543,4.031861782073975,5.8167469985478615,,,,
5544,4.019457817077637,5.798851859760285,,,,
5545,3.9363455772399902,5.678946243509338,,,,
5546,4.074250221252441,5.877900589541659,,,,
5547,4.021559238433838,5.801883569929695,,,,
5548,4.040685653686523,5.829477154364727,,,,
5549,4.0397820472717285,5.828173525871187,,,,
5550,4.068588733673096,5.869732789486883,,,,
5551,4.141338348388672,5.9746882978636275,,,,
5552,4.131232738494873,5.960108984584686,,,,
5553,4.034605979919434,5.820706039170724,,,,
5554,3.9390242099761963,5.6828106936742255,,,,
5555,4.117986679077148,5.940998960351413,,,,
5556,4.065132141113281,5.864745980542465,,,,
5557,3.983832359313965,5.747455188515236,,,,
5558,3.9669601917266846,5.723113796008019,,,,
5559,3.958000898361206,5.710188267899774,,,,
5560,4.03399658203125,5.819826863859513,,,,
5561,3.9735770225524902,5.73265986502681,,,,
5562,4.035757064819336,5.822366703647455,,,,
5563,3.923954486846924,5.661069678848055,,,,
5564,3.983393430709839,5.74682194839476,,,,
5565,4.033840656280518,5.819601910552184,,,,
5566,4.073487281799316,5.876799900576137,,,,
5567,4.089184761047363,5.899446576041752,,,,
5568,4.0777387619018555,5.882933489836509,,,,
5569,4.085431098937988,5.894031186331384,,,,
5570,4.01998233795166,5.799608583424082,,,,
5571,4.048905849456787,5.841336390037623,,,,
5572,3.9951233863830566,5.763744697274358,,,,
5573,4.017025947570801,5.795343413682684,,,,
5574,3.977993965148926,5.739032166206579,,,,
5575,3.9889888763427734,5.754894470060958,,,,
5576,3.9921023845672607,5.759386312936193,,,,
5577,4.0142364501953125,5.7913190196524935,,,,
5578,4.006126880645752,5.779619383879599,,,,
5579,3.9463562965393066,5.693388658598193,,,,
5580,4.119210720062256,5.942764878210473,,,,
5581,3.957076072692871,5.708854026494381,,,,
5582,3.973794937133789,5.732974249312588,,,,
5583,4.0803422927856445,5.886689590931352,,,,
5584,3.96789288520813,5.72445938826837,,,,
5585,3.9522829055786133,5.701938948068489,,,,
5586,3.9809231758117676,5.743258123903581,,,,
5587,3.951655387878418,5.701033631394347,,,,
5588,4.043821334838867,5.834000986013022,,,,
5589,4.068707466125488,5.869904084207143,,,,
5590,3.990861415863037,5.7575959735407105,,,,
5591,4.010402679443359,5.785788057600746,,,,
5592,4.0142502784729,5.791338969639994,,,,
5593,4.008962631225586,5.7837105071783235,,,,
5594,4.035426139831543,5.8218892798086594,,,,
5595,4.07028865814209,5.872185262088187,,,,
5596,3.9584972858428955,5.710904403657967,,,,
5597,4.00726842880249,5.781266289744261,,,,
5598,4.057034492492676,5.853063543034656,,,,
5599,4.020753860473633,5.800721655140466,,,,
5600,4.0809431076049805,5.887556383491701,4.265416526794434,6.153695270532157,,
5601,3.958355188369751,5.710699400338139,,,,
5602,3.9913737773895264,5.7583351549741195,,,,
5603,4.0419416427612305,5.831289163574217,,,,
5604,3.9675965309143066,5.724031839398325,,,,
5605,4.065468788146973,5.865231659548502,,,,
5606,3.948075532913208,5.695868992388937,,,,
5607,3.9315528869628906,5.67203185301405,,,,
5608,3.998995065689087,5.76933034980908,,,,
5609,4.037128448486328,5.824345192062981,,,,
5610,4.0453643798828125,5.83622712944579,,,,
5611,3.9674668312072754,5.723844722274187,,,,
5612,4.045950889587402,5.837073284088035,,,,
5613,4.050858497619629,5.8441534658587555,,,,
5614,3.96724534034729,5.723525178508884,,,,
5615,3.9641218185424805,5.719018889090976,,,,
5616,4.049400329589844,5.842049774073402,,,,
5617,4.047722339630127,5.8396289462798565,,,,
5618,4.093125343322754,5.905131634548673,,,,
5619,3.969186305999756,5.726325400030231,,,,
5620,4.020998001098633,5.801073875609433,,,,
5621,4.00067663192749,5.771756337082151,,,,
5622,4.035243988037109,5.821626490318142,,,,
5623,4.064436912536621,5.863742977722633,,,,
5624,3.980978012084961,5.7433372359229775,,,,
5625,4.102047920227051,5.918004192000453,,,,
5626,4.008970737457275,5.783722201998582,,,,
5627,4.040001392364502,5.828489973948774,,,,
5628,3.9720563888549805,5.730466054332404,,,,
5629,4.0280680656433105,5.811273822666804,,,,
5630,3.9863994121551514,5.751158662918916,,,,
5631,3.979196310043335,5.740766783223181,,,,
5632,3.9637467861175537,5.718477831671362,,,,
5633,3.967268228530884,5.723558199177849,,,,
5634,4.03270149230957,5.817958444340539,,,,
5635,4.057163238525391,5.853249284297588,,,,
5636,4.04431676864624,5.8347157459100085,,,,
5637,4.009006023406982,5.783773108863238,,,,
5638,4.043094158172607,5.832951891842759,,,,
5639,3.900602102279663,5.627379309439935,,,,
5640,3.976945400238037,5.73751940680959,,,,
5641,4.090865612030029,5.901871531418918,,,,
5642,3.9479379653930664,5.695670524409842,,,,
5643,3.977762222290039,5.738697831933302,,,,
5644,3.907564640045166,5.637424128146229,,,,
5645,4.055051803588867,5.850203127585505,,,,
5646,3.9784328937530518,5.739665406327056,,,,
5647,3.9341988563537598,5.675849179932601,,,,
5648,3.9929797649383545,5.760652105246543,,,,
5649,4.002707481384277,5.7746862335222495,,,,
5650,4.105104446411133,5.922413827168575,,,,
5651,3.980410575866699,5.74251859850487,,,,
5652,3.9678916931152344,5.724457668441861,,,,
5653,4.126876354217529,5.953824050591555,,,,
5654,4.004415512084961,5.777150400943812,,,,
5655,3.9892189502716064,5.7552263965771235,,,,
5656,4.008011817932129,5.7823387735550416,,,,
5657,4.030434608459473,5.814688022251732,,,,
5658,4.1114501953125,5.931568807639304,,,,
5659,4.061419486999512,5.8593897528639936,,,,
5660,3.943817377090454,5.689725772100117,,,,
5661,4.082001686096191,5.889083589431363,,,,
5662,3.966397762298584,5.722302381861248,,,,
5663,4.070678234100342,5.872747301391207,,,,
5664,4.077209949493408,5.882170574797281,,,,
5665,4.072591781616211,5.875507966902856,,,,
5666,4.036249160766602,5.8230766480302165,,,,
5667,4.029177665710449,5.812874637181035,,,,
5668,4.030532360076904,5.81482904802544,,,,
5669,4.046276092529297,5.837542452759589,,,,
5670,4.039708137512207,5.828066896627652,,,,
5671,3.9208521842956543,5.6565940023420005,,,,
5672,3.9903688430786133,5.7568853412273455,,,,
5673,3.955610990524292,5.706740359715277,,,,
5674,3.9894278049468994,5.755527710181434,,,,
5675,3.991946220397949,5.759161015663563,,,,
5676,3.958080291748047,5.710302808345249,,,,
5677,4.003772735595703,5.77622307049036,,,,
5678,3.9733359813690186,5.732312116106766,,,,
5679,4.092040061950684,5.903565904495218,,,,
5680,4.010718822479248,5.786244155590834,,,,
5681,3.9908456802368164,5.757573271830797,,,,
5682,4.053221225738525,5.847562161998856,,,,
5683,4.0820698738098145,5.8891819635076565,,,,
5684,4.034080505371094,5.81994793964572,,,,
5685,4.0151448249816895,5.7926295274520685,,,,
5686,3.936148166656494,5.67866144023951,,,,
5687,4.031513690948486,5.816244809207342,,,,
5688,3.996995449066162,5.766445512823507,,,,
5689,3.9337849617004395,5.675252056168805,,,,
5690,4.1259565353393555,5.952497032457497,,,,
5691,4.070096015930176,5.871907338124392,,,,
5692,4.054201602935791,5.848976547319552,,,,
5693,3.958171844482422,5.710434891021111,,,,
5694,3.922689914703369,5.6592452868877015,,,,
5695,3.9665536880493164,5.722527335168578,,,,
5696,3.971255302429199,5.729310330918606,,,,
5697,4.07388973236084,5.87738051400545,,,,
5698,3.9778027534484863,5.738756306034595,,,,
5699,4.109187602996826,5.928304576925928,,,,
5700,3.966294288635254,5.7221531009203,,,,
5701,4.026432991027832,5.808914908627569,,,,
5702,4.006573677062988,5.780263974855033,,,,
5703,4.070621490478516,5.872665437649395,,,,
5704,3.966752290725708,5.722813858264915,,,,
5705,4.036961078643799,5.82410372842117,,,,
5706,4.060929298400879,5.858682560203646,,,,
5707,3.9790377616882324,5.740538046297534,,,,
5708,3.92596435546875,5.663969306341602,,,,
5709,4.112914562225342,5.933681442522503,,,,
5710,3.9936327934265137,5.761594226207969,,,,
5711,4.069978713989258,5.871738107195943,,,,
5712,4.053411483764648,5.847836646309633,,,,
5713,3.9514899253845215,5.70079491947495,,,,
5714,3.944737434387207,5.691053134199477,,,,
5715,4.030289649963379,5.814478891348283,,,,
5716,3.90566086769104,5.634677565211949,,,,
5717,3.949293613433838,5.697626311115453,,,,
5718,3.9730782508850098,5.731940289615601,,,,
5719,4.02454948425293,5.806197582743938,,,,
5720,3.948845863342285,5.6969803442788125,,,,
5721,3.959156036376953,5.711854779786635,,,,
5722,4.014076232910156,5.791087874969734,,,,
5723,3.947066307067871,5.694412987266732,,,,
5724,3.937345504760742,5.680388833984775,,,,
5725,4.01243782043457,5.788724145416276,,,,
5726,4.018811225891113,5.797919025862005,,,,
5727,3.978480339050293,5.7397338554221,,,,
5728,4.088287353515625,5.898151890646057,,,,
5729,3.975623369216919,5.735612119211521,,,,
5730,4.0535688400268555,5.848063663408772,,,,
5731,3.974363327026367,5.733794262591902,,,,
5732,3.9012949466705322,5.62837887260675,,,,
5733,4.025510311126709,5.807583762909891,,,,
5734,4.0414719581604,5.830611551929818,,,,
5735,4.004068851470947,5.776650275395103,,,,
5736,3.9963059425354004,5.765450765170917,,,,
5737,3.9651288986206055,5.720471798525465,,,,
5738,3.8699586391448975,5.583170137139745,,,,
5739,3.99892520904541,5.769229567975675,,,,
5740,3.9927408695220947,5.760307452014214,,,,
5741,3.9222841262817383,5.658659857944165,,,,
5742,3.911989688873291,5.643808124146256,,,,
5743,4.015583515167236,5.793262423607244,,,,
5744,4.043718338012695,5.833852393002677,,,,
5745,3.9660892486572266,5.721857290760815,,,,
5746,4.120095252990723,5.944040989479875,,,,
5747,4.013889312744141,5.790818206173181,,,,
5748,4.041548728942871,5.8307223087569735,,,,
5749,3.935297727584839,5.677434516008254,,,,
5750,3.987989902496338,5.753453255446727,,,,
5751,4.002852916717529,5.774896052356302,,,,
5752,4.031128883361816,5.815689649210357,,,,
5753,3.9483494758605957,5.69626420852062,,,,
5754,3.941584587097168,5.686504537049457,,,,
5755,4.051935195922852,5.845706813161349,,,,
5756,4.03226375579834,5.817326924046571,,,,
5757,3.9721062183380127,5.730537943080465,,,,
5758,4.088557243347168,5.89854125936761,,,,
5759,3.993943452835083,5.762042412996118,,,,
5760,4.008718490600586,5.7833582867093565,,,,
5761,3.9517669677734375,5.701194607155554,,,,
5762,4.046791076660156,5.838285417811316,,,,
5763,4.0602641105651855,5.857722897011831,,,,
5764,4.055570602416992,5.85095159608206,,,,
5765,3.988616466522217,5.7543571962596625,,,,
5766,3.915066719055176,5.648247340330327,,,,
5767,4.001981735229492,5.773639203143797,,,,
5768,3.9564504623413086,5.7079514615426525,,,,
5769,4.011384010314941,5.787203818782649,,,,
5770,4.011610984802246,5.787531273749892,,,,
5771,4.020606994628906,5.800509772514602,,,,
5772,4.027875900268555,5.810996586633613,,,,
5773,3.922502040863037,5.658974242229942,,,,
5774,4.000412940979004,5.771375911458443,,,,
5775,3.9042224884033203,5.632602422546639,,,,
5776,3.933899402618408,5.675417159513633,,,,
5777,4.037564277648926,5.824973960634535,,,,
5778,4.032366752624512,5.817475517056916,,,,
5779,3.948751211166382,5.696843790054027,,,,
5780,3.9729294776916504,5.731725655267324,,,,
5781,3.9606516361236572,5.71401247412436,,,,
5782,4.01680850982666,5.79502971732751,,,,
5783,3.9486842155456543,5.696747135804243,,,,
5784,3.975820541381836,5.735896578516049,,,,
5785,4.092958450317383,5.904890858837465,,,,
5786,4.024314880371094,5.805859120887039,,,,
5787,4.004276275634766,5.776949525207605,,,,
5788,4.015773773193359,5.79353690791802,,,,
5789,3.934281826019287,5.675968879857601,,,,
5790,4.009494781494141,5.784478237731775,,,,
5791,3.9826254844665527,5.745714036157901,,,,
5792,3.9916296005249023,5.758704229742871,,,,
5793,3.9711191654205322,5.729113926731321,,,,
5794,3.982419013977051,5.745416162206607,,,,
5795,3.9965596199035645,5.7658167442519535,,,,
5796,4.094920635223389,5.907721693270667,,,,
5797,4.0458478927612305,5.83692469107769,,,,
5798,4.059221267700195,5.8562183927820834,,,,
5799,3.981131076812744,5.743558061646685,,,,
5800,3.9453189373016357,5.691892065570385,4.1623493194580075,6.005000721629619,,
5801,3.9553918838500977,5.7064242556029905,,,,
5802,4.019284248352051,5.798601453020629,,,,
5803,4.054065227508545,5.848779799166965,,,,
5804,4.0624308586120605,5.860848853673914,,,,
5805,4.030349254608154,5.814564882673714,,,,
5806,3.9262871742248535,5.664435035360138,,,,
5807,3.939948558807373,5.684144247149016,,,,
5808,4.078707695007324,5.884331364822722,,,,
5809,4.074629783630371,5.878448182302007,,,,
5810,3.9805777072906494,5.74275971818138,,,,
5811,4.084805488586426,5.893128621379656,,,,
5812,3.9075872898101807,5.637456804849893,,,,
5813,3.9942667484283447,5.762508829945258,,,,
5814,3.957041025161743,5.708803463595027,,,,
5815,3.9338111877441406,5.675289892351995,,,,
5816,3.9862217903137207,5.7509024087691305,,,,
5817,3.984808921813965,5.748864070391105,,,,
5818,3.9415016174316406,5.686384837124456,,,,
5819,3.998518466949463,5.768642763170931,,,,
5820,4.0018439292907715,5.7734403911994,,,,
5821,3.990239381790161,5.756698568068509,,,,
5822,4.02564001083374,5.80777088003403,,,,
5823,3.9186458587646484,5.6534109474398315,,,,
5824,4.049796104431152,5.8426207564742665,,,,
5825,4.009696006774902,5.784768544446432,,,,
5826,3.9514286518096924,5.700706520392406,,,,
5827,4.018772125244141,5.797862615552522,,,,
5828,4.062464714050293,5.8608976967467585,,,,
5829,3.987410545349121,5.752617419763534,,,,
5830,3.9017412662506104,5.62902277565158,,,,
5831,3.9594268798828125,5.712245524369395,,,,
5832,4.035464763641357,5.821945002187539,,,,
5833,4.022298336029053,5.802949862365044,,,,
5834,3.983336925506592,5.74674042861825,,,,
5835,3.981180191040039,5.743628918498841,,,,
5836,4.027930736541748,5.81107569865301,,,,
5837,3.915839433670044,5.64936213187322,,,,
5838,3.942265272140503,5.687486557985883,,,,
5839,3.9773809909820557,5.7381478314158425,,,,
5840,3.960496664047241,5.713788896678238,,,,
5841,3.963550567626953,5.718194748228042,,,,
5842,3.9511213302612305,5.700263149118482,,,,
5843,4.032007217407227,5.816956817381914,,,,
5844,4.100519180297852,5.915798686485788,,,,
5845,4.06008243560791,5.8574607954519164,,,,
5846,3.8826165199279785,5.60143159897366,,,,
5847,3.9444680213928223,5.690664453408527,,,,
5848,4.010676860809326,5.786183617697731,,,,
5849,3.999319553375244,5.769798486584729,,,,
5850,3.8993282318115234,5.6255415028328155,,,,
5851,4.013352394104004,5.790043596313695,,,,
5852,4.018743991851807,5.797822027646919,,,,
5853,4.118216037750244,5.9413298549716735,,,,
5854,4.00847864151001,5.7830122576158205,,,,
5855,3.980520248413086,5.742676822543664,,,,
5856,4.024662971496582,5.806361310227558,,,,
5857,3.935283660888672,5.677414222055452,,,,
5858,3.99263596534729,5.760156107281455,,,,
5859,3.8881707191467285,5.60944461464266,,,,
5860,4.0123748779296875,5.78863333857662,,,,
5861,3.9382615089416504,5.681710348674005,,,,
5862,3.903940200805664,5.632195167629396,,,,
5863,4.08897590637207,5.8991452624374405,,,,
5864,3.9556140899658203,5.706744831264199,,,,
5865,4.037054061889648,5.824237874888842,,,,
5866,3.955563545227051,5.7066719106202335,,,,
5867,3.9813780784606934,5.743914409699273,,,,
5868,3.961270332336426,5.714905064082338,,,,
5869,4.0296173095703125,5.813508909197417,,,,
5870,3.978245735168457,5.739395393565202,,,,
5871,4.05989933013916,5.857196630100191,,,,
5872,4.000000953674316,5.770781539417061,,,,
5873,4.040884017944336,5.829763333495762,,,,
5874,3.9924697875976562,5.759916363466152,,,,
5875,4.015044212341309,5.79248437409474,,,,
5876,4.076369285583496,5.880957753143397,,,,
5877,3.9892096519470215,5.755212981930356,,,,
5878,3.989166021347046,5.75515003628014,,,,
5879,4.05250358581543,5.8465268264406625,,,,
5880,3.9780235290527344,5.739074817903993,,,,
5881,3.962116003036499,5.716125109007558,,,,
5882,3.9932427406311035,5.761031498974346,,,,
5883,4.031949996948242,5.8168742657095,,,,
5884,4.0126051902771,5.788965609058087,,,,
5885,3.932053565979004,5.672754180147674,,,,
5886,4.028672695159912,5.81214611867198,,,,
5887,3.961430549621582,5.715136208765097,,,,
5888,3.9567947387695312,5.708448147438344,,,,
5889,3.888502359390259,5.60992307037736,,,,
5890,3.972768545150757,5.731493478688659,,,,
5891,3.9165244102478027,5.650350344185077,,,,
5892,3.983844757080078,5.747473074710926,,,,
5893,3.9735329151153564,5.732596231445991,,,,
5894,3.870363235473633,5.583753846256774,,,,
5895,3.977747917175293,5.738677194015199,,,,
5896,4.051386833190918,5.84491569296738,,,,
5897,3.997121572494507,5.76662747046812,,,,
5898,3.8186309337615967,5.509119911123047,,,,
5899,4.078175067901611,5.8835629463386665,,,,
5900,4.001163005828857,5.772458026297671,,,,
5901,3.9988996982574463,5.76919276368839,,,,
5902,3.947416067123413,5.694917584364363,,,,
5903,3.9489946365356445,5.697194978627089,,,,
5904,3.9492626190185547,5.697581595626229,,,,
5905,4.073697090148926,5.877102590041656,,,,
5906,4.111133575439453,5.931112021718612,,,,
5907,3.9446322917938232,5.6909014455014155,,,,
5908,3.956268072128296,5.7076883280868325,,,,
5909,3.9719948768615723,5.73037731128456,,,,
5910,4.057976722717285,5.854422893907076,,,,
5911,3.9298300743103027,5.66954635974378,,,,
5912,4.018693447113037,5.797749107002953,,,,
5913,4.118757724761963,5.942111344137194,,,,
5914,3.949448823928833,5.697850232526877,,,,
5915,4.062414169311523,5.860824776102793,,,,
5916,3.965287208557129,5.720700191485811,,,,
5917,4.077785491943359,5.883000907035647,,,,
5918,3.935626983642578,5.677909532089937,,,,
5919,3.939620018005371,5.683670262963238,,,,
5920,3.9750890731811523,5.734841292970354,,,,
5921,3.953077793121338,5.703085728384442,,,,
5922,3.910147190093994,5.641149960294521,,,,
5923,4.00540018081665,5.778570977639939,,,,
5924,3.9264063835144043,5.664607018011001,,,,
5925,3.940530776977539,5.68498421041583,,,,
5926,3.9745373725891113,5.734045357262161,,,,
5927,4.020532608032227,5.800402455340464,,,,
5928,3.9437458515167236,5.6896225825096,,,,
5929,3.9764795303344727,5.7368472986100185,,,,
5930,3.9748122692108154,5.734441949255051,,,,
5931,3.9870007038116455,5.752026143409868,,,,
5932,3.8974099159240723,5.622773958015131,,,,
5933,4.009736061096191,5.784826330617121,,,,
5934,3.9747753143310547,5.734388634633284,,,,
5935,4.034888744354248,5.82111398201857,,,,
5936,4.020755767822266,5.800724406862879,,,,
5937,3.998061180114746,5.767983037722221,,,,
5938,3.9281961917877197,5.667189165531055,,,,
5939,4.006634712219238,5.780352029972274,,,,
5940,3.9210832118988037,5.656927304719373,,,,
5941,3.8917829990386963,5.614656032929105,,,,
5942,3.9853620529174805,5.749662069891108,,,,
5943,3.939223289489746,5.6830979047011665,,,,
5944,3.8964767456054688,5.621427677824177,,,,
5945,4.086215496063232,5.895162832174061,,,,
5946,3.9960923194885254,5.765142572260571,,,,
5947,4.010180950164795,5.785468169870141,,,,
5948,4.033926010131836,5.819725050130202,,,,
5949,4.037003993988037,5.82416564217548,,,,
5950,4.007909774780273,5.782191556405903,,,,
5951,3.9194893836975098,5.654627896677337,,,,
5952,3.9243950843811035,5.661705326725643,,,,
5953,3.9779560565948486,5.738977475723605,,,,
5954,4.081775188446045,5.888756822394723,,,,
5955,3.9383046627044678,5.681772606393618,,,,
5956,4.002842903137207,5.77488160581363,,,,
5957,3.9106245040893555,5.641838578828575,,,,
5958,4.012759208679199,5.789187810643002,,,,
5959,3.9670984745025635,5.72331329588302,,,,
5960,4.007485389709473,5.781579298168832,,,,
5961,4.0084638595581055,5.782990931767113,,,,
5962,4.021411895751953,5.801670999373228,,,,
5963,4.034352779388428,5.820340748020291,,,,
5964,3.999156951904297,5.769563902248952,,,,
5965,3.8890113830566406,5.6106574362965445,,,,
5966,3.9664499759674072,5.722377710262327,,,,
5967,3.9137845039367676,5.646397494937647,,,,
5968,4.016569137573242,5.794684376164577,,,,
5969,3.9699082374572754,5.727366926963857,,,,
5970,3.9604411125183105,5.713708752762936,,,,
5971,3.9048049449920654,5.633442729778754,,,,
5972,3.932436466217041,5.673306588422245,,,,
5973,3.943777084350586,5.689667641964125,,,,
5974,3.9686622619628906,5.725569364297039,,,,
5975,3.9407801628112793,5.685343998121435,,,,
5976,3.9638731479644775,5.7186601332812765,,,,
5977,4.0446343421936035,5.835173907691907,,,,
5978,3.999879837036133,5.770606805043784,,,,
5979,3.9806411266326904,5.7428512129516385,,,,
5980,3.9426631927490234,5.688060636074463,,,,
5981,3.921630859375,5.657717393017436,,,,
5982,3.957871675491333,5.710001838706239,,,,
5983,3.9432249069213867,5.6888710183253295,,,,
5984,3.913252353668213,5.645629764384195,,,,
5985,4.004578590393066,5.777385673210192,,,,
5986,3.9206037521362305,5.6562355904976025,,,,
5987,3.9597110748291016,5.7126555310090525,,,,
5988,3.920637607574463,5.656284433570447,,,,
5989,3.8667349815368652,5.578519382295113,,,,
5990,3.9706573486328125,5.728447665941879,,,,
5991,4.041633605957031,5.830844760404388,,,,
5992,3.971249580383301,5.729302075751365,,,,
5993,4.029374122619629,5.813158064589657,,,,
5994,3.923694372177124,5.660694412703871,,,,
5995,4.027632236480713,5.810645054095249,,,,
5996,4.043159484863281,5.833046138335432,,,,
5997,4.006680965423584,5.780418759240809,,,,
5998,3.8708555698394775,5.584464134604837,,,,
5999,4.048604965209961,5.840902305826845,,,,
6000,3.9461617469787598,5.693107982911985,4.136185073852539,5.9672536942460095,,
6001,3.9812095165252686,5.743671226230953,,,,
6002,3.921632766723633,5.657720144739851,,,,
6003,3.951794385910034,5.701234163165253,,,,
6004,3.9370594024658203,5.6799760756227045,,,,
6005,3.898313522338867,5.624077586508671,,,,
6006,3.9240880012512207,5.661262299417021,,,,
6007,3.991319179534912,5.758256386920024,,,,
6008,3.9182753562927246,5.65287642536095,,,,
6009,3.951990842819214,5.701517590573875,,,,
6010,3.9201321601867676,5.655555227130789,,,,
6011,3.947779655456543,5.695442131449496,,,,
6012,3.9477453231811523,5.695392600446047,,,,
6013,4.036445617675781,5.823360075438838,,,,
6014,3.9513967037200928,5.7006604290419745,,,,
6015,3.959221601486206,5.71194937024461,,,,
6016,4.08727502822876,5.89669141397493,,,,
6017,4.0301103591918945,5.814220229441386,,,,
6018,3.946434259414673,5.693501135251858,,,,
6019,4.017211437225342,5.795611018687426,,,,
6020,3.994189977645874,5.762398073118102,,,,
6021,3.978957176208496,5.740421786025551,,,,
6022,3.9728684425354004,5.731637600150082,,,,
6023,3.8832669258117676,5.602369936316768,,,,
6024,3.9375922679901123,5.680744838072061,,,,
6025,3.934469699859619,5.676239924515361,,,,
6026,3.9045724868774414,5.633107363609572,,,,
6027,4.09597110748291,5.90923720439007,,,,
6028,3.966797351837158,5.722878867706941,,,,
6029,3.957061767578125,5.708833388576277,,,,
6030,3.9812984466552734,5.743799525288496,,,,
6031,4.136257648468018,5.967358397283855,,,,
6032,3.968921184539795,5.725942910614712,,,,
6033,3.910219669342041,5.641254525746245,,,,
6034,3.9742603302001953,5.7336456695815565,,,,
6035,3.9597129821777344,5.712658282731466,,,,
6036,3.961308717727661,5.714960442495915,,,,
6037,4.072483062744141,5.875351118725269,,,,
6038,4.040713310241699,5.8295170543397274,,,,
6039,3.8890795707702637,5.610755810372838,,,,
6040,3.981698989868164,5.744377386995396,,,,
6041,4.023348331451416,5.804464685553843,,,,
6042,4.063838958740234,5.862880312745905,,,,
6043,3.952803611755371,5.702690168287457,,,,
6044,4.0773115158081055,5.882317104015816,,,,
6045,3.9454140663146973,5.6920293077257735,,,,
6046,3.9429564476013184,5.688483713395586,,,,
6047,4.037845134735107,5.825379151759968,,,,
6048,4.042081832885742,5.831491415171632,,,,
6049,3.9681737422943115,5.724864579393803,,,,
6050,4.024895668029785,5.8066970203620425,,,,
6051,3.892148494720459,5.61518333173665,,,,
6052,3.9172258377075195,5.651362290102754,,,,
6053,4.061330795288086,5.859261797771752,,,,
6054,3.989034414291382,5.7549601674335875,,,,
6055,4.043083190917969,5.83293606943888,,,,
6056,3.963531494140625,5.718167231003903,,,,
6057,4.034092903137207,5.81996582584141,,,,
6058,3.951786756515503,5.7012231562755975,,,,
6059,3.9276235103607178,5.6663629608763095,,,,
6060,3.870483875274658,5.583927892699447,,,,
6061,4.068158149719238,5.869111588151966,,,,
6062,3.93514347076416,5.677211970458037,,,,
6063,3.878479480743408,5.595463113058117,,,,
6064,4.049896717071533,5.842765909831594,,,,
6065,3.950519323348999,5.699394636731625,,,,
6066,4.073830604553223,5.877295210610622,,,,
6067,3.9902939796447754,5.756777336122604,,,,
6068,3.8937854766845703,5.617544997498298,,,,
6069,3.994266986846924,5.762509173910559,,,,
6070,3.9644174575805664,5.719445406065116,,,,
6071,3.9973559379577637,5.766965588359716,,,,
6072,4.005886077880859,5.7792719789248554,,,,
6073,3.9661364555358887,5.721925395890557,,,,
6074,3.899446964263916,5.625712797553074,,,,
6075,3.9401230812072754,5.684396029749879,,,,
6076,3.917438268661499,5.651668763186591,,,,
6077,4.0379743576049805,5.825565580953503,,,,
6078,4.017927169799805,5.796643602523207,,,,
6079,4.005316734313965,5.7784505897843355,,,,
6080,3.979339599609375,5.740973506369519,,,,
6081,3.997370481491089,5.766986570243122,,,,
6082,4.042935371398926,5.83272281095181,,,,
6083,3.9996185302734375,5.7702298190730925,,,,
6084,3.9608893394470215,5.71435540753018,,,,
6085,4.012187957763672,5.788363669780067,,,,
6086,3.9744298458099365,5.733890228911083,,,,
6087,3.977353096008301,5.7381075874755405,,,,
6088,3.8820295333862305,5.600584756400812,,,,
6089,3.975520610809326,5.735463870166478,,,,
6090,3.925706386566162,5.6635971358851345,,,,
6091,3.9566287994384766,5.708208747588343,,,,
6092,3.997072219848633,5.766556269650663,,,,
6093,3.892155170440674,5.615192962765098,,,,
6094,3.9494452476501465,5.69784507304735,,,,
6095,3.8959481716156006,5.620665106750251,,,,
6096,3.974458694458008,5.733931848712592,,,,
6097,3.999410629272461,5.769929881329988,,,,
6098,3.946925163269043,5.69420935980811,,,,
6099,3.9687371253967285,5.72567736940178,,,,
6100,3.9081978797912598,5.638337699987612,,,,
6101,4.0079216957092285,5.7822087546709895,,,,
6102,3.900712728500366,5.627538909339936,,,,
6103,3.9284377098083496,5.667537602381703,,,,
6104,3.9909965991973877,5.7577910018667895,,,,
6105,3.970552444458008,5.728296321209119,,,,
6106,4.043816566467285,5.833994106706988,,,,
6107,4.08003568649292,5.886247251553333,,,,
6108,3.8805320262908936,5.598424310340673,,,,
6109,4.010461807250977,5.7858733609955735,,,,
6110,3.9560253620147705,5.707338171409676,,,,
6111,3.97310733795166,5.731982253382411,,,,
6112,4.011731147766113,5.787704632261961,,,,
6113,3.972132682800293,5.730576123228957,,,,
6114,4.023569107055664,5.804783197423242,,,,
6115,3.9597394466400146,5.712696462879958,,,,
6116,3.9508132934570312,5.699818745948652,,,,
6117,3.9121944904327393,5.644103590340438,,,,
6118,4.064650535583496,5.864051170632979,,,,
6119,3.9790523052215576,5.7405590281809395,,,,
6120,3.963414192199707,5.717998000075454,,,,
6121,3.898075819015503,5.623734653102851,,,,
6122,3.9861199855804443,5.750755535585293,,,,
6123,3.9972853660583496,5.766863774630406,,,,
6124,3.9877467155456543,5.7531024108389675,,,,
6125,4.038270950317383,5.82599347378885,,,,
6126,3.99381160736084,5.761852200184264,,,,
6127,3.978116989135742,5.73920965230227,,,,
6128,4.014835357666016,5.792183060490428,,,,
6129,4.00547456741333,5.778678294814077,,,,
6130,3.9366607666015625,5.679400965638219,,,,
6131,4.008646488189697,5.783254409188235,,,,
6132,3.982163429260254,5.745047431403157,,,,
6133,3.8693413734436035,5.582279610973577,,,,
6134,3.918910026550293,5.653792060994144,,,,
6135,3.99552321434021,5.764321527085352,,,,
6136,3.988189220428467,5.75374081043897,,,,
6137,4.019167423248291,5.798432910022783,,,,
6138,3.950442314147949,5.699283535939167,,,,
6139,3.942258834838867,5.687477270922737,,,,
6140,3.8524956703186035,5.557976398614852,,,,
6141,3.938730239868164,5.6823865844571975,,,,
6142,3.882290840148926,5.600961742371503,,,,
6143,3.9056289196014404,5.634631473861519,,,,
6144,3.955852508544922,5.707088796565925,,,,
6145,4.008965492248535,5.783714634761944,,,,
6146,4.004720687866211,5.777590676530021,,,,
6147,3.901515483856201,5.628697040510846,,,,
6148,3.940173625946045,5.684468950393844,,,,
6149,4.0488176345825195,5.841209122875984,,,,
6150,3.9367504119873047,5.679530296591668,,,,
6151,3.964790105819702,5.719983023831713,,,,
6152,3.9756569862365723,5.735660618319065,,,,
6153,3.8960704803466797,5.620841560950036,,,,
6154,4.0090250968933105,5.783800626087375,,,,
6155,3.9639434814453125,5.7187616030452855,,,,
6156,3.930109739303589,5.669949831042705,,,,
6157,3.9569969177246094,5.708739830014208,,,,
6158,4.038980960845947,5.827017802457389,,,,
6159,3.932093381881714,5.672811622353062,,,,
6160,3.9652724266052246,5.720678865637104,,,,
6161,3.9891397953033447,5.75511220009695,,,,
6162,3.9482686519622803,5.696147604283334,,,,
6163,3.9265756607055664,5.6648512333752254,,,,
6164,3.932626724243164,5.673581072733022,,,,
6165,3.9556713104248047,5.706827382936614,,,,
6166,3.9130611419677734,5.645353904212211,,,,
6167,4.04488468170166,5.835535071258718,,,,
6168,4.061568737030029,5.859605075142873,,,,
6169,3.949069023132324,5.697302295801228,,,,
6170,3.973642110824585,5.732753767554182,,,,
6171,3.947887897491455,5.695598291696479,,,,
6172,3.9974961280822754,5.767167839957131,,,,
6173,4.001410484313965,5.772815062280863,,,,
6174,4.014453887939453,5.791632716007667,,,,
6175,3.972475290298462,5.731070401367536,,,,
6176,4.002547264099121,5.77445508883949,,,,
6177,3.9061694145202637,5.63541124320053,,,,
6178,4.027914524078369,5.811052309012492,,,,
6179,3.9899308681488037,5.756253476968076,,,,
6180,3.951483964920044,5.700786320342406,,,,
6181,3.8955559730529785,5.620099283828913,,,,
6182,3.8868861198425293,5.607591329596962,,,,
6183,3.9996044635772705,5.770209525120291,,,,
6184,3.9278643131256104,5.666710365831053,,,,
6185,4.0112152099609375,5.786960291349027,,,,
6186,3.9537835121154785,5.70410386567755,,,,
6187,3.9360885620117188,5.678575448914078,,,,
6188,4.017858505249023,5.79654454051631,,,,
6189,3.967578411102295,5.724005698035394,,,,
6190,3.970141887664795,5.727704012959548,,,,
6191,3.9280576705932617,5.666989321690752,,,,
6192,3.9383811950683594,5.681883019255472,,,,
6193,3.8901901245117188,5.612358000748276,,,,
6194,3.9155733585357666,5.648978266596494,,,,
6195,3.9790921211242676,5.740616470386327,,,,
6196,3.9980149269104004,5.767916308453686,,,,
6197,3.9829940795898438,5.746245806514369,,,,
6198,3.968743324279785,5.725686312499626,,,,
6199,4.020281791687012,5.8000406038430485,,,,
6200,3.9076147079467773,5.637496360859591,4.156579303741455,5.996676348569498,,
6201,3.949429750442505,5.697822715302738,,,,
6202,4.028696060180664,5.8121798272715495,,,,
6203,3.879451274871826,5.596865115627951,,,,
6204,3.927351236343384,5.665970152501739,,,,
6205,3.9800429344177246,5.741988204009609,,,,
6206,3.920593738555908,5.65622114395493,,,,
6207,3.9236764907836914,5.660668615306243,,,,
6208,3.905587911605835,5.634572311829621,,,,
6209,4.002882957458496,5.77493939198432,,,,
6210,4.000117301940918,5.770949394484303,,,,
6211,3.999758720397949,5.770432070670507,,,,
6212,4.006145477294922,5.779646213173133,,,,
6213,3.898817539215088,5.624804729156519,,,,
6214,4.030993461608887,5.815494276918977,,,,
6215,4.024298191070557,5.805835043315918,,,,
6216,4.017411708831787,5.795899949540876,,,,
6217,3.90952205657959,5.640248083273396,,,,
6218,4.033298015594482,5.818819045525457,,,,
6219,3.8707025051116943,5.584243308881129,,,,
6220,4.01325798034668,5.789907386054212,,,,
6221,4.009566783905029,5.784582115252896,,,,
6222,4.02149772644043,5.801794826881849,,,,
6223,3.970993995666504,5.728933344947915,,,,
6224,3.9729275703430176,5.7317229035449095,,,,
6225,4.010467529296875,5.785881616162816,,,,
6226,3.9396660327911377,5.68373664826647,,,,
6227,4.050374984741211,5.843455904226856,,,,
6228,4.001091003417969,5.77235414877655,,,,
6229,3.996870994567871,5.766265962936007,,,,
6230,3.9908101558685303,5.75752202100084,,,,
6231,4.031505584716797,5.816233114387084,,,,
6232,3.9246902465820312,5.662131155769179,,,,
6233,3.9302821159362793,5.6701985179558525,,,,
6234,4.021452903747559,5.801730161405125,,,,
6235,3.9558634757995605,5.7071046189698045,,,,
6236,3.994845390319824,5.763343633732546,,,,
6237,3.9199419021606445,5.655280742820012,,,,
6238,3.9771151542663574,5.737764310104419,,,,
6239,3.9352402687072754,5.677351620370538,,,,
6240,3.988393783569336,5.7540359326678505,,,,
6241,3.9401767253875732,5.6844734219427675,,,,
6242,4.005189895629883,5.778267600243817,,,,
6243,3.913914442062378,5.646584956027087,,,,
6244,3.9413633346557617,5.686185337249455,,,,
6245,3.9583218097686768,5.710651245195897,,,,
6246,4.056735038757324,5.852631522615688,,,,
6247,4.12673282623291,5.953616983479916,,,,
6248,3.9751927852630615,5.734990917876605,,,,
6249,3.8505449295043945,5.555162074516133,,,,
6250,3.9551663398742676,5.706098864427559,,,,
6251,4.03692626953125,5.8240535094871175,,,,
6252,3.9609155654907227,5.71439324371337,,,,
6253,3.8960516452789307,5.6208143876912,,,,
6254,3.9092092514038086,5.639796800797532,,,,
6255,3.9587061405181885,5.7112057172622785,,,,
6256,3.950521469116211,5.69939773241934,,,,
6257,3.952658176422119,5.702480349453405,,,,
6258,3.964130163192749,5.7190309278765366,,,,
6259,3.983962059020996,5.747642305639375,,,,
6260,3.9860355854034424,5.750633771868483,,,,
6261,4.009848594665527,5.784988682239535,,,,
6262,3.964292526245117,5.719265168247012,,,,
6263,3.8252315521240234,5.518642590501321,,,,
6264,3.9992189407348633,5.7696533332274,,,,
6265,3.934377670288086,5.6761071539088945,,,,
6266,3.974876880645752,5.7345351638518185,,,,
6267,3.980287551879883,5.742341112409179,,,,
6268,4.04024600982666,5.828842882348345,,,,
6269,3.9715867042541504,5.7297884426880055,,,,
6270,3.9476876258850098,5.695309360843029,,,,
6271,3.881356954574585,5.599614430284643,,,,
6272,3.8187811374664307,5.509336609263134,,,,
6273,3.8973846435546875,5.622737497693148,,,,
6274,4.018445014953613,5.797390695158555,,,,
6275,3.911043167114258,5.642442581898405,,,,
6276,4.01640510559082,5.79444772803699,,,,
6277,3.8696675300598145,5.582750155506338,,,,
6278,3.9245474338531494,5.661925120553446,,,,
6279,4.002818584442139,5.774846521352854,,,,
6280,3.9556074142456055,5.706735200235751,,,,
6281,3.956637144088745,5.708220786373904,,,,
6282,3.9536519050598145,5.703913996830997,,,,
6283,3.913210868835449,5.645569914421695,,,,
6284,3.9342546463012695,5.675929667813205,,,,
6285,3.916703701019287,5.650609006091975,,,,
6286,3.997072219848633,5.766556269650663,,,,
6287,3.9356179237365723,5.677896461408472,,,,
6288,3.9361443519592285,5.678655936794682,,,,
6289,3.9415054321289062,5.686390340569284,,,,
6290,3.912951946258545,5.6451963681040205,,,,
6291,3.922168254852295,5.658492690807526,,,,
6292,3.92378568649292,5.660826151414432,,,,
6293,3.960585117340088,5.713916507805179,,,,
6294,3.866067409515381,5.577556279450281,,,,
6295,3.9439728260040283,5.689950037476843,,,,
6296,3.9803402423858643,5.742417128740861,,,,
6297,4.069253921508789,5.870692452678697,,,,
6298,3.986325740814209,5.751052377640683,,,,
6299,4.003000736236572,5.775109310843373,,,,
6300,3.9982776641845703,5.7682953582161876,,,,
6301,3.89652419090271,5.6214961269192205,,,,
6302,3.9779863357543945,5.739021159316924,,,,
6303,3.9208667278289795,5.656614984225406,,,,
6304,3.965167999267578,5.720528208834948,,,,
6305,3.9382333755493164,5.6816697607684015,,,,
6306,3.952070713043213,5.701632818949953,,,,
6307,4.024295806884766,5.805831603662901,,,,
6308,3.9228880405426025,5.659531122053436,,,,
6309,3.977782726287842,5.738727412949251,,,,
6310,3.926461935043335,5.664687161926302,,,,
6311,3.9645137786865234,5.719584368047013,,,,
6312,4.026299953460693,5.808722975989206,,,,
6313,3.9808473587036133,5.743148742937631,,,,
6314,3.997403621673584,5.7670343814200615,,,,
6315,3.9066858291625977,5.636156272044068,,,,
6316,3.9841482639312744,5.747910942540023,,,,
6317,3.9529013633728027,5.702831194061165,,,,
6318,3.914440155029297,5.647343399517392,,,,
6319,3.9247725009918213,5.662249823798275,,,,
6320,3.9505765438079834,5.699477188404039,,,,
6321,3.7739434242248535,5.44464946272471,,,,
6322,3.8410720825195312,5.541495645147971,,,,
6323,4.00820779800415,5.78262151303306,,,,
6324,3.929758310317993,5.669442826187961,,,,
6325,3.934156894683838,5.675788642039497,,,,
6326,3.897291421890259,5.622603007260174,,,,
6327,3.9314465522766113,5.67187844448948,,,,
6328,4.003186225891113,5.775376915848115,,,,
6329,3.936474323272705,5.67913198477227,,,,
6330,3.9671130180358887,5.723334277766425,,,,
6331,3.9368205070495605,5.679631422390376,,,,
6332,3.8100948333740234,5.496804921425365,,,,
6333,3.9611706733703613,5.714761286586216,,,,
6334,3.9428277015686035,5.688297972132654,,,,
6335,3.9690799713134766,5.726171991505662,,,,
6336,3.943661689758301,5.6895011627580905,,,,
6337,3.944485902786255,5.690690250806156,,,,
6338,3.9958343505859375,5.764770401804104,,,,
6339,3.891183853149414,5.6137916481258685,,,,
6340,3.8611979484558105,5.5705311321278375,,,,
6341,3.905648708343506,5.634660022981562,,,,
6342,3.9471843242645264,5.694583250091086,,,,
6343,3.8981246948242188,5.623805165989705,,,,
6344,3.9437997341156006,5.689700318667789,,,,
6345,3.914215326309204,5.647019040237865,,,,
6346,3.9682881832122803,5.725029682738631,,,,
6347,3.9661927223205566,5.7220065717017645,,,,
6348,4.009816646575928,5.784942590889105,,,,
6349,3.9649391174316406,5.720198002145292,,,,
6350,3.9554319381713867,5.706482041773681,,,,
6351,4.000175476074219,5.7710333220179235,,,,
6352,3.93625545501709,5.678816224625286,,,,
6353,4.026419162750244,5.808894958640069,,,,
6354,4.028783798217773,5.812306406502584,,,,
6355,3.9202542304992676,5.655731337365273,,,,
6356,3.8802294731140137,5.597987818372783,,,,
6357,3.8203117847442627,5.511544866500213,,,,
6358,3.891136646270752,5.6137235429961265,,,,
6359,3.9748942852020264,5.734560273318845,,,,
6360,3.924793004989624,5.662279404814224,,,,
6361,3.9100024700164795,5.640941173356373,,,,
6362,3.938884973526001,5.682609817938018,,,,
6363,3.899923324584961,5.626400040225922,,,,
6364,4.071910858154297,5.874525602001127,,,,
6365,3.9645371437072754,5.719618076646582,,,,
6366,3.9445958137512207,5.6908488188102515,,,,
6367,3.936253547668457,5.678813472902872,,,,
6368,4.06370210647583,5.862682876662714,,,,
6369,4.02720832824707,5.810033483788781,,,,
6370,3.9675803184509277,5.724008449757807,,,,
6371,3.8825628757476807,5.601354206780772,,,,
6372,4.072601795196533,5.875522413445529,,,,
6373,3.87758731842041,5.59417599489906,,,,
6374,3.897414207458496,5.622780149390562,,,,
6375,3.9671413898468018,5.723375209637331,,,,
6376,3.881192207336426,5.599376750261151,,,,
6377,3.8018274307250977,5.484877580622728,,,,
6378,3.9723117351531982,5.730834441170552,,,,
6379,4.007998466491699,5.7823195114981445,,,,
6380,3.9151804447174072,5.64841141177925,,,,
6381,3.8619558811187744,5.571624597822023,,,,
6382,3.9463841915130615,5.693428902538495,,,,
6383,3.9602723121643066,5.713465225329315,,,,
6384,3.9652864933013916,5.7206991595899055,,,,
6385,3.981955051422119,5.744746805729449,,,,
6386,3.983746290206909,5.747331017041313,,,,
6387,3.9304885864257812,5.670496391907147,,,,
6388,3.9113645553588867,5.642906247125131,,,,
6389,4.04179573059082,5.831078656809561,,,,
6390,4.017224311828613,5.795629592813719,,,,
6391,3.892233371734619,5.6153057833840645,,,,
6392,3.9328746795654297,5.673938796646817,,,,
6393,4.015810966491699,5.79359056650509,,,,
6394,3.949474811553955,5.697887724744764,,,,
6395,3.9592204093933105,5.711947650418101,,,,
6396,3.9125826358795166,5.644663565851648,,,,
6397,3.92128849029541,5.657223458844158,,,,
6398,3.9891250133514404,5.755090874248244,,,,
6399,4.075970649719238,5.880382643158911,,,,
6400,4.000550270080566,5.771574035472237,4.165907287597657,6.010133784620332,,
6401,3.95381498336792,5.704149269097377,,,,
6402,3.963897705078125,5.718695561707354,,,,
6403,3.9946279525756836,5.763029937377373,,,,
6404,3.892580032348633,5.615805908932773,,,,
6405,3.9677724838256836,5.724285685790998,,,,
6406,3.8989784717559814,5.625036905735184,,,,
6407,3.9563117027282715,5.707751273737048,,,,
6408,3.8894033432006836,5.611222915252581,,,,
6409,3.893303871154785,5.616850187588812,,,,
6410,4.034418106079102,5.820434994512964,,,,
6411,3.9523165225982666,5.701987447176032,,,,
6412,3.9364593029022217,5.679110314958261,,,,
6413,3.985826015472412,5.750331426368266,,,,
6414,3.871720314025879,5.5857116967541955,,,,
6415,3.860215902328491,5.56911433905003,,,,
6416,3.986018419265747,5.7506090063667585,,,,
6417,3.934121608734131,5.675737735174842,,,,
6418,3.9052178859710693,5.634038477681344,,,,
6419,3.9617857933044434,5.715648717064669,,,,
6420,3.9095640182495117,5.6403086211665,,,,
6421,3.889800786972046,5.611796305410558,,,,
6422,3.9600167274475098,5.713096494525864,,,,
6423,3.9404125213623047,5.684813603626174,,,,
6424,3.8308773040771484,5.526787688846183,,,,
6425,4.09767484664917,5.911695180436201,,,,
6426,3.9644217491149902,5.719451597440547,,,,
6427,3.9545040130615234,5.705143328819364,,,,
6428,3.8917198181152344,5.614564882124148,,,,
6429,3.922722339630127,5.659292066168736,,,,
6430,3.977426052093506,5.7382128408578685,,,,
6431,3.865095615386963,5.576154276880448,,,,
6432,3.9540300369262695,5.7044595257995345,,,,
6433,3.9185938835144043,5.653335963004055,,,,
6434,3.8472061157226562,5.550345184430768,,,,
6435,3.91945219039917,5.654574238090268,,,,
6436,3.9870524406433105,5.752100783880342,,,,
6437,3.941394329071045,5.68623005273868,,,,
6438,3.9402542114257812,5.684585210665828,,,,
6439,3.895076274871826,5.619407225641841,,,,
6440,3.9445712566375732,5.690813390384173,,,,
6441,3.8841190338134766,5.6035992683051346,,,,
6442,3.937100410461426,5.680035237654601,,,,
6443,3.8474013805389404,5.550626892012881,,,,
6444,3.913029193878174,5.6453078128617795,,,,
6445,4.0227885246276855,5.803657055025392,,,,
6446,3.9453043937683105,5.69187108368698,,,,
6447,3.94273042678833,5.68815763428955,,,,
6448,3.9846606254577637,5.748650123973431,,,,
6449,3.936251163482666,5.678810033249855,,,,
6450,3.9267091751098633,5.6650438539441925,,,,
6451,4.000713348388672,5.771809307738617,,,,
6452,3.9871833324432373,5.7522896208309895,,,,
6453,3.8549909591674805,5.561576339462713,,,,
6454,3.9523088932037354,5.701976440286377,,,,
6455,3.983577251434326,5.74708714564239,,,,
6456,3.8778557777404785,5.594563299828803,,,,
6457,3.932297945022583,5.6731067445819425,,,,
6458,3.8763442039489746,5.592382559815863,,,,
6459,3.9556005001068115,5.706725225242001,,,,
6460,3.9330763816833496,5.674229791292077,,,,
6461,3.8489181995391846,5.55281519926246,,,,
6462,3.920931816101074,5.656708886752777,,,,
6463,3.965099811553955,5.720429834758654,,,,
6464,3.9519307613372803,5.70143091131784,,,,
6465,3.932353973388672,5.673187576427848,,,,
6466,3.985039472579956,5.749196684837873,,,,
6467,3.9543368816375732,5.704902209142855,,,,
6468,4.026766777038574,5.809396460049985,,,,
6469,3.9005188941955566,5.627259265549633,,,,
6470,3.9067273139953613,5.6362161220065685,,,,
6471,4.0084028244018555,5.782902876649872,,,,
6472,3.944601535797119,5.690857073977493,,,,
6473,3.7300124168395996,5.381270416228747,,,,
6474,3.947693347930908,5.6953176160102705,,,,
6475,3.9471566677093506,5.694543350116087,,,,
6476,3.9206902980804443,5.656360449902129,,,,
6477,3.9832510948181152,5.746616601109629,,,,
6478,3.9641878604888916,5.719114167479554,,,,
6479,4.0036468505859375,5.776041456811049,,,,
6480,3.8665900230407715,5.578310251391664,,,,
6481,4.028136253356934,5.811372196743098,,,,
6482,3.9370946884155273,5.68002698248736,,,,
6483,3.9351439476013184,5.677212658388641,,,,
6484,3.923654079437256,5.66063628256788,,,,
6485,4.032077789306641,5.817058631111225,,,,
6486,4.044590473175049,5.835110618076389,,,,
6487,3.923354387283325,5.660203918183611,,,,
6488,3.9536685943603516,5.703938074402118,,,,
6489,3.9653520584106445,5.72079375004788,,,,
6490,3.9474239349365234,5.694928935219321,,,,
6491,3.967038154602051,5.723226272661684,,,,
6492,3.871518611907959,5.5854207021089355,,,,
6493,3.9731597900390625,5.732057925748791,,,,
6494,3.935887098312378,5.67828479823412,,,,
6495,3.924459934234619,5.661798885287713,,,,
6496,4.067485809326172,5.8681416060011005,,,,
6497,3.9346485137939453,5.676497898491656,,,,
6498,3.862649917602539,5.572625880815346,,,,
6499,3.957937240600586,5.710096429164214,,,,
6500,3.9652233123779297,5.720608008784948,,,,
6501,3.8857438564300537,5.605943391836395,,,,
6502,3.896282196044922,5.621147002137969,,,,
6503,3.8079111576080322,5.49365454322686,,,,
6504,3.9791417121887207,5.740688015169087,,,,
6505,3.920956611633301,5.656744659144157,,,,
6506,3.8489675521850586,5.552886400079917,,,,
6507,3.9633047580718994,5.717840120001962,,,,
6508,3.860950469970703,5.570174096144647,,,,
6509,4.025857925415039,5.808085264319807,,,,
6510,3.953772783279419,5.704088387238972,,,,
6511,3.9291372299194336,5.668546796576966,,,,
6512,3.9919917583465576,5.759226713036192,,,,
6513,3.9835987091064453,5.747118102519545,,,,
6514,3.934478759765625,5.676252995196827,,,,
6515,3.9134912490844727,5.645974417616524,,,,
6516,3.8853132724761963,5.605322190501479,,,,
6517,3.7722887992858887,5.442262343530734,,,,
6518,3.892764091491699,5.616071450145705,,,,
6519,3.9487781524658203,5.696882658133122,,,,
6520,3.986875534057617,5.751845561626462,,,,
6521,3.847842216491699,5.551262883855772,,,,
6522,3.899385929107666,5.625624742435833,,,,
6523,3.974473237991333,5.733952830595997,,,,
6524,3.9490115642547607,5.697219400163512,,,,
6525,3.9125266075134277,5.644582734005742,,,,
6526,3.9642977714538574,5.719272735483649,,,,
6527,3.922053813934326,5.658327587462698,,,,
6528,3.9348843097686768,5.676838080175062,,,,
6529,3.951681613922119,5.7010714675775365,,,,
6530,3.7928178310394287,5.471879475835818,,,,
6531,3.8904929161071777,5.612794836681467,,,,
6532,3.9596405029296875,5.712553717279741,,,,
6533,3.9071860313415527,5.636877911247089,,,,
6534,3.903372287750244,5.631375842280685,,,,
6535,3.8842263221740723,5.6037540526909115,,,,
6536,3.9553182125091553,5.706317970324758,,,,
6537,3.9337539672851562,5.675207340679581,,,,
6538,3.8587560653686523,5.5670082395075635,,,,
6539,3.9037814140319824,5.631966086738447,,,,
6540,3.9526569843292236,5.7024786296268966,,,,
6541,3.9116249084472656,5.643281857234616,,,,
6542,3.897702217102051,5.623195659475047,,,,
6543,3.837306022644043,5.536062369241913,,,,
6544,3.9710142612457275,5.728962581998562,,,,
6545,3.804584503173828,5.488855195371882,,,,
6546,3.8558831214904785,5.56286345762177,,,,
6547,3.9472193717956543,5.69463381299044,,,,
6548,3.95554256439209,5.706641641673682,,,,
6549,3.8972930908203125,5.6226054150172855,,,,
6550,3.931187629699707,5.671504898171806,,,,
6551,4.020582675933838,5.800474688053827,,,,
6552,3.9440159797668457,5.690012295196455,,,,
6553,4.026130676269531,5.808478760624982,,,,
6554,3.94948148727417,5.697897355773213,,,,
6555,3.8879168033599854,5.609078291596322,,,,
6556,3.9590272903442383,5.711669038523703,,,,
6557,3.9271199703216553,5.665636506159065,,,,
6558,3.925600528717041,5.663444415291168,,,,
6559,3.9185290336608887,5.653242404441986,,,,
6560,3.872258186340332,5.586487682474889,,,,
6561,3.8628578186035156,5.572925818558451,,,,
6562,3.91257381439209,5.644650839135484,,,,
6563,3.9282336235046387,5.667243168083425,,,,
6564,3.931201934814453,5.671525536089909,,,,
6565,3.885686159133911,5.605860152233377,,,,
6566,3.972559690475464,5.731192165084347,,,,
6567,3.983839511871338,5.747465507474288,,,,
6568,3.9420666694641113,5.687200034889546,,,,
6569,3.992060899734497,5.759326462973693,,,,
6570,3.9050564765930176,5.633805613172075,,,,
6571,3.965040922164917,5.720344875329128,,,,
6572,3.8834633827209473,5.6026533637253895,,,,
6573,3.9484336376190186,5.696385628272129,,,,
6574,3.9595530033111572,5.712427482014008,,,,
6575,3.8883163928985596,5.609654777442015,,,,
6576,3.9294586181640625,5.669010461803692,,,,
6577,3.890164375305176,5.61232085249569,,,,
6578,3.825160264968872,5.518539744876105,,,,
6579,3.884497880935669,5.6041458291695765,,,,
6580,3.829190731048584,5.524354478301777,,,,
6581,3.932527780532837,5.673438327132806,,,,
6582,3.9360523223876953,5.678523166188215,,,,
6583,3.931091785430908,5.6713666241205125,,,,
6584,3.9597973823547363,5.712780046448277,,,,
6585,3.8564419746398926,5.563669712289014,,,,
6586,3.912771224975586,5.644935642405312,,,,
6587,3.903026819229126,5.630877436558485,,,,
6588,3.9766228199005127,5.7370540217563555,,,,
6589,3.8896703720092773,5.611608156390514,,,,
6590,3.9326589107513428,5.673627508048755,,,,
6591,3.7833547592163086,5.458227149045027,,,,
6592,3.9297118186950684,5.669375752954124,,,,
6593,3.9822123050689697,5.745117944290011,,,,
6594,3.907226800918579,5.636936729313684,,,,
6595,3.9354963302612305,5.677721039104592,,,,
6596,3.960062026977539,5.7131618479331925,,,,
6597,3.9515128135681152,5.700827940143915,,,,
6598,3.8436405658721924,5.545201183343461,,,,
6599,3.9555344581604004,5.706629946853423,,,,
6600,3.9663050174713135,5.722168579358877,4.232728672027588,6.1065366645627295,,
6601,3.911398410797119,5.642955090197977,,,,
6602,3.876351833343506,5.592393566705518,,,,
6603,3.82625675201416,5.520121641298742,,,,
6604,3.867997169494629,5.5803403346024485,,,,
6605,3.880403995513916,5.598239600973646,,,,
6606,3.9314751625061035,5.671919720325687,,,,
6607,3.9865283966064453,5.751344748147149,,,,
6608,3.9607157707214355,5.714105000790524,,,,
6609,3.860375165939331,5.569344107871582,,,,
6610,3.8634326457977295,5.573755118900912,,,,
6611,3.9644384384155273,5.719475675011668,,,,
6612,3.8904995918273926,5.612804467709916,,,,
6613,3.953850269317627,5.704200175962033,,,,
6614,3.902376413345337,5.6299390992153775,,,,
6615,3.8640143871307373,5.574594394237122,,,,
6616,3.848342180252075,5.55198417909349,,,,
6617,3.881028175354004,5.599140102133564,,,,
6618,3.8847131729125977,5.604456429837035,,,,
6619,3.8861663341522217,5.606552898351053,,,,
6620,4.019041061401367,5.798250608412869,,,,
6621,4.025091648101807,5.806979759840061,,,,
6622,3.879267692565918,5.596600262345622,,,,
6623,3.955336332321167,5.706344111687689,,,,
6624,4.013178825378418,5.789793189574039,,,,
6625,3.9942750930786133,5.762520868730818,,,,
6626,3.9955787658691406,5.764401671000654,,,,
6627,3.8653807640075684,5.576565659381312,,,,
6628,3.97424054145813,5.733617120461513,,,,
6629,3.9955124855041504,5.764306048646774,,,,
6630,3.900031328201294,5.626555856507604,,,,
6631,4.057921409606934,5.854343093957075,,,,
6632,3.9458417892456055,5.692646381477069,,,,
6633,4.053339004516602,5.8477320808579085,,,,
6634,3.9634907245635986,5.718108412937308,,,,
6635,3.997209072113037,5.766753705733854,,,,
6636,3.9906864166259766,5.757343503009245,,,,
6637,3.9121360778808594,5.644019318841516,,,,
6638,3.9085214138031006,5.638804460902054,,,,
6639,3.9815032482147217,5.744094991482679,,,,
6640,3.8301708698272705,5.525768519657171,,,,
6641,3.874896764755249,5.590294346469086,,,,
6642,3.946263551712036,5.693254856095822,,,,
6643,3.92268967628479,5.6592449429224,,,,
6644,3.938997983932495,5.6827728574910354,,,,
6645,3.9553332328796387,5.706339640138767,,,,
6646,3.9319090843200684,5.672545737174828,,,,
6647,3.9298644065856934,5.669595890747229,,,,
6648,3.9363532066345215,5.678957250398994,,,,
6649,3.911355495452881,5.642893176443666,,,,
6650,3.9083986282348633,5.638627318771665,,,,
6651,3.8232061862945557,5.515720605263162,,,,
6652,3.872955083847046,5.587493093051833,,,,
6653,3.903813362121582,5.632012178088877,,,,
6654,3.9587366580963135,5.7112497448209,,,,
6655,3.94888973236084,5.69704363389433,,,,
6656,3.9173412322998047,5.651528769308789,,,,
6657,3.9622015953063965,5.716248592550878,,,,
6658,3.883986711502075,5.603408367562677,,,,
6659,3.9553942680358887,5.706427695256008,,,,
6660,3.936495780944824,5.679162941649425,,,,
6661,3.9343183040618896,5.676021506548765,,,,
6662,3.9783213138580322,5.739504430565849,,,,
6663,3.8784117698669434,5.595365426912427,,,,
6664,3.8909730911254883,5.613487582799143,,,,
6665,3.8603110313415527,5.569251581205418,,,,
6666,3.9406368732452393,5.685137274975098,,,,
6667,3.927349328994751,5.6659674007793255,,,,
6668,3.9451680183410645,5.691674335534393,,,,
6669,3.83947491645813,5.5391914215917115,,,,
6670,3.9720311164855957,5.730429594010421,,,,
6671,3.975428819656372,5.735331443525314,,,,
6672,3.950596809387207,5.699506425454685,,,,
6673,3.9454216957092285,5.692040314615429,,,,
6674,3.9293532371520996,5.66885842914033,,,,
6675,4.003965377807617,5.776500994454154,,,,
6676,4.015948295593262,5.793788690518884,,,,
6677,3.996419668197632,5.76561483661984,,,,
6678,3.9096603393554688,5.640447583148397,,,,
6679,3.8775975704193115,5.594190785407034,,,,
6680,3.8915560245513916,5.614328577961862,,,,
6681,3.9002835750579834,5.62691977179683,,,,
6682,3.841468334197998,5.542067315479439,,,,
6683,3.890002965927124,5.612087987986421,,,,
6684,3.865629196166992,5.57692407122571,,,,
6685,3.8098394870758057,5.496436534587217,,,,
6686,3.966123580932617,5.721906821764264,,,,
6687,3.868767738342285,5.581452030457625,,,,
6688,3.892716407775879,5.61600265708536,,,,
6689,3.9321460723876953,5.6728876386847435,,,,
6690,3.9884681701660156,5.754143249841989,,,,
6691,3.8591957092285156,5.567642511523946,,,,
6692,3.9324393272399902,5.673310716005866,,,,
6693,3.915161609649658,5.648384238520413,,,,
6694,3.8548583984375,5.561385094754954,,,,
6695,3.930537462234497,5.670566904794001,,,,
6696,3.9419898986816406,5.68708927806239,,,,
6697,3.9589931964874268,5.7116198514855565,,,,
6698,3.9206762313842773,5.656340155949327,,,,
6699,3.9998669624328613,5.7705882309174905,,,,
6700,3.9002017974853516,5.626801791698338,,,,
6701,3.8827977180480957,5.601693012602971,,,,
6702,3.9456446170806885,5.692361922172543,,,,
6703,3.908547878265381,5.638842641050545,,,,
6704,3.855839252471924,5.562800168006253,,,,
6705,3.9257986545562744,5.663730250456902,,,,
6706,3.874572277069092,5.589826209693437,,,,
6707,3.9253897666931152,5.663140349964443,,,,
6708,4.0753889083862305,5.879543367822701,,,,
6709,4.016599655151367,5.794728403723198,,,,
6710,3.9872875213623047,5.752439933667844,,,,
6711,3.9342455863952637,5.675916597131739,,,,
6712,3.921248435974121,5.657165672673469,,,,
6713,3.8420073986053467,5.542845021026641,,,,
6714,3.9083497524261475,5.638556805884811,,,,
6715,4.001194953918457,5.7725041176481025,,,,
6716,3.8788137435913086,5.595945352411136,,,,
6717,3.9242429733276367,5.661485876863142,,,,
6718,3.951244831085205,5.7004413231447755,,,,
6719,3.8551993370056152,5.561876965136421,,,,
6720,3.9211230278015137,5.656984746924761,,,,
6721,3.9385976791381836,5.6821953397494385,,,,
6722,3.900749444961548,5.627591879996402,,,,
6723,3.932651996612549,5.673617533055005,,,,
6724,3.867997646331787,5.580341022533052,,,,
6725,4.006936073303223,5.7807868021136555,,,,
6726,3.986262798309326,5.750961570801027,,,,
6727,3.999490737915039,5.770045453671368,,,,
6728,3.769245147705078,5.437871282488905,,,,
6729,3.9929420948028564,5.760597758728871,,,,
6730,3.870936155319214,5.58458039487682,,,,
6731,3.9294424057006836,5.6689870721631745,,,,
6732,3.900693416595459,5.627511048150496,,,,
6733,3.916933298110962,5.650940244677536,,,,
6734,3.9539742469787598,5.7043790379189305,,,,
6735,3.9245598316192627,5.661943006749135,,,,
6736,3.92382550239563,5.660883593619821,,,,
6737,3.866830587387085,5.578657312381105,,,,
6738,3.912050724029541,5.643896179263498,,,,
6739,3.8150124549865723,5.503899549738758,,,,
6740,3.7780139446258545,5.450521982321071,,,,
6741,3.899486541748047,5.6257698957931614,,,,
6742,3.816110134124756,5.505483165987902,,,,
6743,3.971465587615967,5.729613708314728,,,,
6744,3.950343608856201,5.699141134304252,,,,
6745,4.048823356628418,5.8412173780432255,,,,
6746,3.9994750022888184,5.770022751961454,,,,
6747,3.8781700134277344,5.595016646096477,,,,
6748,3.934936046600342,5.676912720645537,,,,
6749,3.8839778900146484,5.6033956408465135,,,,
6750,3.9101099967956543,5.641096301707451,,,,
6751,3.9710159301757812,5.728964989755674,,,,
6752,3.833569288253784,5.530671401067968,,,,
6753,3.9521236419677734,5.701709179246936,,,,
6754,3.864896535873413,5.575867065853507,,,,
6755,3.8498406410217285,5.554146001014836,,,,
6756,3.863015651702881,5.573153523588194,,,,
6757,3.846911668777466,5.549920387283136,,,,
6758,3.943976879119873,5.689955884886972,,,,
6759,3.959843158721924,5.712846087786208,,,,
6760,3.9384844303131104,5.682031956231119,,,,
6761,3.9774727821350098,5.738280258057007,,,,
6762,3.9207611083984375,5.656462607596741,,,,
6763,3.891655445098877,5.614472011492682,,,,
6764,3.870288848876953,5.583646529082635,,,,
6765,3.888840913772583,5.61041150110581,,,,
6766,3.9493637084960938,5.69772743691416,,,,
6767,3.8358588218688965,5.533974499860439,,,,
6768,3.9305739402770996,5.670619531485165,,,,
6769,3.9419357776641846,5.687011197938899,,,,
6770,3.9519100189208984,5.70140098633659,,,,
6771,3.829385757446289,5.524635841918588,,,,
6772,4.042721748352051,5.832414618041463,,,,
6773,3.9745030403137207,5.733995826258713,,,,
6774,3.8793845176696777,5.596768805343467,,,,
6775,3.825178861618042,5.51856657416964,,,,
6776,3.8900508880615234,5.612157125012068,,,,
6777,3.9838831424713135,5.747528453124504,,,,
6778,3.9495060443878174,5.69793278419929,,,,
6779,4.00628662109375,5.779849840631755,,,,
6780,3.914361000061035,5.647229203037219,,,,
6781,3.8959579467773438,5.620679209327622,,,,
6782,4.044173240661621,5.834508678798369,,,,
6783,3.8374335765838623,5.536246390678336,,,,
6784,3.9483489990234375,5.6962635205900165,,,,
6785,3.874734401702881,5.590060106098611,,,,
6786,3.882874011993408,5.601803081499524,,,,
6787,3.867415428161621,5.579501059266238,,,,
6788,4.019774436950684,5.799308645680976,,,,
6789,3.954469680786133,5.705093797815916,,,,
6790,3.8502893447875977,5.554793343712683,,,,
6791,3.9205539226531982,5.656163701749542,,,,
6792,3.914607524871826,5.647584863159203,,,,
6793,3.902376413345337,5.6299390992153775,,,,
6794,3.936893939971924,5.679737363703307,,,,
6795,3.944758415222168,5.6910834031460285,,,,
6796,3.973808765411377,5.732994199300088,,,,
6797,3.8364205360412598,5.534784882111304,,,,
6798,3.8244197368621826,5.5174713886489455,,,,
6799,3.955292224884033,5.706280478106869,,,,
6800,3.9603590965270996,5.713590428699142,4.190676879882813,6.045868752574968,,
6801,3.826211452484131,5.520056287891413,,,,
6802,3.863762855529785,5.574231510843801,,,,
6803,3.9631764888763428,5.717655066669634,,,,
6804,3.883915901184082,5.603306209868064,,,,
6805,3.9672157764434814,5.72348252681147,,,,
6806,3.912755250930786,5.644912596730097,,,,
6807,3.820991277694702,5.512525167610131,,,,
6808,3.9247608184814453,5.662232969498491,,,,
6809,3.875804901123047,5.591604510303359,,,,
6810,4.000005722045898,5.770788418723095,,,,
6811,3.900522470474243,5.627264425029159,,,,
6812,3.9499361515045166,5.6985532976036035,,,,
6813,3.902162551879883,5.629630562339729,,,,
6814,3.8790063858032227,5.59622327637493,,,,
6815,3.8736605644226074,5.588510886379638,,,,
6816,3.9106719493865967,5.641907027923619,,,,
6817,3.9739277362823486,5.733165837985649,,,,
6818,3.8982043266296387,5.623920050400481,,,,
6819,3.893237590789795,5.616754565234933,,,,
6820,3.912733554840088,5.6448812958876395,,,,
6821,3.961975574493408,5.715922513444842,,,,
6822,3.924957752227783,5.662517084837716,,,,
6823,3.9708104133605957,5.728668491665586,,,,
6824,3.82344651222229,5.516067322287301,,,,
6825,3.953324794769287,5.70344207643703,,,,
6826,3.913759708404541,5.646361722546267,,,,
6827,3.8884918689727783,5.609907935904085,,,,
6828,3.917543411254883,5.651820451884652,,,,
6829,3.9137449264526367,5.64634039669756,,,,
6830,3.8215317726135254,5.513304936949143,,,,
6831,3.898045539855957,5.623690969509531,,,,
6832,3.96181321144104,5.715688273074367,,,,
6833,3.9515886306762695,5.700937321109864,,,,
6834,3.878000259399414,5.594771742801648,,,,
6835,3.9332175254821777,5.674433418750698,,,,
6836,3.9339799880981445,5.675533419785617,,,,
6837,3.9562668800354004,5.707686608260324,,,,
6838,3.890275478363037,5.6124811403262935,,,,
6839,3.8515145778656006,5.556560981398252,,,,
6840,3.961913585662842,5.715833082466394,,,,
6841,3.853609085083008,5.559582716573911,,,,
6842,3.930685043334961,5.670779819315769,,,,
6843,3.878373384475708,5.595310048498849,,,,
6844,3.8103532791137695,5.497177779812436,,,,
6845,3.8333027362823486,5.530286847860639,,,,
6846,3.8877344131469727,5.608815158140502,,,,
6847,3.932908058166504,5.673986951789058,,,,
6848,3.983023166656494,5.74628777028118,,,,
6849,3.9398510456085205,5.68400356534061,,,,
6850,4.033322334289551,5.818854129986233,,,,
6851,3.903008460998535,5.630850951230252,,,,
6852,3.824577808380127,5.51769943764399,,,,
6853,3.9245991706848145,5.66199976102392,,,,
6854,3.801640510559082,5.484607911826175,,,,
6855,3.9414219856262207,5.68626995271368,,,,
6856,3.900275468826294,5.626908076976571,,,,
6857,3.8751349449157715,5.5906379678055105,,,,
6858,3.8954215049743652,5.61990528739874,,,,
6859,3.856947660446167,5.564399262693975,,,,
6860,3.955692768096924,5.706858339813769,,,,
6861,3.8779542446136475,5.594705357498415,,,,
6862,3.852578639984131,5.558096098539853,,,,
6863,3.8490490913391113,5.553004036213107,,,,
6864,3.8981637954711914,5.623861576299188,,,,
6865,3.846987724304199,5.550030112214388,,,,
6866,3.8912627696990967,5.6139055006407395,,,,
6867,3.9499454498291016,5.698566712250371,,,,
6868,3.9981231689453125,5.7680724687006695,,,,
6869,3.842893600463867,5.544123540053155,,,,
6870,3.8172659873962402,5.507150709770668,,,,
6871,3.857889175415039,5.565757581670489,,,,
6872,3.9417154788970947,5.686693374000105,,,,
6873,3.913397789001465,5.6458395832182475,,,,
6874,3.8556814193725586,5.56257246297651,,,,
6875,3.970571994781494,5.728324526363861,,,,
6876,3.980745553970337,5.743001869753795,,,,
6877,4.0309224128723145,5.815391775259063,,,,
6878,3.8763232231140137,5.592352290869311,,,,
6879,3.950861692428589,5.6998885709049025,,,,
6880,3.8758621215820312,5.591687061975773,,,,
6881,3.899759292602539,5.626163392098335,,,,
6882,4.084985733032227,5.89338865914776,,,,
6883,3.808845043182373,5.49500185531372,,,,
6884,3.8358564376831055,5.5339710602074215,,,,
6885,3.9675650596618652,5.723986435978498,,,,
6886,3.951979637145996,5.701501424204694,,,,
6887,3.875403642654419,5.591025616700555,,,,
6888,3.9378671646118164,5.681141430064951,,,,
6889,3.8897833824157715,5.611771195943532,,,,
6890,3.9415831565856934,5.686502473257646,,,,
6891,3.919877529144287,5.655187872188546,,,,
6892,3.971266746520996,5.729326841253089,,,,
6893,3.9133005142211914,5.645699245375144,,,,
6894,3.893556833267212,5.617215134773943,,,,
6895,3.8905091285705566,5.612818226321985,,,,
6896,3.8606133460998535,5.569687729208006,,,,
6897,3.91066837310791,5.6419018684440925,,,,
6898,3.842233657836914,5.543171444097978,,,,
6899,3.9758386611938477,5.73592271987898,,,,
6900,3.8508572578430176,5.555612669061394,,,,
6901,3.9036922454833984,5.631837443715601,,,,
6902,3.8913159370422363,5.613982204903024,,,,
6903,3.9498653411865234,5.698451139908991,,,,
6904,4.0052900314331055,5.778412065670542,,,,
6905,3.886747121810913,5.607390797826056,,,,
6906,3.8872170448303223,5.608068753435758,,,,
6907,3.9202497005462646,5.65572480202454,,,,
6908,3.8834142684936523,5.602582506873234,,,,
6909,3.8859329223632812,5.606216156320663,,,,
6910,3.9300875663757324,5.669917842269644,,,,
6911,3.8467955589294434,5.549752876181197,,,,
6912,3.9145920276641846,5.647562505414591,,,,
6913,3.8689048290252686,5.581649810506118,,,,
6914,3.9914979934692383,5.758514360896318,,,,
6915,3.914414167404175,5.647305907299504,,,,
6916,3.8680272102355957,5.5803836742304656,,,,
6917,3.899404764175415,5.625651915694669,,,,
6918,3.9995813369750977,5.770176160486024,,,,
6919,3.9360110759735107,5.678463660191017,,,,
6920,3.937711238861084,5.680916476757623,,,,
6921,3.809504508972168,5.495953263338293,,,,
6922,3.78482985496521,5.460355262366803,,,,
6923,3.8647255897521973,5.57562044273217,,,,
6924,3.944617986679077,5.690880807583312,,,,
6925,3.9799203872680664,5.741811405844523,,,,
6926,3.9387426376342773,5.682404470652887,,,,
6927,3.9853413105010986,5.7496321449098575,,,,
6928,3.979534864425659,5.741255213951632,,,,
6929,3.86763072013855,5.579811659933696,,,,
6930,3.9372053146362305,5.6801865823873605,,,,
6931,3.9566493034362793,5.708238328604292,,,,
6932,3.88047456741333,5.598341414702957,,,,
6933,3.886841297149658,5.607526664120238,,,,
6934,3.908283233642578,5.63846083956563,,,,
6935,3.8410043716430664,5.541397959002281,,,,
6936,3.914675712585449,5.647683237235497,,,,
6937,3.9244978427886963,5.661853575770687,,,,
6938,3.9632227420806885,5.717721795938169,,,,
6939,3.9812068939208984,5.743667442612634,,,,
6940,3.8800289630889893,5.597698543554031,,,,
6941,3.9949145317077637,5.7634433836700465,,,,
6942,3.85003399848938,5.554424956874535,,,,
6943,3.7549166679382324,5.417199655785798,,,,
6944,3.907485008239746,5.637309243735452,,,,
6945,3.835761308670044,5.533833818052033,,,,
6946,3.8520965576171875,5.557400600699764,,,,
6947,3.890885591506958,5.613361347533409,,,,
6948,3.824146270751953,5.517076860447866,,,,
6949,3.8640639781951904,5.574665939019881,,,,
6950,3.888984203338623,5.610618224252148,,,,
6951,3.9216394424438477,5.657729775768298,,,,
6952,3.8516666889190674,5.556780431260752,,,,
6953,3.9113969802856445,5.6429530264061665,,,,
6954,3.987328290939331,5.752498751734439,,,,
6955,3.9205732345581055,5.656191562938981,,,,
6956,3.923917531967163,5.6610163642262865,,,,
6957,3.8852057456970215,5.6051670621504,,,,
6958,3.8641927242279053,5.574851680282813,,,,
6959,3.8998911380767822,5.626353604910189,,,,
6960,3.758831262588501,5.422847222074831,,,,
6961,3.849982738494873,5.554351004334665,,,,
6962,3.946040391921997,5.692932904573407,,,,
6963,3.9215831756591797,5.657648599957091,,,,
6964,3.8663997650146484,5.578035767080887,,,,
6965,3.9720709323883057,5.73048703621581,,,,
6966,3.885430335998535,5.605491077464626,,,,
6967,3.9058566093444824,5.634959960724666,,,,
6968,3.9330718517303467,5.674223255951344,,,,
6969,3.826364517211914,5.520277113615121,,,,
6970,3.9501075744628906,5.698800608655544,,,,
6971,3.869180202484131,5.582047090429611,,,,
6972,3.966339111328125,5.722217766397025,,,,
6973,3.932706832885742,5.6736966450744015,,,,
6974,3.946573257446289,5.693701667022764,,,,
6975,3.87847900390625,5.595462425127514,,,,
6976,3.90849232673645,5.638762497135243,,,,
6977,3.9029977321624756,5.6308354727916745,,,,
6978,3.8480429649353027,5.551552502639825,,,,
6979,3.9818549156188965,5.744602340302724,,,,
6980,3.8362960815429688,5.534605332223804,,,,
6981,3.9052958488464355,5.6341509543350075,,,,
6982,3.8657965660095215,5.577165534867521,,,,
6983,3.8295841217041016,5.524922021049624,,,,
6984,3.998223066329956,5.768216590162093,,,,
6985,3.9116053581237793,5.643253652079874,,,,
6986,3.8954458236694336,5.619940371859515,,,,
6987,3.938887357711792,5.682613257591035,,,,
6988,3.9006872177124023,5.627502105052652,,,,
6989,3.8852133750915527,5.605178069040055,,,,
6990,3.9531774520874023,5.7032295058805635,,,,
6991,3.9633235931396484,5.717867293260799,,,,
6992,3.9019484519958496,5.62932168149878,,,,
6993,3.9359755516052246,5.67841240936106,,,,
6994,3.8373897075653076,5.536183101062819,,,,
6995,3.980184316635132,5.742192175433533,,,,
6996,3.8775906562805176,5.594180810413284,,,,
6997,3.8831522464752197,5.602204489006637,,,,
6998,3.910107374191284,5.641092518089132,,,,
6999,3.916299343109131,5.650025640940248,,,,
7000,3.9659616947174072,5.721673269324393,4.149164199829102,5.985978614927469,,
7001,3.827385663986206,5.521750317002412,,,,
7002,3.8718209266662598,5.585856850111524,,,,
7003,3.833120346069336,5.530023714404819,,,,
7004,3.878608226776123,5.595648854321049,,,,
7005,3.8108739852905273,5.497929000031404,,,,
7006,3.8674821853637695,5.579597369550721,,,,
7007,3.833439826965332,5.53048462790913,,,,
7008,3.8481197357177734,5.551663259466981,,,,
7009,3.880628824234009,5.598563960253173,,,,
7010,3.888427734375,5.60981540923792,,,,
7011,3.9462530612945557,5.693239721622546,,,,
7012,3.8538806438446045,5.559974493052576,,,,
7013,3.9952054023742676,5.763863021338151,,,,
7014,3.8851094245910645,5.605028100168503,,,,
7015,3.840207576751709,5.540248426963914,,,,
7016,3.8834733963012695,5.602667810268062,,,,
7017,3.945054292678833,5.69151026408547,,,,
7018,3.9892690181732178,5.755298629290485,,,,
7019,3.8225607872009277,5.514789491191391,,,,
7020,3.9263246059417725,5.664489037912508,,,,
7021,3.945629119873047,5.692339564427931,,,,
7022,3.8464925289154053,5.5493156962827035,,,,
7023,3.9197998046875,5.655075739500184,,,,
7024,3.957754135131836,5.709832263812488,,,,
7025,3.9801855087280273,5.7421938952600415,,,,
7026,3.9466865062713623,5.693865050541083,,,,
7027,3.900482654571533,5.627206982823771,,,,
7028,3.948676586151123,5.696736128914587,,,,
7029,3.945059061050415,5.691517143391504,,,,
7030,3.9149322509765625,5.648053343900154,,,,
7031,3.8852286338806152,5.6052000828193655,,,,
7032,3.893378734588623,5.616958192693554,,,,
7033,3.8981289863586426,5.623811357365136,,,,
7034,4.001152038574219,5.772442203893792,,,,
7035,3.8775241374969482,5.594084844094103,,,,
7036,3.8547377586364746,5.56121104831228,,,,
7037,3.8881449699401855,5.609407466390073,,,,
7038,3.91882586479187,5.653670641242635,,,,
7039,3.8868253231048584,5.607503618445023,,,,
7040,3.8822827339172363,5.600950047551244,,,,
7041,3.9782662391662598,5.73942497458115,,,,
7042,3.9340157508850098,5.675585014580875,,,,
7043,3.8660175800323486,5.577484390702221,,,,
7044,3.9237074851989746,5.660713330795467,,,,
7045,3.8530936241149902,5.55883906359158,,,,
7046,3.9303970336914062,5.670364309231284,,,,
7047,3.7748522758483887,5.445960658454887,,,,
7048,3.908879518508911,5.639321096785245,,,,
7049,3.945026397705078,5.691470020145168,,,,
7050,3.9009385108947754,5.62786464448067,,,,
7051,3.8668651580810547,5.578707187349855,,,,
7052,3.920900821685791,5.656664171263553,,,,
7053,3.878657341003418,5.595719711173205,,,,
7054,3.9053707122802734,5.63425895943975,,,,
7055,3.9062893390655518,5.635584257747298,,,,
7056,3.871263027191162,5.585051971305486,,,,
7057,3.8252439498901367,5.51866047669701,,,,
7058,3.9889466762542725,5.754833588202552,,,,
7059,3.9090359210968018,5.639546738023177,,,,
7060,3.8507723808288574,5.55549021741398,,,,
7061,3.8531136512756348,5.5588679566769255,,,,
7062,3.890974998474121,5.613490334521557,,,,
7063,3.9327893257141113,5.673815657068799,,,,
7064,3.9425864219665527,5.6879498792473075,,,,
7065,3.9043943881988525,5.632850421529183,,,,
7066,3.857341766357422,5.564967837337727,,,,
7067,3.7633557319641113,5.429374651605679,,,,
7068,3.8966546058654785,5.6216842759392645,,,,
7069,3.820892810821533,5.512383109940519,,,,
7070,3.885305404663086,5.605310839646521,,,,
7071,3.9297895431518555,5.6694878856424875,,,,
7072,3.8843140602111816,5.603880631921946,,,,
7073,3.834080696105957,5.531409206640169,,,,
7074,3.8736438751220703,5.5884868088085184,,,,
7075,3.866281032562256,5.577864472360628,,,,
7076,3.8636553287506104,5.5740763824927235,,,,
7077,3.8062057495117188,5.491194159423617,,,,
7078,3.86598801612854,5.577441739004807,,,,
7079,3.8460841178894043,5.548726483720847,,,,
7080,3.7945027351379395,5.474310278623113,,,,
7081,3.7987558841705322,5.480446275640596,,,,
7082,3.932281732559204,5.673083354941425,,,,
7083,3.96793794631958,5.724524397710396,,,,
7084,3.857375144958496,5.565015992479969,,,,
7085,3.9434473514556885,5.689191937951839,,,,
7086,3.9343957901000977,5.676133295271826,,,,
7087,3.876553773880005,5.592684905316079,,,,
7088,3.8964226245880127,5.621349597700685,,,,
7089,3.861051082611084,5.570319249501974,,,,
7090,3.837423324584961,5.536231600170362,,,,
7091,3.819571018218994,5.510476166307751,,,,
7092,3.914506196975708,5.64743867790597,,,,
7093,3.8186025619506836,5.509078979252142,,,,
7094,3.8637290000915527,5.574182667770956,,,,
7095,3.9545884132385254,5.705265092536176,,,,
7096,3.8951668739318848,5.619537932456496,,,,
7097,3.828218460083008,5.52295178780134,,,,
7098,3.8463494777679443,5.549109317101668,,,,
7099,3.83528995513916,5.533153798650521,,,,
7100,3.861445426940918,5.570888168111028,,,,
7101,3.8334426879882812,5.530488755492751,,,,
7102,3.848022699356079,5.551523265589178,,,,
7103,3.857114791870117,5.564640382370484,,,,
7104,3.848449230194092,5.552138619513965,,,,
7105,3.859210252761841,5.567663493407351,,,,
7106,3.911825656890869,5.643571476018669,,,,
7107,3.845432758331299,5.547786770516533,,,,
7108,3.879943370819092,5.597575060010712,,,,
7109,3.9561455249786377,5.707511529921746,,,,
7110,3.9100470542907715,5.6410054948677955,,,,
7111,3.943737506866455,5.689610543724039,,,,
7112,3.8334245681762695,5.53046261412982,,,,
7113,3.895475387573242,5.619983023556929,,,,
7114,3.8181633949279785,5.508445395166364,,,,
7115,3.8643593788146973,5.575092112028719,,,,
7116,3.8262364864349365,5.5200924042480946,,,,
7117,3.8619515895843506,5.571618406446592,,,,
7118,3.8699357509613037,5.5831371164707795,,,,
7119,3.960023880004883,5.713106813484917,,,,
7120,3.9188597202301025,5.65371948431548,,,,
7121,3.846358299255371,5.549122043817832,,,,
7122,3.8809149265289307,5.598976718615244,,,,
7123,3.8748908042907715,5.5902857473365435,,,,
7124,3.8590140342712402,5.567380409964031,,,,
7125,3.9521520137786865,5.701750111117842,,,,
7126,3.8494949340820312,5.553647251327334,,,,
7127,3.8839011192321777,5.603284884019358,,,,
7128,3.7485105991363525,5.407957652093733,,,,
7129,3.8960044384002686,5.620746282561458,,,,
7130,3.862056016921997,5.571769063248748,,,,
7131,3.9028618335723877,5.630639412569691,,,,
7132,3.986388683319092,5.7511431844803385,,,,
7133,3.9393768310546875,5.683319418355477,,,,
7134,3.888535499572754,5.6099708815543,,,,
7135,3.8016481399536133,5.48461891871583,,,,
7136,3.8976118564605713,5.623065296625692,,,,
7137,3.9021692276000977,5.629640193368178,,,,
7138,3.917778968811035,5.652160289602757,,,,
7139,3.8937835693359375,5.617542245775884,,,,
7140,3.847787857055664,5.551184459766978,,,,
7141,3.8616185188293457,5.571137886920082,,,,
7142,3.800769805908203,5.483351750544273,,,,
7143,3.9086480140686035,5.63898710647727,,,,
7144,3.929940700531006,5.669705959643781,,,,
7145,3.924821376800537,5.662320336685129,,,,
7146,3.986426591873169,5.751197874963313,,,,
7147,3.949150323867798,5.697419587969116,,,,
7148,3.8472232818603516,5.550369949932492,,,,
7149,3.9152262210845947,5.648477453117181,,,,
7150,3.8522276878356934,5.557589781615713,,,,
7151,3.8091540336608887,5.495447634344756,,,,
7152,3.843599796295166,5.545142365276866,,,,
7153,3.8662283420562744,5.577788456028946,,,,
7154,3.89556884765625,5.620117857955206,,,,
7155,3.777632236480713,5.449971293873008,,,,
7156,3.8366494178771973,5.535115088800961,,,,
7157,3.8588013648986816,5.567073592914891,,,,
7158,3.776563882827759,5.448429985355976,,,,
7159,3.947019100189209,5.69434488213699,,,,
7160,3.9448704719543457,5.69124506683784,,,,
7161,3.925924301147461,5.663911520170911,,,,
7162,3.8646202087402344,5.575468410068807,,,,
7163,3.8191752433776855,5.509905183906887,,,,
7164,3.9077255725860596,5.637656304724893,,,,
7165,3.882596731185913,5.601403049853617,,,,
7166,3.8478810787200928,5.551318950199953,,,,
7167,3.833078384399414,5.529963176511715,,,,
7168,3.8181653022766113,5.508448146888777,,,,
7169,3.843029260635376,5.544319256309837,,,,
7170,3.9311466217041016,5.671445736139909,,,,
7171,3.941740036010742,5.686728802426182,,,,
7172,3.878931999206543,5.596115959200792,,,,
7173,3.772141933441162,5.442050460904871,,,,
7174,3.8456597328186035,5.548114225483776,,,,
7175,3.9259815216064453,5.663994071843326,,,,
7176,3.8643250465393066,5.57504258102527,,,,
7177,3.8980588912963867,5.623710231566428,,,,
7178,3.8178138732910156,5.507941142034034,,,,
7179,3.818641185760498,5.509134701631021,,,,
7180,3.891002655029297,5.613530234496557,,,,
7181,3.9142515659332275,5.647071322963727,,,,
7182,3.825502395629883,5.519033335084082,,,,
7183,3.8757004737854004,5.5914538535012035,,,,
7184,3.920316696166992,5.6558214562743245,,,,
7185,3.8429818153381348,5.544250807214794,,,,
7186,3.734445095062256,5.38766541911843,,,,
7187,3.875131607055664,5.590633152291286,,,,
7188,3.890353202819824,5.612593273014657,,,,
7189,3.9341893196105957,5.6758354213205315,,,,
7190,3.8206419944763184,5.512021258443103,,,,
7191,3.8731884956359863,5.587829835082222,,,,
7192,3.847010850906372,5.5500634768486545,,,,
7193,3.9452321529388428,5.6917668622005575,,,,
7194,3.8288681507110596,5.523889093248542,,,,
7195,3.9718756675720215,5.730205328633697,,,,
7196,3.752424716949463,5.4136045304521625,,,,
7197,3.8972668647766113,5.622567578834095,,,,
7198,3.847349166870117,5.550551563611803,,,,
7199,3.9356179237365723,5.677896461408472,,,,
7200,3.9335920810699463,5.674973788239709,4.180941867828369,6.031824098961028,,
7201,3.9094905853271484,5.6402026798535685,,,,
7202,3.9047837257385254,5.633412116866901,,,,
7203,3.8458049297332764,5.548323700352526,,,,
7204,3.916560649871826,5.65040262691094,,,,
7205,3.8241374492645264,5.517064133731703,,,,
7206,3.974137306213379,5.733468183485866,,,,
7207,3.9041666984558105,5.632521934666035,,,,
7208,3.8936264514923096,5.617315572642047,,,,
7209,3.921600341796875,5.657673365458816,,,,
7210,3.736137628555298,5.39010722879538,,,,
7211,3.8955111503601074,5.6200346183521885,,,,
7212,3.8942408561706543,5.618201971224594,,,,
7213,3.8955230712890625,5.620051816617274,,,,
7214,3.8228421211242676,5.515195370247427,,,,
7215,3.835386037826538,5.533292416667117,,,,
7216,3.8435986042022705,5.545140645450357,,,,
7217,3.9628281593322754,5.717152533363813,,,,
7218,3.883086919784546,5.602110242513964,,,,
7219,3.8555359840393066,5.562362644142458,,,,
7220,3.829780101776123,5.525204760527642,,,,
7221,3.943849563598633,5.68977220741585,,,,
7222,3.871821880340576,5.585858225972731,,,,
7223,3.824395179748535,5.517435960222867,,,,
7224,3.9182469844818115,5.652835493490045,,,,
7225,3.853013038635254,5.558722803319597,,,,
7226,3.774327278137207,5.445203246860488,,,,
7227,3.8735151290893555,5.588301067545586,,,,
7228,3.85882830619812,5.567112460993987,,,,
7229,3.900020122528076,5.626539690138423,,,,
7230,3.8980884552001953,5.623752883263842,,,,
7231,3.816856861114502,5.506560465312907,,,,
7232,3.8823108673095703,5.6009906354568475,,,,
7233,3.728973388671875,5.379771415443828,,,,
7234,3.8729166984558105,5.587437714638255,,,,
7235,3.9018590450286865,5.629192694510633,,,,
7236,3.9627809524536133,5.717084428234071,,,,
7237,3.858255624771118,5.566286256339241,,,,
7238,3.9036378860473633,5.6317590196268075,,,,
7239,3.855659008026123,5.562540130238148,,,,
7240,3.804293632507324,5.488435557703777,,,,
7241,3.8539586067199707,5.560086969706241,,,,
7242,3.9651126861572266,5.720448408884947,,,,
7243,3.8492507934570312,5.553295030858367,,,,
7244,3.8725242614746094,5.586871547751614,,,,
7245,3.837651491165161,5.536560774964114,,,,
7246,3.878169059753418,5.595015270235271,,,,
7247,3.991514205932617,5.758537750536836,,,,
7248,3.9038281440734863,5.632033503937585,,,,
7249,3.872842311859131,5.587330397464116,,,,
7250,3.805527448654175,5.490215578140208,,,,
7251,3.918966293334961,5.653873236805351,,,,
7252,3.944469690322876,5.690666861165639,,,,
7253,3.8792645931243896,5.5965957907967,,,,
7254,3.9171581268310547,5.651264603957064,,,,
7255,3.796130657196045,5.476658873703296,,,,
7256,3.891347885131836,5.614028296253456,,,,
7257,3.793424606323242,5.47275486752871,,,,
7258,3.820007801055908,5.511106310740513,,,,
7259,3.786440372467041,5.46267874797996,,,,
7260,3.929906129837036,5.669656084675031,,,,
7261,3.8048946857452393,5.489302694229428,,,,
7262,3.831719398498535,5.528002574291879,,,,
7263,3.921602964401245,5.657677149077134,,,,
7264,3.913278102874756,5.6456669126367816,,,,
7265,3.907668113708496,5.637573409087177,,,,
7266,3.93276047706604,5.6737740372672905,,,,
7267,3.96339750289917,5.717973922504334,,,,
7268,3.8559298515319824,5.562930874820908,,,,
7269,3.882551431655884,5.601337696446289,,,,
7270,3.833078622817993,5.529963520477017,,,,
7271,3.8927597999572754,5.616065258770274,,,,
7272,3.797853469848633,5.479144366973565,,,,
7273,3.9427313804626465,5.688159010150757,,,,
7274,3.8854098320007324,5.605461496448677,,,,
7275,3.929544448852539,5.669134289312313,,,,
7276,3.868718385696411,5.581380829640168,,,,
7277,3.9283225536346436,5.66737146714097,,,,
7278,3.8331050872802734,5.530001700625508,,,,
7279,3.8829498291015625,5.601912462465473,,,,
7280,3.8834829330444336,5.602681568880131,,,,
7281,3.946751117706299,5.693958265137851,,,,
7282,3.947247266769409,5.694674056930742,,,,
7283,3.839914321899414,5.539825349642792,,,,
7284,3.791647434234619,5.4701909501696475,,,,
7285,3.8804771900177,5.598345198321276,,,,
7286,3.903731346130371,5.631893854025084,,,,
7287,3.885835647583008,5.606075818477559,,,,
7288,3.763629913330078,5.429770211702663,,,,
7289,3.8505401611328125,5.555155195210099,,,,
7290,3.874520778656006,5.589751913188265,,,,
7291,3.902083158493042,5.629516021894255,,,,
7292,3.891900062561035,5.614824919892252,,,,
7293,3.9492549896240234,5.697570588736573,,,,
7294,3.8547496795654297,5.561228246577366,,,,
7295,3.8782153129577637,5.5950819995038055,,,,
7296,3.8468945026397705,5.549895621781412,,,,
7297,3.822066307067871,5.514076107155612,,,,
7298,3.844745635986328,5.546795462516959,,,,
7299,3.841857671737671,5.542629010817157,,,,
7300,3.8317809104919434,5.528091317339724,,,,
7301,3.917518377304077,5.651784335527972,,,,
7302,3.8759236335754395,5.591775805023619,,,,
7303,3.934293270111084,5.675985390192084,,,,
7304,3.8786072731018066,5.595647478459842,,,,
7305,3.8481287956237793,5.551676330148446,,,,
7306,3.870248556137085,5.5835883989466435,,,,
7307,3.9336678981781006,5.675083169205657,,,,
7308,3.8327345848083496,5.529467178546627,,,,
7309,3.846292018890381,5.549026421463952,,,,
7310,3.9422688484191895,5.687491717465409,,,,
7311,3.9212942123413086,5.6572317140114,,,,
7312,3.862553834915161,5.572487262798751,,,,
7313,3.9968113899230957,5.766179971610575,,,,
7314,3.8445589542388916,5.546526137685708,,,,
7315,3.817160129547119,5.5069979891767025,,,,
7316,3.9097604751586914,5.6405920485751215,,,,
7317,3.8013267517089844,5.484155253489104,,,,
7318,3.9207212924957275,5.656405165391353,,,,
7319,3.834982395172119,5.532710083411295,,,,
7320,3.775221586227417,5.446493460707261,,,,
7321,3.850942611694336,5.555735808639412,,,,
7322,3.838493585586548,5.5377756604098085,,,,
7323,3.8519906997680664,5.557247880105797,,,,
7324,3.8036091327667236,5.487448033322523,,,,
7325,3.8908708095550537,5.613340021684703,,,,
7326,3.9422245025634766,5.687427739919288,,,,
7327,3.8559446334838867,5.562952200669615,,,,
7328,3.840101480484009,5.540095362404646,,,,
7329,3.867429733276367,5.579521697184342,,,,
7330,3.8538436889648438,5.559921178430809,,,,
7331,3.810415744781494,5.497267898721488,,,,
7332,3.903331756591797,5.631317368179392,,,,
7333,3.95377516746521,5.70409182689199,,,,
7334,3.8708882331848145,5.584511257851173,,,,
7335,3.7954812049865723,5.475721912221395,,,,
7336,3.8577723503112793,5.565589038672644,,,,
7337,3.846764326095581,5.54970781672667,,,,
7338,3.929287910461426,5.6687641826476565,,,,
7339,3.861811637878418,5.571416498814479,,,,
7340,3.8475661277770996,5.550864572036374,,,,
7341,3.9498424530029297,5.698418119240025,,,,
7342,3.917532205581665,5.651804285515471,,,,
7343,3.9538328647613525,5.704175066495007,,,,
7344,3.9055371284484863,5.634499047220354,,,,
7345,3.835958957672119,5.534118965287163,,,,
7346,3.8171892166137695,5.507039952943512,,,,
7347,3.8516266345977783,5.556722645090063,,,,
7348,3.817375421524048,5.50730858984416,,,,
7349,3.853111743927002,5.558865204954511,,,,
7350,3.88250732421875,5.601274062865469,,,,
7351,3.852766990661621,5.5583678311282165,,,,
7352,3.8067283630371094,5.491948131365,,,,
7353,3.8244969844818115,5.5175828334067045,,,,
7354,3.847177028656006,5.550303220663957,,,,
7355,3.8595900535583496,5.568211430133,,,,
7356,3.8233158588409424,5.515878829301956,,,,
7357,3.8327536582946777,5.529494695770764,,,,
7358,3.8540196418762207,5.560175024823483,,,,
7359,3.9716873168945312,5.729933596045333,,,,
7360,3.8431036472320557,5.5444265734839755,,,,
7361,3.8656723499298096,5.576986328945322,,,,
7362,3.9178807735443115,5.652307162786594,,,,
7363,3.8999743461608887,5.626473648800491,,,,
7364,3.995612144470215,5.764449826142895,,,,
7365,3.8538880348205566,5.55998515597693,,,,
7366,3.8794140815734863,5.596811457040881,,,,
7367,3.9418628215789795,5.686905944556571,,,,
7368,3.8827927112579346,5.601685789331635,,,,
7369,3.9951705932617188,5.763812802404099,,,,
7370,3.9037537574768066,5.6319261867634465,,,,
7371,3.828261375427246,5.523013701555651,,,,
7372,3.8996031284332275,5.625938094825705,,,,
7373,3.872462272644043,5.586782116773166,,,,
7374,3.8673434257507324,5.579397181745117,,,,
7375,3.838942527770996,5.538423347072958,,,,
7376,3.885745048522949,5.605945111662903,,,,
7377,3.87741756439209,5.593931091604231,,,,
7378,3.8418426513671875,5.542607341003149,,,,
7379,3.892601251602173,5.615836521844627,,,,
7380,3.855243682861328,5.561940942682542,,,,
7381,3.8961219787597656,5.620915857455209,,,,
7382,3.8771162033081055,5.59349631946285,,,,
7383,3.8119313716888428,5.499454486144558,,,,
7384,3.7757346630096436,5.447233674036575,,,,
7385,3.9703683853149414,5.728030779996187,,,,
7386,3.8124091625213623,5.500143792609216,,,,
7387,3.862283945083618,5.5720978940771975,,,,
7388,3.9309093952178955,5.671103490664692,,,,
7389,3.878181219100952,5.595032812465658,,,,
7390,3.8417716026306152,5.542504839343234,,,,
7391,3.893557071685791,5.617215478739245,,,,
7392,3.9353342056274414,5.677487142699418,,,,
7393,3.8724989891052246,5.586835087429631,,,,
7394,3.8431220054626465,5.544453058812208,,,,
7395,3.8726701736450195,5.58708205451627,,,,
7396,3.877802848815918,5.59448693953182,,,,
7397,3.898075580596924,5.623734309137549,,,,
7398,3.986605644226074,5.751456192904909,,,,
7399,3.8487486839294434,5.552570639932933,,,,
7400,3.9408493041992188,5.685443748058935,4.115268898010254,5.937078031083983,,
7401,3.914940595626831,5.648065382685714,,,,
7402,3.891148567199707,5.613740741261213,,,,
7403,3.8947463035583496,5.618931177664252,,,,
7404,3.8220930099487305,5.514114631269405,,,,
7405,3.919894218444824,5.655211949759667,,,,
7406,3.8001198768615723,5.482414101131769,,,,
7407,3.887755870819092,5.608846115017657,,,,
7408,3.7948620319366455,5.474828634332813,,,,
7409,3.802738666534424,5.486192216005923,,,,
7410,3.7469871044158936,5.405759713815707,,,,
7411,3.8785560131073,5.595573525919971,,,,
7412,3.9091379642486572,5.639693955172316,,,,
7413,3.886309862136841,5.606759965462691,,,,
7414,3.8498435020446777,5.554150128598456,,,,
7415,3.805673599243164,5.490426428870165,,,,
7416,3.76485013961792,5.431530626116895,,,,
7417,3.8933968544006348,5.616984334056485,,,,
7418,3.8135581016540527,5.501801361398232,,,,
7419,3.786013603210449,5.462063050089871,,,,
7420,3.9260287284851074,5.664062176973068,,,,
7421,3.7909951210021973,5.469249861104126,,,,
7422,3.8799002170562744,5.5975128022911,,,,
7423,3.829819679260254,5.525261858767729,,,,
7424,3.7867813110351562,5.463170618361428,,,,
7425,3.8609142303466797,5.570121813418784,,,,
7426,3.8364906311035156,5.5348860079100115,,,,
7427,3.85373592376709,5.559765706114429,,,,
7428,3.903041362762451,5.63089841844189,,,,
7429,3.835144519805908,5.532943979816469,,,,
7430,3.784252166748047,5.459521834440722,,,,
7431,3.838770866394043,5.538175692055716,,,,
7432,3.871464729309082,5.585342965950746,,,,
7433,3.8741254806518555,5.589181618718004,,,,
7434,3.9294204711914062,5.6689554273554155,,,,
7435,3.86063814163208,5.569723501599386,,,,
7436,3.844749927520752,5.54680165389239,,,,
7437,3.9099183082580566,5.640819753604863,,,,
7438,3.892259359359741,5.615343275601952,,,,
7439,3.8483004570007324,5.551923985165688,,,,
7440,3.8429222106933594,5.544164815889362,,,,
7441,3.8220372200012207,5.514034143388801,,,,
7442,3.9547410011291504,5.70548523032928,,,,
7443,3.9409351348876953,5.685567575567556,,,,
7444,3.936288595199585,5.678864035802226,,,,
7445,3.9510090351104736,5.700101141461369,,,,
7446,3.794386863708496,5.474143111486475,,,,
7447,3.827399253845215,5.5217699230246104,,,,
7448,3.8202035427093506,5.511388706253229,,,,
7449,3.8723978996276855,5.5866892461417,,,,
7450,3.8579368591308594,5.565826374730834,,,,
7451,3.8319544792175293,5.52834172407938,,,,
7452,3.7987871170043945,5.480491335095123,,,,
7453,3.9241108894348145,5.661295320085986,,,,
7454,3.7661848068237305,5.433456143875954,,,,
7455,3.9982590675354004,5.768268528922653,,,,
7456,3.839081287384033,5.538623534878562,,,,
7457,3.864549160003662,5.575365908408893,,,,
7458,3.8843235969543457,5.603894390534015,,,,
7459,3.836977481842041,5.535588385056135,,,,
7460,3.864034414291382,5.574623287322467,,,,
7461,3.9414749145507812,5.686346313010663,,,,
7462,3.8025360107421875,5.485899845499456,,,,
7463,3.8177237510681152,5.507811123149981,,,,
7464,3.852018117904663,5.557287436115496,,,,
7465,3.8488476276397705,5.552713385533148,,,,
7466,3.8808398246765137,5.598868369545201,,,,
7467,3.8976542949676514,5.6231265224494,,,,
7468,3.948556900024414,5.696563458333121,,,,
7469,3.8129405975341797,5.500910491266762,,,,
7470,3.810131788253784,5.4968582360471325,,,,
7471,3.847414493560791,5.550645810104476,,,,
7472,3.822237968444824,5.514323762172855,,,,
7473,3.804527997970581,5.4887736755953735,,,,
7474,3.841055393218994,5.54147156757685,,,,
7475,3.9727344512939453,5.731444291650512,,,,
7476,3.8606231212615967,5.569701831785377,,,,
7477,3.885286569595337,5.6052836663876855,,,,
7478,3.85115647315979,5.556044345515059,,,,
7479,3.8155593872070312,5.504688606140916,,,,
7480,3.8405535221099854,5.540747520616718,,,,
7481,3.86899471282959,5.581779485424868,,,,
7482,3.830556869506836,5.5263253994806645,,,,
7483,3.8139824867248535,5.502413619635303,,,,
7484,3.8634157180786133,5.573730697364489,,,,
7485,3.836825132369995,5.535368591228333,,,,
7486,3.9106621742248535,5.641892925346248,,,,
7487,3.93916654586792,5.683016040959355,,,,
7488,3.821869134902954,5.513791647851085,,,,
7489,3.881228446960449,5.599429032987014,,,,
7490,3.846129894256592,5.548792525058778,,,,
7491,3.770071506500244,5.4390634662246855,,,,
7492,3.8315155506134033,5.527708483958903,,,,
7493,3.8747148513793945,5.5900319009438695,,,,
7494,3.8528051376342773,5.5584228655764925,,,,
7495,3.8520147800445557,5.5572826206012715,,,,
7496,3.9379305839538574,5.68123292483521,,,,
7497,3.8151142597198486,5.5040464229225945,,,,
7498,3.9243178367614746,5.661593881967884,,,,
7499,3.8361496925354004,5.534394137528544,,,,
7500,3.8028359413146973,5.486332553849027,,,,
7501,3.812880039215088,5.5008231240801235,,,,
7502,3.8782458305358887,5.595126027062426,,,,
7503,3.9442250728607178,5.690313952766068,,,,
7504,3.898228168487549,5.623954446930654,,,,
7505,3.8756136894226074,5.591328650131375,,,,
7506,3.8753018379211426,5.590878743516718,,,,
7507,3.851156711578369,5.556044689480362,,,,
7508,3.8442211151123047,5.546038738853163,,,,
7509,3.7839291095733643,5.4590557614568835,,,,
7510,3.7099404335021973,5.352312665407071,,,,
7511,3.7737579345703125,5.444381857719967,,,,
7512,3.8304903507232666,5.526229433161483,,,,
7513,3.8463897705078125,5.549167447237659,,,,
7514,3.9201512336730957,5.655582744354927,,,,
7515,3.876385450363159,5.592442065813061,,,,
7516,3.986571788787842,5.751407349832063,,,,
7517,3.928196668624878,5.667189853461658,,,,
7518,3.9719507694244385,5.73031367770374,,,,
7519,3.826007843017578,5.51976254152374,,,,
7520,3.876973867416382,5.59329097217772,,,,
7521,3.9254953861236572,5.663292726593107,,,,
7522,3.768916606903076,5.437397298303127,,,,
7523,3.9145054817199707,5.647437646010065,,,,
7524,3.7942447662353516,5.473938108166646,,,,
7525,3.878375291824341,5.595312800221263,,,,
7526,3.8476877212524414,5.551039994340254,,,,
7527,3.8250131607055664,5.5183275182849405,,,,
7528,3.907994270324707,5.638043953619938,,,,
7529,3.7770872116088867,5.449184989193264,,,,
7530,3.815129280090332,5.5040680927366035,,,,
7531,3.8742613792419434,5.589377678939988,,,,
7532,3.845580577850342,5.548000029003602,,,,
7533,3.838715076446533,5.538095204175112,,,,
7534,3.8671412467956543,5.579105499169254,,,,
7535,3.829801559448242,5.525235717404798,,,,
7536,3.818131446838379,5.508399303815932,,,,
7537,3.8159308433532715,5.505224504081005,,,,
7538,3.777736186981201,5.4501212627445605,,,,
7539,3.8789708614349365,5.596172025544973,,,,
7540,3.8522000312805176,5.557549881640712,,,,
7541,3.8298611640930176,5.525321708730229,,,,
7542,3.9238598346710205,5.660933124623269,,,,
7543,3.8306918144226074,5.526520083841441,,,,
7544,3.817619562149048,5.507660810313127,,,,
7545,3.9377198219299316,5.680928859508485,,,,
7546,3.8929107189178467,5.616282988806267,,,,
7547,3.8708019256591797,5.584386742411949,,,,
7548,3.98002290725708,5.741959310924265,,,,
7549,3.8141698837280273,5.5026839763624595,,,,
7550,3.842916488647461,5.54415656072212,,,,
7551,3.8505618572235107,5.555186496052556,,,,
7552,3.976217269897461,5.73646893677812,,,,
7553,3.980508804321289,5.742660312209181,,,,
7554,3.831724166870117,5.528009453597913,,,,
7555,3.8068995475769043,5.492195098451639,,,,
7556,3.8716015815734863,5.585540402033937,,,,
7557,3.8107235431671143,5.497711957926016,,,,
7558,3.828188896179199,5.522909136103926,,,,
7559,3.8898539543151855,5.611873009672843,,,,
7560,3.8675100803375244,5.579637613491023,,,,
7561,3.778606653213501,5.451377080061161,,,,
7562,3.7903144359588623,5.468267840167699,,,,
7563,3.8742542266845703,5.589367359980936,,,,
7564,3.8642427921295166,5.574923912996176,,,,
7565,3.8028361797332764,5.486332897814329,,,,
7566,3.8621983528137207,5.571974410533878,,,,
7567,3.8595759868621826,5.568191136180198,,,,
7568,3.8659310340881348,5.577359531297694,,,,
7569,3.920928478240967,5.656704071238553,,,,
7570,3.7922425270080566,5.471049487562754,,,,
7571,3.7784957885742188,5.451217136195859,,,,
7572,3.776899814605713,5.448914632466107,,,,
7573,3.7584304809570312,5.42226901640263,,,,
7574,3.7730050086975098,5.443295615297118,,,,
7575,3.822582960128784,5.514821479964451,,,,
7576,3.7408828735351562,5.3969531701956255,,,,
7577,3.864091396331787,5.57470549502958,,,,
7578,3.910980701446533,5.642352462989353,,,,
7579,3.8547143936157227,5.561177339712711,,,,
7580,3.8467981815338135,5.549756659799515,,,,
7581,3.878796339035034,5.595920242944111,,,,
7582,3.837580680847168,5.536458617269501,,,,
7583,3.829159736633301,5.524309762812552,,,,
7584,3.8046348094940186,5.4889277720505465,,,,
7585,3.7941107749938965,5.4737447996670765,,,,
7586,3.835359573364258,5.5332542365186255,,,,
7587,3.8416037559509277,5.542262687770819,,,,
7588,3.846980094909668,5.550019105324732,,,,
7589,3.868595600128174,5.58120368750978,,,,
7590,3.8100690841674805,5.496767773172778,,,,
7591,3.816481113433838,5.506018375997388,,,,
7592,3.9342100620269775,5.675865346301782,,,,
7593,3.8817319869995117,5.600155487704258,,,,
7594,3.8152644634246826,5.504263121062682,,,,
7595,3.902538537979126,5.63017299562055,,,,
7596,3.834275007247925,5.531689538361076,,,,
7597,4.048249244689941,5.8403891095966705,,,,
7598,3.9382972717285156,5.681761943469264,,,,
7599,3.8960094451904297,5.620753505832795,,,,
7600,3.8815836906433105,5.599941541286585,4.142370319366455,5.976177117275616,,
7601,3.7469396591186523,5.405691264720663,,,,
7602,3.8173179626464844,5.507225694206444,,,,
7603,3.847623825073242,5.550947811639391,,,,
7604,3.910856008529663,5.642172569136551,,,,
7605,3.8068437576293945,5.492114610571035,,,,
7606,3.919016122817993,5.653945125553411,,,,
7607,3.8469717502593994,5.550007066539171,,,,
7608,3.813913106918335,5.502313525732501,,,,
7609,3.943523645401001,5.689302006848392,,,,
7610,3.8154263496398926,5.504496673502554,,,,
7611,3.8788743019104004,5.596032719597774,,,,
7612,3.8427658081054688,5.54393917465143,,,,
7613,3.851141929626465,5.556023363631654,,,,
7614,3.827901840209961,5.522495001880648,,,,
7615,3.8614861965179443,5.570946986177623,,,,
7616,3.807429552078247,5.492959733317375,,,,
7617,3.896050453186035,5.6208126678646915,,,,
7618,3.8946218490600586,5.618751627776752,,,,
7619,3.8509106636047363,5.55568971728898,,,,
7620,3.7909650802612305,5.469206521476108,,,,
7621,3.8233115673065186,5.515872637926525,,,,
7622,3.768493175506592,5.436786415927262,,,,
7623,3.785005569458008,5.460608764794175,,,,
7624,3.8197996616363525,5.510806029032106,,,,
7625,3.773963689804077,5.4446786997753565,,,,
7626,3.8509085178375244,5.555686621601265,,,,
7627,3.853302001953125,5.5591396892652885,,,,
7628,3.877593517303467,5.594184937996904,,,,
7629,3.900670051574707,5.627477339550927,,,,
7630,3.838200092315674,5.5373522391233845,,,,
7631,3.805417537689209,5.490057010136112,,,,
7632,3.8268837928771973,5.52102627004228,,,,
7633,3.889435052871704,5.611268662637711,,,,
7634,3.8257946968078613,5.519455036543997,,,,
7635,3.7825968265533447,5.4571336833508415,,,,
7636,3.8885679244995117,5.610017660835335,,,,
7637,3.930361270904541,5.670312714436025,,,,
7638,3.8100714683532715,5.496771212825796,,,,
7639,3.898284435272217,5.624035622741861,,,,
7640,3.8415586948394775,5.542197678328793,,,,
7641,3.9126973152160645,5.644829013161778,,,,
7642,3.853004217147827,5.558710076603433,,,,
7643,3.804313898086548,5.4884647947544245,,,,
7644,3.7351956367492676,5.388748221888262,,,,
7645,3.965808868408203,5.721452787565987,,,,
7646,3.9196341037750244,5.654836683615485,,,,
7647,3.810256004333496,5.497037441969332,,,,
7648,3.868075370788574,5.580453155221415,,,,
7649,3.7970919609069824,5.478045741799853,,,,
7650,3.852175712585449,5.557514797179937,,,,
7651,3.7974236011505127,5.478524197534553,,,,
7652,3.8441696166992188,5.545964442347991,,,,
7653,3.8737804889678955,5.588683900926407,,,,
7654,3.803720712661743,5.487609009083731,,,,
7655,3.909912586212158,5.640811498437622,,,,
7656,3.8256349563598633,5.519224579791841,,,,
7657,3.8139963150024414,5.502433569622803,,,,
7658,3.88693904876709,5.607667689893946,,,,
7659,3.8063416481018066,5.4913902196456,,,,
7660,3.93064546585083,5.670722721075682,,,,
7661,3.7057406902313232,5.346253716617174,,,,
7662,3.8330461978912354,5.529916741195982,,,,
7663,3.8854331970214844,5.605495205048246,,,,
7664,3.7985634803771973,5.480168695642104,,,,
7665,3.888629198074341,5.610106059917879,,,,
7666,3.9002861976623535,5.626923555415149,,,,
7667,3.833134651184082,5.530044352322922,,,,
7668,3.8739547729492188,5.588935339561968,,,,
7669,3.7933783531188965,5.4726881382601755,,,,
7670,3.8068735599517822,5.49215760623375,,,,
7671,3.9042294025421143,5.632612397540389,,,,
7672,3.866422653198242,5.578068787749853,,,,
7673,3.8279287815093994,5.522533869959743,,,,
7674,3.8945603370666504,5.618662884728907,,,,
7675,3.7827680110931396,5.45738065043748,,,,
7676,3.8022799491882324,5.485530426765403,,,,
7677,3.8609580993652344,5.5701851030343015,,,,
7678,3.8519234657287598,5.557150881890711,,,,
7679,3.8428659439086914,5.544083640078155,,,,
7680,3.828981876373291,5.524053164697465,,,,
7681,3.7346653938293457,5.387983243057224,,,,
7682,3.9061596393585205,5.6353971406231596,,,,
7683,3.8488738536834717,5.552751221716338,,,,
7684,3.858138084411621,5.566116681445491,,,,
7685,3.810279369354248,5.4970711505689005,,,,
7686,3.8687477111816406,5.581423137372281,,,,
7687,3.850778579711914,5.5554991605118245,,,,
7688,3.720623016357422,5.36772437471619,,,,
7689,3.870504856109619,5.583958161645999,,,,
7690,3.9166665077209473,5.6505553475049055,,,,
7691,3.843106985092163,5.544431388998199,,,,
7692,3.8865814208984375,5.607151741941357,,,,
7693,3.8633923530578613,5.57369698876492,,,,
7694,3.7650108337402344,5.431762458730258,,,,
7695,3.8492867946624756,5.553346969618928,,,,
7696,3.82283091545105,5.515179203878246,,,,
7697,3.8363773822784424,5.534722624391692,,,,
7698,3.8008227348327637,5.483428110841256,,,,
7699,3.6970834732055664,5.333763992546215,,,,
7700,3.6818203926086426,5.311744021860345,,,,
7701,3.899082899093628,5.62518756253734,,,,
7702,3.8241896629333496,5.51713946213278,,,,
7703,3.7494897842407227,5.40937031758792,,,,
7704,3.7751049995422363,5.446325261674717,,,,
7705,3.7861945629119873,5.46232411975388,,,,
7706,3.810849189758301,5.497893227640025,,,,
7707,3.8252735137939453,5.518703128394425,,,,
7708,3.868629217147827,5.5812521866173235,,,,
7709,3.915252685546875,5.6485156332656725,,,,
7710,3.7921736240386963,5.470950081590556,,,,
7711,3.8087682723999023,5.494891098486564,,,,
7712,3.882641315460205,5.60146737136504,,,,
7713,3.846663475036621,5.54956231940404,,,,
7714,3.834033489227295,5.531341101510428,,,,
7715,3.8390228748321533,5.538539263379639,,,,
7716,3.7849864959716797,5.460581247570037,,,,
7717,3.8760783672332764,5.591999038504438,,,,
7718,3.8969669342041016,5.622134870484524,,,,
7719,3.7920312881469727,5.470744734305425,,,,
7720,3.9764623641967773,5.736822533108294,,,,
7721,3.841186046600342,5.541660060562196,,,,
7722,3.9416863918304443,5.686651410233294,,,,
7723,3.861079692840576,5.570360525338182,,,,
7724,3.866995096206665,5.578894648439296,,,,
7725,3.7498514652252197,5.409892112950638,,,,
7726,3.8280887603759766,5.522764670677201,,,,
7727,3.8832950592041016,5.602410524222371,,,,
7728,3.8097715377807617,5.496338504476225,,,,
7729,3.7812247276306152,5.45515416303941,,,,
7730,3.8483800888061523,5.552038869576465,,,,
7731,3.835120439529419,5.532909239320994,,,,
7732,3.7312209606170654,5.383013976343195,,,,
7733,3.7882094383239746,5.465230970518764,,,,
7734,3.9536142349243164,5.7038596503133245,,,,
7735,3.8029017448425293,5.486427488272303,,,,
7736,3.795117139816284,5.47519667720566,,,,
7737,3.853257179260254,5.559075023788564,,,,
7738,3.8942484855651855,5.61821297811425,,,,
7739,3.8314056396484375,5.527549915954808,,,,
7740,3.91068434715271,5.641924914119309,,,,
7741,4.017014026641846,5.795326215417598,,,,
7742,3.896287441253662,5.621154569374607,,,,
7743,3.86602783203125,5.577499181210195,,,,
7744,3.8727192878723145,5.587152911368426,,,,
7745,3.8657829761505127,5.577145928845323,,,,
7746,3.761854648590088,5.4272090460660145,,,,
7747,3.8507790565490723,5.555499848442428,,,,
7748,3.8368871212005615,5.5354580222067815,,,,
7749,3.8495965003967285,5.553793780545869,,,,
7750,3.8247931003570557,5.518010038311448,,,,
7751,3.7859394550323486,5.461956076881034,,,,
7752,3.7470338344573975,5.405827131014845,,,,
7753,3.83095645904541,5.526901885326357,,,,
7754,3.8730087280273438,5.587570485244721,,,,
7755,3.865474224090576,5.576700493779588,,,,
7756,3.8145759105682373,5.503269749271298,,,,
7757,3.86557674407959,5.5768483988593305,,,,
7758,3.8361189365386963,5.534349766004621,,,,
7759,3.798077344894409,5.479467350391886,,,,
7760,3.8812241554260254,5.599422841611583,,,,
7761,3.752951145172119,5.414364005838372,,,,
7762,3.897557258605957,5.622986528571597,,,,
7763,3.668241024017334,5.292153134135261,,,,
7764,3.828610420227051,5.523517266757376,,,,
7765,3.878941774368286,5.596130061778163,,,,
7766,3.9200499057769775,5.655436559101694,,,,
7767,3.8349459171295166,5.532657456720131,,,,
7768,3.738560438156128,5.393602604191516,,,,
7769,3.958930253982544,5.711529044645901,,,,
7770,3.8836002349853516,5.6028507998085795,,,,
7771,3.8813207149505615,5.599562147558781,,,,
7772,3.8237991333007812,5.516576046968553,,,,
7773,3.8911705017089844,5.613772386068971,,,,
7774,3.7507762908935547,5.411226354356032,,,,
7775,3.808260917663574,5.494159140324491,,,,
7776,3.7232718467712402,5.371545829218361,,,,
7777,3.758948802947998,5.423016796968582,,,,
7778,3.871438980102539,5.58530581769816,,,,
7779,3.8892242908477783,5.610964597310986,,,,
7780,3.814913034439087,5.5037561162079385,,,,
7781,3.808580160140991,5.494619709863502,,,,
7782,3.813882350921631,5.502269154208578,,,,
7783,3.763850450515747,5.430088379606759,,,,
7784,3.8821215629577637,5.600717527007277,,,,
7785,3.775550603866577,5.446968132823642,,,,
7786,3.787952423095703,5.464860175923504,,,,
7787,3.868671178817749,5.581312724510427,,,,
7788,3.722080945968628,5.369827722536241,,,,
7789,3.8249921798706055,5.518297249338389,,,,
7790,3.839831829071045,5.539706337648394,,,,
7791,3.8025195598602295,5.485876111893637,,,,
7792,3.784221649169922,5.459477806882101,,,,
7793,3.815156936645508,5.504107992711604,,,,
7794,3.7822675704956055,5.456658667269158,,,,
7795,3.8381776809692383,5.537319906385022,,,,
7796,3.8139872550964355,5.502420498941338,,,,
7797,3.862398147583008,5.572262653456725,,,,
7798,3.8380656242370605,5.537158242693211,,,,
7799,3.8964791297912598,5.6214311174771945,,,,
7800,3.8872580528259277,5.608127915467654,4.097457218170166,5.911381208908786,,
7801,3.8625874519348145,5.572535761906295,,,,
7802,3.823359489440918,5.5159417749521715,,,,
7803,3.821364641189575,5.513063817272633,,,,
7804,3.891727924346924,5.6145765769444065,,,,
7805,3.8000669479370117,5.482337740834786,,,,
7806,3.881559371948242,5.599906456825809,,,,
7807,3.812972068786621,5.50095589468659,,,,
7808,3.855558395385742,5.56239497688082,,,,
7809,3.763206958770752,5.429160017257402,,,,
7810,3.8578336238861084,5.565677437755188,,,,
7811,3.8521220684051514,5.5574374049870485,,,,
7812,3.7895288467407227,5.467134474498513,,,,
7813,3.683056354522705,5.313527137984491,,,,
7814,3.7577648162841797,5.421308665280213,,,,
7815,3.7933454513549805,5.472640671048537,,,,
7816,3.729410171508789,5.380401559876589,,,,
7817,3.824002742767334,5.516869793336228,,,,
7818,3.9066128730773926,5.63605101866174,,,,
7819,3.8041019439697266,5.48815900960119,,,,
7820,3.736581325531006,5.3907473482218915,,,,
7821,3.7728075981140137,5.443010812027289,,,,
7822,3.8621652126312256,5.571926599356938,,,,
7823,3.7808732986450195,5.454647158184667,,,,
7824,3.8775296211242676,5.594092755296042,,,,
7825,3.816298484802246,5.505754898576265,,,,
7826,3.8868680000305176,5.607565188234031,,,,
7827,3.8944497108459473,5.618503284828906,,,,
7828,3.739901542663574,5.3955374090137225,,,,
7829,3.904369354248047,5.632814305172502,,,,
7830,3.8583884239196777,5.566477845012303,,,,
7831,3.7719063758850098,5.441710623186766,,,,
7832,3.757112979888916,5.420368264145295,,,,
7833,3.85115909576416,5.556048129133378,,,,
7834,3.7583866119384766,5.422205726787113,,,,
7835,3.8713366985321045,5.5851582565837194,,,,
7836,3.836764335632324,5.535280880076392,,,,
7837,3.918154239654541,5.652701690987674,,,,
7838,3.8379344940185547,5.5369690617772624,,,,
7839,3.815166711807251,5.504122095288974,,,,
7840,3.8368163108825684,5.5353558645121685,,,,
7841,3.7959303855895996,5.476369942849846,,,,
7842,3.838486671447754,5.537765685416058,,,,
7843,3.7922699451446533,5.471089043572452,,,,
7844,3.789731740951538,5.467427188970282,,,,
7845,3.734952449798584,5.388397377280502,,,,
7846,3.8915457725524902,5.614313787453888,,,,
7847,3.833528518676758,5.530612583001373,,,,
7848,3.7649683952331543,5.43170123290655,,,,
7849,3.8523120880126953,5.557711545332523,,,,
7850,3.869375228881836,5.582328454046422,,,,
7851,3.7279884815216064,5.378350494782399,,,,
7852,3.8353755474090576,5.533277282193841,,,,
7853,3.8536195755004883,5.559597851047187,,,,
7854,3.7672197818756104,5.434949297250745,,,,
7855,3.7746472358703613,5.4456648482954035,,,,
7856,3.835005521774292,5.532743448045562,,,,
7857,3.74930477142334,5.409103400513781,,,,
7858,3.8058695793151855,5.490709168348184,,,,
7859,3.8546833992004395,5.561132624223487,,,,
7860,3.8486335277557373,5.552404504692199,,,,
7861,3.8650784492492676,5.576129511378723,,,,
7862,3.7725517749786377,5.442641737258537,,,,
7863,3.796698570251465,5.4774781990520065,,,,
7864,3.925816059112549,5.663755359923928,,,,
7865,3.887390613555908,5.608319160175414,,,,
7866,3.87607741355896,5.591997662643231,,,,
7867,3.832202196121216,5.528699104027873,,,,
7868,3.812528133392334,5.500315431294776,,,,
7869,3.7717461585998535,5.441479478504006,,,,
7870,3.8746790885925293,5.589980306148611,,,,
7871,3.7992541790008545,5.4811651631212035,,,,
7872,3.8260884284973145,5.519878801795723,,,,
7873,3.8382675647735596,5.537449581303773,,,,
7874,3.8484232425689697,5.552101127296077,,,,
7875,3.839498281478882,5.53922513019128,,,,
7876,3.7519819736480713,5.412965786886858,,,,
7877,3.740732192993164,5.396735784124934,,,,
7878,3.6999497413635254,5.337899143403561,,,,
7879,3.8907361030578613,5.613145681289228,,,,
7880,3.7564406394958496,5.419398281994429,,,,
7881,3.8557634353637695,5.562690787040304,,,,
7882,3.74573016166687,5.4039463287450085,,,,
7883,3.8316750526428223,5.5279385967457575,,,,
7884,3.832233190536499,5.528743819517097,,,,
7885,3.7293219566345215,5.38027429271495,,,,
7886,3.774514675140381,5.4454736035876445,,,,
7887,3.7344765663146973,5.387710822538258,,,,
7888,3.833981990814209,5.531266805005255,,,,
7889,3.9008517265319824,5.627739441110842,,,,
7890,3.797034502029419,5.4779628461621375,,,,
7891,3.8468382358551025,5.549814445970205,,,,
7892,3.8483314514160156,5.551968700654912,,,,
7893,3.7742347717285156,5.445069788323418,,,,
7894,3.866881847381592,5.578731264920976,,,,
7895,3.8715410232543945,5.585453034847298,,,,
7896,3.9053049087524414,5.6341640250164735,,,,
7897,3.769343137741089,5.438012652227914,,,,
7898,3.758358955383301,5.422165826812113,,,,
7899,3.7882509231567383,5.465290820481264,,,,
7900,3.8110008239746094,5.498111989571923,,,,
7901,3.874598264694214,5.589863701911326,,,,
7902,3.792015552520752,5.4707220325955115,,,,
7903,3.8722481727600098,5.586473235932217,,,,
7904,3.886895179748535,5.6076044002784275,,,,
7905,3.8064842224121094,5.491595910896033,,,,
7906,3.8043863773345947,5.4885693602061485,,,,
7907,3.796398162841797,5.4770448027718315,,,,
7908,3.858959674835205,5.567301985875237,,,,
7909,3.765892505645752,5.433034442416039,,,,
7910,3.7933573722839355,5.472657869313624,,,,
7911,3.903456687927246,5.631497605997496,,,,
7912,3.8642685413360596,5.574961061248762,,,,
7913,3.8137729167938232,5.502111274135086,,,,
7914,3.8370094299316406,5.535634476406567,,,,
7915,3.8772592544555664,5.593702698643885,,,,
7916,3.7409121990203857,5.396995477927738,,,,
7917,3.8618569374084473,5.571481852221807,,,,
7918,3.8567733764648438,5.564147824058414,,,,
7919,3.829141139984131,5.524282933519018,,,,
7920,3.7528128623962402,5.414164505963372,,,,
7921,3.7613654136657715,5.426503229266873,,,,
7922,3.7961502075195312,5.4766870788580375,,,,
7923,3.9331984519958496,5.67440590152656,,,,
7924,3.7970335483551025,5.47796147030093,,,,
7925,3.8796210289001465,5.59711001892278,,,,
7926,3.8838253021240234,5.603175503053409,,,,
7927,3.77996826171875,5.4533414658993165,,,,
7928,3.798015594482422,5.479378263378739,,,,
7929,3.8210268020629883,5.512576418440088,,,,
7930,3.893632173538208,5.6173238278092885,,,,
7931,3.832597017288208,5.52926871056753,,,,
7932,3.8083386421203613,5.4942712730128545,,,,
7933,3.8505425453186035,5.555158634863116,,,,
7934,3.7773571014404297,5.449574357914817,,,,
7935,3.854410171508789,5.560738439987709,,,,
7936,3.7929611206054688,5.472086198982155,,,,
7937,3.8409793376922607,5.5413618426456,,,,
7938,3.7690176963806152,5.4375431395910585,,,,
7939,3.675649642944336,5.302841511921082,,,,
7940,3.747349739074707,5.406282885039631,,,,
7941,3.844480037689209,5.546412285170837,,,,
7942,3.8234915733337402,5.516132331729327,,,,
7943,3.8077011108398438,5.49335150979604,,,,
7944,3.9311463832855225,5.671445392174608,,,,
7945,3.7893600463867188,5.466890947064892,,,,
7946,3.7863528728485107,5.462552512714226,,,,
7947,3.808230400085449,5.494115112765871,,,,
7948,3.8121232986450195,5.499731378212447,,,,
7949,3.874105453491211,5.589152725632659,,,,
7950,3.800656318664551,5.483188023060651,,,,
7951,3.829622745513916,5.5249777434285035,,,,
7952,3.7907962799072266,5.468962994042487,,,,
7953,3.8789472579956055,5.596137972980102,,,,
7954,3.8925161361694336,5.6157137262319115,,,,
7955,3.7859489917755127,5.461969835493103,,,,
7956,3.8967435359954834,5.621812574996808,,,,
7957,3.8309683799743652,5.526919083591443,,,,
7958,3.862903118133545,5.572991171965779,,,,
7959,3.843538284301758,5.5450536222290205,,,,
7960,3.8026015758514404,5.485994435957431,,,,
7961,3.830105781555176,5.525674617129799,,,,
7962,3.758070468902588,5.421749628797025,,,,
7963,3.8063082695007324,5.491342064503359,,,,
7964,3.8530049324035645,5.558711108499338,,,,
7965,3.8679473400115967,5.580268445854388,,,,
7966,3.8309459686279297,5.52688675085308,,,,
7967,3.8309803009033203,5.526936281856529,,,,
7968,3.8369596004486084,5.535562587658506,,,,
7969,3.7510018348693848,5.411551745531464,,,,
7970,3.934676170349121,5.676537798466655,,,,
7971,3.8131697177886963,5.501241041921721,,,,
7972,3.771796226501465,5.441551711217369,,,,
7973,3.7954225540161133,5.475637296757171,,,,
7974,3.849457025527954,5.5535925608443595,,,,
7975,3.8333592414855957,5.530368367637148,,,,
7976,3.883073329925537,5.602090636491766,,,,
7977,3.8193469047546387,5.51015283892413,,,,
7978,3.8476638793945312,5.551005597810081,,,,
7979,3.8654801845550537,5.5767090929121315,,,,
7980,3.7926135063171387,5.471584697572239,,,,
7981,3.816080093383789,5.505439826359885,,,,
7982,3.738348960876465,5.393297506968885,,,,
7983,3.799574375152588,5.481627108521421,,,,
7984,3.75539231300354,5.417885866562742,,,,
7985,3.8717594146728516,5.585768107063679,,,,
7986,3.8109841346740723,5.498087912000802,,,,
7987,3.793269157409668,5.472530602151985,,,,
7988,3.800018787384033,5.4822682598438375,,,,
7989,3.8366992473602295,5.535186977549022,,,,
7990,3.8147497177124023,5.503520499976256,,,,
7991,3.781439781188965,5.455464419741567,,,,
7992,3.894221305847168,5.6181737660698525,,,,
7993,3.76851224899292,5.4368139331514005,,,,
7994,3.7700655460357666,5.439054867092143,,,,
7995,3.860701560974121,5.569814996369645,,,,
7996,3.7277626991271973,5.378024759641665,,,,
7997,3.8929476737976074,5.616336303428034,,,,
7998,3.85025954246521,5.554750348049968,,,,
7999,3.7720298767089844,5.44188879721306,,,,
8000,3.7564172744750977,5.419364573394859,4.136363220214844,5.967510705119459,,
8001,3.7926979064941406,5.471706461289051,,,,
8002,3.7695674896240234,5.438336323576838,,,,
8003,3.8191423416137695,5.509857716695249,,,,
8004,3.841446876525879,5.542036358602283,,,,
8005,3.800645351409912,5.483172200656772,,,,
8006,3.8286921977996826,5.523635246855869,,,,
8007,3.8624043464660645,5.572271596554569,,,,
8008,3.8489999771118164,5.552933179360951,,,,
8009,3.853299617767334,5.559136249612271,,,,
8010,3.8416409492492676,5.542316346357889,,,,
8011,3.8878161907196045,5.608933138238994,,,,
8012,3.891890525817871,5.614811161280183,,,,
8013,3.843618154525757,5.545168850605099,,,,
8014,3.762307643890381,5.427862580139292,,,,
8015,3.8418076038360596,5.542556778103795,,,,
8016,3.7998244762420654,5.481987928122931,,,,
8017,3.7786099910736084,5.451381895575385,,,,
8018,3.9228434562683105,5.659466800542013,,,,
8019,3.8672728538513184,5.579295368015806,,,,
8020,3.7438955307006836,5.401299515748231,,,,
8021,3.835658073425293,5.533684881076386,,,,
8022,3.7583422660827637,5.422141749240993,,,,
8023,3.8482613563537598,5.551867574856206,,,,
8024,3.878476142883301,5.5954582975438925,,,,
8025,3.8117828369140625,5.499240195761582,,,,
8026,3.885438919067383,5.605503460215488,,,,
8027,3.856281280517578,5.563437879675652,,,,
8028,3.8433446884155273,5.544774322404019,,,,
8029,3.8360400199890137,5.53423591348975,,,,
8030,3.8511791229248047,5.556077022218724,,,,
8031,3.724397659301758,5.37317003337311,,,,
8032,3.8540239334106445,5.560181216198914,,,,
8033,3.8170740604400635,5.506873817702779,,,,
8034,3.899761199951172,5.6261661438207495,,,,
8035,3.846198558807373,5.548891587065675,,,,
8036,3.8699116706848145,5.583102375975305,,,,
8037,3.8967442512512207,5.621813606892713,,,,
8038,3.776721477508545,5.448657346420417,,,,
8039,3.886455535888672,5.606970128262046,,,,
8040,3.834646224975586,5.532225092335862,,,,
8041,3.8533618450164795,5.559226024556022,,,,
8042,3.844468593597412,5.546395774836355,,,,
8043,3.8869569301605225,5.6076934872915745,,,,
8044,3.775745391845703,5.447249152475152,,,,
8045,3.85438871383667,5.560707483110554,,,,
8046,3.7987141609191895,5.480386081712795,,,,
8047,3.8241846561431885,5.517132238861444,,,,
8048,3.803863525390625,5.487815044299464,,,,
8049,3.8471202850341797,5.550221356922147,,,,
8050,3.844149351119995,5.545935205297344,,,,
8051,3.7388899326324463,5.394077964238501,,,,
8052,3.8035881519317627,5.487417764375971,,,,
8053,3.7962119579315186,5.476776165871184,,,,
8054,3.7705492973327637,5.439752772689344,,,,
8055,3.843517541885376,5.545023697247771,,,,
8056,3.833728075027466,5.530900481958917,,,,
8057,3.792250156402588,5.471060494452409,,,,
8058,3.8260204792022705,5.519780771684731,,,,
8059,3.8190786838531494,5.509765877959688,,,,
8060,3.893223762512207,5.616734615247433,,,,
8061,3.7511043548583984,5.411699650611206,,,,
8062,3.8161420822143555,5.505529257338334,,,,
8063,3.7642264366149902,5.43063081288758,,,,
8064,3.7397520542144775,5.395321742769541,,,,
8065,3.820094585418701,5.511231514110341,,,,
8066,3.7506766319274902,5.4110825768599105,,,,
8067,3.8253896236419678,5.518870639496365,,,,
8068,3.7245934009552,5.373452428885826,,,,
8069,3.72806715965271,5.378464003331969,,,,
8070,3.85679292678833,5.564176029213155,,,,
8071,3.9753880500793457,5.735272625458719,,,,
8072,3.9301583766937256,5.670019999964257,,,,
8073,3.775744915008545,5.447248464544549,,,,
8074,3.6598925590515137,5.280108845130036,,,,
8075,3.7909011840820312,5.469114338775246,,,,
8076,3.8035738468170166,5.487397126457868,,,,
8077,3.765920639038086,5.433075030321643,,,,
8078,3.8712284564971924,5.585002096336736,,,,
8079,3.896808624267578,5.621906477524179,,,,
8080,3.737748861312866,5.392431746304442,,,,
8081,3.8150181770324707,5.5039078049059995,,,,
8082,3.7909083366394043,5.469124657734298,,,,
8083,3.8344149589538574,5.531891445993188,,,,
8084,3.799511432647705,5.481536301681765,,,,
8085,3.8780689239501953,5.594870804808545,,,,
8086,3.7441508769989014,5.401667902586379,,,,
8087,3.83060359954834,5.526392816679802,,,,
8088,3.817342758178711,5.507261466597824,,,,
8089,3.732842206954956,5.385352940394929,,,,
8090,3.7278218269348145,5.378110063036493,,,,
8091,3.725740671157837,5.37510758991773,,,,
8092,3.8532397747039795,5.559049914321538,,,,
8093,3.8111894130706787,5.498384066125587,,,,
8094,3.8317229747772217,5.528007733771404,,,,
8095,3.8445098400115967,5.546455280833553,,,,
8096,3.8117141723632812,5.499141133754685,,,,
8097,3.852682590484619,5.558246067411405,,,,
8098,3.7207624912261963,5.367925594417699,,,,
8099,3.809201717376709,5.495516427405101,,,,
8100,3.7447338104248047,5.402508897749097,,,,
8101,3.8879456520080566,5.609119911397831,,,,
8102,3.7810630798339844,5.45492095456484,,,,
8103,3.872439384460449,5.5867490961042,,,,
8104,3.760568141937256,5.425353009297902,,,,
8105,3.7011799812316895,5.339674004360465,,,,
8106,3.768303871154785,5.436513307477692,,,,
8107,3.8556737899780273,5.562561456086855,,,,
8108,3.859055995941162,5.5674409478571345,,,,
8109,3.7919676303863525,5.470652895569865,,,,
8110,3.827211856842041,5.521499566297454,,,,
8111,3.794677972793579,5.474563093119881,,,,
8112,3.8081676959991455,5.494024649891517,,,,
8113,3.850886821746826,5.555655320758808,,,,
8114,3.778228521347046,5.450831551092624,,,,
8115,3.848917245864868,5.5528138234012525,,,,
8116,3.754903554916382,5.417180737694204,,,,
8117,3.8137476444244385,5.5020748138131035,,,,
8118,3.8670482635498047,5.578971352701581,,,,
8119,3.8092453479766846,5.495579373055317,,,,
8120,3.8734254837036133,5.5881717365921375,,,,
8121,3.917875289916992,5.652299251584655,,,,
8122,3.8580541610717773,5.565995605659284,,,,
8123,3.7810192108154297,5.454857664949323,,,,
8124,3.81874418258667,5.509283294641367,,,,
8125,3.9239277839660645,5.661031154734261,,,,
8126,3.754542827606201,5.416660318192693,,,,
8127,3.860243320465088,5.569153895059728,,,,
8128,3.8817906379699707,5.600240103168482,,,,
8129,3.8104896545410156,5.497374527965023,,,,
8130,3.8952622413635254,5.6196755185771865,,,,
8131,3.8190667629241943,5.509748679694602,,,,
8132,3.851872444152832,5.557077273316142,,,,
8133,3.8038876056671143,5.487849784794939,,,,
8134,3.8123512268066406,5.500060209040896,,,,
8135,3.791126012802124,5.469438698054773,,,,
8136,3.790665864944458,5.468774845022443,,,,
8137,3.8170080184936523,5.506778539314201,,,,
8138,3.859971284866333,5.568761430650459,,,,
8139,3.760924816131592,5.4258675813892845,,,,
8140,3.8165266513824463,5.506084073370017,,,,
8141,3.7291131019592285,5.379972979110638,,,,
8142,3.788938045501709,5.466282128480837,,,,
8143,3.8822574615478516,5.600913587229261,,,,
8144,3.805990695953369,5.49088390272146,,,,
8145,3.7774887084960938,5.44976422676137,,,,
8146,3.698927402496338,5.336424220189762,,,,
8147,3.7966718673706055,5.477439674938213,,,,
8148,3.697782278060913,5.334772154845574,,,,
8149,3.7421603202819824,5.398796136282272,,,,
8150,3.7991042137145996,5.480948808946418,,,,
8151,3.8018176555633545,5.484863478045357,,,,
8152,3.8029074668884277,5.486435743439545,,,,
8153,3.7646548748016357,5.431248918534782,,,,
8154,3.838697910308838,5.538070438673388,,,,
8155,3.8009681701660156,5.483637929675308,,,,
8156,3.778925895690918,5.451837649600172,,,,
8157,3.7882914543151855,5.465349294582557,,,,
8158,3.8125247955322266,5.500310615780553,,,,
8159,3.8758959770202637,5.591735905048618,,,,
8160,3.904684543609619,5.633269027301383,,,,
8161,3.812246322631836,5.4999088643081375,,,,
8162,3.8386335372924805,5.537977568041922,,,,
8163,3.7574548721313477,5.42086151038797,,,,
8164,3.8167736530303955,5.506440421422605,,,,
8165,3.8285140991210938,5.52337830477548,,,,
8166,3.828089952468872,5.522766390503709,,,,
8167,3.8478658199310303,5.551296936420643,,,,
8168,3.7906408309936523,5.468738728665762,,,,
8169,3.7990827560424805,5.480917852069262,,,,
8170,3.754584312438965,5.4167201681551935,,,,
8171,3.8356189727783203,5.533628470766903,,,,
8172,3.911473512649536,5.64306343926802,,,,
8173,3.8829052448272705,5.60184814095405,,,,
8174,3.789156913757324,5.466597888627821,,,,
8175,3.750814914703369,5.411282076734911,,,,
8176,3.8721187114715576,5.586286462773379,,,,
8177,3.8243980407714844,5.517440087806488,,,,
8178,3.8140385150909424,5.502494451481208,,,,
8179,3.857759714126587,5.565570808511652,,,,
8180,3.686903953552246,5.319078050023739,,,,
8181,3.8454880714416504,5.547866570466533,,,,
8182,3.878812313079834,5.595943288619326,,,,
8183,3.7042882442474365,5.344158279999062,,,,
8184,3.7753961086273193,5.446745243308124,,,,
8185,3.738814353942871,5.393968927237854,,,,
8186,3.8306312561035156,5.526432716654803,,,,
8187,3.773681163787842,5.444271100892812,,,,
8188,3.7621989250183105,5.427705731961706,,,,
8189,3.8477728366851807,5.551162789952969,,,,
8190,3.871155261993408,5.584896498989106,,,,
8191,3.8708996772766113,5.584527768185656,,,,
8192,3.7841315269470215,5.459347787998049,,,,
8193,3.784153938293457,5.459380120736411,,,,
8194,3.809108257293701,5.495381593006824,,,,
8195,3.8686323165893555,5.581256658166246,,,,
8196,3.859248161315918,5.567718183890325,,,,
8197,3.7723388671875,5.442334576244097,,,,
8198,3.8557844161987305,5.562721055986856,,,,
8199,3.7992334365844727,5.481135238139953,,,,
8200,3.7719717025756836,5.441804869679439,4.174054908752441,6.021888317255382,,
8201,3.773541212081909,5.444069193260699,,,,
8202,3.958562135696411,5.710997962220036,,,,
8203,3.8846280574798584,5.604333634224319,,,,
8204,3.77303409576416,5.443337579063928,,,,
8205,3.8359785079956055,5.534147170441905,,,,
8206,3.7722692489624023,5.4422341383759925,,,,
8207,3.8645248413085938,5.575330823948117,,,,
8208,3.8053841590881348,5.490008854993871,,,,
8209,3.8026814460754395,5.486109664333509,,,,
8210,3.803919792175293,5.487896220110672,,,,
8211,3.8052375316619873,5.489797316333309,,,,
8212,3.718381881713867,5.3644911008799685,,,,
8213,3.8343734741210938,5.531831596030688,,,,
8214,3.8253722190856934,5.518845530029339,,,,
8215,3.7798831462860107,5.4532186702866,,,,
8216,3.8077268600463867,5.493388658048627,,,,
8217,3.754119873046875,5.416050123747431,,,,
8218,3.7879700660705566,5.464885629355831,,,,
8219,3.839731454849243,5.539561528256368,,,,
8220,3.719557762145996,5.366187537748079,,,,
8221,3.787259578704834,5.463860612756689,,,,
8222,3.789928674697876,5.467711304309507,,,,
8223,3.9084701538085938,5.638730508362182,,,,
8224,3.6880173683166504,5.320684367982797,,,,
8225,3.8482131958007812,5.551798093865257,,,,
8226,3.8394861221313477,5.539207587960893,,,,
8227,3.8184072971343994,5.508797271670029,,,,
8228,3.791407585144043,5.4698449210761115,,,,
8229,3.8076868057250977,5.493330871877936,,,,
8230,3.890328884124756,5.61255818855388,,,,
8231,3.7316393852233887,5.383617635447723,,,,
8232,3.8413496017456055,5.54189602075918,,,,
8233,3.8078839778900146,5.493615331182464,,,,
8234,3.781937837600708,5.456182963256872,,,,
8235,3.7184057235717773,5.364525497410141,,,,
8236,3.767282485961914,5.4350397601250995,,,,
8237,3.8319828510284424,5.528382655950286,,,,
8238,3.845266103744507,5.547546338770626,,,,
8239,3.7740020751953125,5.444734078188934,,,,
8240,3.7905502319335938,5.4686080218511055,,,,
8241,3.8742966651916504,5.589428585804643,,,,
8242,3.790489912033081,5.468520998629769,,,,
8243,3.758716106414795,5.422681086834098,,,,
8244,3.7460217475891113,5.404366998309019,,,,
8245,3.7565536499023438,5.419561321547446,,,,
8246,3.765958786010742,5.4331300647699186,,,,
8247,3.8309812545776367,5.5269376577177365,,,,
8248,3.8245346546173096,5.517637179924377,,,,
8249,3.8401730060577393,5.5401985519951635,,,,
8250,3.904143810272217,5.6324889139970695,,,,
8251,3.6624889373779297,5.283854627265828,,,,
8252,3.725465774536133,5.37471099792484,,,,
8253,3.81048583984375,5.497369024520196,,,,
8254,3.8571081161499023,5.564630751342036,,,,
8255,3.7998046875,5.4819593790028875,,,,
8256,3.8257265090942383,5.519356662467704,,,,
8257,3.8475089073181152,5.550782020363959,,,,
8258,3.796750545501709,5.477553183487783,,,,
8259,3.7945759296417236,5.474415875970743,,,,
8260,3.787106990814209,5.463640474963585,,,,
8261,3.8927950859069824,5.61611616563493,,,,
8262,3.7693896293640137,5.43807972546175,,,,
8263,3.8489041328430176,5.552794905309658,,,,
8264,3.7523088455200195,5.4134373633155235,,,,
8265,3.741610527038574,5.398002952296492,,,,
8266,3.864394187927246,5.5751423309627715,,,,
8267,3.7525877952575684,5.413839802718543,,,,
8268,3.750487804412842,5.410810156340943,,,,
8269,3.7564783096313477,5.419452628512102,,,,
8270,3.851621150970459,5.556714733888123,,,,
8271,3.808055877685547,5.4938633301650075,,,,
8272,3.792910575866699,5.472013278338189,,,,
8273,3.793186664581299,5.472411590157588,,,,
8274,3.7586936950683594,5.422648754095736,,,,
8275,3.7239603996276855,5.372539201009745,,,,
8276,3.764986515045166,5.431727374269482,,,,
8277,3.8537817001342773,5.55983174745236,,,,
8278,3.8397629261016846,5.539606931676196,,,,
8279,3.7533040046691895,5.414873074484927,,,,
8280,3.754970073699951,5.417276704013386,,,,
8281,3.8014965057373047,5.4844001567839324,,,,
8282,3.8370249271392822,5.535656834151179,,,,
8283,3.798452377319336,5.4800084078115,,,,
8284,3.7456090450286865,5.403771594371732,,,,
8285,3.7529547214508057,5.414369165317899,,,,
8286,3.816605567932129,5.506197925884888,,,,
8287,3.7150936126708984,5.359747131438569,,,,
8288,3.796049118041992,5.476541237570106,,,,
8289,3.803626537322998,5.48747314278955,,,,
8290,3.757294178009033,5.420629677774606,,,,
8291,3.7454142570495605,5.403490574720222,,,,
8292,3.8256123065948486,5.519191903088177,,,,
8293,3.7921056747436523,5.4708520514795635,,,,
8294,3.8033604621887207,5.4870892775128235,,,,
8295,3.8110086917877197,5.498123340426879,,,,
8296,3.8350095748901367,5.532749295455692,,,,
8297,3.745790481567383,5.404033351966345,,,,
8298,3.720862627029419,5.368070059844424,,,,
8299,3.917346477508545,5.651536336545427,,,,
8300,3.7709250450134277,5.440294862004864,,,,
8301,3.857639789581299,5.565397793964884,,,,
8302,3.8548479080200195,5.561369960281677,,,,
8303,3.811127185821533,5.498294291181837,,,,
8304,3.878829002380371,5.595967366190447,,,,
8305,3.7583181858062744,5.422107008745518,,,,
8306,3.8069119453430176,5.492212984647328,,,,
8307,3.7983529567718506,5.47986497428068,,,,
8308,3.795816421508789,5.476205527435622,,,,
8309,3.8381810188293457,5.537324721899246,,,,
8310,3.7572762966156006,5.420603880376977,,,,
8311,3.7433056831359863,5.400448545591761,,,,
8312,3.779968023300171,5.453341121934014,,,,
8313,3.7785511016845703,5.451296936145859,,,,
8314,3.839137554168701,5.538704710689769,,,,
8315,3.801943302154541,5.485044747759367,,,,
8316,3.69401216506958,5.329333031529386,,,,
8317,3.857354164123535,5.564985723533417,,,,
8318,3.720722198486328,5.367867464281707,,,,
8319,3.8002572059631348,5.482612225145563,,,,
8320,3.766575336456299,5.434019559040181,,,,
8321,3.86552357673645,5.576771694597046,,,,
8322,3.836737871170044,5.535242699927901,,,,
8323,3.754213809967041,5.416185646076311,,,,
8324,3.7981762886047363,5.4796100959921015,,,,
8325,3.7818102836608887,5.455998941820448,,,,
8326,3.664518117904663,5.2867821159488155,,,,
8327,3.897346019744873,5.622681775314269,,,,
8328,3.768155574798584,5.436299361060018,,,,
8329,3.8511247634887695,5.55599859812993,,,,
8330,3.7301557064056396,5.381477139375085,,,,
8331,3.741635799407959,5.398039412618475,,,,
8332,3.7609610557556152,5.425919864115147,,,,
8333,3.815112352371216,5.504043671200181,,,,
8334,3.827183961868286,5.521459322357153,,,,
8335,3.7777633666992188,5.450160474788958,,,,
8336,3.8309428691864014,5.526882279304158,,,,
8337,3.8239753246307373,5.516830237326529,,,,
8338,3.790085554122925,5.4679376334780425,,,,
8339,3.8346896171569824,5.532287694020776,,,,
8340,3.807093620300293,5.492475086207243,,,,
8341,3.779660940170288,5.452898094625392,,,,
8342,3.78580904006958,5.461767927860991,,,,
8343,3.7841758728027344,5.45941176554417,,,,
8344,3.8345208168029785,5.532044166587155,,,,
8345,3.757254123687744,5.420571891603917,,,,
8346,3.826141119003296,5.519954818127404,,,,
8347,3.787034034729004,5.463535221581257,,,,
8348,3.772322416305542,5.442310842638277,,,,
8349,3.957602024078369,5.709612813949987,,,,
8350,3.7938458919525146,5.473362654216859,,,,
8351,3.824446678161621,5.51751025672804,,,,
8352,3.7951207160949707,5.475201836685186,,,,
8353,3.8387718200683594,5.538177067916922,,,,
8354,3.7627172470092773,5.428453512527657,,,,
8355,3.8476219177246094,5.550945059916978,,,,
8356,3.810795307159424,5.497815491481835,,,,
8357,3.715296745300293,5.360040189875639,,,,
8358,3.80016827583313,5.482483926088019,,,,
8359,3.801499366760254,5.484404284367553,,,,
8360,3.6921582221984863,5.326658357343168,,,,
8361,3.865190029144287,5.576290487139931,,,,
8362,3.722696542739868,5.370715840945297,,,,
8363,3.8949921131134033,5.619285805890332,,,,
8364,3.880385637283325,5.598213115645414,,,,
8365,3.825322389602661,5.518773641281278,,,,
8366,3.7748029232025146,5.44588945763743,,,,
8367,3.863471269607544,5.5738108412797915,,,,
8368,3.7557997703552246,5.41847370326339,,,,
8369,3.8650147914886475,5.576037672643163,,,,
8370,3.76121187210083,5.426281715612562,,,,
8371,3.739452600479126,5.394889722350573,,,,
8372,3.7387027740478516,5.393807951476647,,,,
8373,3.868320941925049,5.580807439482192,,,,
8374,3.744460105895996,5.4021140255827165,,,,
8375,3.829045295715332,5.524144659467724,,,,
8376,3.7619528770446777,5.427350759770325,,,,
8377,3.724850654602051,5.373823567446388,,,,
8378,3.8324239253997803,5.529018991758478,,,,
8379,3.790966033935547,5.4692078973373155,,,,
8380,3.7988345623016357,5.480559784190166,,,,
8381,3.886404037475586,5.606895831756873,,,,
8382,3.7867040634155273,5.463059173603669,,,,
8383,3.720306873321533,5.367268276726101,,,,
8384,3.957441568374634,5.709381325301926,,,,
8385,3.8160905838012695,5.505454960833161,,,,
8386,3.8269505500793457,5.521122580326763,,,,
8387,3.8524603843688965,5.557925491750197,,,,
8388,3.7956371307373047,5.475946865528724,,,,
8389,3.759133815765381,5.4232837140427215,,,,
8390,3.7942237854003906,5.473907839220094,,,,
8391,3.76544189453125,5.432384347995778,,,,
8392,3.742572546005249,5.399390852288954,,,,
8393,3.715859889984131,5.360852635918315,,,,
8394,3.762568950653076,5.428239566109984,,,,
8395,3.8408050537109375,5.5411104040100385,,,,
8396,3.7295427322387695,5.3805928045843485,,,,
8397,3.8267877101898193,5.520887652025684,,,,
8398,3.7538790702819824,5.415702718792689,,,,
8399,3.725560426712036,5.3748475521496255,,,,
8400,3.9017255306243896,5.629000073941667,4.114008235931396,5.935259280154578,,
8401,3.7117810249328613,5.354968077536393,,,,
8402,3.7644219398498535,5.430912864434996,,,,
8403,3.7246522903442383,5.373537388315352,,,,
8404,3.7319865226745605,5.384118448927036,,,,
8405,3.7724151611328125,5.4424446451406485,,,,
8406,3.801668643951416,5.484648499731779,,,,
8407,3.766472816467285,5.4338716539604395,,,,
8408,3.7836239337921143,5.458615485870675,,,,
8409,3.7899527549743652,5.467746044804982,,,,
8410,3.781494617462158,5.455543531760964,,,,
8411,3.7919809818267822,5.470672157626761,,,,
8412,3.827075958251953,5.521303506075471,,,,
8413,3.794527530670166,5.474346051014493,,,,
8414,3.7403879165649414,5.396239098229243,,,,
8415,3.6979598999023438,5.335028408995359,,,,
8416,3.777587890625,5.449907316326888,,,,
8417,3.9314513206481934,5.6718853237955145,,,,
8418,3.8336727619171143,5.530820682008916,,,,
8419,3.771087408065796,5.440529102375339,,,,
8420,3.741029739379883,5.397165052821489,,,,
8421,3.8356547355651855,5.533680065562161,,,,
8422,3.8603694438934326,5.569335852704341,,,,
8423,3.8424954414367676,5.543549117999273,,,,
8424,3.788008451461792,5.464941007769409,,,,
8425,3.7907724380493164,5.468928597512314,,,,
8426,3.792555809020996,5.471501457969222,,,,
8427,3.8520302772521973,5.557304978345884,,,,
8428,3.8227415084838867,5.515050216890099,,,,
8429,3.7749109268188477,5.446045273919112,,,,
8430,3.8517186641693115,5.556855415696528,,,,
8431,3.901766777038574,5.629059579938865,,,,
8432,3.722166061401367,5.369950518148958,,,,
8433,3.760425090789795,5.425146630116867,,,,
8434,3.834275245666504,5.531689882326377,,,,
8435,3.7698183059692383,5.438698175074253,,,,
8436,3.7649765014648438,5.431712927726809,,,,
8437,3.7056469917297363,5.346118538253596,,,,
8438,3.7993831634521484,5.481351248349436,,,,
8439,3.8109071254730225,5.4979768112083445,,,,
8440,3.7674989700317383,5.435352080619066,,,,
8441,3.7489514350891113,5.408593643936624,,,,
8442,3.6861824989318848,5.318037211020717,,,,
8443,3.870878219604492,5.584496811308501,,,,
8444,3.75630521774292,5.419202909703048,,,,
8445,3.8867721557617188,5.607426914182738,,,,
8446,3.8326048851013184,5.5292800614224875,,,,
8447,3.790506601333618,5.46854507620089,,,,
8448,3.7748875617980957,5.446011565319544,,,,
8449,3.806236743927002,5.491238874912841,,,,
8450,3.7635061740875244,5.4295916937110675,,,,
8451,3.817023992538452,5.506801584989417,,,,
8452,3.8691229820251465,5.581964538757197,,,,
8453,3.8041467666625977,5.488223675077914,,,,
8454,3.8688650131225586,5.58159236830073,,,,
8455,3.8079538345336914,5.493716113015869,,,,
8456,3.82256817817688,5.514800154115744,,,,
8457,3.766664505004883,5.434148202063026,,,,
8458,3.796996831893921,5.477908499644465,,,,
8459,3.7610459327697754,5.426042315762561,,,,
8460,3.7948994636535645,5.474882636885185,,,,
8461,3.8055102825164795,5.490190812638483,,,,
8462,3.81595516204834,5.505259588541781,,,,
8463,3.693272352218628,5.328265707198132,,,,
8464,3.7029223442077637,5.342187702785476,,,,
8465,3.7732653617858887,5.443671225406602,,,,
8466,3.668588399887085,5.292654291579875,,,,
8467,3.7817938327789307,5.455975208214629,,,,
8468,3.7836556434631348,5.458661233255804,,,,
8469,3.729832649230957,5.381011066391246,,,,
8470,3.809671401977539,5.4961940390495005,,,,
8471,3.7402260303497314,5.396005545789372,,,,
8472,3.7590205669403076,5.423120330524402,,,,
8473,3.7457528114318848,5.403979005448673,,,,
8474,3.8042635917663574,5.48839221807576,,,,
8475,3.7508981227874756,5.411402120625214,,,,
8476,3.7743301391601562,5.4452073744441085,,,,
8477,3.771210193634033,5.440706244505727,,,,
8478,3.8249950408935547,5.518301376922009,,,,
8479,3.829918146133423,5.525403916437342,,,,
8480,3.796447277069092,5.477115659623987,,,,
8481,3.7839646339416504,5.459107012286841,,,,
8482,3.7653887271881104,5.432307643733493,,,,
8483,3.759021759033203,5.42312205035091,,,,
8484,3.7707715034484863,5.440073348350552,,,,
8485,3.8760080337524414,5.591897568740429,,,,
8486,3.8568854331970215,5.564309487750225,,,,
8487,3.785709857940674,5.461624838295473,,,,
8488,3.715789794921875,5.3607515101196075,,,,
8489,3.8082122802734375,5.49408897140294,,,,
8490,3.772536039352417,5.442619035548623,,,,
8491,3.7775940895080566,5.449916259424732,,,,
8492,3.7248425483703613,5.3738118726261295,,,,
8493,3.8603405952453613,5.569294232902832,,,,
8494,3.738920211791992,5.39412164783182,,,,
8495,3.680366277694702,5.309646177485121,,,,
8496,3.8260574340820312,5.519834086306498,,,,
8497,3.6326637268066406,5.240825943881161,,,,
8498,3.7717652320861816,5.441506995728145,,,,
8499,3.9050402641296387,5.633782223531558,,,,
8500,3.6972742080688477,5.334039164787596,,,,
8501,3.7555088996887207,5.418054065595285,,,,
8502,3.828918695449829,5.523962013892508,,,,
8503,3.7921032905578613,5.470848611826547,,,,
8504,3.8186278343200684,5.509115439574125,,,,
8505,3.70739483833313,5.3486401478805465,,,,
8506,3.796281337738037,5.476876259773986,,,,
8507,3.7625949382781982,5.428277058327872,,,,
8508,3.8257243633270264,5.519353566779988,,,,
8509,3.714531421661377,5.3589360612571,,,,
8510,3.71283221244812,5.356484620551702,,,,
8511,3.7887673377990723,5.466035849324801,,,,
8512,3.772388219833374,5.442405777061554,,,,
8513,3.8808159828186035,5.5988339730150285,,,,
8514,3.773573160171509,5.44411528461113,,,,
8515,3.7920703887939453,5.470801144614908,,,,
8516,3.8395113945007324,5.5392440482828755,,,,
8517,3.792719841003418,5.471738106096809,,,,
8518,3.7334349155426025,5.386208038135019,,,,
8519,3.773452043533325,5.443940550237853,,,,
8520,3.7946765422821045,5.474561029328071,,,,
8521,3.7413575649261475,5.397638005111361,,,,
8522,3.7634999752044678,5.429582750613222,,,,
8523,3.739828586578369,5.3954321556313944,,,,
8524,3.6593828201293945,5.279373447314947,,,,
8525,3.6955361366271973,5.331531657738016,,,,
8526,3.8537888526916504,5.559842066411412,,,,
8527,3.8542370796203613,5.560488721178657,,,,
8528,3.8567285537719727,5.564083158581689,,,,
8529,3.779603958129883,5.4528158869182795,,,,
8530,3.769956350326538,5.438897330983952,,,,
8531,3.725155830383301,5.374263843032597,,,,
8532,3.7156097888946533,5.360491816316805,,,,
8533,3.7743418216705322,5.445224228743894,,,,
8534,3.835878849029541,5.534003392945784,,,,
8535,3.755155324935913,5.417543965052826,,,,
8536,3.849639415740967,5.55385569430018,,,,
8537,3.780369281768799,5.453920015536819,,,,
8538,3.7675297260284424,5.435396452142989,,,,
8539,3.7549307346343994,5.417219949738601,,,,
8540,3.797731399536133,5.478968256739082,,,,
8541,3.786038875579834,5.4620995104118535,,,,
8542,3.7598891258239746,5.424373396118588,,,,
8543,3.748528003692627,5.407982761560759,,,,
8544,3.80875825881958,5.494876651943891,,,,
8545,3.672268867492676,5.297964083942613,,,,
8546,3.796189785003662,5.476744177098124,,,,
8547,3.7835049629211426,5.458443847185114,,,,
8548,3.75048828125,5.4108108442715475,,,,
8549,3.71919322013855,5.36566161480174,,,,
8550,3.6658501625061035,5.288703850089556,,,,
8551,3.76216459274292,5.427656200958257,,,,
8552,3.780336856842041,5.453873236255784,,,,
8553,3.745640277862549,5.403816653826258,,,,
8554,3.8209259510040283,5.512430921117458,,,,
8555,3.7990357875823975,5.480850090904823,,,,
8556,3.826219081878662,5.520067294781069,,,,
8557,3.731110095977783,5.382854032477892,,,,
8558,3.7310757637023926,5.3828045014744434,,,,
8559,3.7044715881347656,5.344422789316089,,,,
8560,3.759028434753418,5.423131681379359,,,,
8561,3.761324405670166,5.426444067234977,,,,
8562,3.7408509254455566,5.396907078845194,,,,
8563,3.797914981842041,5.4792331100214104,,,,
8564,3.884767532348633,5.604534853925829,,,,
8565,3.7319483757019043,5.384063414478759,,,,
8566,3.7744576930999756,5.445391395880532,,,,
8567,3.721583127975464,5.369109522986238,,,,
8568,3.7293028831481934,5.3802467754908125,,,,
8569,3.8494701385498047,5.553611478935954,,,,
8570,3.774705410003662,5.445748775829025,,,,
8571,3.7542405128479004,5.416224170190104,,,,
8572,3.831671714782715,5.527933781231534,,,,
8573,3.809051036834717,5.495299041334411,,,,
8574,3.716963291168213,5.362444507334701,,,,
8575,3.8414011001586914,5.541970317264353,,,,
8576,3.7313523292541504,5.383203501224446,,,,
8577,3.8397350311279297,5.539566687735894,,,,
8578,3.779414176940918,5.452542090538106,,,,
8579,3.751399040222168,5.412124791724139,,,,
8580,3.8237204551696777,5.516462538418984,,,,
8581,3.7111423015594482,5.35404659449307,,,,
8582,3.8155481815338135,5.504672439771735,,,,
8583,3.763172149658203,5.42910979832335,,,,
8584,3.633007049560547,5.241321253915646,,,,
8585,3.7742371559143066,5.445073227976436,,,,
8586,3.8259921073913574,5.519739839813826,,,,
8587,3.7904746532440186,5.468498984850459,,,,
8588,3.8565406799316406,5.563812113923929,,,,
8589,3.704977035522461,5.345151995755748,,,,
8590,3.67728328704834,5.305198362168507,,,,
8591,3.8715972900390625,5.585534210658506,,,,
8592,3.7872982025146484,5.463916335135568,,,,
8593,3.911884307861328,5.643656091482893,,,,
8594,3.763273000717163,5.42925529564598,,,,
8595,3.6959590911865234,5.332141852183278,,,,
8596,3.803731918334961,5.487625175452912,,,,
8597,3.703640937805176,5.343224414204877,,,,
8598,3.7361397743225098,5.390110324483096,,,,
8599,3.769071578979492,5.437620875749248,,,,
8600,3.7547919750213623,5.4170197619329965,4.194908714294433,6.051973999094477,,
8601,3.7588813304901123,5.422919454788194,,,,
8602,3.747234582901001,5.406116749798898,,,,
8603,3.830749034881592,5.526602635513855,,,,
8604,3.7462782859802246,5.404737104973676,,,,
8605,3.750633716583252,5.4110206631055995,,,,
8606,3.8844995498657227,5.604148236926689,,,,
8607,3.766714096069336,5.434219746845786,,,,
8608,3.7828664779663086,5.457522708107093,,,,
8609,3.8074679374694824,5.493015111730952,,,,
8610,3.786313533782959,5.462495758439442,,,,
8611,3.8253800868988037,5.518856880884297,,,,
8612,3.7830779552459717,5.457827805329724,,,,
8613,3.7904229164123535,5.468424344379985,,,,
8614,3.7896015644073486,5.4672393839155395,,,,
8615,3.7487151622772217,5.408252774322613,,,,
8616,3.7399725914001465,5.395639910673637,,,,
8617,3.827864646911621,5.522441343293579,,,,
8618,3.808866500854492,5.495032812190875,,,,
8619,3.818985939025879,5.509632075457317,,,,
8620,3.7700369358062744,5.439013591255936,,,,
8621,3.7311177253723145,5.382865039367547,,,,
8622,3.83003568649292,5.525573491331093,,,,
8623,3.768519878387451,5.436824940041055,,,,
8624,3.691699504852295,5.3259965681026475,,,,
8625,3.771898031234741,5.441698584401205,,,,
8626,3.908712387084961,5.639079977108736,,,,
8627,3.8612027168273926,5.570538011433872,,,,
8628,3.855640411376953,5.562513300944613,,,,
8629,3.749133586883545,5.408856433427142,,,,
8630,3.8075997829437256,5.4932053245428065,,,,
8631,3.8836612701416016,5.602938854925822,,,,
8632,3.8632259368896484,5.573456900984316,,,,
8633,3.735907554626465,5.389775302279215,,,,
8634,3.800025701522827,5.482278234837588,,,,
8635,3.7960023880004883,5.476473820370967,,,,
8636,3.739427328109741,5.39485326202859,,,,
8637,3.7696280479431152,5.438423690763476,,,,
8638,3.8514881134033203,5.55652280124976,,,,
8639,3.6718950271606445,5.297424746349508,,,,
8640,3.681101083755493,5.310706278545039,,,,
8641,3.7459256649017334,5.404228380292424,,,,
8642,3.727973461151123,5.37832882496839,,,,
8643,3.7902069091796875,5.468112711816621,,,,
8644,3.716015577316284,5.361077245260342,,,,
8645,3.721238851547241,5.368612837090547,,,,
8646,3.785935163497925,5.461949885505603,,,,
8647,3.719270706176758,5.365773403524802,,,,
8648,3.679919958114624,5.3090022744402905,,,,
8649,3.7195003032684326,5.366104642110363,,,,
8650,3.6884894371032715,5.321365419280214,,,,
8651,3.790975570678711,5.469221655949385,,,,
8652,3.7466835975646973,5.4053218459866095,,,,
8653,3.7314844131469727,5.383394058001602,,,,
8654,3.764972686767578,5.431707424281981,,,,
8655,3.6934986114501953,5.328592130269469,,,,
8656,3.8131556510925293,5.501220747968919,,,,
8657,3.7517504692077637,5.412631796578882,,,,
8658,3.777642011642456,5.449985396450379,,,,
8659,3.8427605628967285,5.543931607414792,,,,
8660,3.8862526416778564,5.606677413790277,,,,
8661,3.7932519912719727,5.472505836650261,,,,
8662,3.771122932434082,5.440580353205296,,,,
8663,3.7474241256713867,5.406390202213769,,,,
8664,3.8221583366394043,5.514208877762078,,,,
8665,3.87631893157959,5.59234609949388,,,,
8666,3.7883379459381104,5.465416367816394,,,,
8667,3.839524984359741,5.539263654305073,,,,
8668,3.8158631324768066,5.505126817935315,,,,
8669,3.7398681640625,5.395489253871481,,,,
8670,3.8337154388427734,5.530882251797926,,,,
8671,3.7575979232788086,5.421067889569005,,,,
8672,3.806485414505005,5.491597630722541,,,,
8673,3.7569353580474854,5.42011200999551,,,,
8674,3.675048828125,5.301974719360734,,,,
8675,3.706601142883301,5.347495087391103,,,,
8676,3.854928731918335,5.561486564518963,,,,
8677,3.7751049995422363,5.446325261674717,,,,
8678,3.7585959434509277,5.422507728322028,,,,
8679,3.7371106147766113,5.391510951191723,,,,
8680,3.667865037918091,5.29161070085444,,,,
8681,3.7275092601776123,5.37765912452593,,,,
8682,3.7462961673736572,5.4047629023713055,,,,
8683,3.831519842147827,5.527714675334335,,,,
8684,3.799760103225708,5.481895057491465,,,,
8685,3.8020424842834473,5.485187837324884,,,,
8686,3.8482842445373535,5.551900595525171,,,,
8687,3.774984359741211,5.446151215232044,,,,
8688,3.7256715297698975,5.3750078399802295,,,,
8689,3.808441638946533,5.4944198660231995,,,,
8690,3.8316516876220703,5.527904888146189,,,,
8691,3.817173480987549,5.507017251233599,,,,
8692,3.703263282775879,5.342679573166944,,,,
8693,3.765260696411133,5.4321229343664665,,,,
8694,3.7644476890563965,5.430950012687582,,,,
8695,3.8216943740844727,5.51353952128492,,,,
8696,3.7174124717712402,5.363092537963152,,,,
8697,3.795667886734009,5.4759912370526465,,,,
8698,3.7828965187072754,5.45756604773511,,,,
8699,3.8198771476745605,5.510917817755168,,,,
8700,3.760383129119873,5.425086092223764,,,,
8701,3.8126235008239746,5.500453017415467,,,,
8702,3.7385733127593994,5.393621178317809,,,,
8703,3.7649221420288086,5.431634503638016,,,,
8704,3.8224937915802,5.514692836941606,,,,
8705,3.716761350631714,5.36215316872414,,,,
8706,3.8120884895324707,5.499681159278395,,,,
8707,3.7867162227630615,5.463076715834056,,,,
8708,3.911445379257202,5.643022851362416,,,,
8709,3.7217469215393066,5.369345827148524,,,,
8710,3.766308069229126,5.433633973936947,,,,
8711,3.7971296310424805,5.478100088317526,,,,
8712,3.8866920471191406,5.607311341841358,,,,
8713,3.7473537921905518,5.40628873244976,,,,
8714,3.7948007583618164,5.4747402352502705,,,,
8715,3.8027586936950684,5.486221109091268,,,,
8716,3.7724339962005615,5.442471818399485,,,,
8717,3.8241710662841797,5.517112632839246,,,,
8718,3.707209825515747,5.348373230806407,,,,
8719,3.730978012084961,5.3826634757007366,,,,
8720,3.8101203441619873,5.49684172571265,,,,
8721,3.803304672241211,5.4870087896322195,,,,
8722,3.7305307388305664,5.382018196794699,,,,
8723,3.7505061626434326,5.410836641669176,,,,
8724,3.6834516525268555,5.314097432454751,,,,
8725,3.7924599647521973,5.471363183917928,,,,
8726,3.820974826812744,5.512501434004312,,,,
8727,3.733092784881592,5.385714447927042,,,,
8728,3.732333183288574,5.384618574475745,,,,
8729,3.7912349700927734,5.469595890197662,,,,
8730,3.777035713195801,5.449110692688091,,,,
8731,3.756412982940674,5.419358382019428,,,,
8732,3.8416714668273926,5.54236037391651,,,,
8733,3.722553253173828,5.37050911779896,,,,
8734,3.8096206188201904,5.496120774440233,,,,
8735,3.7552566528320312,5.4176901503060595,,,,
8736,3.7983639240264893,5.47988079668456,,,,
8737,3.8028931617736816,5.486415105521441,,,,
8738,3.7957558631896973,5.4761181602489835,,,,
8739,3.758389472961426,5.422209854370734,,,,
8740,3.7349131107330322,5.388340623005718,,,,
8741,3.805307626724243,5.4898984421320165,,,,
8742,3.805128574371338,5.48964012419042,,,,
8743,3.8199715614318848,5.511054028014651,,,,
8744,3.7368435859680176,5.39112571005379,,,,
8745,3.7223269939422607,5.370182694727622,,,,
8746,3.7879157066345215,5.464807205267038,,,,
8747,3.7900495529174805,5.4678856947174825,,,,
8748,3.783143997192383,5.457923083718302,,,,
8749,3.7353217601776123,5.388930179532875,,,,
8750,3.6721839904785156,5.297841632295199,,,,
8751,3.7877583503723145,5.464580188167899,,,,
8752,3.8424532413482666,5.543488236140868,,,,
8753,3.8004701137542725,5.482919386160003,,,,
8754,3.8225884437561035,5.514829391166391,,,,
8755,3.6839280128479004,5.3147846751275996,,,,
8756,3.7629833221435547,5.428837377804383,,,,
8757,3.7173004150390625,5.362930874271341,,,,
8758,3.7574942111968994,5.420918264662754,,,,
8759,3.761716365814209,5.427009546191013,,,,
8760,3.7234013080596924,5.371732602377198,,,,
8761,3.738564968109131,5.3936091395322485,,,,
8762,3.7090859413146973,5.351079893765687,,,,
8763,3.7676141262054443,5.435518215859799,,,,
8764,3.7671377658843994,5.434830973186952,,,,
8765,3.7211031913757324,5.368417120833865,,,,
8766,3.734281063079834,5.387428770990843,,,,
8767,3.7994093894958496,5.481389084532626,,,,
8768,3.7752175331115723,5.446487613297132,,,,
8769,3.6944069862365723,5.3299026380690435,,,,
8770,3.6865291595458984,5.318537336569426,,,,
8771,3.7271265983581543,5.377107060216661,,,,
8772,3.881179094314575,5.599357832169556,,,,
8773,3.6885974407196045,5.321521235561896,,,,
8774,3.765733242034912,5.432804673594487,,,,
8775,3.849992275238037,5.554364762946733,,,,
8776,3.8348755836486816,5.5325559869561225,,,,
8777,3.7415945529937744,5.397979906621276,,,,
8778,3.7885379791259766,5.465704954704542,,,,
8779,3.6768133640289307,5.304520406558805,,,,
8780,3.8519110679626465,5.557132995695021,,,,
8781,3.875485897064209,5.59114428472965,,,,
8782,3.704648017883301,5.344677323639366,,,,
8783,3.8317360877990723,5.528026651863,,,,
8784,3.7550690174102783,5.417419449613601,,,,
8785,3.7581963539123535,5.421931242476337,,,,
8786,3.819636344909668,5.5105704128004245,,,,
8787,3.7821483612060547,5.456486684618295,,,,
8788,3.8321919441223145,5.528684313519899,,,,
8789,3.6636428833007812,5.285519419326181,,,,
8790,3.808838129043579,5.4949918803199695,,,,
8791,3.8094241619110107,5.495837347031611,,,,
8792,3.684108018875122,5.315044368930402,,,,
8793,3.7937324047088623,5.473198926733238,,,,
8794,3.8557090759277344,5.56261236295151,,,,
8795,3.7300329208374023,5.381299997244696,,,,
8796,3.7271969318389893,5.37720852998067,,,,
8797,3.8204805850982666,5.511788393933835,,,,
8798,3.6062943935394287,5.2027830375450055,,,,
8799,3.8094825744628906,5.4959216185305335,,,,
8800,3.8216729164123535,5.513508564407765,4.108935737609864,5.927941211981185,,
8801,3.6933445930480957,5.3283699286845545,,,,
8802,3.790217399597168,5.468127846289897,,,,
8803,3.7752957344055176,5.446600433916098,,,,
8804,3.6526031494140625,5.269592449995078,,,,
8805,3.7747716903686523,5.4458443981829046,,,,
8806,3.8959755897521973,5.62070466275995,,,,
8807,3.810805082321167,5.497829594059206,,,,
8808,3.7462754249572754,5.404732977390055,,,,
8809,3.7645103931427,5.431040475561936,,,,
8810,3.7816765308380127,5.45580597728618,,,,
8811,3.7218565940856934,5.3695040511873176,,,,
8812,3.651318073272705,5.267738477018777,,,,
8813,3.7643702030181885,5.430838223964521,,,,
8814,3.7867958545684814,5.463191600244833,,,,
8815,3.7751498222351074,5.446389927151442,,,,
8816,3.718775749206543,5.365059331558419,,,,
8817,3.7589197158813477,5.4229748332017715,,,,
8818,3.69901180267334,5.336545983906572,,,,
8819,3.7226996421813965,5.370720312494219,,,,
8820,3.6765384674072266,5.304123814565916,,,,
8821,3.829592704772949,5.524934403800486,,,,
8822,3.7813150882720947,5.455284525888764,,,,
8823,3.7594079971313477,5.4236792741397055,,,,
8824,3.725841522216797,5.37525308724036,,,,
8825,3.6970157623291016,5.333666306400525,,,,
8826,3.690060615539551,5.323632150618586,,,,
8827,3.77211332321167,5.442009185068664,,,,
8828,3.734184741973877,5.387289809008946,,,,
8829,3.781464099884033,5.455499504202343,,,,
8830,3.8492536544799805,5.5532991584419875,,,,
8831,3.785621166229248,5.461496883203231,,,,
8832,3.7877793312072754,5.464610457114451,,,,
8833,3.875901699066162,5.5917441602158595,,,,
8834,3.7527918815612793,5.41413423701682,,,,
8835,3.7673864364624023,5.435189728996652,,,,
8836,3.733706474304199,5.386599814613684,,,,
8837,3.7947075366973877,5.474605744817295,,,,
8838,3.755682945251465,5.418305160265545,,,,
8839,3.730936288833618,5.382603281772934,,,,
8840,3.775688648223877,5.4471672887333416,,,,
8841,3.8313546180725098,5.527476307380239,,,,
8842,3.766770362854004,5.434300922656993,,,,
8843,3.8052754402160645,5.4898520068162835,,,,
8844,3.8001675605773926,5.482482894192114,,,,
8845,3.7884774208068848,5.465617587517904,,,,
8846,3.749591827392578,5.409517534737058,,,,
8847,3.849423408508301,5.553544061736816,,,,
8848,3.7870707511901855,5.463588192237722,,,,
8849,3.7420856952667236,5.398688475142831,,,,
8850,3.7319822311401367,5.384112257551605,,,,
8851,3.8116931915283203,5.4991108648081335,,,,
8852,3.820788860321045,5.512233141068966,,,,
8853,3.701200485229492,5.339703585376413,,,,
8854,3.722503185272217,5.3704368850855975,,,,
8855,3.7914886474609375,5.4699618692786975,,,,
8856,3.7609286308288574,5.4258730848341115,,,,
8857,3.8536343574523926,5.559619176895894,,,,
8858,3.7288804054260254,5.379637268976154,,,,
8859,3.756882667541504,5.420035993663828,,,,
8860,3.6632068157196045,5.2848903067893245,,,,
8861,3.7539560794830322,5.415813819585146,,,,
8862,3.8243887424468994,5.517426673159721,,,,
8863,3.7184886932373047,5.3646451973351414,,,,
8864,3.75437593460083,5.416419542481485,,,,
8865,3.7897677421569824,5.467479127730843,,,,
8866,3.7774906158447266,5.449766978483783,,,,
8867,3.763127088546753,5.429044788881324,,,,
8868,3.801647424697876,5.484617886819925,,,,
8869,3.7542173862457275,5.416190805555837,,,,
8870,3.8152782917022705,5.504283071050182,,,,
8871,3.785287380218506,5.461015331780815,,,,
8872,3.7656519412994385,5.432687381426598,,,,
8873,3.803692102432251,5.4875677332475234,,,,
8874,3.7530770301818848,5.414545619517684,,,,
8875,3.8017578125,5.4847771427546235,,,,
8876,3.78385329246521,5.458946380490935,,,,
8877,3.8352489471435547,5.533094636618625,,,,
8878,3.8032121658325195,5.48687533109515,,,,
8879,3.759622097015381,5.4239881549806555,,,,
8880,3.772468090057373,5.442521005437632,,,,
8881,3.805034875869751,5.489504945826843,,,,
8882,3.7685136795043945,5.436815996943211,,,,
8883,3.7123684883117676,5.355815608039845,,,,
8884,3.7506966590881348,5.411111469945255,,,,
8885,3.7161617279052734,5.361288095990299,,,,
8886,3.6784071922302246,5.306819814600841,,,,
8887,3.756917953491211,5.420086900528483,,,,
8888,3.723944664001465,5.372516499299831,,,,
8889,3.8032445907592773,5.4869221103761845,,,,
8890,3.6925783157348633,5.327264424204809,,,,
8891,3.720456123352051,5.367483599004982,,,,
8892,3.811248779296875,5.498469713485717,,,,
8893,3.719285488128662,5.365794729373508,,,,
8894,3.7118308544158936,5.355039966284454,,,,
8895,3.696342945098877,5.332695636319056,,,,
8896,3.6816396713256836,5.311483296161637,,,,
8897,3.750897169113159,5.4114007447640065,,,,
8898,3.82719087600708,5.521469297350902,,,,
8899,3.7607855796813965,5.425666705653076,,,,
8900,3.723426103591919,5.371768374768577,,,,
8901,3.735640048980713,5.389389373210679,,,,
8902,3.7762258052825928,5.447942242558129,,,,
8903,3.8190255165100098,5.509689173697403,,,,
8904,3.714238405227661,5.358513327901279,,,,
8905,3.693392276763916,5.3284387217449,,,,
8906,3.8266637325286865,5.520708790068787,,,,
8907,3.833874464035034,5.531111676654176,,,,
8908,3.814729928970337,5.503491950856213,,,,
8909,3.6729960441589355,5.299013178112877,,,,
8910,3.7589244842529297,5.422981712507807,,,,
8911,3.7663867473602295,5.433747482486516,,,,
8912,3.7724361419677734,5.4424749140872,,,,
8913,3.7234256267547607,5.371767686837974,,,,
8914,3.8255934715270996,5.519164729829341,,,,
8915,3.746248245239258,5.404693765345659,,,,
8916,3.707014322280884,5.348091179258993,,,,
8917,3.8214945793151855,5.513251278362074,,,,
8918,3.7859253883361816,5.461935782928232,,,,
8919,3.641324996948242,5.253321515362249,,,,
8920,3.740835666656494,5.3968850650658835,,,,
8921,3.7103114128112793,5.352847875416557,,,,
8922,3.7565736770629883,5.419590214632792,,,,
8923,3.800914764404297,5.483560881447722,,,,
8924,3.7917351722717285,5.470317529400682,,,,
8925,3.686840534210205,5.318986555253479,,,,
8926,3.785801649093628,5.461757264936637,,,,
8927,3.8023486137390137,5.4856294887723,,,,
8928,3.6590819358825684,5.278939363104169,,,,
8929,3.762688636779785,5.42841223669145,,,,
8930,3.8164474964141846,5.505969876889845,,,,
8931,3.8056726455688477,5.490425053008958,,,,
8932,3.8188693523406982,5.509463876424773,,,,
8933,3.681440591812134,5.311196085134696,,,,
8934,3.7963502407073975,5.476975665746185,,,,
8935,3.7970046997070312,5.477919850499422,,,,
8936,3.7256009578704834,5.374906026250918,,,,
8937,3.7242040634155273,5.372890733548108,,,,
8938,3.7548506259918213,5.41710437739722,,,,
8939,3.7990965843200684,5.480937802056762,,,,
8940,3.8350749015808105,5.532843541948365,,,,
8941,3.773526430130005,5.444047867411991,,,,
8942,3.718540668487549,5.364720181770918,,,,
8943,3.735891819000244,5.3897526005693015,,,,
8944,3.665867805480957,5.288729303521884,,,,
8945,3.6919198036193848,5.326314392041442,,,,
8946,3.817549228668213,5.507559340549118,,,,
8947,3.8606491088867188,5.569739324003265,,,,
8948,3.7327520847320557,5.385222921510876,,,,
8949,3.683086395263672,5.313570477612508,,,,
8950,3.740347385406494,5.3961806241279495,,,,
8951,3.8219287395477295,5.513877639176516,,,,
8952,3.7370901107788086,5.391481370175774,,,,
8953,3.7654261589050293,5.432361646285864,,,,
8954,3.698004961013794,5.335093418437385,,,,
8955,3.8932993412017822,5.61684365224808,,,,
8956,3.8201181888580322,5.5112655666752115,,,,
8957,3.737518787384033,5.392099819788277,,,,
8958,3.7184386253356934,5.364572964621779,,,,
8959,3.755411148071289,5.417913039821578,,,,
8960,3.653878688812256,5.27143266435931,,,,
8961,3.6715307235717773,5.296899167368471,,,,
8962,3.8209152221679688,5.512415442678881,,,,
8963,3.7987561225891113,5.480446619605898,,,,
8964,3.784888744354248,5.460440221796329,,,,
8965,3.7992186546325684,5.481113912291246,,,,
8966,3.708766460418701,5.350618980261374,,,,
8967,3.697283983230591,5.3340532673649665,,,,
8968,3.779402256011963,5.452524892273019,,,,
8969,3.7478575706481934,5.4070155311323065,,,,
8970,3.7747087478637695,5.445753591343249,,,,
8971,3.8143298625946045,5.502914777079917,,,,
8972,3.7708685398101807,5.440213342228355,,,,
8973,3.7218146324157715,5.369443513294214,,,,
8974,3.8155500888824463,5.504675191494149,,,,
8975,3.7581863403320312,5.421916795933663,,,,
8976,3.6911182403564453,5.325157980697041,,,,
8977,3.806727647781372,5.491947099469094,,,,
8978,3.812527656555176,5.500314743364173,,,,
8979,3.7722702026367188,5.4422355142372,,,,
8980,3.7380013465881348,5.39279600555897,,,,
8981,3.8175668716430664,5.507584793981446,,,,
8982,3.88759708404541,5.608617034126708,,,,
8983,3.747729778289795,5.406831165730582,,,,
8984,3.749260663986206,5.4090397669329615,,,,
8985,3.829909324645996,5.525391189721177,,,,
8986,3.7843542098999023,5.45966905158986,,,,
8987,3.842261791229248,5.543212032003582,,,,
8988,3.80100679397583,5.483693652054188,,,,
8989,3.8261866569519043,5.520020515500034,,,,
8990,3.745490550994873,5.403600643616775,,,,
8991,3.8104753494262695,5.497353890046919,,,,
8992,3.7628140449523926,5.4285931624401575,,,,
8993,3.697169780731201,5.33388850798544,,,,
8994,3.7626113891601562,5.428300791933691,,,,
8995,3.770155429840088,5.439184542010893,,,,
8996,3.83024263381958,5.52587205321299,,,,
8997,3.754117727279663,5.416047028059716,,,,
8998,3.76058030128479,5.425370551528291,,,,
8999,3.7920286655426025,5.470740950687106,,,,
9000,3.7770328521728516,5.44910656510447,4.150310611724853,5.987632537684286,,
9001,3.739875316619873,5.395499572830533,,,,
9002,3.719057321548462,5.365465554579758,,,,
9003,3.7206075191497803,5.3677020169715775,,,,
9004,3.82110333442688,5.512686831301942,,,,
9005,3.8195137977600098,5.510393614635337,,,,
9006,3.7447686195373535,5.4025591166831495,,,,
9007,3.7306580543518066,5.382201874265821,,,,
9008,3.782999038696289,5.457713952814852,,,,
9009,3.667534112930298,5.2911332770156445,,,,
9010,3.754352331161499,5.416385489916614,,,,
9011,3.7642407417297363,5.4306514508056845,,,,
9012,3.784867763519287,5.460409952849777,,,,
9013,3.698594093322754,5.335943356697949,,,,
9014,3.7157232761383057,5.360655543800426,,,,
9015,3.747133255004883,5.405970564545664,,,,
9016,3.728081226348877,5.37848429728477,,,,
9017,3.7073166370391846,5.348527327261581,,,,
9018,3.7806167602539062,5.45427705152001,,,,
9019,3.711866855621338,5.355091905045014,,,,
9020,3.898008346557617,5.623637310922462,,,,
9021,3.7899580001831055,5.467753612041619,,,,
9022,3.738184928894043,5.393060858841299,,,,
9023,3.747443199157715,5.406417719437908,,,,
9024,3.7835536003112793,5.458514016106666,,,,
9025,3.7520363330841064,5.413044210975651,,,,
9026,3.900651216506958,5.627450166292091,,,,
9027,3.7158281803131104,5.360806888533185,,,,
9028,3.816362142562866,5.505846737311827,,,,
9029,3.885995626449585,5.606306619195017,,,,
9030,3.8477888107299805,5.551185835628186,,,,
9031,3.7375659942626953,5.392167924918018,,,,
9032,3.765535593032837,5.432519526359356,,,,
9033,3.713715076446533,5.357758324063991,,,,
9034,3.805488109588623,5.490158823865423,,,,
9035,3.764702320098877,5.431317367629825,,,,
9036,3.7398366928100586,5.395443850451653,,,,
9037,3.750261068344116,5.410483045339003,,,,
9038,3.739849328994751,5.395462080612645,,,,
9039,3.7272565364837646,5.377294521306101,,,,
9040,3.7524290084838867,5.4136107218275935,,,,
9041,3.733400344848633,5.386158163166269,,,,
9042,3.700376033782959,5.338514153363047,,,,
9043,3.7767934799194336,5.4487612239415375,,,,
9044,3.7244224548339844,5.3732058057644885,,,,
9045,3.7317967414855957,5.383844652546862,,,,
9046,3.800473213195801,5.4829238577089265,,,,
9047,3.761183738708496,5.426241127706958,,,,
9048,3.74180006980896,5.398276404711364,,,,
9049,3.7740578651428223,5.444814566069538,,,,
9050,3.7385756969451904,5.3936246179708265,,,,
9051,3.815570831298828,5.5047051164753995,,,,
9052,3.8168015480041504,5.506480665362907,,,,
9053,3.7032971382141113,5.342728416239789,,,,
9054,3.690983772277832,5.3249639842668675,,,,
9055,3.7360589504241943,5.389993720245811,,,,
9056,3.77254056930542,5.442625570889356,,,,
9057,3.7145094871520996,5.358904416449341,,,,
9058,3.6891424655914307,5.32230754024164,,,,
9059,3.7354493141174316,5.389114200969298,,,,
9060,3.768110752105713,5.436234695583294,,,,
9061,3.7057080268859863,5.346206593370838,,,,
9062,3.780144691467285,5.453596000222593,,,,
9063,3.7288427352905273,5.379582922458481,,,,
9064,3.7582855224609375,5.4220598854991815,,,,
9065,3.740152597427368,5.39589960447644,,,,
9066,3.7397098541259766,5.395260860911136,,,,
9067,3.768731117248535,5.437129693298385,,,,
9068,3.6552329063415527,5.273386387273111,,,,
9069,3.8266053199768066,5.520624518569864,,,,
9070,3.698350429534912,5.335591824159586,,,,
9071,3.747394561767578,5.406347550516355,,,,
9072,3.747272491455078,5.406171440281872,,,,
9073,3.7981157302856445,5.479522728805463,,,,
9074,3.7409791946411133,5.397092132177523,,,,
9075,3.7544116973876953,5.416471137276743,,,,
9076,3.621249198913574,5.2243582610957455,,,,
9077,3.742567539215088,5.399383629017619,,,,
9078,3.7453718185424805,5.403429348896515,,,,
9079,3.7090907096862793,5.351086773071721,,,,
9080,3.835676908493042,5.533712054335222,,,,
9081,3.75582218170166,5.4185060360017525,,,,
9082,3.7368898391723633,5.3911924393223245,,,,
9083,3.7444746494293213,5.402135007466121,,,,
9084,3.6930809020996094,5.327989503060846,,,,
9085,3.6986961364746094,5.336090573847088,,,,
9086,3.610508441925049,5.208862624253006,,,,
9087,3.700411796569824,5.338565748158305,,,,
9088,3.7410383224487305,5.397177435572351,,,,
9089,3.6215901374816895,5.224850131477213,,,,
9090,3.723698854446411,5.372161871073751,,,,
9091,3.7618770599365234,5.427241378804377,,,,
9092,3.783074378967285,5.4578226458501975,,,,
9093,3.720611333847046,5.367707520416404,,,,
9094,3.6905698776245117,5.324366860503072,,,,
9095,3.7595157623291016,5.423834746456086,,,,
9096,3.798616409301758,5.480245055939087,,,,
9097,3.7245686054229736,5.373416656494446,,,,
9098,3.639133930206299,5.25016047423939,,,,
9099,3.6793341636657715,5.30815715169395,,,,
9100,3.7797904014587402,5.453084867784229,,,,
9101,3.733640670776367,5.386504880190408,,,,
9102,3.7396042346954346,5.395108484282471,,,,
9103,3.7383573055267334,5.3933095457544455,,,,
9104,3.7141475677490234,5.358382277121321,,,,
9105,3.8309566974639893,5.526902229291658,,,,
9106,3.8288073539733887,5.523801382096602,,,,
9107,3.7674598693847656,5.435295670309583,,,,
9108,3.7416300773620605,5.398031157451234,,,,
9109,3.747070789337158,5.405880445636612,,,,
9110,3.81593918800354,5.505236542866565,,,,
9111,3.711174726486206,5.354093373774105,,,,
9112,3.7246828079223633,5.373581415873973,,,,
9113,3.8458003997802734,5.5483171650117935,,,,
9114,3.6962194442749023,5.332517462292762,,,,
9115,3.690311908721924,5.323994690046605,,,,
9116,3.759511947631836,5.423829243011258,,,,
9117,3.763298511505127,5.429292099933265,,,,
9118,3.760897159576416,5.425827681414284,,,,
9119,3.794569492340088,5.474406588907597,,,,
9120,3.8049678802490234,5.489408291577058,,,,
9121,3.6363887786865234,5.246200057755321,,,,
9122,3.745454788208008,5.403549048821516,,,,
9123,3.738098621368408,5.392936343402074,,,,
9124,3.728731632232666,5.379422634627877,,,,
9125,3.833573579788208,5.530677592443399,,,,
9126,3.7287704944610596,5.379478700972059,,,,
9127,3.6108641624450684,5.209375820483181,,,,
9128,3.7358314990997314,5.389665577347965,,,,
9129,3.7175545692443848,5.36329754128298,,,,
9130,3.811354160308838,5.49862174614908,,,,
9131,3.7257726192474365,5.375153681268161,,,,
9132,3.7537872791290283,5.415570292151524,,,,
9133,3.70259952545166,5.34172197376694,,,,
9134,3.8131473064422607,5.501208709183358,,,,
9135,3.775679588317871,5.4471542180518755,,,,
9136,3.7127890586853027,5.356422362832089,,,,
9137,3.7161643505096436,5.361291879608618,,,,
9138,3.728147506713867,5.37857991963865,,,,
9139,3.814553737640381,5.503237760498237,,,,
9140,3.743896484375,5.401300891609437,,,,
9141,3.8259854316711426,5.5197302087853775,,,,
9142,3.6994221210479736,5.3371379481908425,,,,
9143,3.6937103271484375,5.328897571457402,,,,
9144,3.8140697479248047,5.502539510935734,,,,
9145,3.65897274017334,5.278781826995979,,,,
9146,3.7465410232543945,5.405116154736178,,,,
9147,3.6548426151275635,5.272823316074186,,,,
9148,3.749614715576172,5.409550555406025,,,,
9149,3.724475622177124,5.373282510026773,,,,
9150,3.756394863128662,5.419332240656497,,,,
9151,3.7190101146698,5.365397449450016,,,,
9152,3.7466189861297607,5.405228631389842,,,,
9153,3.7021000385284424,5.341001366459825,,,,
9154,3.7540884017944336,5.416004720327604,,,,
9155,3.7121243476867676,5.355463387570878,,,,
9156,3.7846224308013916,5.460056012554302,,,,
9157,3.801145076751709,5.483893151929189,,,,
9158,3.797264575958252,5.478294772678303,,,,
9159,3.8623740673065186,5.5722279129612495,,,,
9160,3.7404463291168213,5.396323369728166,,,,
9161,3.711393356323242,5.354408789955787,,,,
9162,3.7232861518859863,5.371566467136464,,,,
9163,3.7948083877563477,5.474751242139925,,,,
9164,3.793907403945923,5.4734513972647045,,,,
9165,3.6827635765075684,5.313104748593972,,,,
9166,3.768779754638672,5.437199862219936,,,,
9167,3.7878520488739014,5.464715366531477,,,,
9168,3.8174800872802734,5.507459590611618,,,,
9169,3.7182352542877197,5.364279562219407,,,,
9170,3.755377769470215,5.417864884679336,,,,
9171,3.7389583587646484,5.394176682280096,,,,
9172,3.7308316230773926,5.3824522810054765,,,,
9173,3.708571434020996,5.350337616644563,,,,
9174,3.670072078704834,5.294794787652513,,,,
9175,3.7239530086517334,5.372528538085391,,,,
9176,3.7348623275756836,5.38826735839645,,,,
9177,3.7165145874023438,5.361797164636854,,,,
9178,3.8429670333862305,5.544229481366086,,,,
9179,3.757627010345459,5.421109853335816,,,,
9180,3.711378812789917,5.354387808072382,,,,
9181,3.710885763168335,5.353676487828413,,,,
9182,3.7306642532348633,5.382210817363665,,,,
9183,3.784390926361084,5.459722022246327,,,,
9184,3.794354200363159,5.474095988240138,,,,
9185,3.7686281204223633,5.436981100288039,,,,
9186,3.714402675628662,5.358750319994168,,,,
9187,3.7255287170410156,5.374801804764496,,,,
9188,3.702025890350342,5.340894393250988,,,,
9189,3.8252453804016113,5.518662540488822,,,,
9190,3.716346263885498,5.361554325133835,,,,
9191,3.784069299697876,5.459258013054298,,,,
9192,3.810262441635132,5.497046729032478,,,,
9193,3.747924566268921,5.407112185382092,,,,
9194,3.7259883880615234,5.375464969866223,,,,
9195,3.704939126968384,5.345097305272773,,,,
9196,3.656196117401123,5.274776007092083,,,,
9197,3.732074737548828,5.3842457160886745,,,,
9198,3.7034449577331543,5.342941674726859,,,,
9199,3.7884013652801514,5.465507862586653,,,,
9200,3.776125192642212,5.447797089200801,4.143551445007324,5.977881121380364,,
9201,3.7797141075134277,5.452974798887676,,,,
9202,3.78678035736084,5.4631692425002205,,,,
9203,3.6313343048095703,5.238907993358739,,,,
9204,3.68036150932312,5.309639298179086,,,,
9205,3.729734420776367,5.380869352686935,,,,
9206,3.770925998687744,5.44029623786607,,,,
9207,3.747868537902832,5.407031353536186,,,,
9208,3.7625808715820312,5.42825676437507,,,,
9209,3.768907308578491,5.437383883656359,,,,
9210,3.7390098571777344,5.394250978785269,,,,
9211,3.779479503631592,5.452636337030778,,,,
9212,3.7848153114318848,5.460334280483398,,,,
9213,3.730178117752075,5.381509472113446,,,,
9214,3.7045369148254395,5.344517035808762,,,,
9215,3.802345037460327,5.485624329292774,,,,
9216,3.636138439178467,5.24583889418851,,,,
9217,3.6993298530578613,5.3370048336190745,,,,
9218,3.805243492126465,5.489805915465852,,,,
9219,3.684739112854004,5.31595484508407,,,,
9220,3.6953835487365723,5.331311519944912,,,,
9221,3.751532554626465,5.412317412293105,,,,
9222,3.7057089805603027,5.346207969232045,,,,
9223,3.8099489212036133,5.496594414660709,,,,
9224,3.825608253479004,5.519186055678047,,,,
9225,3.684415817260742,5.31548842813493,,,,
9226,3.7518577575683594,5.412786580964659,,,,
9227,3.78924822807312,5.466729627338382,,,,
9228,3.733013868331909,5.385600595412171,,,,
9229,3.738697052001953,5.393799696309405,,,,
9230,3.775649070739746,5.447110190493255,,,,
9231,3.692967414855957,5.3278257755772245,,,,
9232,3.7796149253845215,5.452831709322159,,,,
9233,3.7748279571533203,5.445925573994112,,,,
9234,3.802354335784912,5.485637743939542,,,,
9235,3.71596622467041,5.361006044442885,,,,
9236,3.842442512512207,5.54347275770229,,,,
9237,3.699328899383545,5.337003457757867,,,,
9238,3.872069835662842,5.586215949886525,,,,
9239,3.7882657051086426,5.465312146329971,,,,
9240,3.7377586364746094,5.392445848881813,,,,
9241,3.8058969974517822,5.490748724357882,,,,
9242,3.7305800914764404,5.382089397612156,,,,
9243,3.704822540283203,5.3449291062402295,,,,
9244,3.709256649017334,5.3513261729217225,,,,
9245,3.7375566959381104,5.392154510271252,,,,
9246,3.7295515537261963,5.380605531300512,,,,
9247,3.7505993843078613,5.410971132102151,,,,
9248,3.705075263977051,5.3452937094600586,,,,
9249,3.7230477333068848,5.371222501834739,,,,
9250,3.690464496612549,5.324214827839709,,,,
9251,3.6646740436553955,5.287007069256144,,,,
9252,3.653735637664795,5.271226285178274,,,,
9253,3.6466526985168457,5.26100776399461,,,,
9254,3.758693218231201,5.422648066165133,,,,
9255,3.7466747760772705,5.405309119270446,,,,
9256,3.799440383911133,5.4814338000218505,,,,
9257,3.7282872200012207,5.378781483305461,,,,
9258,3.7918498516082764,5.470482976710812,,,,
9259,3.7339303493499756,5.386922798032004,,,,
9260,3.6846976280212402,5.31589499512157,,,,
9261,3.6765480041503906,5.304137573177985,,,,
9262,3.7873923778533936,5.46405220142975,,,,
9263,3.6696970462799072,5.294253730232899,,,,
9264,3.7577409744262695,5.42127426875004,,,,
9265,3.7446532249450684,5.4023926374771145,,,,
9266,3.7520647048950195,5.4130851428465565,,,,
9267,3.7743825912475586,5.445283046810489,,,,
9268,3.8506805896759033,5.555357790772815,,,,
9269,3.709383726119995,5.351509506427542,,,,
9270,3.7098021507263184,5.352113165532071,,,,
9271,3.7467310428619385,5.405390295081653,,,,
9272,3.696357250213623,5.33271627423716,,,,
9273,3.7497072219848633,5.409684013943094,,,,
9274,3.8730087280273438,5.587570485244721,,,,
9275,3.7468276023864746,5.405529601028852,,,,
9276,3.8052778244018555,5.489855446469301,,,,
9277,3.688061237335205,5.320747657598315,,,,
9278,3.817553997039795,5.5075662198551525,,,,
9279,3.6763176918029785,5.303805302696518,,,,
9280,3.7181239128112793,5.364118930423501,,,,
9281,3.732727527618408,5.385187493084799,,,,
9282,3.61338472366333,5.213012221653024,,,,
9283,3.833536148071289,5.530623589891028,,,,
9284,3.7723121643066406,5.442296052130303,,,,
9285,3.7819106578826904,5.456143751212474,,,,
9286,3.7659339904785156,5.43309429237854,,,,
9287,3.7617225646972656,5.427018489288858,,,,
9288,3.603817939758301,5.199210269955982,,,,
9289,3.75546932220459,5.417996967355198,,,,
9290,3.649794101715088,5.265539850810146,,,,
9291,3.7152798175811768,5.360015768339217,,,,
9292,3.6869473457336426,5.319140651708652,,,,
9293,3.7606635093688965,5.425490595418593,,,,
9294,3.8477394580841064,5.551114634810728,,,,
9295,3.7067954540252686,5.347775419112009,,,,
9296,3.6585845947265625,5.27822185148477,,,,
9297,3.8112993240356445,5.498542634129683,,,,
9298,3.725236415863037,5.37438010330458,,,,
9299,3.705911159515381,5.346499651807909,,,,
9300,3.7495903968811035,5.409515470945248,,,,
9301,3.687870502471924,5.320472485356935,,,,
9302,3.724137783050537,5.372795111194228,,,,
9303,3.7541353702545166,5.416072481492044,,,,
9304,3.749793529510498,5.409808529382318,,,,
9305,3.7226696014404297,5.370676972866202,,,,
9306,3.7610666751861572,5.426072240743811,,,,
9307,3.7064781188964844,5.347317601295412,,,,
9308,3.802438974380493,5.485759851621654,,,,
9309,3.794081926345825,5.473703179865567,,,,
9310,3.756460666656494,5.419427175079774,,,,
9311,3.666224956512451,5.289244563543869,,,,
9312,3.76241397857666,5.428015988663862,,,,
9313,3.782374858856201,5.456813451654934,,,,
9314,3.7234816551208496,5.37184851868388,,,,
9315,3.748220443725586,5.407539046321533,,,,
9316,3.755596876144409,5.4181809887916215,,,,
9317,3.75892972946167,5.422989279744444,,,,
9318,3.7924294471740723,5.471319156359307,,,,
9319,3.728466510772705,5.379040145212358,,,,
9320,3.7691490650177,5.43773266447231,,,,
9321,3.702413558959961,5.341453680831593,,,,
9322,3.7314867973327637,5.383397497654618,,,,
9323,3.6939446926116943,5.329235689348998,,,,
9324,3.6842312812805176,5.315222198991394,,,,
9325,3.7947235107421875,5.4746287904925115,,,,
9326,3.7499821186065674,5.410080605935984,,,,
9327,3.7545814514160156,5.416716040571573,,,,
9328,3.7634129524230957,5.429457203278092,,,,
9329,3.6804919242858887,5.30982744719913,,,,
9330,3.753974199295044,5.415839960948078,,,,
9331,3.7298521995544434,5.381039271545988,,,,
9332,3.8035402297973633,5.4873486273503245,,,,
9333,3.661773920059204,5.282823075325953,,,,
9334,3.7357730865478516,5.389581305849042,,,,
9335,3.7319228649139404,5.384026610191475,,,,
9336,3.7468576431274414,5.405572940656869,,,,
9337,3.774217128753662,5.445044334891091,,,,
9338,3.6397879123687744,5.251103971062024,,,,
9339,3.672667980194092,5.298539881857702,,,,
9340,3.6678109169006348,5.291532620730948,,,,
9341,3.60597825050354,5.202326939554918,,,,
9342,3.8248376846313477,5.5180743598228705,,,,
9343,3.6485085487365723,5.263685189903242,,,,
9344,3.7241735458374023,5.372846705989487,,,,
9345,3.7600257396698,5.424570488236477,,,,
9346,3.7103333473205566,5.352879520224315,,,,
9347,3.6200876235961914,5.2226824621457375,,,,
9348,3.777186393737793,5.449328078758781,,,,
9349,3.908501625061035,5.638775911782011,,,,
9350,3.753732681274414,5.415491524097429,,,,
9351,3.796489715576172,5.477176885447695,,,,
9352,3.7734389305114746,5.4439216321462585,,,,
9353,3.7536120414733887,5.415317477654756,,,,
9354,3.7659995555877686,5.433188882836514,,,,
9355,3.783979892730713,5.459129026066152,,,,
9356,3.719698667526245,5.366390821241399,,,,
9357,3.7920281887054443,5.470740262756503,,,,
9358,3.7135884761810303,5.357575678488775,,,,
9359,3.6882576942443848,5.321031085006937,,,,
9360,3.727867603302002,5.378176104374424,,,,
9361,3.6967849731445312,5.3333333479884555,,,,
9362,3.7990970611572266,5.480938489987365,,,,
9363,3.772374153137207,5.442385483108752,,,,
9364,3.7248587608337402,5.373835262266646,,,,
9365,3.785964012145996,5.461991505307112,,,,
9366,3.7636072635650635,5.429737534998999,,,,
9367,3.744274139404297,5.40184573264737,,,,
9368,3.7864980697631836,5.462761987582978,,,,
9369,3.765855312347412,5.43298078382897,,,,
9370,3.7376527786254883,5.392293128287847,,,,
9371,3.7945480346679688,5.4743756320304415,,,,
9372,3.68799090385437,5.320646187834305,,,,
9373,3.6600918769836426,5.280396400122279,,,,
9374,3.732187271118164,5.384408067711089,,,,
9375,3.774536609649658,5.445505248395403,,,,
9376,3.7764182090759277,5.448219822556622,,,,
9377,3.7981317043304443,5.479545774480679,,,,
9378,3.7084598541259766,5.3501766408833555,,,,
9379,3.7627360820770264,5.428480685786494,,,,
9380,3.7369956970214844,5.391345159916291,,,,
9381,3.5900373458862305,5.179329075516241,,,,
9382,3.8590354919433594,5.567411366841186,,,,
9383,3.835496425628662,5.5334516726018155,,,,
9384,3.7212982177734375,5.368698484450676,,,,
9385,3.735637903213501,5.389386277522964,,,,
9386,3.730574607849121,5.382081486410216,,,,
9387,3.777984142303467,5.450478986658355,,,,
9388,3.8024511337280273,5.485777393852042,,,,
9389,3.6318397521972656,5.239637199798397,,,,
9390,3.761735200881958,5.427036719449849,,,,
9391,3.6586716175079346,5.2783473988199,,,,
9392,3.7373476028442383,5.391852852701638,,,,
9393,3.707275390625,5.348467821264382,,,,
9394,3.7159664630889893,5.361006388408186,,,,
9395,3.7101502418518066,5.35261535487259,,,,
9396,3.7293901443481445,5.380372666791244,,,,
9397,3.723565101623535,5.371968906539483,,,,
9398,3.782721996307373,5.457314265134247,,,,
9399,3.7064530849456787,5.347281484938731,,,,
9400,3.726583480834961,5.37632350725933,4.126697063446045,5.953565388684657,,
9401,3.735032081604004,5.388512261691279,,,,
9402,3.778052806854248,5.450578048665252,,,,
9403,3.7036681175231934,5.343263626249274,,,,
9404,3.7184667587280273,5.364613552527383,,,,
9405,3.753387689590454,5.414993806305832,,,,
9406,3.719095230102539,5.365520245062732,,,,
9407,3.693906784057617,5.329180998866024,,,,
9408,3.759927749633789,5.424429118497468,,,,
9409,3.8427419662475586,5.543904778121258,,,,
9410,3.7885360717773438,5.465702202982128,,,,
9411,3.8239402770996094,5.516779674427175,,,,
9412,3.7411603927612305,5.397353545806834,,,,
9413,3.7262916564941406,5.375902493730018,,,,
9414,3.663797378540039,5.285742308841699,,,,
9415,3.698239326477051,5.335431536328981,,,,
9416,3.713712692260742,5.357754884410974,,,,
9417,3.671736717224121,5.297196353389162,,,,
9418,3.722059488296509,5.369796765659086,,,,
9419,3.693253993988037,5.328239221869898,,,,
9420,3.689019203186035,5.322129710180648,,,,
9421,3.767171859741211,5.434880160225099,,,,
9422,3.761026382446289,5.426014110607819,,,,
9423,3.687915325164795,5.320537150833659,,,,
9424,3.7439613342285156,5.401394450171506,,,,
9425,3.6945672035217285,5.330133782751804,,,,
9426,3.7255067825317383,5.374770159956737,,,,
9427,3.736374855041504,5.390449474270597,,,,
9428,3.5870325565338135,5.1749940808185935,,,,
9429,3.740002155303955,5.395682562371051,,,,
9430,3.7306783199310303,5.382231111316467,,,,
9431,3.692098379135132,5.326572022052435,,,,
9432,3.7024054527282715,5.3414419860113345,,,,
9433,3.7550058364868164,5.417328298808644,,,,
9434,3.6845407485961914,5.3156686659530346,,,,
9435,3.623523235321045,5.227639002143604,,,,
9436,3.75065016746521,5.411044396711419,,,,
9437,3.6816368103027344,5.311479168578017,,,,
9438,3.8087542057037354,5.494870804533762,,,,
9439,3.741809368133545,5.398289819358131,,,,
9440,3.7027525901794434,5.341942799490647,,,,
9441,3.792585849761963,5.4715447975972396,,,,
9442,3.704251289367676,5.344104965377294,,,,
9443,3.7434706687927246,5.4006865695805555,,,,
9444,3.7590792179107666,5.423204945988626,,,,
9445,3.7435975074768066,5.400869559121073,,,,
9446,3.759779453277588,5.424215172079794,,,,
9447,3.8341002464294434,5.5314374117949106,,,,
9448,3.6200785636901855,5.222669391464272,,,,
9449,3.6581649780273438,5.277616472553733,,,,
9450,3.6856420040130615,5.317257441681705,,,,
9451,3.7188310623168945,5.365139131508419,,,,
9452,3.7765440940856934,5.448401436235933,,,,
9453,3.703565835952759,5.343116065134834,,,,
9454,3.7879505157470703,5.46485742420109,,,,
9455,3.759644031524658,5.4240197997884145,,,,
9456,3.772061347961426,5.441934200632888,,,,
9457,3.7745442390441895,5.4455162552850584,,,,
9458,3.701822280883789,5.340600646883314,,,,
9459,3.721893787384033,5.369557709774387,,,,
9460,3.6837844848632812,5.314577608015961,,,,
9461,3.7458372116088867,5.404100769165484,,,,
9462,3.7782018184661865,5.450793026978831,,,,
9463,3.7013485431671143,5.339917187828785,,,,
9464,3.7527074813842773,5.4140124733000095,,,,
9465,3.814145565032959,5.502648891901684,,,,
9466,3.659698009490967,5.279828169443829,,,,
9467,3.720921516418457,5.368155019273949,,,,
9468,3.768829345703125,5.4372714070026955,,,,
9469,3.8092291355133057,5.4955559834148,,,,
9470,3.7018651962280273,5.340662560637624,,,,
9471,3.695619821548462,5.331652389558922,,,,
9472,3.6349546909332275,5.244131106465442,,,,
9473,3.7297096252441406,5.380833580295556,,,,
9474,3.7383673191070557,5.393323992297119,,,,
9475,3.7693686485290527,5.438049456515198,,,,
9476,3.7659859657287598,5.433169276814316,,,,
9477,3.79571270942688,5.476055902529371,,,,
9478,3.763559341430664,5.429668397973352,,,,
9479,3.6244969367980957,5.229043756435852,,,,
9480,3.761237621307373,5.4263188638651485,,,,
9481,3.7008981704711914,5.339267437373826,,,,
9482,3.6527371406555176,5.269785758494647,,,,
9483,3.5755879878997803,5.15848305840516,,,,
9484,3.8558292388916016,5.56278572146358,,,,
9485,3.761535167694092,5.426748132561702,,,,
9486,3.764530658721924,5.431069712612582,,,,
9487,3.7338361740112305,5.386786931737823,,,,
9488,3.7121400833129883,5.355486089280792,,,,
9489,3.7059414386749268,5.346543335401227,,,,
9490,3.763458251953125,5.429522556685421,,,,
9491,3.642641544342041,5.255220891758378,,,,
9492,3.714948892593384,5.359538344500422,,,,
9493,3.6233296394348145,5.227359702318603,,,,
9494,3.791604518890381,5.4701290364153365,,,,
9495,3.779973030090332,5.453348345205351,,,,
9496,3.6526787281036377,5.269701486995725,,,,
9497,3.6810250282287598,5.310596553613788,,,,
9498,3.748528480529785,5.407983449491362,,,,
9499,3.8201746940612793,5.511347086451721,,,,
9500,3.7188124656677246,5.365112302214885,,,,
9501,3.621060371398926,5.2240858405767785,,,,
9502,3.8017561435699463,5.484774734997512,,,,
9503,3.695197343826294,5.331042883044264,,,,
9504,3.7534782886505127,5.415124513120488,,,,
9505,3.672090530395508,5.297706797896923,,,,
9506,3.758948802947998,5.423016796968582,,,,
9507,3.6761300563812256,5.30353460200406,,,,
9508,3.7317333221435547,5.383753157776603,,,,
9509,3.6989336013793945,5.336433163287606,,,,
9510,3.5973896980285645,5.1899362774908555,,,,
9511,3.755122184753418,5.417496153875886,,,,
9512,3.736196279525757,5.390191844259605,,,,
9513,3.6368463039398193,5.246860127169334,,,,
9514,3.6973190307617188,5.33410383026432,,,,
9515,3.648873805999756,5.2642121447454855,,,,
9516,3.7071917057037354,5.348347089443477,,,,
9517,3.727203369140625,5.3772178170438165,,,,
9518,3.7656078338623047,5.432623747845779,,,,
9519,3.682455062866211,5.312659657493539,,,,
9520,3.7085728645324707,5.350339680436373,,,,
9521,3.7419888973236084,5.39854882523033,,,,
9522,3.806584119796753,5.4917400323574554,,,,
9523,3.837334632873535,5.5361036450781205,,,,
9524,3.72238826751709,5.370271093810166,,,,
9525,3.8861453533172607,5.606522629404501,,,,
9526,3.669041156768799,5.293307481687852,,,,
9527,3.725050926208496,5.374112498299837,,,,
9528,3.663999319076538,5.2860336474522605,,,,
9529,3.765597343444824,5.432608613372503,,,,
9530,3.763843297958374,5.430078060647707,,,,
9531,3.7234549522399902,5.371809994570087,,,,
9532,3.727670192718506,5.3778913011045955,,,,
9533,3.6655936241149902,5.288333743424899,,,,
9534,3.659975051879883,5.280227857124434,,,,
9535,3.6306750774383545,5.237956929299467,,,,
9536,3.768519163131714,5.436823908145151,,,,
9537,3.7255704402923584,5.374861998692298,,,,
9538,3.7680325508117676,5.4361218749643285,,,,
9539,3.8329145908355713,5.529726872349429,,,,
9540,3.742689371109009,5.399559395286801,,,,
9541,3.7500529289245605,5.410182763630596,,,,
9542,3.6172168254852295,5.21854077594766,,,,
9543,3.7181599140167236,5.364170869184062,,,,
9544,3.7203025817871094,5.36726208535067,,,,
9545,3.648237466812134,5.2632941013551795,,,,
9546,3.7419419288635254,5.398481064065891,,,,
9547,3.7402706146240234,5.396069867300794,,,,
9548,3.7390849590301514,5.394359327855312,,,,
9549,3.686861991882324,5.319017512130635,,,,
9550,3.693838357925415,5.329082280824428,,,,
9551,3.7703847885131836,5.4395154366311536,,,,
9552,3.7095563411712646,5.351758537305991,,,,
9553,3.6528940200805664,5.270012087663183,,,,
9554,3.7170567512512207,5.362579341732977,,,,
9555,3.7827086448669434,5.45729500307735,,,,
9556,3.6746785640716553,5.301440541247154,,,,
9557,3.703115463256836,5.342466314679874,,,,
9558,3.698991537094116,5.336516746855926,,,,
9559,3.6836037635803223,5.314316882317253,,,,
9560,3.6346044540405273,5.243625821437207,,,,
9561,3.6978964805603027,5.3349369142251,,,,
9562,3.79034423828125,5.468310835830415,,,,
9563,3.7236263751983643,5.372057305622027,,,,
9564,3.7048866748809814,5.345021632906393,,,,
9565,3.77815580368042,5.450726641675598,,,,
9566,3.664334774017334,5.286517606631788,,,,
9567,3.7201647758483887,5.367063273406273,,,,
9568,3.7187891006469727,5.365078593615316,,,,
9569,3.750009298324585,5.41011981798038,,,,
9570,3.66033935546875,5.280753436105471,,,,
9571,3.760220527648926,5.424851507887987,,,,
9572,3.7750391960144043,5.446230327251441,,,,
9573,3.700751304626465,5.339055554747962,,,,
9574,3.706699848175049,5.347637489026017,,,,
9575,3.728854179382324,5.379599432792965,,,,
9576,3.6734986305236816,5.299738256968914,,,,
9577,3.709379196166992,5.351502971086809,,,,
9578,3.762012004852295,5.427436063165153,,,,
9579,3.634037494659424,5.2428078719497035,,,,
9580,3.6751046180725098,5.302055207241338,,,,
9581,3.6971116065979004,5.33380458045182,,,,
9582,3.7417988777160645,5.398274684884855,,,,
9583,3.687917470932007,5.320540246521374,,,,
9584,3.6288466453552246,5.235319059400534,,,,
9585,3.6772894859313965,5.305207305266351,,,,
9586,3.721970558166504,5.369668466601542,,,,
9587,3.6850130558013916,5.316350061215753,,,,
9588,3.787179470062256,5.463745040415309,,,,
9589,3.6834630966186523,5.314113942789235,,,,
9590,3.6709835529327393,5.296109767001011,,,,
9591,3.7462096214294434,5.404638042966779,,,,
9592,3.7124528884887695,5.355937371756656,,,,
9593,3.7449774742126465,5.402860430287461,,,,
9594,3.7988643646240234,5.480602779852882,,,,
9595,3.746147632598877,5.40454861198833,,,,
9596,3.811729669570923,5.4991634914992975,,,,
9597,3.8624000549316406,5.572265405179138,,,,
9598,3.7599539756774902,5.424466954680658,,,,
9599,3.710188150405884,5.3526700453555645,,,,
9600,3.6814193725585938,5.311165472222843,4.134583950042725,5.964943760865741,,
9601,3.589989423751831,5.179259938490595,,,,
9602,3.7145862579345703,5.359015173276497,,,,
9603,3.6610665321350098,5.281802530275733,,,,
9604,3.6858670711517334,5.317582144926534,,,,
9605,3.8191683292388916,5.509895208913137,,,,
9606,3.7032628059387207,5.3426788852363405,,,,
9607,3.700786590576172,5.339106461612618,,,,
9608,3.6933279037475586,5.328345851113434,,,,
9609,3.8072829246520996,5.492748194656813,,,,
9610,3.6570982933044434,5.276077571793812,,,,
9611,3.7258145809173584,5.375214219161265,,,,
9612,3.6807096004486084,5.310141487519606,,,,
9613,3.7168359756469727,5.36226082986358,,,,
9614,3.8429770469665527,5.5442439279087585,,,,
9615,3.728269577026367,5.378756029873133,,,,
9616,3.8021726608276367,5.485375642379626,,,,
9617,3.7065956592559814,5.347487176189163,,,,
9618,3.7170584201812744,5.36258174949009,,,,
9619,3.7462799549102783,5.404739512730788,,,,
9620,3.692686080932617,5.327419896521189,,,,
9621,3.732919692993164,5.38546472911799,,,,
9622,3.7405505180358887,5.39647368256502,,,,
9623,3.65519380569458,5.273329976963628,,,,
9624,3.768892765045166,5.437362901772954,,,,
9625,3.6487603187561035,5.264048417261864,,,,
9626,3.6336636543273926,5.242268534356598,,,,
9627,3.7599964141845703,5.424528180504365,,,,
9628,3.726564407348633,5.376295990035191,,,,
9629,3.715442657470703,5.360250696640295,,,,
9630,3.8032803535461426,5.486973705171444,,,,
9631,3.6424202919006348,5.254901691958376,,,,
9632,3.705364465713501,5.345710939371052,,,,
9633,3.70464825630188,5.3446776676046674,,,,
9634,3.6686792373657227,5.292785342359832,,,,
9635,3.738814353942871,5.393968927237854,,,,
9636,3.7306370735168457,5.382171605319269,,,,
9637,3.6248269081115723,5.22951980441344,,,,
9638,3.796854019165039,5.477702464428731,,,,
9639,3.659111499786377,5.278982014801583,,,,
9640,3.651193618774414,5.267558927131276,,,,
9641,3.7351083755493164,5.388622330587831,,,,
9642,3.8452320098876953,5.54749715173248,,,,
9643,3.748312473297119,5.407671816927999,,,,
9644,3.814373016357422,5.50297703479953,,,,
9645,3.7185144424438477,5.364682345587728,,,,
9646,3.663661003112793,5.285545560689112,,,,
9647,3.6977646350860596,5.334746701413246,,,,
9648,3.772583246231079,5.442687140678365,,,,
9649,3.787153720855713,5.463707892162723,,,,
9650,3.7581028938293457,5.42179640807806,,,,
9651,3.621936321258545,5.225349569095318,,,,
9652,3.6506550312042236,5.266781909514678,,,,
9653,3.7484962940216064,5.407937014175629,,,,
9654,3.7367162704467773,5.390942032582669,,,,
9655,3.702359437942505,5.341375600708102,,,,
9656,3.6309762001037598,5.238391357475547,,,,
9657,3.6241278648376465,5.2285112981487805,,,,
9658,3.7508766651153564,5.411371163748058,,,,
9659,3.736936569213867,5.391259856521463,,,,
9660,3.7566654682159424,5.419722641273956,,,,
9661,3.754086494445801,5.41600196860519,,,,
9662,3.6952362060546875,5.331098949388446,,,,
9663,3.7121691703796387,5.355528053047602,,,,
9664,3.7348077297210693,5.388188590342355,,,,
9665,3.711820125579834,5.355024487845876,,,,
9666,3.738504409790039,5.39352177234561,,,,
9667,3.7590367794036865,5.423143720164919,,,,
9668,3.685187578201294,5.316601843816616,,,,
9669,3.722400426864624,5.370288636040554,,,,
9670,3.6895666122436523,5.322919454513411,,,,
9671,3.740955114364624,5.397057391682048,,,,
9672,3.7862439155578613,5.462395320571338,,,,
9673,3.7182750701904297,5.3643370044247956,,,,
9674,3.691812038421631,5.326158919725062,,,,
9675,3.796952724456787,5.477844866063646,,,,
9676,3.7253715991973877,5.3745751316306585,,,,
9677,3.678229808807373,5.3065639044163575,,,,
9678,3.7008535861968994,5.339203115862403,,,,
9679,3.6825742721557617,5.312831640144402,,,,
9680,3.6722376346588135,5.297919024488087,,,,
9681,3.689908981323242,5.323413388686689,,,,
9682,3.719221591949463,5.3657025466726465,,,,
9683,3.695466995239258,5.331431907800516,,,,
9684,3.638394594192505,5.249093837838739,,,,
9685,3.704869508743286,5.344996867404669,,,,
9686,3.6317548751831055,5.239514748150983,,,,
9687,3.74820613861084,5.40751840840343,,,,
9688,3.668445110321045,5.292447568433538,,,,
9689,3.75504732131958,5.417388148771145,,,,
9690,3.745859146118164,5.404132413973242,,,,
9691,3.7381269931793213,5.392977275272979,,,,
9692,3.7098710536956787,5.352212571504269,,,,
9693,3.6989569664001465,5.3364668718871755,,,,
9694,3.7152302265167236,5.359944223556457,,,,
9695,3.727322578430176,5.377389799694679,,,,
9696,3.7447965145111084,5.4025993606234515,,,,
9697,3.7046799659729004,5.344723414989797,,,,
9698,3.6573920249938965,5.276501337045539,,,,
9699,3.7929511070251465,5.472071752439483,,,,
9700,3.7210187911987305,5.368295357117054,,,,
9701,3.766099691390991,5.433333348263239,,,,
9702,3.751223564147949,5.411871633262069,,,,
9703,3.720233917236328,5.367163023343773,,,,
9704,3.7260260581970215,5.375519316383895,,,,
9705,3.6735055446624756,5.299748231962664,,,,
9706,3.701981544494629,5.3408304157048665,,,,
9707,3.60337233543396,5.198567398807056,,,,
9708,3.857450485229492,5.565124685515314,,,,
9709,3.696506977081299,5.332932284446643,,,,
9710,3.7047359943389893,5.344804246835703,,,,
9711,3.6652143001556396,5.287786494629854,,,,
9712,3.6804912090301514,5.309826415303225,,,,
9713,3.660689353942871,5.281258377168403,,,,
9714,3.701643943786621,5.340343360837624,,,,
9715,3.756056070327759,5.418843465962746,,,,
9716,3.7232346534729004,5.371492170631292,,,,
9717,3.7164201736450195,5.361660954377371,,,,
9718,3.7539305686950684,5.415777015297861,,,,
9719,3.669219732284546,5.293565111698845,,,,
9720,3.7581989765167236,5.421935026094655,,,,
9721,3.724026918411255,5.372635167328926,,,,
9722,3.712538242340088,5.3560605113346735,,,,
9723,3.712905168533325,5.35658987393403,,,,
9724,3.7517619132995605,5.412648306913365,,,,
9725,3.5880179405212402,5.176415689410625,,,,
9726,3.7416462898254395,5.398054547091751,,,,
9727,3.7727255821228027,5.442892487963495,,,,
9728,3.776000499725342,5.447617195347998,,,,
9729,3.693086624145508,5.327997758228087,,,,
9730,3.682353973388672,5.312513816205607,,,,
9731,3.651956081390381,5.268658928166194,,,,
9732,3.718071937561035,5.364043945987725,,,,
9733,3.676168203353882,5.303589636452336,,,,
9734,3.7450079917907715,5.402904457846082,,,,
9735,3.7445147037506104,5.402192793636812,,,,
9736,3.708956241607666,5.350892776641548,,,,
9737,3.764517307281494,5.431050450555686,,,,
9738,3.778964042663574,5.451892684048448,,,,
9739,3.6659183502197266,5.28880222416585,,,,
9740,3.644998788833618,5.2586216766965395,,,,
9741,3.685012102127075,5.316348685354546,,,,
9742,3.6797852516174316,5.3088079340448155,,,,
9743,3.6311473846435547,5.238638324562186,,,,
9744,3.628467082977295,5.234771466640186,,,,
9745,3.7947537899017334,5.47467247408583,,,,
9746,3.7825450897216797,5.457059042880367,,,,
9747,3.70259428024292,5.3417144065303015,,,,
9748,3.660771369934082,5.2813767012321975,,,,
9749,3.7223587036132812,5.370228442112752,,,,
9750,3.675520896911621,5.302655770658151,,,,
9751,3.7307257652282715,5.382299560411511,,,,
9752,3.7497787475585938,5.409787203533612,,,,
9753,3.7839677333831787,5.4591114838357635,,,,
9754,3.6166276931762695,5.217690837687096,,,,
9755,3.7411606311798096,5.397353889772136,,,,
9756,3.729384183883667,5.3803640676587,,,,
9757,3.673150062561035,5.299235379697791,,,,
9758,3.7004618644714355,5.338637980871668,,,,
9759,3.696079730987549,5.332315898625951,,,,
9760,3.6773383617401123,5.305277818153205,,,,
9761,3.79474139213562,5.47465458789014,,,,
9762,3.6707353591918945,5.295751699121914,,,,
9763,3.7921934127807617,5.470978630710599,,,,
9764,3.6124353408813477,5.211642551821552,,,,
9765,3.6948633193969727,5.330560987656547,,,,
9766,3.7075934410095215,5.348926670976884,,,,
9767,3.741391897201538,5.39768753611481,,,,
9768,3.6786468029022217,5.307165499729075,,,,
9769,3.6480417251586914,5.263011705842463,,,,
9770,3.676952838897705,5.3047216262603145,,,,
9771,3.650071144104004,5.265939538490752,,,,
9772,3.63655686378479,5.246442553293038,,,,
9773,3.5971741676330566,5.189625332858096,,,,
9774,3.726548671722412,5.376273288325278,,,,
9775,3.695371389389038,5.331293977714524,,,,
9776,3.6813747882843018,5.31110115071142,,,,
9777,3.7879066467285156,5.464794134585572,,,,
9778,3.7744338512420654,5.445356999350359,,,,
9779,3.7137131690979004,5.357755572341578,,,,
9780,3.675328016281128,5.302377502729055,,,,
9781,3.6041641235351562,5.199709707574088,,,,
9782,3.68398380279541,5.3148651630082036,,,,
9783,3.689486503601074,5.322803882172031,,,,
9784,3.681910514831543,5.311874040744398,,,,
9785,3.726876974105835,5.376746928545754,,,,
9786,3.771845817565918,5.441623256000128,,,,
9787,3.6745553016662598,5.301262711186162,,,,
9788,3.6994614601135254,5.337194702465627,,,,
9789,3.7284326553344727,5.3789913021395135,,,,
9790,3.778536081314087,5.451275266331851,,,,
9791,3.804396152496338,5.488583462783519,,,,
9792,3.699848175048828,5.337752614185026,,,,
9793,3.8034563064575195,5.487227551564117,,,,
9794,3.734684944152832,5.388011448211966,,,,
9795,3.69588565826416,5.332035910870347,,,,
9796,3.6795473098754883,5.308464656673693,,,,
9797,3.7042062282562256,5.344039955935268,,,,
9798,3.7618043422698975,5.42713646938735,,,,
9799,3.6525673866271973,5.269540855199819,,,,
9800,3.6310558319091797,5.2385062418863235,4.153612518310547,5.992396181940945,,
9801,3.744523048400879,5.402204832422372,,,,
9802,3.6601099967956543,5.28042254148521,,,,
9803,3.7831900119781494,5.457989469021534,,,,
9804,3.7395224571228027,5.394990504183979,,,,
9805,3.718909740447998,5.365252640057989,,,,
9806,3.810152053833008,5.49688747309778,,,,
9807,3.72725772857666,5.37729624113261,,,,
9808,3.6847448348999023,5.315963100251311,,,,
9809,3.7453999519348145,5.403469936802119,,,,
9810,3.803528308868408,5.487331429085239,,,,
9811,3.658865451812744,5.278627042610203,,,,
9812,3.702404260635376,5.341440266184827,,,,
9813,3.6747474670410156,5.301539947219353,,,,
9814,3.686211109161377,5.318078486856924,,,,
9815,3.7164013385772705,5.361633781118534,,,,
9816,3.6570868492126465,5.2760610614593295,,,,
9817,3.7029378414154053,5.342210060530088,,,,
9818,3.6659061908721924,5.288784681935462,,,,
9819,3.659374713897705,5.2793617524946885,,,,
9820,3.6908702850341797,5.324800256783246,,,,
9821,3.701143264770508,5.339621033704,,,,
9822,3.6480977535247803,5.263092537688369,,,,
9823,3.73480224609375,5.388180679140415,,,,
9824,3.7651772499084473,5.432002546510862,,,,
9825,3.708134174346924,5.349706784281198,,,,
9826,3.697005033493042,5.333650827961948,,,,
9827,3.5838027000427246,5.170334382876116,,,,
9828,3.799727201461792,5.481847590279827,,,,
9829,3.7637529373168945,5.429947697798354,,,,
9830,3.7777891159057617,5.450197623041544,,,,
9831,3.7478861808776855,5.407056806968513,,,,
9832,3.843667984008789,5.54524073935316,,,,
9833,3.7541840076446533,5.416142650413596,,,,
9834,3.6970009803771973,5.333644980551819,,,,
9835,3.682727336883545,5.313052465868109,,,,
9836,3.665348768234253,5.287980491060027,,,,
9837,3.77406644821167,5.4448269488204,,,,
9838,3.6908228397369385,5.324731807688202,,,,
9839,3.713331937789917,5.357205571824118,,,,
9840,3.685023307800293,5.316364851723727,,,,
9841,3.72161865234375,5.369160773816195,,,,
9842,3.679037570953369,5.307729258858604,,,,
9843,3.773683786392212,5.44427488451113,,,,
9844,3.7181365489959717,5.364137160584493,,,,
9845,3.6729023456573486,5.2988779997492985,,,,
9846,3.7820374965667725,5.456326740752993,,,,
9847,3.6895768642425537,5.322934245021385,,,,
9848,3.7163009643554688,5.361488971726508,,,,
9849,3.7909255027770996,5.469149423236022,,,,
9850,3.7164201736450195,5.361660954377371,,,,
9851,3.6434943675994873,5.25645125564265,,,,
9852,3.7005019187927246,5.338695767042357,,,,
9853,3.6492130756378174,5.264701607369841,,,,
9854,3.684195041656494,5.315169916265532,,,,
9855,3.7578749656677246,5.42146757724961,,,,
9856,3.7731096744537354,5.443446616064575,,,,
9857,3.6967859268188477,5.333334723849662,,,,
9858,3.6679444313049316,5.291725241299914,,,,
9859,3.6072332859039307,5.204137572903202,,,,
9860,3.7589526176452637,5.42302230041341,,,,
9861,3.74863338470459,5.408134794224122,,,,
9862,3.664963960647583,5.287425331063043,,,,
9863,3.7087998390197754,5.350667135403616,,,,
9864,3.6195261478424072,5.221872423860174,,,,
9865,3.7812891006469727,5.455247033670876,,,,
9866,3.781994342803955,5.45626448303338,,,,
9867,3.7142410278320312,5.358517111519598,,,,
9868,3.7801713943481445,5.453634524336386,,,,
9869,3.7344818115234375,5.387718389774896,,,,
9870,3.6091103553771973,5.206845611723687,,,,
9871,3.7050986289978027,5.345327418059627,,,,
9872,3.6700401306152344,5.294748696302082,,,,
9873,3.6802632808685303,5.309497584474775,,,,
9874,3.7117323875427246,5.354897908614841,,,,
9875,3.7157833576202393,5.360742223056461,,,,
9876,3.7224631309509277,5.370379098914908,,,,
9877,3.6572470664978027,5.276292206142089,,,,
9878,3.798444986343384,5.479997744887147,,,,
9879,3.7031679153442383,5.342541987046253,,,,
9880,3.7480459213256836,5.4072872637206695,,,,
9881,3.728879451751709,5.379635893114948,,,,
9882,3.6076931953430176,5.20480108197023,,,,
9883,3.730099678039551,5.3813963075291795,,,,
9884,3.7165467739105225,5.361843599952587,,,,
9885,3.7042832374572754,5.344151056727726,,,,
9886,3.69972562789917,5.337575816019939,,,,
9887,3.7488059997558594,5.408383825102571,,,,
9888,3.688617706298828,5.321550472612542,,,,
9889,3.6206517219543457,5.223496284049621,,,,
9890,3.781323194503784,5.455296220709023,,,,
9891,3.7349250316619873,5.388357821270804,,,,
9892,3.676905393600464,5.304653177165272,,,,
9893,3.62624454498291,5.2315650220975005,,,,
9894,3.575169801712036,5.157879743265934,,,,
9895,3.696329116821289,5.332675686331556,,,,
9896,3.6419014930725098,5.254153223461821,,,,
9897,3.637911319732666,5.248396620172142,,,,
9898,3.702873945236206,5.342117877829225,,,,
9899,3.7653450965881348,5.432244698083277,,,,
9900,3.573228597640991,5.1550791777792835,,,,
9901,3.746428966522217,5.404954491044367,,,,
9902,3.7117252349853516,5.35488758965579,,,,
9903,3.6096858978271484,5.207675943962053,,,,
9904,3.7372117042541504,5.391656792479655,,,,
9905,3.606367588043213,5.202888634892636,,,,
9906,3.597088098526001,5.189501161384173,,,,
9907,3.7461795806884766,5.404594703338762,,,,
9908,3.770631790161133,5.439871784683741,,,,
9909,3.6596946716308594,5.279823353929604,,,,
9910,3.7087156772613525,5.350545715652107,,,,
9911,3.7968852519989014,5.477747523883258,,,,
9912,3.746677875518799,5.405313590819368,,,,
9913,3.7238590717315674,5.372393015756511,,,,
9914,3.679123878479004,5.307853774297828,,,,
9915,3.716212272644043,5.361361016634265,,,,
9916,3.609452247619629,5.207338857966362,,,,
9917,3.691490650177002,5.325695254498336,,,,
9918,3.6779441833496094,5.30615183398489,,,,
9919,3.7819483280181885,5.456198097730147,,,,
9920,3.623959541320801,5.228268458645762,,,,
9921,3.612879991531372,5.212284047109271,,,,
9922,3.663577079772949,5.285424484902904,,,,
9923,3.7999448776245117,5.482161630600302,,,,
9924,3.7413253784179688,5.397591569795628,,,,
9925,3.6960127353668213,5.332219244376166,,,,
9926,3.7265524864196777,5.376278791770106,,,,
9927,3.710702657699585,5.3534123224766885,,,,
9928,3.666187286376953,5.289190217026197,,,,
9929,3.7233047485351562,5.371593296429999,,,,
9930,3.6847314834594727,5.315943838194415,,,,
9931,3.7145612239837646,5.358979056919815,,,,
9932,3.6870529651641846,5.319293028337317,,,,
9933,3.655421018600464,5.273657775896172,,,,
9934,3.7398200035095215,5.395419772880532,,,,
9935,3.7043728828430176,5.344280387681175,,,,
9936,3.7253060340881348,5.374480541172684,,,,
9937,3.685359001159668,5.316849154868557,,,,
9938,3.666895866394043,5.290212481902925,,,,
9939,3.717592239379883,5.363351887800653,,,,
9940,3.6352083683013916,5.244497085546478,,,,
9941,3.7609448432922363,5.425896474474629,,,,
9942,3.6302239894866943,5.237306146948603,,,,
9943,3.659414052963257,5.279418506769473,,,,
9944,3.6800975799560547,5.3092585285900755,,,,
9945,3.662369966506958,5.283682988580267,,,,
9946,3.657851457595825,5.2771641581819635,,,,
9947,3.6325674057006836,5.240686981899263,,,,
9948,3.6751065254211426,5.3020579589637515,,,,
9949,3.6453795433044434,5.259170989283395,,,,
9950,3.750286340713501,5.410519505660986,,,,
9951,3.710435152053833,5.353026393408152,,,,
9952,3.6360573768615723,5.245721945985923,,,,
9953,3.6250863075256348,5.229894038661717,,,,
9954,3.7620580196380615,5.4275024484683865,,,,
9955,3.6972155570983887,5.333954549323372,,,,
9956,3.670783042907715,5.295820492182259,,,,
9957,3.657087564468384,5.276062093355235,,,,
9958,3.7405476570129395,5.396469554981399,,,,
9959,3.7104883193969727,5.353103097670437,,,,
9960,3.7526848316192627,5.413979796596345,,,,
9961,3.7828993797302246,5.457570175318731,,,,
9962,3.6935324668884277,5.328640973342314,,,,
9963,3.805962324142456,5.490842970850555,,,,
9964,3.6202025413513184,5.222848253421169,,,,
9965,3.6643619537353516,5.286556818676185,,,,
9966,3.666078567504883,5.289033368848609,,,,
9967,3.667943000793457,5.2917231775081035,,,,
9968,3.601444721221924,5.195786439342605,,,,
9969,3.7245802879333496,5.373433510794231,,,,
9970,3.7053470611572266,5.345685829904026,,,,
9971,3.630497932434082,5.237701363080285,,,,
9972,3.7466955184936523,5.405339044251696,,,,
9973,3.643670082092285,5.256704758070022,,,,
9974,3.738229274749756,5.393124836387419,,,,
9975,3.688697338104248,5.321665357023319,,,,
9976,3.6387834548950195,5.249654845245854,,,,
9977,3.654417037963867,5.272209338010606,,,,
9978,3.7265236377716064,5.376237171968596,,,,
9979,3.754230499267578,5.416209723647432,,,,
9980,3.628814697265625,5.2352729680501024,,,,
9981,3.74226713180542,5.398950232737445,,,,
9982,3.769845485687256,5.43873738711865,,,,
9983,3.7703957557678223,5.439531259035032,,,,
9984,3.6471474170684814,5.26172149199569,,,,
9985,3.6729583740234375,5.298958831595204,,,,
9986,3.690044641494751,5.323609104943371,,,,
9987,3.784348487854004,5.459660796422619,,,,
9988,3.6074843406677246,5.204499768365919,,,,
9989,3.721440076828003,5.368903143805203,,,,
9990,3.6981582641601562,5.335314588126395,,,,
9991,3.782857656478882,5.4575099813909285,,,,
9992,3.758406162261963,5.422233931941855,,,,
9993,3.7665507793426514,5.433984130614103,,,,
9994,3.7209038734436035,5.368129565841622,,,,
9995,3.788573741912842,5.4657565494998,,,,
9996,3.8041274547576904,5.488195813888475,,,,
9997,3.6830270290374756,5.313484830252379,,,,
9998,3.688476324081421,5.321346501188619,,,,
9999,3.744863986968994,5.40269670280384,,,,
10000,3.6687817573547363,5.292933247439574,4.058797073364258,5.855606409717254,,
10001,3.6725034713745117,5.298302545799511,,,,
10002,3.7412924766540527,5.39754410258399,,,,
10003,3.7607932090759277,5.425677712542732,,,,
10004,3.7356977462768555,5.389472612813696,,,,
10005,3.6854052543640137,5.316915884137091,,,,
10006,3.6746246814727783,5.3013628050889645,,,,
10007,3.7335901260375977,5.386431959546442,,,,
10008,3.6653738021850586,5.288016607416709,,,,
10009,3.773608922958374,5.444166879406389,,,,
10010,3.65226149559021,5.269099547717705,,,,
10011,3.6598706245422363,5.280077200322278,,,,
10012,3.664013385772705,5.286053941405062,,,,
10013,3.739386796951294,5.394794787927297,,,,
10014,3.74937105178833,5.409199022867661,,,,
10015,3.6793251037597656,5.308144081012485,,,,
10016,3.6933798789978027,5.32842083554921,,,,
10017,3.781355381011963,5.455342656024756,,,,
10018,3.7776119709014893,5.449942056822362,,,,
10019,3.6168103218078613,5.2179543151082175,,,,
10020,3.737272262573242,5.391744159666293,,,,
10021,3.5972580909729004,5.189746408644303,,,,
10022,3.621147871017456,5.2242120758425115,,,,
10023,3.7176339626312256,5.363412081728455,,,,
10024,3.734973430633545,5.388427646227054,,,,
10025,3.680828094482422,5.310312438274563,,,,
10026,3.724109649658203,5.3727545232886245,,,,
10027,3.560952663421631,5.137368748358733,,,,
10028,3.695350170135498,5.331263364802671,,,,
10029,3.6473710536956787,5.262044131448709,,,,
10030,3.7164502143859863,5.361704294005388,,,,
10031,3.731748104095459,5.38377448362531,,,,
10032,3.706434726715088,5.347254999610498,,,,
10033,3.617241382598877,5.218576204373737,,,,
10034,3.734926700592041,5.388360229027916,,,,
10035,3.7182564735412598,5.364310175131261,,,,
10036,3.693042755126953,5.32793446861257,,,,
10037,3.6713662147521973,5.2966618313102805,,,,
10038,3.677427291870117,5.305406117210749,,,,
10039,3.6531476974487305,5.270378066744219,,,,
10040,3.7082812786102295,5.349919010872362,,,,
10041,3.791764497756958,5.470359837132794,,,,
10042,3.6493186950683594,5.264853983998505,,,,
10043,3.720120668411255,5.366999639825454,,,,
10044,3.7366342544555664,5.390823708518875,,,,
10045,3.6708812713623047,5.29596220588657,,,,
10046,3.7298498153686523,5.38103583189297,,,,
10047,3.6203603744506836,5.223075958450912,,,,
10048,3.7142975330352783,5.358598631296107,,,,
10049,3.647996187210083,5.262946008469833,,,,
10050,3.620295286178589,5.2229820559235405,,,,
10051,3.716622829437256,5.361953324883837,,,,
10052,3.672959327697754,5.29896020745641,,,,
10053,3.6312026977539062,5.238718124512186,,,,
10054,3.6046881675720215,5.20046574330728,,,,
10055,3.6827220916748047,5.313044898631471,,,,
10056,3.6527156829833984,5.269754801617492,,,,
10057,3.5707027912139893,5.151435209372802,,,,
10058,3.7860260009765625,5.4620809362855605,,,,
10059,3.7517623901367188,5.412648994843969,,,,
10060,3.793800115585327,5.4732966128789275,,,,
10061,3.5688211917877197,5.148720635211584,,,,
10062,3.7606632709503174,5.425490251453291,,,,
10063,3.69406795501709,5.32941351940999,,,,
10064,3.71897554397583,5.365347574481265,,,,
10065,3.6698789596557617,5.294516175758115,,,,
10066,3.6123697757720947,5.211547961363578,,,,
10067,3.646634101867676,5.260980934701075,,,,
10068,3.668210506439209,5.29210910657664,,,,
10069,3.670441150665283,5.295327245939585,,,,
10070,3.6516990661621094,5.268288133570934,,,,
10071,3.675978660583496,5.303316184037464,,,,
10072,3.694902181625366,5.330617054000728,,,,
10073,3.544698715209961,5.113919257878891,,,,
10074,3.700815200805664,5.339147737448825,,,,
10075,3.6014513969421387,5.1957960703710535,,,,
10076,3.630016565322876,5.2370068971361015,,,,
10077,3.6121151447296143,5.211180606421335,,,,
10078,3.7553720474243164,5.4178566295120945,,,,
10079,3.6117329597473145,5.210629230042668,,,,
10080,3.6641035079956055,5.286183960289114,,,,
10081,3.7197160720825195,5.366415930708425,,,,
10082,3.6244051456451416,5.228911329794687,,,,
10083,3.7218637466430664,5.369514370146369,,,,
10084,3.7117767333984375,5.354961886160962,,,,
10085,3.6888108253479004,5.32182908450694,,,,
10086,3.6651759147644043,5.287731116216277,,,,
10087,3.6679389476776123,5.291717330097974,,,,
10088,3.702850103378296,5.342083481299053,,,,
10089,3.765995979309082,5.433183723356988,,,,
10090,3.7524633407592773,5.4136602528310425,,,,
10091,3.7317583560943604,5.383789274133284,,,,
10092,3.667121410369873,5.290537873078358,,,,
10093,3.681314468383789,5.3110141274900835,,,,
10094,3.664060592651367,5.286122046534804,,,,
10095,3.6317787170410156,5.239549144681155,,,,
10096,3.7244627475738525,5.37326393590048,,,,
10097,3.655424118041992,5.273662247445095,,,,
10098,3.6883840560913086,5.321213386616852,,,,
10099,3.806798219680786,5.492048913198405,,,,
10100,3.754108190536499,5.416033269447647,,,,
10101,3.7055253982543945,5.345943115949717,,,,
10102,3.78056001663208,5.4541951877782,,,,
10103,3.7162117958068848,5.361360328703662,,,,
10104,3.7150840759277344,5.3597333728265,,,,
10105,3.688584089279175,5.321501973504999,,,,
10106,3.609741687774658,5.207756431842657,,,,
10107,3.779237747192383,5.452287556214829,,,,
10108,3.686005115509033,5.317781300836233,,,,
10109,3.669948101043701,5.2946159256956165,,,,
10110,3.6529555320739746,5.270100830711028,,,,
10111,3.7732410430908203,5.443636140945826,,,,
10112,3.6606483459472656,5.281199215136507,,,,
10113,3.612640380859375,5.211938361981036,,,,
10114,3.61686110496521,5.218027579717485,,,,
10115,3.7538352012634277,5.415639429177172,,,,
10116,3.780000686645508,5.453388245180351,,,,
10117,3.734457492828369,5.38768330531412,,,,
10118,3.64208984375,5.254424956050185,,,,
10119,3.717813014984131,5.363670399670051,,,,
10120,3.662792682647705,5.284292839060227,,,,
10121,3.751974582672119,5.4129551239625044,,,,
10122,3.7123193740844727,5.3557447511876894,,,,
10123,3.7362797260284424,5.390312232115209,,,,
10124,3.601262092590332,5.195522961921483,,,,
10125,3.715038776397705,5.359668019419172,,,,
10126,3.767028570175171,5.434673437078762,,,,
10127,3.7458724975585938,5.404151676030139,,,,
10128,3.723419666290283,5.37175908770543,,,,
10129,3.6683833599090576,5.292358481420391,,,,
10130,3.690749168395996,5.32462552240997,,,,
10131,3.6692895889282227,5.29366589353225,,,,
10132,3.651930093765259,5.268621435948306,,,,
10133,3.6865689754486084,5.3185947787748145,,,,
10134,3.7073192596435547,5.3485311108799,,,,
10135,3.6060874462127686,5.202484475663108,,,,
10136,3.688960075378418,5.32204440678582,,,,
10137,3.692991256713867,5.327860172107397,,,,
10138,3.646764039993286,5.2611683957905155,,,,
10139,3.5928101539611816,5.18332939197531,,,,
10140,3.688058853149414,5.320744217945298,,,,
10141,3.7741127014160156,5.444893678088935,,,,
10142,3.6883859634399414,5.321216138339265,,,,
10143,3.6436123847961426,5.256621518467004,,,,
10144,3.6941816806793213,5.329577590858913,,,,
10145,3.652434825897217,5.26934961049206,,,,
10146,3.6180882453918457,5.219797969125467,,,,
10147,3.655643939971924,5.273979383453286,,,,
10148,3.6244828701019287,5.22902346248305,,,,
10149,3.672919988632202,5.298903453181626,,,,
10150,3.74347186088562,5.400688289407064,,,,
10151,3.739992141723633,5.395668115828379,,,,
10152,3.6500015258789062,5.265839100622648,,,,
10153,3.619628667831421,5.222020328939916,,,,
10154,3.6844630241394043,5.3155565332646715,,,,
10155,3.662264823913574,5.283531299882206,,,,
10156,3.6006999015808105,5.194711891740014,,,,
10157,3.64045786857605,5.252070513559873,,,,
10158,3.659036159515381,5.2788733217662385,,,,
10159,3.5723531246185303,5.153816137191347,,,,
10160,3.603461980819702,5.198696729760505,,,,
10161,3.773136615753174,5.44348548414367,,,,
10162,3.7543013095855713,5.416311881342045,,,,
10163,3.6436500549316406,5.256675864984677,,,,
10164,3.650472640991211,5.266518776058858,,,,
10165,3.6357944011688232,5.24534255225812,,,,
10166,3.6791882514953613,5.307946644929294,,,,
10167,3.800307512283325,5.4826848018242265,,,,
10168,3.675553321838379,5.302702549939186,,,,
10169,3.7840371131896973,5.459211577738565,,,,
10170,3.667198896408081,5.290649661801418,,,,
10171,3.5991854667663574,5.192527024143453,,,,
10172,3.625298023223877,5.23019947984965,,,,
10173,3.695992946624756,5.332190695256123,,,,
10174,3.6481032371520996,5.263100448890309,,,,
10175,3.7002310752868652,5.338305022459597,,,,
10176,3.651191234588623,5.267555487478258,,,,
10177,3.638000965118408,5.248525951125591,,,,
10178,3.6992545127868652,5.336896140583729,,,,
10179,3.6044626235961914,5.200140352131847,,,,
10180,3.6359329223632812,5.245542396098422,,,,
10181,3.686034917831421,5.317824296498949,,,,
10182,3.7652270793914795,5.432074435258923,,,,
10183,3.591824769973755,5.181907783383278,,,,
10184,3.6500744819641113,5.265944354004976,,,,
10185,3.7589492797851562,5.4230174848991854,,,,
10186,3.6275382041931152,5.2334313778246635,,,,
10187,3.7716565132141113,5.4413501475505575,,,,
10188,3.6494882106781006,5.265098543328032,,,,
10189,3.65733003616333,5.276411906067089,,,,
10190,3.6704230308532715,5.295301104576653,,,,
10191,3.7261781692504883,5.375738766246396,,,,
10192,3.5981998443603516,5.19110507158612,,,,
10193,3.6816914081573486,5.311557936632112,,,,
10194,3.6788711547851562,5.307489171077999,,,,
10195,3.633249282836914,5.241670722662199,,,,
10196,3.592426300048828,5.182775607839532,,,,
10197,3.714717388153076,5.359204354192446,,,,
10198,3.6886487007141113,5.3215951881017665,,,,
10199,3.6282172203063965,5.234410991003978,,,,
10200,3.6823816299438477,5.312553716180608,4.12404499053955,5.949739256254381,,
10201,3.6116702556610107,5.210538767168315,,,,
10202,3.674100399017334,5.30060642539047,,,,
10203,3.6779561042785645,5.306169032249977,,,,
10204,3.694106101989746,5.329468553858266,,,,
10205,3.6593799591064453,5.279369319731327,,,,
10206,3.6220202445983887,5.225470644881526,,,,
10207,3.729624032974243,5.380710096752236,,,,
10208,3.6738767623901367,5.3002837859374505,,,,
10209,3.803431510925293,5.487191779172738,,,,
10210,3.690357208251953,5.324060043453932,,,,
10211,3.6705214977264404,5.295443162246267,,,,
10212,3.5985279083251953,5.191578367841294,,,,
10213,3.7632288932800293,5.42919166206516,,,,
10214,3.743795394897461,5.401155050321505,,,,
10215,3.697310447692871,5.334091447513458,,,,
10216,3.664607524871826,5.286911102936962,,,,
10217,3.691157817840576,5.325215078937127,,,,
10218,3.6165409088134766,5.217565634317268,,,,
10219,3.6640703678131104,5.286136149112175,,,,
10220,3.6134510040283203,5.213107844006903,,,,
10221,3.666271209716797,5.289311292812404,,,,
10222,3.610383987426758,5.2086830743655055,,,,
10223,3.6837987899780273,5.314598245934064,,,,
10224,3.6515650749206543,5.268094825071365,,,,
10225,3.628067970275879,5.234195668725098,,,,
10226,3.7402327060699463,5.396015176817819,,,,
10227,3.6382617950439453,5.2489022491656785,,,,
10228,3.5395121574401855,5.106436636705152,,,,
10229,3.582639217376709,5.1686558322036955,,,,
10230,3.6599793434143066,5.280234048499865,,,,
10231,3.7407009601593018,5.396690724670409,,,,
10232,3.656161308288574,5.2747257881580305,,,,
10233,3.708913564682007,5.350831206852539,,,,
10234,3.6477785110473633,5.262631968149358,,,,
10235,3.7167551517486572,5.362144225626294,,,,
10236,3.6991047859191895,5.336680130374245,,,,
10237,3.5945777893066406,5.185879550722304,,,,
10238,3.6757893562316895,5.303043075587894,,,,
10239,3.666677236557007,5.2898970657212425,,,,
10240,3.6671977043151855,5.2906479419749095,,,,
10241,3.573194980621338,5.15503067867174,,,,
10242,3.6182801723480225,5.220074861193356,,,,
10243,3.6554856300354004,5.273750990492941,,,,
10244,3.6911368370056152,5.325184809990575,,,,
10245,3.690477132797241,5.324233058000701,,,,
10246,3.707197666168213,5.34835568857602,,,,
10247,3.6373915672302246,5.247646775814379,,,,
10248,3.6299872398376465,5.236964589403989,,,,
10249,3.675577402114868,5.30273729043466,,,,
10250,3.7397801876068115,5.395362330675145,,,,
10251,3.6462600231170654,5.260441253142668,,,,
10252,3.59854793548584,5.191607260926639,,,,
10253,3.6309423446655273,5.238342514402702,,,,
10254,3.682415008544922,5.3126018713228484,,,,
10255,3.732386827468872,5.384695966668633,,,,
10256,3.6099185943603516,5.208011654096537,,,,
10257,3.6515650749206543,5.268094825071365,,,,
10258,3.6777358055114746,5.305851208311182,,,,
10259,3.713279962539673,5.357130587388342,,,,
10260,3.653022289276123,5.270197140995511,,,,
10261,3.728267192840576,5.378752590220116,,,,
10262,3.64821720123291,5.263264864304533,,,,
10263,3.6105289459228516,5.208892205268954,,,,
10264,3.6005337238311768,5.194472147924712,,,,
10265,3.650545597076416,5.266624029441186,,,,
10266,3.5823657512664795,5.168261304002616,,,,
10267,3.751603126525879,5.412419226022416,,,,
10268,3.7330613136291504,5.385669044507215,,,,
10269,3.6405649185180664,5.252224953980348,,,,
10270,3.6308400630950928,5.238194953288262,,,,
10271,3.60359525680542,5.19888900636417,,,,
10272,3.6595308780670166,5.2795870497673185,,,,
10273,3.681854724884033,5.311793552863794,,,,
10274,3.6903176307678223,5.324002945213846,,,,
10275,3.631467580795288,5.239100269962403,,,,
10276,3.6278843879699707,5.233930815442769,,,,
10277,3.6836535930633545,5.314388771065313,,,,
10278,3.638777256011963,5.249645902148009,,,,
10279,3.6303999423980713,5.237559993341276,,,,
10280,3.5808701515197754,5.166103609664891,,,,
10281,3.6473264694213867,5.261979809937286,,,,
10282,3.7042150497436523,5.344052682651433,,,,
10283,3.694990634918213,5.330744665127668,,,,
10284,3.6269874572753906,5.232636817977677,,,,
10285,3.7191333770751953,5.365575279511008,,,,
10286,3.62774920463562,5.23373578711669,,,,
10287,3.572890281677246,5.154591091016135,,,,
10288,3.785329580307007,5.46107621363922,,,,
10289,3.6660289764404297,5.288961824065851,,,,
10290,3.665587902069092,5.288325488257658,,,,
10291,3.6252834796905518,5.230178497966245,,,,
10292,3.628727912902832,5.235147764680274,,,,
10293,3.6125288009643555,5.211777386219829,,,,
10294,3.6853244304656982,5.316799279899806,,,,
10295,3.7599616050720215,5.424477961570313,,,,
10296,3.729719638824463,5.380848026838229,,,,
10297,3.635091781616211,5.244328886513935,,,,
10298,3.7104384899139404,5.353031208922376,,,,
10299,3.650505781173706,5.266566587235797,,,,
10300,3.687997817993164,5.3206561628280555,,,,
10301,3.6303906440734863,5.237546578694508,,,,
10302,3.618696451187134,5.220675424610169,,,,
10303,3.668980121612549,5.2932194265706105,,,,
10304,3.74055814743042,5.396484689454675,,,,
10305,3.6622934341430664,5.283572575718414,,,,
10306,3.656902313232422,5.2757948323157935,,,,
10307,3.6561379432678223,5.274692079558462,,,,
10308,3.6535372734069824,5.270940106047239,,,,
10309,3.594048023223877,5.1851152598218695,,,,
10310,3.6761789321899414,5.303605114890914,,,,
10311,3.6876869201660156,5.320207632074606,,,,
10312,3.6284892559051514,5.234803455413247,,,,
10313,3.7088403701782227,5.350725609504909,,,,
10314,3.6281189918518066,5.234269277299667,,,,
10315,3.622816562652588,5.226619488989289,,,,
10316,3.636800765991211,5.2467944297967035,,,,
10317,3.6357741355895996,5.245313315207473,,,,
10318,3.71770977973938,5.363521462694404,,,,
10319,3.5997157096862793,5.1932920029744905,,,,
10320,3.7461013793945312,5.404481882719796,,,,
10321,3.635007381439209,5.244207122797124,,,,
10322,3.620112419128418,5.222718234537117,,,,
10323,3.5968871116638184,5.189211198634818,,,,
10324,3.6676831245422363,5.291348255329223,,,,
10325,3.62711501121521,5.2328208394141,,,,
10326,3.753370761871338,5.414969384769409,,,,
10327,3.640641212463379,5.2523350228769,,,,
10328,3.649724245071411,5.2654390689767405,,,,
10329,3.6993355751037598,5.337013088786316,,,,
10330,3.632451057434082,5.240519126832021,,,,
10331,3.657405376434326,5.276520599102435,,,,
10332,3.730372428894043,5.381789803834353,,,,
10333,3.610506296157837,5.2088595285652906,,,,
10334,3.696718454360962,5.3332373816692735,,,,
10335,3.7248549461364746,5.373829758821819,,,,
10336,3.63303279876709,5.241358402168232,,,,
10337,3.6213765144348145,5.224541938566866,,,,
10338,3.6556081771850586,5.273927788658027,,,,
10339,3.637803554534912,5.248241147855762,,,,
10340,3.712700843811035,5.3562950956704505,,,,
10341,3.5792315006256104,5.163739536146131,,,,
10342,3.677921772003174,5.306119501246528,,,,
10343,3.662534713745117,5.28392066860376,,,,
10344,3.554227590560913,5.1276665190929585,,,,
10345,3.626221179962158,5.231531313497931,,,,
10346,3.706291675567627,5.3470486204294625,,,,
10347,3.6024656295776367,5.197259298764594,,,,
10348,3.587641716003418,5.175872912164502,,,,
10349,3.6870384216308594,5.319272046453912,,,,
10350,3.6685104370117188,5.292541814926211,,,,
10351,3.612410068511963,5.211606091499569,,,,
10352,3.5405735969543457,5.107967970228434,,,,
10353,3.6533122062683105,5.2706154028024095,,,,
10354,3.6869771480560303,5.319183647371369,,,,
10355,3.605926990509033,5.202252987015046,,,,
10356,3.5883066654205322,5.176832231391015,,,,
10357,3.652402639389038,5.269303175176327,,,,
10358,3.6978423595428467,5.334858834101608,,,,
10359,3.754251480102539,5.416239992593984,,,,
10360,3.6333611011505127,5.241832042388708,,,,
10361,3.692349433898926,5.326934217515152,,,,
10362,3.6116623878479004,5.210527416313358,,,,
10363,3.658977508544922,5.278788706302014,,,,
10364,3.6756017208099365,5.302772374895436,,,,
10365,3.6711206436157227,5.296307547049503,,,,
10366,3.622994899749756,5.22687677503498,,,,
10367,3.607804775238037,5.2049620577314375,,,,
10368,3.6521236896514893,5.2689007357733075,,,,
10369,3.6718883514404297,5.297415115321059,,,,
10370,3.7039668560028076,5.343694614772336,,,,
10371,3.6804287433624268,5.309736296394172,,,,
10372,3.6848859786987305,5.316166727709933,,,,
10373,3.6201274394989014,5.222739904351126,,,,
10374,3.769789218902588,5.438656211307443,,,,
10375,3.729046106338501,5.379876324860853,,,,
10376,3.7128405570983887,5.356496659337262,,,,
10377,3.638153553009033,5.248746088918695,,,,
10378,3.635096311569214,5.244335421854667,,,,
10379,3.6980652809143066,5.335180441658721,,,,
10380,3.620993137359619,5.223988842361692,,,,
10381,3.6132209300994873,5.212775917490738,,,,
10382,3.7366700172424316,5.390875303314134,,,,
10383,3.724665641784668,5.373556650372249,,,,
10384,3.650334358215332,5.266319276183856,,,,
10385,3.655717372894287,5.274085324766218,,,,
10386,3.6969807147979736,5.333615743501172,,,,
10387,3.5978643894195557,5.190621112406592,,,,
10388,3.681365489959717,5.3110877360646525,,,,
10389,3.6475305557250977,5.262274244235563,,,,
10390,3.6078784465789795,5.205068343009671,,,,
10391,3.7904186248779297,5.468418153004554,,,,
10392,3.5830984115600586,5.169318309374819,,,,
10393,3.7730400562286377,5.443346178196472,,,,
10394,3.646719455718994,5.261104074279093,,,,
10395,3.6049857139587402,5.2008950120038335,,,,
10396,3.667902708053589,5.2916650473721125,,,,
10397,3.7086119651794434,5.350396090745856,,,,
10398,3.6013317108154297,5.195623399789587,,,,
10399,3.669135093688965,5.293443004016732,,,,
10400,3.629504919052124,5.236268747598598,4.1545990943908695,5.993819510359486,,
10401,3.680938243865967,5.310471350243961,,,,
10402,3.724552631378174,5.373393610819231,,,,
10403,3.7164549827575684,5.361711173311422,,,,
10404,3.637169122695923,5.24732585618787,,,,
10405,3.6578116416931152,5.277106715976576,,,,
10406,3.62931489944458,5.235994607253123,,,,
10407,3.5751700401306152,5.157880087231235,,,,
10408,3.6549270153045654,5.272945079790997,,,,
10409,3.628037929534912,5.23415232909708,,,,
10410,3.662097454071045,5.283289836240395,,,,
10411,3.6578991413116455,5.277232951242309,,,,
10412,3.751228094100952,5.411878168602802,,,,
10413,3.6601600646972656,5.280494774198573,,,,
10414,3.6737570762634277,5.300111115355985,,,,
10415,3.6274685859680176,5.233330939956559,,,,
10416,3.6229519844055176,5.226814861280669,,,,
10417,3.6924896240234375,5.327136469112567,,,,
10418,3.577694892883301,5.1615226797765095,,,,
10419,3.6148793697357178,5.215168540129542,,,,
10420,3.6941518783569336,5.329534595196198,,,,
10421,3.636538028717041,5.246415380034202,,,,
10422,3.6907033920288086,5.324559481072038,,,,
10423,3.7106668949127197,5.353360727681429,,,,
10424,3.600649833679199,5.1946396590266515,,,,
10425,3.664285659790039,5.286446749779633,,,,
10426,3.681044101715088,5.310624070837926,,,,
10427,3.6474852561950684,5.262208890828235,,,,
10428,3.796975612640381,5.477877886732611,,,,
10429,3.572605609893799,5.154180396445875,,,,
10430,3.6948604583740234,5.330556860072926,,,,
10431,3.649960517883301,5.265779938590751,,,,
10432,3.700983762741089,5.339390920917145,,,,
10433,3.5241308212280273,5.084246059229625,,,,
10434,3.5945611000061035,5.185855473151183,,,,
10435,3.660274028778076,5.2806591896127975,,,,
10436,3.7454864978790283,5.4035947962066455,,,,
10437,3.6670303344726562,5.290406478333098,,,,
10438,3.580142021179199,5.165053139633421,,,,
10439,3.6581082344055176,5.277534608811922,,,,
10440,3.6026978492736816,5.1975943209684745,,,,
10441,3.5748414993286133,5.157406103045457,,,,
10442,3.6477668285369873,5.262615113849574,,,,
10443,3.633347988128662,5.2418131242971135,,,,
10444,3.68392276763916,5.314777107890961,,,,
10445,3.6354427337646484,5.2448352034380745,,,,
10446,3.6155481338500977,5.216133362800882,,,,
10447,3.6427557468414307,5.255385651137904,,,,
10448,3.722837448120117,5.3709191244386165,,,,
10449,3.7141361236572266,5.3583657667868385,,,,
10450,3.7308406829833984,5.3824653516869425,,,,
10451,3.6302318572998047,5.237317497803559,,,,
10452,3.713318109512329,5.357185621836618,,,,
10453,3.638260841369629,5.248900873304471,,,,
10454,3.670511245727539,5.295428371738292,,,,
10455,3.6216580867767334,5.2249481615882045,,,,
10456,3.603181838989258,5.1982925705309775,,,,
10457,3.5492143630981445,5.120433960693574,,,,
10458,3.5760769844055176,5.159188531238999,,,,
10459,3.673856019973755,5.300253860956201,,,,
10460,3.7029008865356445,5.342156745908321,,,,
10461,3.569117546081543,5.149148184081628,,,,
10462,3.7500932216644287,5.410240893766588,,,,
10463,3.5933709144592285,5.1841383983649685,,,,
10464,3.62423038482666,5.228659203228522,,,,
10465,3.8133230209350586,5.50146221161073,,,,
10466,3.6671369075775146,5.29056023082297,,,,
10467,3.7152652740478516,5.359994786455811,,,,
10468,3.6265780925750732,5.232046229554614,,,,
10469,3.6075096130371094,5.2045362286879016,,,,
10470,3.6541261672973633,5.2717897003425005,,,,
10471,3.647312879562378,5.261960203915088,,,,
10472,3.682000160217285,5.3120033716978465,,,,
10473,3.7416977882385254,5.398128843596924,,,,
10474,3.6739821434020996,5.300435818600814,,,,
10475,3.709411859512329,5.351550094333145,,,,
10476,3.6209840774536133,5.223975771680227,,,,
10477,3.6612510681152344,5.2820687594192695,,,,
10478,3.6635992527008057,5.285456473675965,,,,
10479,3.7060911655426025,5.346759345610711,,,,
10480,3.642131805419922,5.254485493943289,,,,
10481,3.620694637298584,5.223558197803931,,,,
10482,3.677051544189453,5.3048640278952295,,,,
10483,3.5963752269744873,5.188472705132013,,,,
10484,3.6110382080078125,5.20962691515344,,,,
10485,3.6858251094818115,5.31752160703343,,,,
10486,3.707965612411499,5.349463600812878,,,,
10487,3.718728542327881,5.364991226428677,,,,
10488,3.763659954071045,5.429813551330681,,,,
10489,3.644838333129883,5.258390188048478,,,,
10490,3.638334274291992,5.2490068146174025,,,,
10491,3.593170166015625,5.183848779580916,,,,
10492,3.7227237224578857,5.3707550529896935,,,,
10493,3.7180376052856445,5.363994414984277,,,,
10494,3.6457672119140625,5.259730276864,,,,
10495,3.685023784637451,5.31636553965433,,,,
10496,3.6032779216766357,5.198431188547573,,,,
10497,3.6900205612182617,5.323574364447896,,,,
10498,3.7337646484375,5.386683742147305,,,,
10499,3.635038375854492,5.244251838286348,,,,
10500,3.6041781902313232,5.1997300015268895,,,,
10501,3.7346043586730957,5.387895187939983,,,,
10502,3.6175739765167236,5.219056035969644,,,,
10503,3.6029460430145264,5.197952388847571,,,,
10504,3.6474595069885254,5.262171742575649,,,,
10505,3.5518782138824463,5.124277085009754,,,,
10506,3.7022695541381836,5.341245925789352,,,,
10507,3.6087050437927246,5.206260870710754,,,,
10508,3.5295557975769043,5.09207264570509,,,,
10509,3.702833890914917,5.342060091658536,,,,
10510,3.689027786254883,5.322142092931511,,,,
10511,3.7462685108184814,5.404723002396305,,,,
10512,3.654299736022949,5.272040107082157,,,,
10513,3.678811550140381,5.307403179752567,,,,
10514,3.669375419616699,5.293789721040872,,,,
10515,3.696895122528076,5.333492259957852,,,,
10516,3.767519474029541,5.435381661635015,,,,
10517,3.623704433441162,5.227900415772916,,,,
10518,3.6442174911499023,5.257494502402785,,,,
10519,3.620269298553467,5.222944563705653,,,,
10520,3.613921642303467,5.21378683151251,,,,
10521,3.5991172790527344,5.19242865006716,,,,
10522,3.682784080505371,5.31313432960992,,,,
10523,3.6711435317993164,5.2963405677184685,,,,
10524,3.6258747577667236,5.231031531914524,,,,
10525,3.613222122192383,5.212777637317247,,,,
10526,3.666074275970459,5.289027177473178,,,,
10527,3.5873172283172607,5.175404775388854,,,,
10528,3.6883277893066406,5.3211322108056445,,,,
10529,3.7083466053009033,5.350013257365036,,,,
10530,3.697655200958252,5.334588821339754,,,,
10531,3.744710683822632,5.40247553311483,,,,
10532,3.6979987621307373,5.33508447533954,,,,
10533,3.652519941329956,5.269472406104775,,,,
10534,3.6869819164276123,5.319190526677403,,,,
10535,3.6599009037017822,5.280120883915597,,,,
10536,3.584576368331909,5.171450550280216,,,,
10537,3.6221864223480225,5.225710388696829,,,,
10538,3.6560778617858887,5.274605400302427,,,,
10539,3.655531406402588,5.2738170318308715,,,,
10540,3.630830764770508,5.238181538641494,,,,
10541,3.630509853363037,5.237718561345371,,,,
10542,3.674274206161499,5.300857176095428,,,,
10543,3.6475934982299805,5.262365051075219,,,,
10544,3.65297794342041,5.27013316344939,,,,
10545,3.5423126220703125,5.110476853139221,,,,
10546,3.6884140968322754,5.321256726244869,,,,
10547,3.682300567626953,5.312436767978021,,,,
10548,3.67421555519104,5.300772560631203,,,,
10549,3.677046537399292,5.304856804623893,,,,
10550,3.6729822158813477,5.298993228125377,,,,
10551,3.784454822540283,5.459814204947189,,,,
10552,3.7726073265075684,5.442721881173839,,,,
10553,3.6640641689300537,5.28612720601433,,,,
10554,3.6017675399780273,5.196252168361141,,,,
10555,3.735990285873413,5.389894658238914,,,,
10556,3.6709957122802734,5.296127309231399,,,,
10557,3.6268138885498047,5.232386411238021,,,,
10558,3.5979459285736084,5.190738748539782,,,,
10559,3.606199264526367,5.202645795389618,,,,
10560,3.672799587249756,5.298729750704255,,,,
10561,3.606520414352417,5.203109116651041,,,,
10562,3.679575204849243,5.308504900613995,,,,
10563,3.569154977798462,5.149202186634,,,,
10564,3.624018669128418,5.22835376204059,,,,
10565,3.6562659740448,5.274876788925488,,,,
10566,3.692568302154541,5.327249977662136,,,,
10567,3.7317023277282715,5.383708442287379,,,,
10568,3.6948189735412598,5.330497010110426,,,,
10569,3.711820125579834,5.355024487845876,,,,
10570,3.6546244621276855,5.272508587823108,,,,
10571,3.700166940689087,5.338212495793433,,,,
10572,3.6141796112060547,5.214159001968977,,,,
10573,3.643602132797241,5.2566067279590305,,,,
10574,3.593280792236328,5.184008379480916,,,,
10575,3.616830348968506,5.217983208193562,,,,
10576,3.6252574920654297,5.230141005748356,,,,
10577,3.6389946937561035,5.249959598503183,,,,
10578,3.643723726272583,5.256782150262911,,,,
10579,3.583850860595703,5.170403863867064,,,,
10580,3.747823476791382,5.40696634409416,,,,
10581,3.610506296157837,5.2088595285652906,,,,
10582,3.6241114139556885,5.228487564542961,,,,
10583,3.721797466278076,5.36941874779249,,,,
10584,3.61458683013916,5.2147464947043245,,,,
10585,3.6254920959472656,5.230479467605254,,,,
10586,3.635439395904541,5.244830387923851,,,,
10587,3.5538854598999023,5.127172928884982,,,,
10588,3.649461269378662,5.265059675248938,,,,
10589,3.712137222290039,5.355481961697171,,,,
10590,3.627653121948242,5.233597169100095,,,,
10591,3.6518445014953613,5.268497952404987,,,,
10592,3.6532912254333496,5.270585133855858,,,,
10593,3.6156833171844482,5.216328391126961,,,,
10594,3.674362897872925,5.3009851311876695,,,,
10595,3.747298002243042,5.406208244569156,,,,
10596,3.5983076095581055,5.1912605439025,,,,
10597,3.673409938812256,5.2996103018766725,,,,
10598,3.690110206604004,5.323703695401345,,,,
10599,3.6525025367736816,5.2694472966377495,,,,
10600,3.717780113220215,5.363622932458413,4.184223556518555,6.036558574960101,,
10601,3.5765609741210938,5.159886780801503,,,,
10602,3.619637966156006,5.2220337435866835,,,,
10603,3.6918253898620605,5.326178181781959,,,,
10604,3.595715284347534,5.187520609176837,,,,
10605,3.70577335357666,5.346300839863511,,,,
10606,3.5845842361450195,5.171461901135173,,,,
10607,3.5675103664398193,5.146829513982696,,,,
10608,3.635404109954834,5.2447794810591954,,,,
10609,3.702686309814453,5.341847177136768,,,,
10610,3.675607442855835,5.302780630062677,,,,
10611,3.610595703125,5.208988515553438,,,,
10612,3.661032199859619,5.281752999272285,,,,
10613,3.6867928504943848,5.318917762193134,,,,
10614,3.6187119483947754,5.220697782354781,,,,
10615,3.5879321098327637,5.176291861902004,,,,
10616,3.6584372520446777,5.278009280928304,,,,
10617,3.707395076751709,5.348640491845849,,,,
10618,3.7230560779571533,5.371234540620299,,,,
10619,3.5991158485412598,5.192426586275349,,,,
10620,3.6602025032043457,5.28055600002228,,,,
10621,3.6216464042663574,5.22493130728842,,,,
10622,3.6724278926849365,5.298193508798865,,,,
10623,3.6906940937042236,5.32454606642527,,,,
10624,3.6154990196228027,5.2160625059487264,,,,
10625,3.728043556213379,5.378429950767098,,,,
10626,3.6368370056152344,5.246846712522566,,,,
10627,3.643594264984131,5.256595377104073,,,,
10628,3.623042583465576,5.226945568095325,,,,
10629,3.6588306427001953,5.2785768236761506,,,,
10630,3.6372218132019043,5.247401872519551,,,,
10631,3.6293692588806152,5.236073031341916,,,,
10632,3.60256028175354,5.197395852989379,,,,
10633,3.5849876403808594,5.172043890425693,,,,
10634,3.643886089324951,5.257016390633385,,,,
10635,3.6683874130249023,5.29236432883052,,,,
10636,3.706925868988037,5.3479635681320525,,,,
10637,3.6284914016723633,5.234806551100962,,,,
10638,3.676661491394043,5.304301300661606,,,,
10639,3.536827802658081,5.102563931373023,,,,
10640,3.640547275543213,5.25219950054802,,,,
10641,3.713092565536499,5.356860230661185,,,,
10642,3.5864107608795166,5.174097019311692,,,,
10643,3.6263725757598877,5.231749731464527,,,,
10644,3.578831672668457,5.163162706335137,,,,
10645,3.713820695877075,5.357910700692655,,,,
10646,3.6202232837677,5.22287817840242,,,,
10647,3.590630054473877,5.180184173256331,,,,
10648,3.6162450313568115,5.217138773377826,,,,
10649,3.6373190879821777,5.2475422103626554,,,,
10650,3.7514824867248535,5.412245179579743,,,,
10651,3.619389057159424,5.2216746438116814,,,,
10652,3.5992417335510254,5.192608199954661,,,,
10653,3.7727103233337402,5.442870474184185,,,,
10654,3.6640548706054688,5.286113791367563,,,,
10655,3.632410764694214,5.24046099669603,,,,
10656,3.627577304840088,5.233487788134147,,,,
10657,3.67859148979187,5.307085699779075,,,,
10658,3.7191574573516846,5.365610020006482,,,,
10659,3.696803569793701,5.33336017728199,,,,
10660,3.579951286315918,5.16477796739204,,,,
10661,3.7130284309387207,5.356767703995022,,,,
10662,3.6084046363830566,5.2058274744305795,,,,
10663,3.7060821056365967,5.346746274929246,,,,
10664,3.7355549335479736,5.389266577597963,,,,
10665,3.7036590576171875,5.343250555567808,,,,
10666,3.6548352241516113,5.272812653149833,,,,
10667,3.6502888202667236,5.266253578811227,,,,
10668,3.669691562652588,5.29424581903096,,,,
10669,3.7000813484191895,5.338089012250114,,,,
10670,3.6808383464813232,5.310327228782537,,,,
10671,3.584261894226074,5.170996860047239,,,,
10672,3.6171514987945557,5.218446529454987,,,,
10673,3.582350492477417,5.168239290223306,,,,
10674,3.6164469718933105,5.217430111988388,,,,
10675,3.6511895656585693,5.2675530797211465,,,,
10676,3.620682716369629,5.223540999538845,,,,
10677,3.6327292919158936,5.240920534339136,,,,
10678,3.608293056488037,5.2056664986693715,,,,
10679,3.729426383972168,5.380424949517106,,,,
10680,3.63283109664917,5.241067407522972,,,,
10681,3.6277592182159424,5.2337502336593635,,,,
10682,3.6862385272979736,5.318118042866622,,,,
10683,3.667292594909668,5.290784840164997,,,,
10684,3.652367353439331,5.269252268311671,,,,
10685,3.6585211753845215,5.278130356714511,,,,
10686,3.5775818824768066,5.161359640223491,,,,
10687,3.677278518676758,5.305191482862472,,,,
10688,3.635483980178833,5.244894709435273,,,,
10689,3.544562339782715,5.113722509726304,,,,
10690,3.7320408821105957,5.384196873015829,,,,
10691,3.710505485534668,5.353127863172161,,,,
10692,3.7044522762298584,5.34439492812665,,,,
10693,3.6156435012817383,5.216270948921572,,,,
10694,3.5584468841552734,5.133753673037597,,,,
10695,3.6036717891693115,5.198999419226024,,,,
10696,3.6052496433258057,5.2012757815928445,,,,
10697,3.701624870300293,5.340315843613485,,,,
10698,3.622739791870117,5.2265087321621335,,,,
10699,3.7418668270111084,5.398372714995847,,,,
10700,3.6062912940979004,5.202778565996083,,,,
10701,3.682769775390625,5.313113691691816,,,,
10702,3.6259989738464355,5.231210737836723,,,,
10703,3.719534397125244,5.3661538291485105,,,,
10704,3.6232638359069824,5.227264767895327,,,,
10705,3.690058708190918,5.3236293988961725,,,,
10706,3.6953916549682617,5.33132321476517,,,,
10707,3.607433557510376,5.20442650375665,,,,
10708,3.5696651935577393,5.149938272379693,,,,
10709,3.7555456161499023,5.418107036251751,,,,
10710,3.638521671295166,5.249277171344559,,,,
10711,3.7290263175964355,5.37984777574081,,,,
10712,3.6827797889709473,5.313128138234489,,,,
10713,3.587559700012207,5.175754588100708,,,,
10714,3.566110610961914,5.144810093696265,,,,
10715,3.647976875305176,5.262918147280394,,,,
10716,3.5383546352386475,5.1047666851652735,,,,
10717,3.5970277786254883,5.189414138162836,,,,
10718,3.5702567100524902,5.150791650293273,,,,
10719,3.659322500228882,5.279286424093611,,,,
10720,3.6187500953674316,5.220752816803057,,,,
10721,3.5902721881866455,5.179667881338441,,,,
10722,3.626948356628418,5.232580407668194,,,,
10723,3.615058183670044,5.215426514105836,,,,
10724,3.555082321166992,5.1288996346996445,,,,
10725,3.6475634574890137,5.262321711447202,,,,
10726,3.6247174739837646,5.229361924339948,,,,
10727,3.6331067085266113,5.241465031411767,,,,
10728,3.7086944580078125,5.350515102740253,,,,
10729,3.6137583255767822,5.213551215280828,,,,
10730,3.661435842514038,5.282335332528106,,,,
10731,3.582361936569214,5.168255800557788,,,,
10732,3.5326528549194336,5.096540754974506,,,,
10733,3.663224935531616,5.284916448152256,,,,
10734,3.6777305603027344,5.305843641074544,,,,
10735,3.6268091201782227,5.232379531931986,,,,
10736,3.6412734985351562,5.2532472188570765,,,,
10737,3.6136772632598877,5.213434267078242,,,,
10738,3.518954277038574,5.076777884598559,,,,
10739,3.6367154121398926,5.246671290218686,,,,
10740,3.654794692993164,5.2727541790485395,,,,
10741,3.539642333984375,5.106624441759894,,,,
10742,3.555088996887207,5.128909265728093,,,,
10743,3.6402525901794434,5.251774359435087,,,,
10744,3.6676669120788574,5.291324865688706,,,,
10745,3.614638328552246,5.2148207912094975,,,,
10746,3.7585854530334473,5.4224925938487525,,,,
10747,3.644352436065674,5.257689186763561,,,,
10748,3.681100845336914,5.310705934579738,,,,
10749,3.5965137481689453,5.188672548972316,,,,
10750,3.618091106414795,5.2198020967090875,,,,
10751,3.627289056777954,5.23307193408436,,,,
10752,3.660404682159424,5.280847682598143,,,,
10753,3.5944294929504395,5.1856656043046305,,,,
10754,3.5863633155822754,5.17402857021665,,,,
10755,3.6974081993103027,5.334232473287166,,,,
10756,3.695871591567993,5.332015616917545,,,,
10757,3.589885950088501,5.1791106575496455,,,,
10758,3.746617317199707,5.40522622363273,,,,
10759,3.649491310119629,5.265103014876955,,,,
10760,3.659872531890869,5.280079952044692,,,,
10761,3.570199489593506,5.150709098620859,,,,
10762,3.704669237136841,5.344707936551219,,,,
10763,3.6660573482513428,5.289002755936756,,,,
10764,3.69853138923645,5.335852893823596,,,,
10765,3.6347832679748535,5.243883795413502,,,,
10766,3.5412838459014893,5.108992642862275,,,,
10767,3.650653839111328,5.266780189688169,,,,
10768,3.596013069152832,5.187950221838692,,,,
10769,3.6626510620117188,5.284088523671002,,,,
10770,3.633540153503418,5.242090360330304,,,,
10771,3.669581413269043,5.294086907061562,,,,
10772,3.6762337684631348,5.303684226910311,,,,
10773,3.5724968910217285,5.154023548268287,,,,
10774,3.622260093688965,5.2258166739750616,,,,
10775,3.5287771224975586,5.0909492550296545,,,,
10776,3.557363271713257,5.132190350741254,,,,
10777,3.681732177734375,5.311616754698707,,,,
10778,3.6705362796783447,5.295464488094973,,,,
10779,3.57399320602417,5.1561822745019175,,,,
10780,3.5930237770080566,5.183637584885656,,,,
10781,3.5975682735443115,5.190193907501849,,,,
10782,3.662449836730957,5.283798216956345,,,,
10783,3.583071231842041,5.169279097330422,,,,
10784,3.6233131885528564,5.227335968712784,,,,
10785,3.723679542541504,5.372134009884312,,,,
10786,3.6798858642578125,5.308953087402143,,,,
10787,3.6681318283081055,5.2919955980270705,,,,
10788,3.633716583251953,5.242344894653581,,,,
10789,3.5562639236450195,5.130604326734997,,,,
10790,3.6626806259155273,5.284131175368416,,,,
10791,3.6133577823638916,5.212973353573929,,,,
10792,3.6283998489379883,5.2346744684251,,,,
10793,3.615851879119873,5.216571574595281,,,,
10794,3.6313953399658203,5.238996048475981,,,,
10795,3.627446174621582,5.233298607218197,,,,
10796,3.7394838333129883,5.394934781805099,,,,
10797,3.692121982574463,5.326606074617305,,,,
10798,3.6757001876831055,5.302914432565048,,,,
10799,3.631744146347046,5.239499269712405,,,,
10800,3.5885424613952637,5.177172413074421,4.070608234405517,5.872646313178619,,
10801,3.6119589805603027,5.210955309148705,,,,
10802,3.618600845336914,5.220537494524177,,,,
10803,3.7037603855133057,5.343396740821041,,,,
10804,3.6830596923828125,5.313531953498715,,,,
10805,3.6729373931884766,5.298928562648652,,,,
10806,3.572971820831299,5.154708727149325,,,,
10807,3.592817783355713,5.183340398864965,,,,
10808,3.715409755706787,5.360203229428657,,,,
10809,3.72705078125,5.376997679250712,,,,
10810,3.6266143321990967,5.232098512280476,,,,
10811,3.7227492332458496,5.370791857276978,,,,
10812,3.5533978939056396,5.126469519842954,,,,
10813,3.6280102729797363,5.23411242912208,,,,
10814,3.5984230041503906,5.191427023108535,,,,
10815,3.5960307121276855,5.187975675271019,,,,
10816,3.632476568222046,5.240555931119306,,,,
10817,3.631728172302246,5.2394762240371895,,,,
10818,3.5793466567993164,5.163905671386864,,,,
10819,3.6393685340881348,5.250498936096289,,,,
10820,3.620638608932495,5.223477365958026,,,,
10821,3.641572952270508,5.253679239276043,,,,
10822,3.700538158416748,5.33874804976822,,,,
10823,3.5835378170013428,5.169952237425899,,,,
10824,3.690751314163208,5.324628618097685,,,,
10825,3.66548490524292,5.288176895247313,,,,
10826,3.5961694717407227,5.188175863076624,,,,
10827,3.656402111053467,5.275073193112774,,,,
10828,3.6653270721435547,5.28794919021757,,,,
10829,3.6294989585876465,5.236260148466055,,,,
10830,3.5387439727783203,5.105328380502992,,,,
10831,3.6169145107269287,5.218104627945071,,,,
10832,3.689013957977295,5.322122142944011,,,,
10833,3.66055965423584,5.281071260044265,,,,
10834,3.6517701148986816,5.2683906352308485,,,,
10835,3.627462863922119,5.233322684789318,,,,
10836,3.687246322631836,5.319571984197017,,,,
10837,3.5757222175598145,5.158676710870032,,,,
10838,3.5926549434661865,5.183105470563887,,,,
10839,3.6003401279449463,5.194192848099711,,,,
10840,3.6060664653778076,5.202454206716556,,,,
10841,3.6116833686828613,5.21055768525991,,,,
10842,3.594480276107788,5.185738868913898,,,,
10843,3.6847925186157227,5.316031893311656,,,,
10844,3.718433380126953,5.3645653973851415,,,,
10845,3.6832082271575928,5.31374624388169,,,,
10846,3.5635781288146973,5.1411564942613355,,,,
10847,3.5688905715942383,5.1488207291143855,,,,
10848,3.648982286453247,5.26436864895777,,,,
10849,3.652299404144287,5.269154238200679,,,,
10850,3.5344655513763428,5.099155923163526,,,,
10851,3.6658780574798584,5.288744094029858,,,,
10852,3.666717529296875,5.289955195857234,,,,
10853,3.7399580478668213,5.395618928790232,,,,
10854,3.646651268005371,5.2610057002028,,,,
10855,3.637906074523926,5.2483890529355035,,,,
10856,3.650540590286255,5.266616806169849,,,,
10857,3.5935816764831543,5.184442463691694,,,,
10858,3.6425085067749023,5.255028959120015,,,,
10859,3.556154251098633,5.130446102696204,,,,
10860,3.6300907135009766,5.237113870344938,,,,
10861,3.6052772998809814,5.201315681567844,,,,
10862,3.5520176887512207,5.124478304711264,,,,
10863,3.7239110469818115,5.3724680001922875,,,,
10864,3.622537612915039,5.22621704958627,,,,
10865,3.681297779083252,5.310990049918963,,,,
10866,3.5865161418914795,5.174249051975055,,,,
10867,3.600816249847412,5.194879746807256,,,,
10868,3.622509479522705,5.226176461680667,,,,
10869,3.660290241241455,5.280682579253315,,,,
10870,3.630366325378418,5.237511494233733,,,,
10871,3.711017370223999,5.353866356674966,,,,
10872,3.666597366333008,5.289781837345164,,,,
10873,3.6762681007385254,5.303733757913759,,,,
10874,3.6515841484069824,5.268122342295502,,,,
10875,3.664398193359375,5.286609101402047,,,,
10876,3.7347888946533203,5.388161417083518,,,,
10877,3.6270813941955566,5.232772340306557,,,,
10878,3.649563789367676,5.2652075803286795,,,,
10879,3.6808223724365234,5.310304183107322,,,,
10880,3.615417003631592,5.215944181884933,,,,
10881,3.621486186981201,5.22470016260566,,,,
10882,3.6518757343292236,5.268543011859513,,,,
10883,3.6861772537231445,5.318029643784079,,,,
10884,3.6845104694366455,5.315624982359715,,,,
10885,3.57401704788208,5.15621667103209,,,,
10886,3.6881771087646484,5.320914824734953,,,,
10887,3.6263322830200195,5.231691601328535,,,,
10888,3.569647789001465,5.149913162912666,,,,
10889,3.5525450706481934,5.125239155958681,,,,
10890,3.6004767417907715,5.194389940217599,,,,
10891,3.5698537826538086,5.150210348933357,,,,
10892,3.6325156688690186,5.240612341428789,,,,
10893,3.625149965286255,5.229985877397278,,,,
10894,3.517094135284424,5.0740942673144955,,,,
10895,3.6300883293151855,5.237110430691921,,,,
10896,3.682241678237915,5.312351808548494,,,,
10897,3.6347403526306152,5.243821881659191,,,,
10898,3.460999011993408,4.993166111124492,,,,
10899,3.698233127593994,5.3354225932311365,,,,
10900,3.674239158630371,5.300806613196074,,,,
10901,3.672271966934204,5.2979685554915354,,,,
10902,3.5776562690734863,5.1614669573976295,,,,
10903,3.598881244659424,5.192088124418452,,,,
10904,3.5888876914978027,5.17767047483132,,,,
10905,3.706886053085327,5.347906125926665,,,,
10906,3.743424415588379,5.400619840312021,,,,
10907,3.5869908332824707,5.174933886890791,,,,
10908,3.607102632522583,5.203949079917856,,,,
10909,3.6091341972351074,5.20688000825386,,,,
10910,3.706496238708496,5.347343742658343,,,,
10911,3.6038951873779297,5.199321714713741,,,,
10912,3.6643447875976562,5.286532053174461,,,,
10913,3.7507543563842773,5.411194709548273,,,,
10914,3.5780246257781982,5.161998383788796,,,,
10915,3.7071373462677,5.348268665354683,,,,
10916,3.600883722305298,5.1949770889876445,,,,
10917,3.724915027618408,5.3739164380778535,,,,
10918,3.5992536544799805,5.192625398219747,,,,
10919,3.569997787475586,5.1504181039756,,,,
10920,3.604671001434326,5.200440977805556,,,,
10921,3.6040806770324707,5.199589319718483,,,,
10922,3.5385560989379883,5.105057335845232,,,,
10923,3.648344039916992,5.263447853845051,,,,
10924,3.574676036834717,5.15716739112606,,,,
10925,3.57537841796875,5.158180712904943,,,,
10926,3.6192283630371094,5.221442811198319,,,,
10927,3.6707143783569336,5.295721430175362,,,,
10928,3.600862741470337,5.194946820041093,,,,
10929,3.6018497943878174,5.196370836390237,,,,
10930,3.6285078525543213,5.234830284706781,,,,
10931,3.639993906021118,5.251401157082715,,,,
10932,3.549623966217041,5.121024893081938,,,,
10933,3.691368341445923,5.325518800298551,,,,
10934,3.6387405395507812,5.249592931491543,,,,
10935,3.703498363494873,5.3430187229544455,,,,
10936,3.657088041305542,5.276062781285838,,,,
10937,3.6704561710357666,5.295348915753594,,,,
10938,3.58461856842041,5.1715114321386215,,,,
10939,3.6335225105285645,5.242064906897976,,,,
10940,3.577646017074585,5.161452166889656,,,,
10941,3.522366523742676,5.081700715996856,,,,
10942,3.60955810546875,5.207491578560328,,,,
10943,3.591948986053467,5.1820869893054775,,,,
10944,3.5618152618408203,5.138613214820376,,,,
10945,3.69537353515625,5.331297073402239,,,,
10946,3.669194221496582,5.2935283074115596,,,,
10947,3.6402649879455566,5.251792245630777,,,,
10948,3.691876173019409,5.326251446391226,,,,
10949,3.6365761756896973,5.246470414482478,,,,
10950,3.670893907546997,5.295980436047562,,,,
10951,3.55431866645813,5.127797913838218,,,,
10952,3.5941553115844727,5.185270044207646,,,,
10953,3.6288599967956543,5.23533832145743,,,,
10954,3.714230537414551,5.3585019770463225,,,,
10955,3.590843677520752,5.1804923661666775,,,,
10956,3.6475682258605957,5.262328590753236,,,,
10957,3.5551724433898926,5.1290296535836974,,,,
10958,3.650294780731201,5.26626217794377,,,,
10959,3.6457252502441406,5.259669738970897,,,,
10960,3.6680121421813965,5.291822927445605,,,,
10961,3.6622071266174316,5.283448060279189,,,,
10962,3.6806716918945312,5.3100867970366314,,,,
10963,3.661008834838867,5.281719290672716,,,,
10964,3.6493496894836426,5.26489869948773,,,,
10965,3.541794538497925,5.109729416538571,,,,
10966,3.6270861625671387,5.232779219612592,,,,
10967,3.577026605606079,5.160558545035772,,,,
10968,3.6674892902374268,5.29106861153892,,,,
10969,3.6153042316436768,5.2157814862972165,,,,
10970,3.6224002838134766,5.226018925572476,,,,
10971,3.5815584659576416,5.167096637490973,,,,
10972,3.579885244369507,5.164682689003462,,,,
10973,3.593862295150757,5.184847310851826,,,,
10974,3.627394199371338,5.233223622782421,,,,
10975,3.6063199043273926,5.202819841832291,,,,
10976,3.6386585235595703,5.24947460742775,,,,
10977,3.6980743408203125,5.3351935123401875,,,,
10978,3.6658084392547607,5.288643656161755,,,,
10979,3.650630474090576,5.2667464810885996,,,,
10980,3.593073844909668,5.183709817599018,,,,
10981,3.5918526649475098,5.18194802732358,,,,
10982,3.613861083984375,5.213699464325872,,,,
10983,3.5813608169555664,5.166811490255842,,,,
10984,3.5739569664001465,5.156129991776055,,,,
10985,3.680772066116333,5.310231606428657,,,,
10986,3.575200080871582,5.157923426859252,,,,
10987,3.5868513584136963,5.174732667189281,,,,
10988,3.5706396102905273,5.151344058567845,,,,
10989,3.519469738006592,5.077521537580889,,,,
10990,3.5996570587158203,5.193207387510267,,,,
10991,3.6797852516174316,5.3088079340448155,,,,
10992,3.6194210052490234,5.221720735162113,,,,
10993,3.691297769546509,5.32541698656924,,,,
10994,3.549349546432495,5.120628989019653,,,,
10995,3.6626720428466797,5.284118792617554,,,,
10996,3.6845970153808594,5.315749841764242,,,,
10997,3.6452174186706543,5.258937092878221,,,,
10998,3.5446255207061768,5.113813660531261,,,,
10999,3.699422836303711,5.337138980086747,,,,
11000,3.620311737060547,5.22300578952936,4.0647965431213375,5.864261814983755,,
11001,3.6166133880615234,5.2176701997689925,,,,
11002,3.6095268726348877,5.207446519105802,,,,
11003,3.604149341583252,5.19968838172538,,,,
11004,3.5989837646484375,5.1922360294981935,,,,
11005,3.5408053398132324,5.108302304501711,,,,
11006,3.5794734954833984,5.164088660927383,,,,
11007,3.6580471992492676,5.277446553694681,,,,
11008,3.5793895721435547,5.163967585141175,,,,
11009,3.611814022064209,5.210746178245255,,,,
11010,3.5572926998138428,5.132088537011943,,,,
11011,3.599132537841797,5.19245066384647,,,,
11012,3.579658031463623,5.164354890070918,,,,
11013,3.6652820110321045,5.287884180775544,,,,
11014,3.602175712585449,5.196841036957696,,,,
11015,3.6021392345428467,5.196788410266532,,,,
11016,3.7292709350585938,5.380200684140381,,,,
11017,3.6750850677490234,5.3020270020865965,,,,
11018,3.5772368907928467,5.160861922431894,,,,
11019,3.683098793029785,5.313588363808198,,,,
11020,3.6448516845703125,5.258409450105375,,,,
11021,3.632580280303955,5.240705556025556,,,,
11022,3.631363868713379,5.2389506450561525,,,,
11023,3.546424150466919,5.116408534767479,,,,
11024,3.594871759414673,5.186303659939331,,,,
11025,3.5953407287597656,5.186980239687826,,,,
11026,3.5325286388397217,5.096361549052307,,,,
11027,3.721485137939453,5.368968153247229,,,,
11028,3.622739791870117,5.2265087321621335,,,,
11029,3.6035263538360596,5.198789600391971,,,,
11030,3.6413278579711914,5.25332564294587,,,,
11031,3.778890609741211,5.451786742735516,,,,
11032,3.6269357204437256,5.232562177507202,,,,
11033,3.562074899673462,5.138987793033955,,,,
11034,3.6362345218658447,5.245977512205106,,,,
11035,3.613224744796753,5.212781420935566,,,,
11036,3.5973141193389893,5.189827240490208,,,,
11037,3.7166428565979004,5.361982217969182,,,,
11038,3.6767141819000244,5.304377316993287,,,,
11039,3.5239508152008057,5.0839863654268225,,,,
11040,3.628276824951172,5.23449698232941,,,,
11041,3.710566997528076,5.353216606220006,,,,
11042,3.6931819915771484,5.328135344348778,,,,
11043,3.5954089164733887,5.187078613764119,,,,
11044,3.7231788635253906,5.371411682750688,,,,
11045,3.605090379714966,5.201046012771291,,,,
11046,3.575822353363037,5.158821176296756,,,,
11047,3.6766934394836426,5.304347392012037,,,,
11048,3.696650505065918,5.333139351558282,,,,
11049,3.5943853855133057,5.185601970723811,,,,
11050,3.675030469894409,5.301948234032501,,,,
11051,3.5462265014648438,5.116123387532348,,,,
11052,3.5927677154541016,5.183268166151603,,,,
11053,3.7003815174102783,5.3385220645649865,,,,
11054,3.652111053466797,5.268882505612316,,,,
11055,3.683114767074585,5.313611409483413,,,,
11056,3.6175224781036377,5.218981739464472,,,,
11057,3.689854860305786,5.3233353085631965,,,,
11058,3.6000826358795166,5.1938213655738465,,,,
11059,3.568411350250244,5.148129358857918,,,,
11060,3.542513847351074,5.110767159853877,,,,
11061,3.7108330726623535,5.353600471496732,,,,
11062,3.563371419906616,5.14085827634474,,,,
11063,3.524439811706543,5.084691838260662,,,,
11064,3.685349464416504,5.316835396256487,,,,
11065,3.596667766571045,5.188894750557231,,,,
11066,3.707549571990967,5.348863381361367,,,,
11067,3.6402440071105957,5.251761976684225,,,,
11068,3.5571515560150146,5.131884909553322,,,,
11069,3.6255075931549072,5.230501825349866,,,,
11070,3.60556697845459,5.201733599409441,,,,
11071,3.650590419769287,5.26668869491791,,,,
11072,3.6535136699676514,5.270906053482368,,,,
11073,3.6021955013275146,5.196869586077739,,,,
11074,3.568981170654297,5.148951435929042,,,,
11075,3.6078827381134033,5.205074534385102,,,,
11076,3.5863914489746094,5.174069158122253,,,,
11077,3.693160057067871,5.3281036995410185,,,,
11078,3.652958393096924,5.270104958294649,,,,
11079,3.6648614406585693,5.287277425983301,,,,
11080,3.6514391899108887,5.267913211392053,,,,
11081,3.6426758766174316,5.255270422761827,,,,
11082,3.6925082206726074,5.327163298406101,,,,
11083,3.6412720680236816,5.253245155065266,,,,
11084,3.6003870964050293,5.19426060926415,,,,
11085,3.652393102645874,5.269289416564257,,,,
11086,3.630143642425537,5.237190230641921,,,,
11087,3.632260799407959,5.240244642521245,,,,
11088,3.559332847595215,5.1350318480988095,,,,
11089,3.5966508388519287,5.188870329020808,,,,
11090,3.562659502029419,5.139831195953787,,,,
11091,3.611501455307007,5.210295239734693,,,,
11092,3.653079032897949,5.270279004737322,,,,
11093,3.545518159866333,5.115101466620922,,,,
11094,3.614990472793579,5.215328827960146,,,,
11095,3.561868667602539,5.1386902630479625,,,,
11096,3.5990095138549805,5.19227317775078,,,,
11097,3.629384756088257,5.236095389086528,,,,
11098,3.6022965908050537,5.19701542736567,,,,
11099,3.628321886062622,5.234561991771436,,,,
11100,3.570101261138916,5.150567384916548,,,,
11101,3.645869493484497,5.259877837978441,,,,
11102,3.5516648292541504,5.12396923606471,,,,
11103,3.5749762058258057,5.157600443440932,,,,
11104,3.6503591537475586,5.266355048575236,,,,
11105,3.616006374359131,5.216794464110799,,,,
11106,3.682887554168701,5.313283610550869,,,,
11107,3.7270407676696777,5.37698323270804,,,,
11108,3.544769763946533,5.114021759538805,,,,
11109,3.6881799697875977,5.320918952318574,,,,
11110,3.6259303092956543,5.231111675829826,,,,
11111,3.6162490844726562,5.2171446207879555,,,,
11112,3.6535696983337402,5.2709868853282735,,,,
11113,3.6458685398101807,5.2598764621172345,,,,
11114,3.6749582290649414,5.301844012546078,,,,
11115,3.6125972270965576,5.211876104261425,,,,
11116,3.6021742820739746,5.196838973165885,,,,
11117,3.5809059143066406,5.16615520446015,,,,
11118,3.6832799911499023,5.313849777437509,,,,
11119,3.6399991512298584,5.251408724319353,,,,
11120,3.6155893802642822,5.216192868798081,,,,
11121,3.5552263259887695,5.129107389741887,,,,
11122,3.6235079765319824,5.227616988364294,,,,
11123,3.6447315216064453,5.258236091593305,,,,
11124,3.618821382522583,5.220855662428273,,,,
11125,3.6980104446411133,5.335101329639325,,,,
11126,3.6385302543640137,5.249289554095421,,,,
11127,3.6083621978759766,5.205766248606872,,,,
11128,3.665341377258301,5.287969828135674,,,,
11129,3.650059700012207,5.265923028156268,,,,
11130,3.607898235321045,5.205096892129714,,,,
11131,3.6546521186828613,5.272548487798107,,,,
11132,3.6579132080078125,5.27725324519511,,,,
11133,3.526883602142334,5.0882174826033495,,,,
11134,3.5972230434417725,5.189695845744949,,,,
11135,3.6388516426086426,5.249753219322147,,,,
11136,3.638072967529297,5.2486298286467115,,,,
11137,3.690995454788208,5.324980838566652,,,,
11138,3.609189033508301,5.206959120273257,,,,
11139,3.6177597045898438,5.219323984939689,,,,
11140,3.503817558288574,5.054940215522603,,,,
11141,3.580557346343994,5.165652327189027,,,,
11142,3.5678844451904297,5.147369195541104,,,,
11143,3.562992572784424,5.140311715480298,,,,
11144,3.6068077087402344,5.203523594839621,,,,
11145,3.6448874473571777,5.258461044900633,,,,
11146,3.6540772914886475,5.2717191874556475,,,,
11147,3.5632693767547607,5.140711059195601,,,,
11148,3.61027193069458,5.208521410673694,,,,
11149,3.6913466453552246,5.325487499456094,,,,
11150,3.6000280380249023,5.193742597519751,,,,
11151,3.61059308052063,5.208984731935119,,,,
11152,3.6327123641967773,5.240896112802713,,,,
11153,3.561246871948242,5.137793201541062,,,,
11154,3.6684253215789795,5.292419019313495,,,,
11155,3.6225860118865967,5.226286874542521,,,,
11156,3.5843002796173096,5.171052238460818,,,,
11157,3.6211390495300293,5.224199349126348,,,,
11158,3.692211866378784,5.3267357495360566,,,,
11159,3.584134101867676,5.1708124946455145,,,,
11160,3.6339802742004395,5.242725320277289,,,,
11161,3.6597187519073486,5.279858094425078,,,,
11162,3.611276149749756,5.209970192524563,,,,
11163,3.6063411235809326,5.202850454744144,,,,
11164,3.5788183212280273,5.163143444278241,,,,
11165,3.5935935974121094,5.18445966195678,,,,
11166,3.5795440673828125,5.164190474656693,,,,
11167,3.6881773471832275,5.320915168700255,,,,
11168,3.7127156257629395,5.356316421519158,,,,
11169,3.6153464317321777,5.215842368155622,,,,
11170,3.6316304206848145,5.239335198263482,,,,
11171,3.605790376663208,5.202055894897158,,,,
11172,3.647733211517334,5.26256661474203,,,,
11173,3.652144432067871,5.268930660754558,,,,
11174,3.6744418144226074,5.30109898370254,,,,
11175,3.6318840980529785,5.239701177344518,,,,
11176,3.6455020904541016,5.2593477874484815,,,,
11177,3.561135768890381,5.137632913710458,,,,
11178,3.655453681945801,5.273704899142509,,,,
11179,3.666898012161255,5.29021557759064,,,,
11180,3.61924409866333,5.221465512908233,,,,
11181,3.5698466300964355,5.150200029974306,,,,
11182,3.53383469581604,5.0982457909751595,,,,
11183,3.635488986968994,5.244901932706609,,,,
11184,3.5797905921936035,5.164546134778678,,,,
11185,3.6583547592163086,5.2778902689339064,,,,
11186,3.6165518760681152,5.217581456721147,,,,
11187,3.5910353660583496,5.180768914269264,,,,
11188,3.6729135513305664,5.29889416611848,,,,
11189,3.6460583209991455,5.260150258497408,,,,
11190,3.6511082649230957,5.267435787553258,,,,
11191,3.614025354385376,5.213936456418761,,,,
11192,3.60031795501709,5.19416085932665,,,,
11193,3.542757034301758,5.1111180044616376,,,,
11194,3.580273151397705,5.16524232054937,,,,
11195,3.6385750770568848,5.249354219572146,,,,
11196,3.674389362335205,5.301023311336161,,,,
11197,3.6391167640686035,5.250135708737666,,,,
11198,3.627270221710205,5.233044760825524,,,,
11199,3.676509141921997,5.304081506833803,,,,
11200,3.5828769207000732,5.1689987656095155,4.0850348472595215,5.893459515999916,,
11201,3.611154794692993,5.209795114185984,,,,
11202,3.6620841026306152,5.283270574183499,,,,
11203,3.531229257583618,5.094486938157902,,,,
11204,3.5827598571777344,5.168829878646369,,,,
11205,3.667241096496582,5.290710543659824,,,,
11206,3.569532871246338,5.149747371637234,,,,
11207,3.586876392364502,5.174768783545963,,,,
11208,3.5778565406799316,5.161755888251079,,,,
11209,3.665020704269409,5.287507194804853,,,,
11210,3.6274962425231934,5.23337083993156,,,,
11211,3.6495015621185303,5.2651178053849295,,,,
11212,3.6286683082580566,5.235061773354843,,,,
11213,3.555001735687256,5.128783374427662,,,,
11214,3.700953483581543,5.3393472373238255,,,,
11215,3.6710879802703857,5.296260423803166,,,,
11216,3.667726516723633,5.291410857014137,,,,
11217,3.5719051361083984,5.153169826389404,,,,
11218,3.710598945617676,5.353262697570438,,,,
11219,3.5453364849090576,5.114839365061007,,,,
11220,3.6900839805603027,5.323665859218155,,,,
11221,3.647968292236328,5.262905764529531,,,,
11222,3.6716158390045166,5.297021962981187,,,,
11223,3.659543514251709,5.27960527992831,,,,
11224,3.6226613521575928,5.226395567577866,,,,
11225,3.679166078567505,5.307914656156234,,,,
11226,3.59089994430542,5.180573541977885,,,,
11227,3.7218549251556396,5.369501643430206,,,,
11228,3.647557258605957,5.262312768349356,,,,
11229,3.629972219467163,5.23694291958998,,,,
11230,3.648730993270874,5.264006109529752,,,,
11231,3.6882269382476807,5.320986713483014,,,,
11232,3.5590434074401855,5.134614274222514,,,,
11233,3.5946197509765625,5.185940088615408,,,,
11234,3.6785950660705566,5.307090859258601,,,,
11235,3.6010642051696777,5.195237470721051,,,,
11236,3.6504244804382324,5.2664492950679085,,,,
11237,3.5903992652893066,5.179851214844261,,,,
11238,3.6445794105529785,5.258016641730804,,,,
11239,3.6086816787719727,5.206227162111184,,,,
11240,3.6723861694335938,5.2981333148710625,,,,
11241,3.6104397773742676,5.2087635622461095,,,,
11242,3.6597142219543457,5.279851559084346,,,,
11243,3.582460403442383,5.168397858227401,,,,
11244,3.600735664367676,5.194763486535273,,,,
11245,3.648056983947754,5.263033719621774,,,,
11246,3.729166030883789,5.380049339407622,,,,
11247,3.759432077407837,5.4237140146351805,,,,
11248,3.6256885528564453,5.230762895013876,,,,
11249,3.524585723876953,5.084902345025318,,,,
11250,3.61956787109375,5.221932617787976,,,,
11251,3.6983447074890137,5.3355835689923445,,,,
11252,3.622492790222168,5.226152384109546,,,,
11253,3.564008951187134,5.1417780395615535,,,,
11254,3.5804710388183594,5.1655278117498025,,,,
11255,3.616899013519287,5.218082270200459,,,,
11256,3.626020669937134,5.23124203867918,,,,
11257,3.5941951274871826,5.185327486413034,,,,
11258,3.614720582962036,5.214939459238592,,,,
11259,3.6583335399627686,5.277859656022053,,,,
11260,3.632622241973877,5.24076609391866,,,,
11261,3.663139820098877,5.284793652539539,,,,
11262,3.6252641677856445,5.230150636776805,,,,
11263,3.4930505752563477,5.0394067424966735,,,,
11264,3.6568799018859863,5.275762499577432,,,,
11265,3.5981345176696777,5.191010825093446,,,,
11266,3.6314592361450195,5.239088231176843,,,,
11267,3.607116460800171,5.203969029905355,,,,
11268,3.696791172027588,5.3333422910863,,,,
11269,3.6242313385009766,5.228660579089729,,,,
11270,3.598618984222412,5.191709762586553,,,,
11271,3.5646965503692627,5.14277003549173,,,,
11272,3.485623836517334,5.028692223347921,,,,
11273,3.555628776550293,5.1296880031712,,,,
11274,3.676388740539551,5.303907804356432,,,,
11275,3.599825859069824,5.193450914943888,,,,
11276,3.674760103225708,5.301558177380344,,,,
11277,3.537613868713379,5.103697984972812,,,,
11278,3.5968947410583496,5.189222205524473,,,,
11279,3.6777215003967285,5.305830570393078,,,,
11280,3.617609739303589,5.219107630764904,,,,
11281,3.6279287338256836,5.23399479298889,,,,
11282,3.6206181049346924,5.223447784942078,,,,
11283,3.564286231994629,5.142178071207461,,,,
11284,3.6421985626220703,5.254581804227771,,,,
11285,3.602247953414917,5.196945258444119,,,,
11286,3.6495132446289062,5.265134659684714,,,,
11287,3.5859007835388184,5.173361277531302,,,,
11288,3.596679210662842,5.188911260891714,,,,
11289,3.6029903888702393,5.198016366393692,,,,
11290,3.5690395832061768,5.149035707427965,,,,
11291,3.5796048641204834,5.164278185808633,,,,
11292,3.6089324951171875,5.2065890136086,,,,
11293,3.625509023666382,5.230503889141676,,,,
11294,3.5322728157043457,5.095992474283555,,,,
11295,3.6210525035858154,5.224074489721821,,,,
11296,3.635647773742676,5.245131013597558,,,,
11297,3.757472276687622,5.420886619854995,,,,
11298,3.642699718475342,5.255304819291999,,,,
11299,3.67980694770813,5.308839234887272,,,,
11300,3.6666507720947266,5.289858885572751,,,,
11301,3.564415454864502,5.142364500400996,,,,
11302,3.6468863487243652,5.261344849990301,,,,
11303,3.576383113861084,5.159630182686415,,,,
11304,3.618894338607788,5.220960915810601,,,,
11305,3.608109474182129,5.205401645387043,,,,
11306,3.6068525314331055,5.203588260316345,,,,
11307,3.6874029636383057,5.31979796940025,,,,
11308,3.570077419281006,5.1505329883863755,,,,
11309,3.661020278930664,5.281735801007199,,,,
11310,3.6112799644470215,5.209975695969391,,,,
11311,3.629279375076294,5.235943356423165,,,,
11312,3.700366973876953,5.338501082681581,,,,
11313,3.647372245788574,5.262045851275218,,,,
11314,3.676600933074951,5.304213933474968,,,,
11315,3.5701828002929688,5.150685021049739,,,,
11316,3.635794162750244,5.2453422082928185,,,,
11317,3.621736526489258,5.225061326172472,,,,
11318,3.5989990234375,5.192258043277503,,,,
11319,3.6122937202453613,5.211438236432327,,,,
11320,3.5962343215942383,5.188269421638694,,,,
11321,3.455332040786743,4.984990399867776,,,,
11322,3.516502857208252,5.073241233366216,,,,
11323,3.6622402667999268,5.283495871456129,,,,
11324,3.576504945755005,5.159805948955597,,,,
11325,3.5997204780578613,5.1932988822805255,,,,
11326,3.579134464263916,5.1635995422683285,,,,
11327,3.6208786964416504,5.223823739016863,,,,
11328,3.65285587310791,5.269957053214907,,,,
11329,3.5774354934692383,5.161148445528232,,,,
11330,3.6307179927825928,5.238018843053778,,,,
11331,3.5863921642303467,5.174070190018158,,,,
11332,3.478785991668701,5.01882729849443,,,,
11333,3.647087335586548,5.261634812739655,,,,
11334,3.6161246299743652,5.2169650709004545,,,,
11335,3.6315603256225586,5.239234072464774,,,,
11336,3.6058433055877686,5.202132255194141,,,,
11337,3.5764520168304443,5.159729588658614,,,,
11338,3.6769485473632812,5.3047154348848835,,,,
11339,3.5590763092041016,5.134661741434153,,,,
11340,3.5391182899475098,5.105868406026701,,,,
11341,3.599404811859131,5.192843472221041,,,,
11342,3.61387038230896,5.213712878972639,,,,
11343,3.5560665130615234,5.130319523465168,,,,
11344,3.577056884765625,5.160602228629092,,,,
11345,3.577578067779541,5.161354136778664,,,,
11346,3.634049892425537,5.242825758145393,,,,
11347,3.629714012145996,5.236570405168211,,,,
11348,3.695584297180176,5.331601138728965,,,,
11349,3.6358656883239746,5.245445397883336,,,,
11350,3.6229705810546875,5.226841690574204,,,,
11351,3.675133228302002,5.302096483077545,,,,
11352,3.5880649089813232,5.176483450575065,,,,
11353,3.6869802474975586,5.319188118920291,,,,
11354,3.6781463623046875,5.306443516560753,,,,
11355,3.56960129737854,5.14984608967883,,,,
11356,3.5484023094177246,5.119262414875896,,,,
11357,3.490224838256836,5.035330065740622,,,,
11358,3.5250449180603027,5.085564822196441,,,,
11359,3.6428866386413574,5.255574488088552,,,,
11360,3.5928573608398438,5.183397497105052,,,,
11361,3.568434715270996,5.148163067457486,,,,
11362,3.584681749343872,5.171602582943579,,,,
11363,3.5735116004943848,5.155487464592432,,,,
11364,3.702322006225586,5.341321598155731,,,,
11365,3.6391565799713135,5.250193150943055,,,,
11366,3.6218130588531494,5.225171739034327,,,,
11367,3.6118288040161133,5.210767504093963,,,,
11368,3.7215511798858643,5.369063431635807,,,,
11369,3.686887264251709,5.319053972452618,,,,
11370,3.6219608783721924,5.225384997521396,,,,
11371,3.5563106536865234,5.130671743934135,,,,
11372,3.718384027481079,5.3644941965676844,,,,
11373,3.5461111068725586,5.1159569083263134,,,,
11374,3.562906265258789,5.140187200041073,,,,
11375,3.651639461517334,5.268202142245503,,,,
11376,3.5541818141937256,5.127600477755027,,,,
11377,3.483177423477173,5.0251627953869145,,,,
11378,3.644324541091919,5.257648942823259,,,,
11379,3.65734601020813,5.2764349517423055,,,,
11380,3.589214563369751,5.178142051259986,,,,
11381,3.548089027404785,5.118810444469429,,,,
11382,3.600572109222412,5.194527526338289,,,,
11383,3.609098434448242,5.2068284134586005,,,,
11384,3.6289749145507812,5.235504112732862,,,,
11385,3.6349730491638184,5.244157591793675,,,,
11386,3.650449275970459,5.266485067459288,,,,
11387,3.5886619091033936,5.177344739690586,,,,
11388,3.5638303756713867,5.141520409550561,,,,
11389,3.7024827003479004,5.341553430769094,,,,
11390,3.685983419418335,5.317749999993776,,,,
11391,3.56611967086792,5.144823164377731,,,,
11392,3.6003923416137695,5.194268176500788,,,,
11393,3.6920859813690186,5.326554135856745,,,,
11394,3.599245548248291,5.192613703399488,,,,
11395,3.639167547225952,5.2502089733469335,,,,
11396,3.5886483192443848,5.177325133668388,,,,
11397,3.6053271293640137,5.201387570315905,,,,
11398,3.6816506385803223,5.311499118565516,,,,
11399,3.721869468688965,5.369522625313611,,,,
11400,3.6618785858154297,5.282974076093411,4.10390682220459,5.920686020664947,,
11401,3.6221611499786377,5.225673928374846,,,,
11402,3.6519641876220703,5.268670622986453,,,,
11403,3.6635704040527344,5.285414853874456,,,,
11404,3.5649948120117188,5.143200336084189,,,,
11405,3.6363866329193115,5.246196962067606,,,,
11406,3.5905494689941406,5.180067912984348,,,,
11407,3.636929988861084,5.246980858990239,,,,
11408,3.555832862854004,5.129982437469478,,,,
11409,3.5680925846099854,5.14766947724951,,,,
11410,3.6622729301452637,5.283542994702465,,,,
11411,3.61116886138916,5.209815408138786,,,,
11412,3.5817947387695312,5.167437507104983,,,,
11413,3.66632080078125,5.289382837595163,,,,
11414,3.549135684967041,5.120320452144004,,,,
11415,3.5344738960266113,5.099167961949086,,,,
11416,3.6527514457702637,5.269806396412751,,,,
11417,3.587941884994507,5.176305964479375,,,,
11418,3.5582594871520996,5.13348331631044,,,,
11419,3.6157660484313965,5.21644774708666,,,,
11420,3.5631303787231445,5.140510527424695,,,,
11421,3.545454263687134,5.11500928392006,,,,
11422,3.629333019256592,5.2360207486160535,,,,
11423,3.6031646728515625,5.1982678050292535,,,,
11424,3.4823031425476074,5.023901474625487,,,,
11425,3.7533297538757324,5.414910222737513,,,,
11426,3.6333632469177246,5.241835138076424,,,,
11427,3.5921428203582764,5.18236663309578,,,,
11428,3.5770316123962402,5.160565768307109,,,,
11429,3.5984230041503906,5.191427023108535,,,,
11430,3.6340487003326416,5.242824038318885,,,,
11431,3.5401079654693604,5.107296205994164,,,,
11432,3.6545581817626953,5.272412965469227,,,,
11433,3.5916857719421387,5.181707251612372,,,,
11434,3.5231099128723145,5.082773199807636,,,,
11435,3.5788686275482178,5.163216020956905,,,,
11436,3.6537461280822754,5.27124141965155,,,,
11437,3.6122424602508545,5.211364283892457,,,,
11438,3.6062171459198,5.2026715927872464,,,,
11439,3.562617540359497,5.139770658060683,,,,
11440,3.6265883445739746,5.232061020062589,,,,
11441,3.559170722961426,5.134797951693636,,,,
11442,3.6103110313415527,5.2085778209831775,,,,
11443,3.545351505279541,5.114861034875015,,,,
11444,3.5863094329833984,5.173950834058459,,,,
11445,3.682375907897949,5.312545461013365,,,,
11446,3.6162776947021484,5.217185896624162,,,,
11447,3.6164603233337402,5.217449374045285,,,,
11448,3.669394016265869,5.293816550334406,,,,
11449,3.611989974975586,5.211000024637929,,,,
11450,3.613009452819824,5.212470820268107,,,,
11451,3.65610933303833,5.274650803722254,,,,
11452,3.6605982780456543,5.281126982423144,,,,
11453,3.546064853668213,5.115890179057779,,,,
11454,3.6088614463806152,5.206486511948685,,,,
11455,3.673664093017578,5.299976968888312,,,,
11456,3.560792922973633,5.137138291606577,,,,
11457,3.598806381225586,5.191980119313709,,,,
11458,3.551856517791748,5.1242457841672975,,,,
11459,3.6116366386413574,5.210490268060772,,,,
11460,3.6045455932617188,5.200260052056849,,,,
11461,3.5414276123046875,5.109200053939215,,,,
11462,3.5983431339263916,5.1913117947324565,,,,
11463,3.624340057373047,5.228817427267316,,,,
11464,3.6227328777313232,5.226498757168383,,,,
11465,3.6147141456604004,5.214930172175446,,,,
11466,3.6684036254882812,5.292387718471038,,,,
11467,3.6296300888061523,5.236449329382004,,,,
11468,3.6705312728881836,5.2954572648236375,,,,
11469,3.5624475479125977,5.139525410800553,,,,
11470,3.5801138877868652,5.165012551727817,,,,
11471,3.6797566413879395,5.308766658208608,,,,
11472,3.6256542205810547,5.230713364010428,,,,
11473,3.4188480377197266,4.932355109571214,,,,
11474,3.620666027069092,5.223516921967724,,,,
11475,3.5951457023620605,5.186698876071014,,,,
11476,3.6347687244415283,5.243862813530097,,,,
11477,3.6324281692504883,5.240486106163056,,,,
11478,3.646348237991333,5.260568520304306,,,,
11479,3.6522092819213867,5.269024219316627,,,,
11480,3.5235822200775146,5.0834545950703545,,,,
11481,3.6892433166503906,5.32245303756427,,,,
11482,3.6080269813537598,5.205282633392645,,,,
11483,3.60032320022583,5.194168426563287,,,,
11484,3.6081833839416504,5.205508274630578,,,,
11485,3.706094741821289,5.3467645050902375,,,,
11486,3.710343360900879,5.352893966766987,,,,
11487,3.6022727489471436,5.196981030835498,,,,
11488,3.6535487174987793,5.270956616381722,,,,
11489,3.6038694381713867,5.199284566461155,,,,
11490,3.5959720611572266,5.1878910598067955,,,,
11491,3.6307997703552246,5.23813682315227,,,,
11492,3.5442328453063965,5.113247149679319,,,,
11493,3.63511323928833,5.24435984339109,,,,
11494,3.5993363857269287,5.192744754179445,,,,
11495,3.593878746032715,5.184871044457644,,,,
11496,3.728607416152954,5.379243428705679,,,,
11497,3.615612030029297,5.216225545501745,,,,
11498,3.5557634830474854,5.129882343566675,,,,
11499,3.6208457946777344,5.223776271805225,,,,
11500,3.625709056854248,5.2307924760298246,,,,
11501,3.5594687461853027,5.135227908320793,,,,
11502,3.577913284301758,5.16183775199289,,,,
11503,3.4934639930725098,5.040003178329866,,,,
11504,3.616619348526001,5.217678798901535,,,,
11505,3.5913374423980713,5.181204718306551,,,,
11506,3.540393590927124,5.107708276425631,,,,
11507,3.6118197441101074,5.210754433412497,,,,
11508,3.5127758979797363,5.067864367769641,,,,
11509,3.7062995433807373,5.34705997128442,,,,
11510,3.6369082927703857,5.246949558147782,,,,
11511,3.5886378288269043,5.177309999195112,,,,
11512,3.648739814758301,5.264018836245915,,,,
11513,3.632951259613037,5.241240766035042,,,,
11514,3.608081579208374,5.205361401446741,,,,
11515,3.5739030838012695,5.156052255617865,,,,
11516,3.541484832763672,5.10928260561163,,,,
11517,3.461597442626953,4.994029464031824,,,,
11518,3.571791172027588,5.1530054109751795,,,,
11519,3.5940468311309814,5.185113539995361,,,,
11520,3.657759428024292,5.277031387575498,,,,
11521,3.5238993167877197,5.0839120689216495,,,,
11522,3.570335626602173,5.150905502808144,,,,
11523,3.6315603256225586,5.239234072464774,,,,
11524,3.6199746131896973,5.22251942259272,,,,
11525,3.591463565826416,5.181386675951163,,,,
11526,3.632704734802246,5.2408851059130575,,,,
11527,3.570937395095825,5.1517736712297,,,,
11528,3.604623794555664,5.200372872675814,,,,
11529,3.6193487644195557,5.2216165136756905,,,,
11530,3.459507703781128,4.991014608162199,,,,
11531,3.5620219707489014,5.138911432736973,,,,
11532,3.6436119079589844,5.256620830536401,,,,
11533,3.56333589553833,5.140807025514782,,,,
11534,3.569617986679077,5.149870167249951,,,,
11535,3.5691914558410645,5.149254813325164,,,,
11536,3.6314034461975098,5.239007743296239,,,,
11537,3.5808491706848145,5.16607334071834,,,,
11538,3.5368032455444336,5.102528502946945,,,,
11539,3.5867719650268555,5.174618126743807,,,,
11540,3.623936176300049,5.228234750046193,,,,
11541,3.614030361175537,5.213943679690097,,,,
11542,3.5797343254089355,5.1644649589674705,,,,
11543,3.496425151824951,5.044275227377298,,,,
11544,3.652678966522217,5.269701830961027,,,,
11545,3.4823498725891113,5.023968891824625,,,,
11546,3.5379245281219482,5.104146171760961,,,,
11547,3.633323907852173,5.241778383801639,,,,
11548,3.6300549507141113,5.237062275549679,,,,
11549,3.5806021690368652,5.165716992665751,,,,
11550,3.589785575866699,5.178965848157619,,,,
11551,3.679190158843994,5.307949396651708,,,,
11552,3.625598907470703,5.230633564060427,,,,
11553,3.6991724967956543,5.336777816519936,,,,
11554,3.6084868907928467,5.205946142459674,,,,
11555,3.55641508102417,5.1308224007362915,,,,
11556,3.6239688396453857,5.228281873292529,,,,
11557,3.5800046920776367,5.164855015619628,,,,
11558,3.624471664428711,5.229007296113869,,,,
11559,3.597789764404297,5.190513451267151,,,,
11560,3.5501866340637207,5.121836651194011,,,,
11561,3.4972548484802246,5.045472226627304,,,,
11562,3.569007396697998,5.148989272112232,,,,
11563,3.6185641288757324,5.220484523867711,,,,
11564,3.6155123710632324,5.2160817680056235,,,,
11565,3.542793035507202,5.1111699432221975,,,,
11566,3.641066312789917,5.252948313009877,,,,
11567,3.6644442081451416,5.28667548670528,,,,
11568,3.6066761016845703,5.203333725993068,,,,
11569,3.642972946166992,5.255699003527776,,,,
11570,3.573294162750244,5.155173768237258,,,,
11571,3.654036283493042,5.27166002542375,,,,
11572,3.5449259281158447,5.114247056811435,,,,
11573,3.6236751079559326,5.227858108040803,,,,
11574,3.6486659049987793,5.263912207002381,,,,
11575,3.5378150939941406,5.103988291687469,,,,
11576,3.631120443344116,5.238599456483091,,,,
11577,3.566105365753174,5.144802526459627,,,,
11578,3.517094373703003,5.074094611279797,,,,
11579,3.567546844482422,5.14688214067386,,,,
11580,3.492992401123047,5.039322814963053,,,,
11581,3.604727268218994,5.200522153616763,,,,
11582,3.624924659729004,5.2296608301871474,,,,
11583,3.60925030708313,5.2070475193558,,,,
11584,3.649132013320923,5.264584659167254,,,,
11585,3.567591905593872,5.146947150115886,,,,
11586,3.5955255031585693,5.187246812796663,,,,
11587,3.5720512866973877,5.153380677119363,,,,
11588,3.6386427879333496,5.2494519057178355,,,,
11589,3.583566904067993,5.16999420119271,,,,
11590,3.625117301940918,5.2299387541509414,,,,
11591,3.4646596908569336,4.998447354367188,,,,
11592,3.6109390258789062,5.209483825587922,,,,
11593,3.6440930366516113,5.257314952515284,,,,
11594,3.569706439971924,5.149997778376891,,,,
11595,3.6188981533050537,5.220966419255428,,,,
11596,3.627784013748169,5.233786006050742,,,,
11597,3.6378300189971924,5.248279328004253,,,,
11598,3.5192666053771973,5.07722847914382,,,,
11599,3.61997127532959,5.222514607078496,,,,
11600,3.643317699432373,5.256196377354072,4.196285057067871,6.053959641988278,,
11601,3.6020541191101074,5.196665614653815,,,,
11602,3.5521154403686523,5.124619330484971,,,,
11603,3.4944024085998535,5.041357025757458,,,,
11604,3.529583215713501,5.092112201714788,,,,
11605,3.5519559383392334,5.124389217698117,,,,
11606,3.6250691413879395,5.229869273159993,,,,
11607,3.6891636848449707,5.322338153153494,,,,
11608,3.6078591346740723,5.205040481820231,,,,
11609,3.5511257648468018,5.123191530517508,,,,
11610,3.5397720336914062,5.106811558884033,,,,
11611,3.6310739517211914,5.238532383249255,,,,
11612,3.5459113121032715,5.115668665403467,,,,
11613,3.647256851196289,5.261879372069182,,,,
11614,3.5615158081054688,5.138181194401409,,,,
11615,3.5385842323303223,5.105097923750836,,,,
11616,3.526224136352539,5.0872660745787766,,,,
11617,3.5416150093078613,5.109470410666372,,,,
11618,3.5605082511901855,5.136727597036317,,,,
11619,3.5512030124664307,5.1233029752752675,,,,
11620,3.6799240112304688,5.30900812185042,,,,
11621,3.7095556259155273,5.351757505410086,,,,
11622,3.5493743419647217,5.120664761411032,,,,
11623,3.6210618019104004,5.224087904368589,,,,
11624,3.6996734142303467,5.337500487618861,,,,
11625,3.6711044311523438,5.296284157408985,,,,
11626,3.65377140045166,5.271277879973533,,,,
11627,3.5554537773132324,5.129435532639733,,,,
11628,3.6553149223327637,5.273504711336905,,,,
11629,3.6629579067230225,5.284531207014322,,,,
11630,3.559407949447632,5.135140197168853,,,,
11631,3.747030735015869,5.405822659465922,,,,
11632,3.5967612266540527,5.189029584955507,,,,
11633,3.709892749786377,5.352243872346726,,,,
11634,3.639173984527588,5.25021826041008,,,,
11635,3.6535418033599854,5.2709466413879715,,,,
11636,3.693425178527832,5.328486188956537,,,,
11637,3.5770621299743652,5.16060979586573,,,,
11638,3.5922088623046875,5.182461911484358,,,,
11639,3.6681859493255615,5.292073678150563,,,,
11640,3.5053791999816895,5.057193188248905,,,,
11641,3.572910785675049,5.154620672032083,,,,
11642,3.617739677429199,5.219295091854344,,,,
11643,3.5991148948669434,5.192425210414142,,,,
11644,3.6160287857055664,5.216826796849161,,,,
11645,3.612290859222412,5.211434108848707,,,,
11646,3.5807580947875977,5.16594194597308,,,,
11647,3.6237006187438965,5.227894912328088,,,,
11648,3.6123945713043213,5.211583733754957,,,,
11649,3.5849695205688477,5.1720177490627615,,,,
11650,3.5752651691436768,5.158017329386624,,,,
11651,3.509596109390259,5.063276902540527,,,,
11652,3.5279407501220703,5.0897426247512,,,,
11653,3.5796308517456055,5.164315678026521,,,,
11654,3.6382527351379395,5.248889178484212,,,,
11655,3.6136951446533203,5.21346006447587,,,,
11656,3.5795600414276123,5.164213520331909,,,,
11657,3.6302742958068848,5.237378723627266,,,,
11658,3.5820066928863525,5.167743292258217,,,,
11659,3.6350388526916504,5.244252526216951,,,,
11660,3.6287145614624023,5.235128502623378,,,,
11661,3.622638702392578,5.226362890874202,,,,
11662,3.669370412826538,5.293782497769535,,,,
11663,3.5724172592163086,5.153908663857511,,,,
11664,3.5801048278808594,5.164999481046352,,,,
11665,3.5452017784118652,5.114645024665532,,,,
11666,3.61812162399292,5.2198461242677086,,,,
11667,3.5955569744110107,5.187292216216491,,,,
11668,3.6041035652160645,5.199622340387449,,,,
11669,3.51778244972229,5.075087295140578,,,,
11670,3.6570992469787598,5.276078947655019,,,,
11671,3.655120849609375,5.2732247235813,,,,
11672,3.6240270137786865,5.22836580082615,,,,
11673,3.630871295928955,5.2382400127427875,,,,
11674,3.6070117950439453,5.203818029137898,,,,
11675,3.687424659729004,5.319829270242708,,,,
11676,3.686659336090088,5.318725141624168,,,,
11677,3.6965861320495605,5.333046480926816,,,,
11678,3.584942579269409,5.171978880983667,,,,
11679,3.5664334297180176,5.145275822714802,,,,
11680,3.5667266845703125,5.145698900035924,,,,
11681,3.5868630409240723,5.174749521489066,,,,
11682,3.515629291534424,5.071980944500694,,,,
11683,3.5713729858398438,5.152402095835953,,,,
11684,3.5337073802948,5.098062113504038,,,,
11685,3.502473831176758,5.053001627082077,,,,
11686,3.653238296508789,5.270508773558874,,,,
11687,3.538365364074707,5.1047821636038515,,,,
11688,3.545243501663208,5.1147052185933335,,,,
11689,3.5964322090148926,5.188554912839126,,,,
11690,3.6544790267944336,5.272298768989055,,,,
11691,3.5340614318847656,5.098572901977101,,,,
11692,3.6274023056030273,5.23323531760268,,,,
11693,3.6308107376098633,5.238152645556149,,,,
11694,3.544433116912842,5.113536080532769,,,,
11695,3.6161532402038574,5.217006346736662,,,,
11696,3.6084017753601074,5.205823346846959,,,,
11697,3.62831974029541,5.23455889608372,,,,
11698,3.6044201850891113,5.2000791263081405,,,,
11699,3.656412363052368,5.275087983620748,,,,
11700,3.583526134490967,5.169935383126115,,,,
11701,3.5743765830993652,5.156735370707092,,,,
11702,3.630669116973877,5.237948330166924,,,,
11703,3.583754062652588,5.170264213954564,,,,
11704,3.517451286315918,5.07460952733648,,,,
11705,3.625058650970459,5.229854138686717,,,,
11706,3.52601957321167,5.086970952349896,,,,
11707,3.605726718902588,5.201964056161597,,,,
11708,3.7371747493743896,5.3916034778578865,,,,
11709,3.67657470703125,5.304176097291778,,,,
11710,3.672696113586426,5.298580469763306,,,,
11711,3.594853162765503,5.186276830645797,,,,
11712,3.5829718112945557,5.169135663799603,,,,
11713,3.516270399093628,5.072905867197034,,,,
11714,3.572524070739746,5.1540627603126845,,,,
11715,3.6840596199035645,5.314974543974152,,,,
11716,3.5425033569335938,5.110752025380601,,,,
11717,3.605719566345215,5.201953737202546,,,,
11718,3.6137778759002686,5.213579420435569,,,,
11719,3.5519015789031982,5.1243107936093235,,,,
11720,3.60369610786438,5.1990345036868,,,,
11721,3.6076576709747314,5.204749831140273,,,,
11722,3.5967507362365723,5.189014450482231,,,,
11723,3.59804630279541,5.190883557931808,,,,
11724,3.5500009059906006,5.121568702223967,,,,
11725,3.704833507537842,5.344944928644108,,,,
11726,3.652400493621826,5.269300079488611,,,,
11727,3.648043394088745,5.263014113599575,,,,
11728,3.445466995239258,4.970758147578275,,,,
11729,3.6634292602539062,5.285211226415835,,,,
11730,3.5609896183013916,5.137422062980501,,,,
11731,3.579408884048462,5.163995446330615,,,,
11732,3.594632148742676,5.185957974811097,,,,
11733,3.6013717651367188,5.195681185960277,,,,
11734,3.638911724090576,5.249839898578182,,,,
11735,3.591032028198242,5.1807640987550405,,,,
11736,3.6013386249542236,5.195633374783337,,,,
11737,3.5421009063720703,5.110171411951288,,,,
11738,3.601128339767456,5.195329997387215,,,,
11739,3.510936737060547,5.065211019432129,,,,
11740,3.4436447620391846,4.968129220777186,,,,
11741,3.5783395767211914,5.162452761952375,,,,
11742,3.5030715465545654,5.053863948093503,,,,
11743,3.6586971282958984,5.278384203107184,,,,
11744,3.615269184112549,5.215730923397863,,,,
11745,3.719228506088257,5.365712521666397,,,,
11746,3.6707029342651367,5.29570491984088,,,,
11747,3.5616211891174316,5.138333227064772,,,,
11748,3.6121325492858887,5.211205715888361,,,,
11749,3.5595059394836426,5.135281566907862,,,,
11750,3.5928969383239746,5.183454595345138,,,,
11751,3.6607656478881836,5.281368446064956,,,,
11752,3.534701108932495,5.099495760881631,,,,
11753,3.635763168334961,5.245297492803593,,,,
11754,3.5624847412109375,5.139579069387622,,,,
11755,3.5394973754882812,5.106415310856445,,,,
11756,3.5595829486846924,5.135392667700319,,,,
11757,3.5339102745056152,5.098354827975807,,,,
11758,3.591297149658203,5.181146588170559,,,,
11759,3.6397581100463867,5.251060975399308,,,,
11760,3.59702467918396,5.189409666613914,,,,
11761,3.633669137954712,5.242276445558538,,,,
11762,3.6205382347106934,5.223332556566,,,,
11763,3.5733299255371094,5.155225363032517,,,,
11764,3.565809965133667,5.144376353450789,,,,
11765,3.568709135055542,5.148558971519773,,,,
11766,3.62650203704834,5.231936504623364,,,,
11767,3.5502371788024902,5.121909571837977,,,,
11768,3.617422580718994,5.218837618003049,,,,
11769,3.599216938018799,5.192572427563281,,,,
11770,3.643308162689209,5.256182618742002,,,,
11771,3.4992010593414307,5.04828001538529,,,,
11772,3.70857310295105,5.3503400244016746,,,,
11773,3.6476919651031494,5.262507108744831,,,,
11774,3.5787057876586914,5.162981092655826,,,,
11775,3.521589517593384,5.080579733078532,,,,
11776,3.568445920944214,5.148179233826667,,,,
11777,3.6637496948242188,5.285673515781354,,,,
11778,3.6255598068237305,5.230577153750945,,,,
11779,3.700894832611084,5.339262621859602,,,,
11780,3.588765859603882,5.177494708562138,,,,
11781,3.583264112472534,5.169557365259518,,,,
11782,3.737657070159912,5.392299319663278,,,,
11783,3.5272865295410156,5.088798783963266,,,,
11784,3.6406824588775635,5.252394528874098,,,,
11785,3.5615692138671875,5.1382582426289956,,,,
11786,3.590869426727295,5.180529514419264,,,,
11787,3.5613138675689697,5.1378898557908474,,,,
11788,3.6905517578125,5.324340719140141,,,,
11789,3.628476858139038,5.234785569217557,,,,
11790,3.518683910369873,5.076387827946402,,,,
11791,3.588083505630493,5.1765102798686,,,,
11792,3.602707862854004,5.197608767511148,,,,
11793,3.6006088256835938,5.194580496994755,,,,
11794,3.6184821128845215,5.220366199803918,,,,
11795,3.6247007846832275,5.229337846768827,,,,
11796,3.66031813621521,5.280722823193617,,,,
11797,3.530029296875,5.092755760794317,,,,
11798,3.5281269550323486,5.090011261651848,,,,
11799,3.6564621925354004,5.275159872368809,,,,
11800,3.614140510559082,5.214102591659494,4.142966651916504,5.977037443288293,,
11801,3.5053815841674805,5.057196627901923,,,,
11802,3.556405544281006,5.130808642124222,,,,
11803,3.6475412845611572,5.262289722674141,,,,
11804,3.567566394805908,5.146910345828601,,,,
11805,3.6567695140838623,5.275603243642733,,,,
11806,3.5941433906555176,5.18525284594256,,,,
11807,3.499228000640869,5.048318883464384,,,,
11808,3.5813710689544678,5.166826280763817,,,,
11809,3.573697090148926,5.155755069597174,,,,
11810,3.6446070671081543,5.258056541705804,,,,
11811,3.579364776611328,5.163931812749795,,,,
11812,3.595637559890747,5.187408476488474,,,,
11813,3.5808229446411133,5.16603550453515,,,,
11814,3.585257053375244,5.172432571216643,,,,
11815,3.5485169887542725,5.1194278621860265,,,,
11816,3.5961852073669434,5.188198564786538,,,,
11817,3.646184206008911,5.260331872176719,,,,
11818,3.589843988418579,5.179050119656542,,,,
11819,3.578249216079712,5.162322399103021,,,,
11820,3.6076152324676514,5.204688605316566,,,,
11821,3.6478757858276367,5.2627723059924625,,,,
11822,3.605391025543213,5.201479753016767,,,,
11823,3.636777877807617,5.246761409127738,,,,
11824,3.5200798511505127,5.078401744788005,,,,
11825,3.639740228652954,5.251035178001679,,,,
11826,3.579695463180542,5.164408892623289,,,,
11827,3.601548433303833,5.195936064248856,,,,
11828,3.602491855621338,5.197297134947784,,,,
11829,3.617295980453491,5.218654972427832,,,,
11830,3.5248208045959473,5.085241494812819,,,,
11831,3.5714309215545654,5.152485679404272,,,,
11832,3.6321144104003906,5.240033447825985,,,,
11833,3.6401405334472656,5.251612695743276,,,,
11834,3.5719990730285645,5.153305348718284,,,,
11835,3.5995771884918213,5.1930921591341885,,,,
11836,3.6107189655303955,5.20916634561443,,,,
11837,3.638998508453369,5.2499651019480105,,,,
11838,3.5560014247894287,5.130225620937797,,,,
11839,3.529724597930908,5.092316173138712,,,,
11840,3.6533055305480957,5.270605771773961,,,,
11841,3.547255039215088,5.1176072538439925,,,,
11842,3.617387056350708,5.218786367173092,,,,
11843,3.5731232166290283,5.154927145115921,,,,
11844,3.5052080154418945,5.056946221162266,,,,
11845,3.546098470687866,5.115938678165322,,,,
11846,3.5661795139312744,5.144909499668464,,,,
11847,3.6293997764587402,5.236117058900537,,,,
11848,3.6654577255249023,5.288137683202916,,,,
11849,3.6051316261291504,5.20110551876849,,,,
11850,3.704784631729126,5.344874415757255,,,,
11851,3.5894227027893066,5.178442332968393,,,,
11852,3.5096373558044434,5.063336408537725,,,,
11853,3.590951442718506,5.180647838483057,,,,
11854,3.4843783378601074,5.026895348611706,,,,
11855,3.651323080062866,5.267745700290113,,,,
11856,3.628368854522705,5.234629752935875,,,,
11857,3.567009210586548,5.146106498918469,,,,
11858,3.5936951637268066,5.184606191175315,,,,
11859,3.5551419258117676,5.128985626025076,,,,
11860,3.614109516143799,5.21405787617027,,,,
11861,3.583538770675659,5.169953613287106,,,,
11862,3.536191940307617,5.101646575913321,,,,
11863,3.5117318630218506,5.066358143713384,,,,
11864,3.5998928546905518,5.193547569193673,,,,
11865,3.534390687942505,5.099047918058783,,,,
11866,3.5623741149902344,5.139419469487621,,,,
11867,3.6191837787628174,5.221378489686896,,,,
11868,3.673322916030884,5.299484754541543,,,,
11869,3.5229876041412354,5.082596745607851,,,,
11870,3.4927523136138916,5.038976441904215,,,,
11871,3.5568480491638184,5.131447041724225,,,,
11872,3.6284244060516357,5.234709896851178,,,,
11873,3.5603647232055664,5.1365205299246774,,,,
11874,3.5502071380615234,5.1218662322099595,,,,
11875,3.6294140815734863,5.23613769681864,,,,
11876,3.6553759574890137,5.273592766454146,,,,
11877,3.6924209594726562,5.32703740710567,,,,
11878,3.548909902572632,5.11999471700327,,,,
11879,3.6313259601593018,5.238895954573178,,,,
11880,3.5556397438049316,5.1297038255750795,,,,
11881,3.6130764484405518,5.2125674745178925,,,,
11882,3.769630193710327,5.438426786451192,,,,
11883,3.5071728229522705,5.059780839213787,,,,
11884,3.5180559158325195,5.075481823341657,,,,
11885,3.648908853530884,5.264262707644839,,,,
11886,3.663736581802368,5.285654597689759,,,,
11887,3.57002854347229,5.1504624754995225,,,,
11888,3.6126441955566406,5.211943865425864,,,,
11889,3.585015058517456,5.172083446435391,,,,
11890,3.6074066162109375,5.204387635677556,,,,
11891,3.584155321121216,5.170843107557368,,,,
11892,3.634298801422119,5.2431848579203955,,,,
11893,3.5915403366088867,5.181497432778319,,,,
11894,3.565091848373413,5.143340329961991,,,,
11895,3.579627513885498,5.1643108625122975,,,,
11896,3.5053608417510986,5.057166702920672,,,,
11897,3.5998475551605225,5.193482215786345,,,,
11898,3.526289463043213,5.087360321071449,,,,
11899,3.659879207611084,5.28008958307314,,,,
11900,3.540656089782715,5.108086982222831,,,,
11901,3.5946192741394043,5.185939400684804,,,,
11902,3.5908889770507812,5.180557719574005,,,,
11903,3.6522581577301025,5.269094732203481,,,,
11904,3.6883492469787598,5.3211631676827995,,,,
11905,3.5713119506835938,5.152314040718711,,,,
11906,3.555849075317383,5.130005827109994,,,,
11907,3.624415874481201,5.228926808233265,,,,
11908,3.6020352840423584,5.196638441394979,,,,
11909,3.591085433959961,5.180841146982627,,,,
11910,3.625762939453125,5.230870212188014,,,,
11911,3.5335776805877686,5.0978749963798995,,,,
11912,3.612339496612549,5.211504277770259,,,,
11913,3.553865432739258,5.127144035799637,,,,
11914,3.668463706970215,5.292474397727073,,,,
11915,3.5595552921295166,5.135352767725319,,,,
11916,3.557041645050049,5.131726341549226,,,,
11917,3.5933032035827637,5.184040712219279,,,,
11918,3.692746639251709,5.327507263707827,,,,
11919,3.603341579437256,5.198523027283134,,,,
11920,3.6106979846954346,5.209136076667878,,,,
11921,3.486555814743042,5.030036783712366,,,,
11922,3.4845597743988037,5.027157106206319,,,,
11923,3.5586659908294678,5.134069777149882,,,,
11924,3.627101182937622,5.2328008894266,,,,
11925,3.6424970626831055,5.255012448785532,,,,
11926,3.611431121826172,5.210193769970684,,,,
11927,3.682231903076172,5.312337705971124,,,,
11928,3.6532323360443115,5.270500174426331,,,,
11929,3.5434930324554443,5.112179825348065,,,,
11930,3.620407819747925,5.223144407545956,,,,
11931,3.655128240585327,5.273235386505654,,,,
11932,3.58524227142334,5.172411245367935,,,,
11933,3.5675346851348877,5.146864598443472,,,,
11934,3.6032302379608154,5.198362395487228,,,,
11935,3.5311522483825684,5.094375837365445,,,,
11936,3.593160390853882,5.183834677003545,,,,
11937,3.591083526611328,5.1808383952602135,,,,
11938,3.6548547744750977,5.2728408583045745,,,,
11939,3.6560328006744385,5.274540390860401,,,,
11940,3.5430922508239746,5.111601619675864,,,,
11941,3.6853575706481934,5.316847091076746,,,,
11942,3.5469579696655273,5.117178673078043,,,,
11943,3.4363694190979004,4.957633119595029,,,,
11944,3.6079049110412598,5.205106523158162,,,,
11945,3.5276622772216797,5.089340873278785,,,,
11946,3.5261411666870117,5.087146374653775,,,,
11947,3.5672574043273926,5.146464566797565,,,,
11948,3.531557083129883,5.094959890447774,,,,
11949,3.549727439880371,5.1211741740228875,,,,
11950,3.5753822326660156,5.158186216349771,,,,
11951,3.5921337604522705,5.182353562414314,,,,
11952,3.5348801612854004,5.099754078823226,,,,
11953,3.588960886001587,5.17777607217895,,,,
11954,3.6707823276519775,5.295819460286354,,,,
11955,3.5994057655334473,5.192844848082247,,,,
11956,3.5891356468200684,5.178028198745115,,,,
11957,3.5678672790527344,5.14734443003938,,,,
11958,3.5596766471862793,5.135527846063898,,,,
11959,3.5743494033813477,5.156696158662696,,,,
11960,3.4752955436706543,5.013791646477167,,,,
11961,3.5528345108032227,5.125656729834976,,,,
11962,3.609036445617676,5.206738982480152,,,,
11963,3.6114702224731445,5.210250180280167,,,,
11964,3.5514259338378906,5.123624582832381,,,,
11965,3.6694350242614746,5.293875712366303,,,,
11966,3.5695555210113525,5.149780048340898,,,,
11967,3.5871224403381348,5.175123755737344,,,,
11968,3.6367123126983643,5.246666818669763,,,,
11969,3.503216505050659,5.054073078996953,,,,
11970,3.6072893142700195,5.204218404749107,,,,
11971,3.5516445636749268,5.1239399990140635,,,,
11972,3.6598286628723145,5.2800166624291744,,,,
11973,3.6179323196411133,5.219573015818138,,,,
11974,3.6003971099853516,5.1942750558068225,,,,
11975,3.578784465789795,5.163094601205396,,,,
11976,3.5790390968322754,5.163461956147638,,,,
11977,3.5972936153411865,5.1897976594742605,,,,
11978,3.540642261505127,5.108067032235331,,,,
11979,3.6722042560577393,5.297870869345846,,,,
11980,3.542130947113037,5.1102147515793055,,,,
11981,3.5876853466033936,5.175935857814718,,,,
11982,3.570919990539551,5.151748561762674,,,,
11983,3.551063060760498,5.123101067643154,,,,
11984,3.65692138671875,5.275822349539932,,,,
11985,3.5917699337005615,5.181828671363881,,,,
11986,3.5736804008483887,5.1557309920260534,,,,
11987,3.6144542694091797,5.214555249996565,,,,
11988,3.592405319213867,5.18274533889298,,,,
11989,3.564819812774658,5.142947865552722,,,,
11990,3.6434149742126465,5.256336715197175,,,,
11991,3.632047653198242,5.239937137541502,,,,
11992,3.577254295349121,5.160887031898921,,,,
11993,3.6306631565093994,5.237939731034381,,,,
11994,3.5468392372131348,5.117007378357783,,,,
11995,3.641979455947876,5.254265700115486,,,,
11996,3.581131935119629,5.166481283566186,,,,
11997,3.5786261558532715,5.16286620824505,,,,
11998,3.5848569869995117,5.171855397440347,,,,
11999,3.6145215034484863,5.214652248211651,,,,
12000,3.6566214561462402,5.275389641190361,4.119567108154297,5.943279037543492,,
12001,3.5255215167999268,5.086252408834591,,,,
12002,3.548856735229492,5.119918012740985,,,,
12003,3.5472254753112793,5.117564602146579,,,,
12004,3.5921192169189453,5.182332580530909,,,,
12005,3.5002801418304443,5.0498368023408995,,,,
12006,3.5670714378356934,5.146196273862219,,,,
12007,3.5187840461730957,5.076532293373127,,,,
12008,3.5503392219543457,5.122056788987115,,,,
12009,3.585770606994629,5.1731734724765595,,,,
12010,3.5756232738494873,5.1585339652698154,,,,
12011,3.6267917156219482,5.232354422464961,,,,
12012,3.5572147369384766,5.131976060358279,,,,
12013,3.6973016262054443,5.334078720797295,,,,
12014,3.5839486122131348,5.170544889640772,,,,
12015,3.530047655105591,5.09278224612255,,,,
12016,3.5562591552734375,5.130597447428962,,,,
12017,3.6130423545837402,5.212518287479746,,,,
12018,3.673123836517334,5.299197543514602,,,,
12019,3.510861396789551,5.065102326396785,,,,
12020,3.61191463470459,5.210891331602584,,,,
12021,3.6266274452209473,5.232117430372072,,,,
12022,3.5415053367614746,5.1093121866275775,,,,
12023,3.606229782104492,5.202689822948238,,,,
12024,3.6734700202941895,5.2996969811327075,,,,
12025,3.6692726612091064,5.293641471995827,,,,
12026,3.6180014610290527,5.2196727657556385,,,,
12027,3.5785136222839355,5.1627038566226355,,,,
12028,3.6312828063964844,5.238833696853566,,,,
12029,3.6219735145568848,5.225403227682388,,,,
12030,3.6069135665893555,5.203676315433587,,,,
12031,3.580535888671875,5.165621370311872,,,,
12032,3.581064224243164,5.166383597420496,,,,
12033,3.5733227729797363,5.155215044073465,,,,
12034,3.676671266555786,5.304315403238977,,,,
12035,3.562683343887329,5.139865592483959,,,,
12036,3.524496078491211,5.084773014071869,,,,
12037,3.5754642486572266,5.158304540413565,,,,
12038,3.6060147285461426,5.202379566246082,,,,
12039,3.590425491333008,5.17988905102745,,,,
12040,3.56284761428833,5.140102584576848,,,,
12041,3.645432949066162,5.259248037510981,,,,
12042,3.6223344802856445,5.2259239911492,,,,
12043,3.5521678924560547,5.124695002851351,,,,
12044,3.617192268371582,5.218505347521582,,,,
12045,3.5447604656219482,5.114008344892038,,,,
12046,3.626155376434326,5.231436379074655,,,,
12047,3.471952438354492,5.008968565016371,,,,
12048,3.5966148376464844,5.188818390260248,,,,
12049,3.6417641639709473,5.253955099448028,,,,
12050,3.6006743907928467,5.19467508745273,,,,
12051,3.53239107131958,5.096163081073211,,,,
12052,3.631516456604004,5.239170782849257,,,,
12053,3.5547170639038086,5.128372679857401,,,,
12054,3.5914292335510254,5.181337144947715,,,,
12055,3.612283229827881,5.211423101959052,,,,
12056,3.575375556945801,5.158176585321322,,,,
12057,3.5183942317962646,5.0759699101048055,,,,
12058,3.665477752685547,5.288166576288261,,,,
12059,3.6017937660217285,5.196290004544331,,,,
12060,3.5410408973693848,5.108642142219816,,,,
12061,3.5397205352783203,5.10673726237886,,,,
12062,3.583282470703125,5.169583850587751,,,,
12063,3.636415481567383,5.2462385818691155,,,,
12064,3.6255979537963867,5.230632188199221,,,,
12065,3.6028919219970703,5.19787430872408,,,,
12066,3.5639681816101074,5.1417192214949585,,,,
12067,3.4525465965270996,4.980971853247715,,,,
12068,3.5727128982543945,5.154335180831651,,,,
12069,3.533843755722046,5.098258861656626,,,,
12070,3.5743513107299805,5.156698910385109,,,,
12071,3.6179394721984863,5.21958333477719,,,,
12072,3.5867137908935547,5.174534199210186,,,,
12073,3.512657403945923,5.0676934170146835,,,,
12074,3.557847499847412,5.132888944269059,,,,
12075,3.5591416358947754,5.134755987926825,,,,
12076,3.546924352645874,5.1171301739705,,,,
12077,3.527721405029297,5.089426176673613,,,,
12078,3.557910919189453,5.132980439039318,,,,
12079,3.5583977699279785,5.133682816185441,,,,
12080,3.505730628967285,5.057700193103649,,,,
12081,3.4934792518615723,5.0400251921091765,,,,
12082,3.6288297176361084,5.235294637864111,,,,
12083,3.658520221710205,5.278128980853304,,,,
12084,3.5390329360961914,5.105745266448683,,,,
12085,3.6403403282165527,5.251900938666123,,,,
12086,3.6274540424346924,5.233309958073154,,,,
12087,3.568817615509033,5.1487154757320575,,,,
12088,3.5690431594848633,5.14904086690749,,,,
12089,3.5533719062805176,5.126432027625065,,,,
12090,3.5314011573791504,5.094734937140446,,,,
12091,3.5255045890808105,5.086227987298169,,,,
12092,3.581756591796875,5.167382472656707,,,,
12093,3.546077251434326,5.1159080652534685,,,,
12094,3.5446436405181885,5.113839801894192,,,,
12095,3.6398537158966064,5.2511989054853005,,,,
12096,3.5933616161346436,5.184124983718202,,,,
12097,3.5387845039367676,5.105386854604285,,,,
12098,3.5273215770721436,5.088849346862619,,,,
12099,3.5373077392578125,5.103256333525397,,,,
12100,3.5425095558166504,5.110760968478446,,,,
12101,3.5197978019714355,5.077994833836064,,,,
12102,3.548765182495117,5.119785930065123,,,,
12103,3.5401577949523926,5.107368094742225,,,,
12104,3.5357112884521484,5.100953141865042,,,,
12105,3.5362977981567383,5.101799296507287,,,,
12106,3.602447748184204,5.197233501366965,,,,
12107,3.5234498977661133,5.083263694327897,,,,
12108,3.566912889480591,5.145967536936571,,,,
12109,3.658651113510132,5.278317817803951,,,,
12110,3.582430124282837,5.168354174634082,,,,
12111,3.6468605995178223,5.261307701737715,,,,
12112,3.532604455947876,5.096470930018255,,,,
12113,3.6011533737182617,5.195366113743896,,,,
12114,3.52675199508667,5.088027613756797,,,,
12115,3.542055606842041,5.110106058543961,,,,
12116,3.5313141345977783,5.094609389805316,,,,
12117,3.529829502105713,5.092467517871471,,,,
12118,3.552868366241455,5.125705572907821,,,,
12119,3.6283278465270996,5.234570590903979,,,,
12120,3.5959882736206055,5.187914449447312,,,,
12121,3.526911497116089,5.0882577265436515,,,,
12122,3.5740184783935547,5.1562187348239,,,,
12123,3.5375008583068848,5.103534945419795,,,,
12124,3.5381040573120117,5.1044051776331605,,,,
12125,3.640467882156372,5.252084960102545,,,,
12126,3.5559420585632324,5.130139973577667,,,,
12127,3.579274892807007,5.163802137831045,,,,
12128,3.456033229827881,4.986002001820151,,,,
12129,3.614149332046509,5.214115318375658,,,,
12130,3.5712311267852783,5.152197436481426,,,,
12131,3.5960774421691895,5.188043092470158,,,,
12132,3.6753346920013428,5.302387133757503,,,,
12133,3.6181068420410156,5.219824798419001,,,,
12134,3.5918140411376953,5.1818923049447,,,,
12135,3.4805822372436523,5.021418733077631,,,,
12136,3.615238904953003,5.215687239804544,,,,
12137,3.6078829765319824,5.205074878350404,,,,
12138,3.6055710315704346,5.201739446819571,,,,
12139,3.5879712104797363,5.176348272211487,,,,
12140,3.550097942352295,5.121708696101769,,,,
12141,3.549703598022461,5.121139777492715,,,,
12142,3.482769012451172,5.024573582825059,,,,
12143,3.587146520614624,5.175158496232818,,,,
12144,3.6275765895843506,5.233486756238241,,,,
12145,3.613422155380249,5.213066224205395,,,,
12146,3.674527168273926,5.301222123280558,,,,
12147,3.636869192123413,5.246893147838299,,,,
12148,3.5327510833740234,5.096682468678817,,,,
12149,3.624277114868164,5.22872662042766,,,,
12150,3.524348735809326,5.084560443515403,,,,
12151,3.471867561340332,5.008846113368956,,,,
12152,3.5577330589294434,5.13272384092423,,,,
12153,3.568814992904663,5.148711692113738,,,,
12154,3.5940723419189453,5.185150344282645,,,,
12155,3.4826245307922363,5.024365139852213,,,,
12156,3.518423557281494,5.076012217836918,,,,
12157,3.558393955230713,5.1336773127406135,,,,
12158,3.4728426933288574,5.010252931453014,,,,
12159,3.620753049850464,5.223642469302854,,,,
12160,3.652946710586548,5.270088103994865,,,,
12161,3.623898506164551,5.22818040352852,,,,
12162,3.533450126647949,5.097690974943476,,,,
12163,3.5046157836914062,5.05609181135278,,,,
12164,3.595907211303711,5.1877975012447255,,,,
12165,3.5791406631469727,5.163608485366174,,,,
12166,3.5248098373413086,5.0852256724089395,,,,
12167,3.508869171142578,5.062228152335565,,,,
12168,3.5267934799194336,5.0880874637192965,,,,
12169,3.522735118865967,5.082232486353323,,,,
12170,3.618590831756592,5.220523047981504,,,,
12171,3.62972354888916,5.236584163780281,,,,
12172,3.5894198417663574,5.178438205384772,,,,
12173,3.4696857929229736,5.005698486892865,,,,
12174,3.5360543727874756,5.1014481079342255,,,,
12175,3.6016130447387695,5.196029278845623,,,,
12176,3.543727397918701,5.112517943239661,,,,
12177,3.58833909034729,5.1768790106720495,,,,
12178,3.509305953979492,5.062858296768327,,,,
12179,3.52492618560791,5.085393527476182,,,,
12180,3.595433235168457,5.187113698224895,,,,
12181,3.6038315296173096,5.1992298759781805,,,,
12182,3.52469539642334,5.085060569064112,,,,
12183,3.566828727722168,5.145846117185062,,,,
12184,3.631883382797241,5.239700145448613,,,,
12185,3.543654203414917,5.1124123458920305,,,,
12186,3.4412662982940674,4.964697822927172,,,,
12187,3.582780361175537,5.1688594596623165,,,,
12188,3.561566114425659,5.138253771080073,,,,
12189,3.624488353729248,5.22903137368499,,,,
12190,3.5382447242736816,5.104608117161178,,,,
12191,3.5687150955200195,5.1485675706523155,,,,
12192,3.5496037006378174,5.120995656031292,,,,
12193,3.6147565841674805,5.214991397999153,,,,
12194,3.5275158882141113,5.089129678583525,,,,
12195,3.669161319732666,5.293480840199922,,,,
12196,3.466768503189087,5.00148972746095,,,,
12197,3.602708578109741,5.1976097994070525,,,,
12198,3.550779104232788,5.1226914049687995,,,,
12199,3.620418071746826,5.22315919805393,,,,
12200,3.6291308403015137,5.23572906604019,4.146640586853027,5.982337811001764,,
12201,3.587352752685547,5.175456026218811,,,,
12202,3.6184680461883545,5.220345905851116,,,,
12203,3.5579991340637207,5.133107706200956,,,,
12204,3.6145012378692627,5.214623011161005,,,,
12205,3.5128800868988037,5.068014680606495,,,,
12206,3.664978504180908,5.2874463129464475,,,,
12207,3.622098684310913,5.225583809465793,,,,
12208,3.6185078620910645,5.220403348056504,,,,
12209,3.599179983139038,5.192519112941513,,,,
12210,3.4437661170959473,4.968304299115765,,,,
12211,3.5769925117492676,5.160509357997626,,,,
12212,3.5999178886413574,5.1935836855503545,,,,
12213,3.576277732849121,5.159478150023053,,,,
12214,3.515676498413086,5.072049049630435,,,,
12215,3.525341033935547,5.0859920271011845,,,,
12216,3.531994581222534,5.095591066776441,,,,
12217,3.6327433586120605,5.240940828291937,,,,
12218,3.5809051990509033,5.166154172564244,,,,
12219,3.5681214332580566,5.147711097051019,,,,
12220,3.5204501152038574,5.078935922901585,,,,
12221,3.641228199005127,5.253181865449748,,,,
12222,3.6012887954711914,5.195561486035277,,,,
12223,3.5103142261505127,5.064312926029324,,,,
12224,3.6008172035217285,5.1948811226684635,,,,
12225,3.5268590450286865,5.088182054177271,,,,
12226,3.490131139755249,5.035194887377044,,,,
12227,3.573965072631836,5.156141686596314,,,,
12228,3.5668232440948486,5.145838205983123,,,,
12229,3.594327926635742,5.185519075086095,,,,
12230,3.5925254821777344,5.18291869740505,,,,
12231,3.535647392272949,5.100860959164179,,,,
12232,3.5974929332733154,5.190085214466503,,,,
12233,3.4202628135681152,4.934396199671653,,,,
12234,3.5727219581604004,5.154348251513117,,,,
12235,3.5745091438293457,5.156926615414852,,,,
12236,3.633641242980957,5.242236201618236,,,,
12237,3.5608158111572266,5.137171312275543,,,,
12238,3.6175856590270996,5.219072890269429,,,,
12239,3.5337634086608887,5.098142945349943,,,,
12240,3.4908480644226074,5.036229191039332,,,,
12241,3.5447006225585938,5.113922009601304,,,,
12242,3.6544480323791504,5.272254053499831,,,,
12243,3.5373480319976807,5.1033144636613885,,,,
12244,3.5648322105407715,5.142965751748412,,,,
12245,3.532311201095581,5.096047852697133,,,,
12246,3.5890769958496094,5.17794358328089,,,,
12247,3.669797420501709,5.294398539624925,,,,
12248,3.621504545211792,5.224726647933894,,,,
12249,3.573589324951172,5.155599597280794,,,,
12250,3.5087313652038574,5.062029340391168,,,,
12251,3.6066131591796875,5.203242919153413,,,,
12252,3.627382755279541,5.233207112447938,,,,
12253,3.5782389640808105,5.1623076085950474,,,,
12254,3.6050286293029785,5.2009569257581445,,,,
12255,3.5034005641937256,5.054338620209885,,,,
12256,3.5947909355163574,5.186187055702047,,,,
12257,3.508563995361328,5.0617878767493565,,,,
12258,3.5070197582244873,5.0595600134900796,,,,
12259,3.4773967266082764,5.016823012681275,,,,
12260,3.6303505897521973,5.237488792523819,,,,
12261,3.518798351287842,5.07655293129123,,,,
12262,3.497920513153076,5.046432577749721,,,,
12263,3.612788200378418,5.212151620468107,,,,
12264,3.6107726097106934,5.209243737807318,,,,
12265,3.5896363258361816,5.178750525878739,,,,
12266,3.6074695587158203,5.204478442517211,,,,
12267,3.671128749847412,5.296319241869761,,,,
12268,3.556621551513672,5.131120274687586,,,,
12269,3.5610339641571045,5.137486040526621,,,,
12270,3.5363636016845703,5.101894230930563,,,,
12271,3.5789794921875,5.163375964822207,,,,
12272,3.503300428390503,5.0541941547831595,,,,
12273,3.6327967643737793,5.241017876519524,,,,
12274,3.5726094245910645,5.1541858998907015,,,,
12275,3.6102139949798584,5.208437827105375,,,,
12276,3.568632125854492,5.148447870727315,,,,
12277,3.6014721393585205,5.195825995352304,,,,
12278,3.519099235534668,5.076987015502008,,,,
12279,3.574395179748535,5.156762200000627,,,,
12280,3.6024041175842285,5.197170555716749,,,,
12281,3.6152806282043457,5.215747433732346,,,,
12282,3.6347713470458984,5.243866597148415,,,,
12283,3.5423665046691895,5.1105545892974105,,,,
12284,3.4759225845336914,5.014696275220706,,,,
12285,3.5938892364501953,5.18488617893092,,,,
12286,3.5778260231018066,5.161711860692458,,,,
12287,3.5954904556274414,5.187196249897309,,,,
12288,3.477078914642334,5.0163645069340745,,,,
12289,3.547240734100342,5.117586615925889,,,,
12290,3.557034492492676,5.131716022590174,,,,
12291,3.600109100341797,5.193859545722338,,,,
12292,3.567500114440918,5.146814723474722,,,,
12293,3.6320667266845703,5.2399646547656396,,,,
12294,3.5700747966766357,5.150529204768057,,,,
12295,3.5612902641296387,5.1378558032259765,,,,
12296,3.5535876750946045,5.126743316223127,,,,
12297,3.523754835128784,5.083703625948804,,,,
12298,3.540858268737793,5.108378664798694,,,,
12299,3.5462589263916016,5.116170166813383,,,,
12300,3.5401816368103027,5.107402491272397,,,,
12301,3.6206231117248535,5.2234550082134135,,,,
12302,3.572786331176758,5.154441122144583,,,,
12303,3.6340525150299072,5.2428295417637125,,,,
12304,3.5991978645324707,5.192544910339143,,,,
12305,3.5272936820983887,5.088809102922317,,,,
12306,3.573394775390625,5.155318921594586,,,,
12307,3.629218578338623,5.235855645271226,,,,
12308,3.550607681274414,5.122444093916859,,,,
12309,3.54921293258667,5.1204318969017635,,,,
12310,3.6406970024108887,5.252415510757504,,,,
12311,3.6073226928710938,5.204266559891348,,,,
12312,3.560771942138672,5.137108022660025,,,,
12313,3.691777467727661,5.326109044756312,,,,
12314,3.545579195022583,5.115189521738164,,,,
12315,3.523881435394287,5.08388627152402,,,,
12316,3.6285672187805176,5.234915932066912,,,,
12317,3.509976863861084,5.063826215127382,,,,
12318,3.6074724197387695,5.204482570100832,,,,
12319,3.534705638885498,5.099502296222363,,,,
12320,3.4663383960723877,5.000869214056637,,,,
12321,3.5442774295806885,5.113311471190742,,,,
12322,3.531808376312256,5.095322429875794,,,,
12323,3.5613038539886475,5.137875409248175,,,,
12324,3.499467611312866,5.048664568592619,,,,
12325,3.5795302391052246,5.164170524669193,,,,
12326,3.646817684173584,5.261245787983404,,,,
12327,3.5652942657470703,5.143632356503157,,,,
12328,3.5336992740631104,5.09805041868378,,,,
12329,3.5825271606445312,5.168494168511884,,,,
12330,3.5484530925750732,5.1193356794851645,,,,
12331,3.5217654705047607,5.080833579471205,,,,
12332,3.6101865768432617,5.208398271095676,,,,
12333,3.6612374782562256,5.282049153397071,,,,
12334,3.547785758972168,5.118372920605634,,,,
12335,3.4970226287841797,5.045137204423423,,,,
12336,3.556530475616455,5.130988879942326,,,,
12337,3.5393614768981934,5.106219250634461,,,,
12338,3.6282331943511963,5.234434036679193,,,,
12339,3.579087734222412,5.163532125069191,,,,
12340,3.5420711040496826,5.110128416288573,,,,
12341,3.6239733695983887,5.228288408633262,,,,
12342,3.622983694076538,5.226860608665799,,,,
12343,3.652891159057617,5.270007960079562,,,,
12344,3.6056344509124756,5.201830941589829,,,,
12345,3.536202907562256,5.1016623983172,,,,
12346,3.5150461196899414,5.0711396053726725,,,,
12347,3.559462547302246,5.135218965222948,,,,
12348,3.506545066833496,5.058875178574343,,,,
12349,3.5414247512817383,5.109195926355595,,,,
12350,3.5829851627349854,5.169154925856499,,,,
12351,3.553670644760132,5.1268630161481274,,,,
12352,3.5125083923339844,5.067478438701105,,,,
12353,3.5200424194335938,5.078347742235635,,,,
12354,3.545315742492676,5.114809440079757,,,,
12355,3.5614795684814453,5.138128911675547,,,,
12356,3.5440804958343506,5.113027355851516,,,,
12357,3.509568691253662,5.063237346530828,,,,
12358,3.5580058097839355,5.133117337229405,,,,
12359,3.6548256874084473,5.272798894537764,,,,
12360,3.5429632663726807,5.11141553444763,,,,
12361,3.539522409439087,5.106451427213126,,,,
12362,3.623631000518799,5.2277944744599845,,,,
12363,3.6113152503967285,5.210026602834046,,,,
12364,3.6741013526916504,5.300607801251677,,,,
12365,3.5432307720184326,5.111801463516167,,,,
12366,3.578756809234619,5.163054701230395,,,,
12367,3.6374287605285645,5.247700434401449,,,,
12368,3.5785646438598633,5.1627774651972045,,,,
12369,3.6708574295043945,5.295927809356398,,,,
12370,3.6175262928009033,5.218987242909299,,,,
12371,3.534116506576538,5.098652357961799,,,,
12372,3.606295347213745,5.202784413406213,,,,
12373,3.5786750316619873,5.162936721131904,,,,
12374,3.5737497806549072,5.155831085928855,,,,
12375,3.5328750610351562,5.096861330635714,,,,
12376,3.587202548980713,5.175239328078724,,,,
12377,3.582953929901123,5.169109866401973,,,,
12378,3.5457730293273926,5.1154691655284665,,,,
12379,3.5905086994171143,5.180009094917753,,,,
12380,3.561171054840088,5.137683820575114,,,,
12381,3.5888259410858154,5.177581387818173,,,,
12382,3.570557117462158,5.1512250465734475,,,,
12383,3.5072343349456787,5.059869582261633,,,,
12384,3.473121166229248,5.01065468292543,,,,
12385,3.67160701751709,5.297009236265023,,,,
12386,3.5061216354370117,5.058264296198479,,,,
12387,3.5544052124023438,5.127922773242744,,,,
12388,3.636200189590454,5.245927981201657,,,,
12389,3.565601348876953,5.144075383811779,,,,
12390,3.547323226928711,5.117705627920286,,,,
12391,3.5894155502319336,5.17843201400934,,,,
12392,3.6396408081054688,5.250891744470859,,,,
12393,3.5726583003997803,5.154256412777555,,,,
12394,3.551804542541504,5.124170799731521,,,,
12395,3.5648136138916016,5.142938922454878,,,,
12396,3.567565441131592,5.146908969967395,,,,
12397,3.593754291534424,5.184691494570144,,,,
12398,3.651726722717285,5.268328033545934,,,,
12399,3.5608296394348145,5.137191262263043,,,,
12400,3.6386115550994873,5.24940684626331,4.075722026824951,5.880023956142272,,
12401,3.5974645614624023,5.190044282595598,,,,
12402,3.5936341285705566,5.184518136058074,,,,
12403,3.5792951583862305,5.163831374881692,,,,
12404,3.5228633880615234,5.082417539685652,,,,
12405,3.621324062347412,5.224466266200487,,,,
12406,3.478100538253784,5.0178383982519685,,,,
12407,3.5762851238250732,5.159488812947406,,,,
12408,3.495701789855957,5.043231636651862,,,,
12409,3.501760482788086,5.051972482899314,,,,
12410,3.454612970352173,4.983953000517771,,,,
12411,3.535597801208496,5.1007894143814205,,,,
12412,3.610156536102295,5.208354931467659,,,,
12413,3.5940375328063965,5.185100125348593,,,,
12414,3.5423130989074707,5.110477541069824,,,,
12415,3.504635810852051,5.056120704438125,,,,
12416,3.4795122146606445,5.0198750168034865,,,,
12417,3.588487148284912,5.1770926131244215,,,,
12418,3.5291714668273926,5.0915181736387085,,,,
12419,3.498723030090332,5.0475903649553295,,,,
12420,3.61897349357605,5.221075112290774,,,,
12421,3.497551441192627,5.04590011946265,,,,
12422,3.574003219604492,5.15619672104459,,,,
12423,3.519831418991089,5.078043332943607,,,,
12424,3.4791221618652344,5.019312289569863,,,,
12425,3.5460851192474365,5.115919416108425,,,,
12426,3.518594741821289,5.076259184923557,,,,
12427,3.5379791259765625,5.104224939815056,,,,
12428,3.6049227714538574,5.200804205164179,,,,
12429,3.5207231044769287,5.079329763172061,,,,
12430,3.473060131072998,5.0105666278081875,,,,
12431,3.575747013092041,5.158712483261411,,,,
12432,3.5471980571746826,5.117525046136881,,,,
12433,3.59450626373291,5.185776361131786,,,,
12434,3.627915382385254,5.2339755309319935,,,,
12435,3.5688071250915527,5.148700341258782,,,,
12436,3.5262928009033203,5.087365136585674,,,,
12437,3.6118664741516113,5.2108218506116355,,,,
12438,3.5945029258728027,5.185771545617562,,,,
12439,3.556128978729248,5.130409642374221,,,,
12440,3.5294721126556396,5.091951913884184,,,,
12441,3.531175136566162,5.09440885803441,,,,
12442,3.6567602157592773,5.275589828995965,,,,
12443,3.628638982772827,5.235019465622731,,,,
12444,3.6333298683166504,5.241786982934182,,,,
12445,3.631162166595459,5.238659650410892,,,,
12446,3.5264296531677246,5.087562572668864,,,,
12447,3.522003650665283,5.0811772008076295,,,,
12448,3.522362232208252,5.081694524621424,,,,
12449,3.5672388076782227,5.146437737504031,,,,
12450,3.535788059234619,5.101063898692198,,,,
12451,3.515993118286133,5.0725058355511266,,,,
12452,3.522714614868164,5.082202905337375,,,,
12453,3.5948143005371094,5.186220764301615,,,,
12454,3.4751052856445312,5.01351716216639,,,,
12455,3.6868557929992676,5.31900856903279,,,,
12456,3.5548384189605713,5.12854775819598,,,,
12457,3.6015524864196777,5.195941911658985,,,,
12458,3.574767589569092,5.157299473801922,,,,
12459,3.550569772720337,5.122389403433884,,,,
12460,3.557570457458496,5.132489256588453,,,,
12461,3.6445083618164062,5.2579141400708895,,,,
12462,3.510878562927246,5.065127091898509,,,,
12463,3.521613121032715,5.080613785643402,,,,
12464,3.547746181488037,5.118315822365548,,,,
12465,3.5634663105010986,5.140995174534826,,,,
12466,3.587531089782715,5.175713312264501,,,,
12467,3.5932106971740723,5.183907253682209,,,,
12468,3.664351224899292,5.286541340237608,,,,
12469,3.5356554985046387,5.100872653984438,,,,
12470,3.532932758331299,5.0969445702387315,,,,
12471,3.583134651184082,5.169370592100681,,,,
12472,3.5108962059020996,5.065152545330836,,,,
12473,3.5186898708343506,5.076396427078945,,,,
12474,3.5517959594726562,5.124158416980659,,,,
12475,3.661069869995117,5.281807345789958,,,,
12476,3.5623340606689453,5.139361683316931,,,,
12477,3.587458372116089,5.175608402847475,,,,
12478,3.55043363571167,5.122192999246598,,,,
12479,3.515409231185913,5.071663464527201,,,,
12480,3.5350000858306885,5.0999270933699945,,,,
12481,3.55847430229187,5.133793229047296,,,,
12482,3.5411534309387207,5.108804493842231,,,,
12483,3.527299404144287,5.088817358089559,,,,
12484,3.577263832092285,5.16090079051099,,,,
12485,3.557344436645508,5.1321631774824175,,,,
12486,3.611206531524658,5.2098697546564585,,,,
12487,3.6546425819396973,5.272534729186039,,,,
12488,3.544060230255127,5.11299811880087,,,,
12489,3.6052136421203613,5.201223842832284,,,,
12490,3.5345816612243652,5.099323434265466,,,,
12491,3.4636781215667725,4.997031249219983,,,,
12492,3.5257866382598877,5.08663489825011,,,,
12493,3.5831139087677,5.169340667119431,,,,
12494,3.551642417907715,5.1239369033263475,,,,
12495,3.553370952606201,5.126430651763858,,,,
12496,3.6302828788757324,5.237391106378129,,,,
12497,3.5025126934051514,5.0530576934262585,,,,
12498,3.6192026138305664,5.221405662945733,,,,
12499,3.5359394550323486,5.101282316658794,,,,
12500,3.4927244186401367,5.038936197963913,,,,
12501,3.5291433334350586,5.091477585733105,,,,
12502,3.5770750045776367,5.160628369992023,,,,
12503,3.647372245788574,5.262045851275218,,,,
12504,3.6095571517944336,5.2074902026991206,,,,
12505,3.5770130157470703,5.160538939013574,,,,
12506,3.5849344730377197,5.171967186163408,,,,
12507,3.5345797538757324,5.099320682543052,,,,
12508,3.5319833755493164,5.09557490040726,,,,
12509,3.4856529235839844,5.028734187114732,,,,
12510,3.423207998275757,4.93864520304387,,,,
12511,3.4806363582611084,5.021496813201122,,,,
12512,3.5502822399139404,5.1219745812800035,,,,
12513,3.5347461700439453,5.099560770323657,,,,
12514,3.627657890319824,5.2336040484061295,,,,
12515,3.5691423416137695,5.149183956473008,,,,
12516,3.6946113109588623,5.330197416332623,,,,
12517,3.6162829399108887,5.2171934638608,,,,
12518,3.6614890098571777,5.282412036790391,,,,
12519,3.5266001224517822,5.087808507859598,,,,
12520,3.5710878372192383,5.151990713335089,,,,
12521,3.6038661003112793,5.19927975094693,,,,
12522,3.4795169830322266,5.019881896109521,,,,
12523,3.600830078125,5.1948996967947565,,,,
12524,3.495335102081299,5.042702618017809,,,,
12525,3.582514762878418,5.1684762823161945,,,,
12526,3.545532703399658,5.115122448504327,,,,
12527,3.5301408767700195,5.092916736555525,,,,
12528,3.6183950901031494,5.220240652468788,,,,
12529,3.4774131774902344,5.016846746287094,,,,
12530,3.52127742767334,5.080129482498573,,,,
12531,3.5911850929260254,5.180984924478748,,,,
12532,3.56099796295166,5.137434101766061,,,,
12533,3.5320136547088623,5.095618584000579,,,,
12534,3.5614943504333496,5.138150237524254,,,,
12535,3.5337018966674805,5.098054202302098,,,,
12536,3.5121748447418213,5.066997231243991,,,,
12537,3.5179686546325684,5.075355932041225,,,,
12538,3.476501226425171,5.015531079007993,,,,
12539,3.5828094482421875,5.168901423429127,,,,
12540,3.5524001121520996,5.125030025055231,,,,
12541,3.5267953872680664,5.088090215441711,,,,
12542,3.6072847843170166,5.204211869408374,,,,
12543,3.546170949935913,5.116043243617047,,,,
12544,3.4999005794525146,5.049289209580553,,,,
12545,3.6333730220794678,5.241849240653795,,,,
12546,3.607649326324463,5.204737792354712,,,,
12547,3.5708870887756348,5.151701094551036,,,,
12548,3.6911234855651855,5.325165547933679,,,,
12549,3.5129318237304688,5.06808932107697,,,,
12550,3.5758423805236816,5.158850069382101,,,,
12551,3.5684642791748047,5.1482057191549,,,,
12552,3.6752004623413086,5.3021934812926315,,,,
12553,3.678412914276123,5.306828069768082,,,,
12554,3.5372471809387207,5.1031689663387585,,,,
12555,3.493201732635498,5.039624816497968,,,,
12556,3.577096939086914,5.160660014799782,,,,
12557,3.52314829826355,5.082828578221214,,,,
12558,3.5550713539123535,5.128883812295766,,,,
12559,3.606351137161255,5.202864901286817,,,,
12560,3.575632095336914,5.158546691985979,,,,
12561,3.4829440116882324,5.0248260533565245,,,,
12562,3.5158326625823975,5.072274346903066,,,,
12563,3.582303524017334,5.168171529058865,,,,
12564,3.571319103240967,5.152324359677763,,,,
12565,3.5110812187194824,5.065419462404975,,,,
12566,3.5842301845550537,5.17095111266211,,,,
12567,3.5869033336639404,5.174807651625058,,,,
12568,3.560894250869751,5.1372844768598105,,,,
12569,3.613516330718994,5.213202090499577,,,,
12570,3.489716053009033,5.034596043786739,,,,
12571,3.515089988708496,5.07120289498819,,,,
12572,3.4865827560424805,5.030075651791461,,,,
12573,3.4689595699310303,5.004650768583809,,,,
12574,3.4599151611328125,4.991602444862847,,,,
12575,3.5256848335266113,5.086488025066273,,,,
12576,3.464462995529175,4.998163582993263,,,,
12577,3.5516934394836426,5.124010511900917,,,,
12578,3.62174654006958,5.225075772715145,,,,
12579,3.5541272163391113,5.1275217097009325,,,,
12580,3.547187328338623,5.117509567698303,,,,
12581,3.580446243286133,5.165492039358423,,,,
12582,3.545060157775879,5.114440709276307,,,,
12583,3.5641121864318848,5.141926976537201,,,,
12584,3.5136733055114746,5.069159053165336,,,,
12585,3.497185230255127,5.0453717887592,,,,
12586,3.5332822799682617,5.097448823371061,,,,
12587,3.550858736038208,5.122806289379575,,,,
12588,3.5437517166137695,5.112553027700437,,,,
12589,3.5612692832946777,5.137825534279425,,,,
12590,3.5170865058898926,5.07408326042484,,,,
12591,3.5322275161743164,5.095927120876227,,,,
12592,3.6358604431152344,5.245437830646698,,,,
12593,3.5902204513549805,5.179593240867966,,,,
12594,3.509300708770752,5.0628507295316885,,,,
12595,3.6027815341949463,5.1977150527893805,,,,
12596,3.5499613285064697,5.121511603983881,,,,
12597,3.7349653244018555,5.388415951406795,,,,
12598,3.648590087890625,5.263802826036432,,,,
12599,3.599163055419922,5.1924946914050905,,,,
12600,3.571953058242798,5.153238963415052,4.119854736328125,5.943693997283494,,
12601,3.462286949157715,4.995024211684414,,,,
12602,3.520045518875122,5.078352213784557,,,,
12603,3.5441012382507324,5.113057280832766,,,,
12604,3.6324353218078613,5.240496425122108,,,,
12605,3.5236027240753174,5.083484176086303,,,,
12606,3.6520891189575195,5.268850860804557,,,,
12607,3.5615663528442383,5.138254115045375,,,,
12608,3.5284178256988525,5.090430899319953,,,,
12609,3.6396923065185547,5.250966040976032,,,,
12610,3.5144708156585693,5.070309617099609,,,,
12611,3.5559186935424805,5.130106264978099,,,,
12612,3.5518622398376465,5.124254039334539,,,,
12613,3.543149471282959,5.111684171348278,,,,
12614,3.511918067932129,5.066626780614032,,,,
12615,3.545008659362793,5.114366412771134,,,,
12616,3.5240588188171387,5.084142181708504,,,,
12617,3.607811689376831,5.204972032725188,,,,
12618,3.6029913425445557,5.198017742254899,,,,
12619,3.555490016937256,5.129487815365596,,,,
12620,3.488649368286133,5.033057143026819,,,,
12621,3.5391745567321777,5.105949581837908,,,,
12622,3.4570250511169434,4.98743289747533,,,,
12623,3.482330560684204,5.023941030635185,,,,
12624,3.5117478370666504,5.066381189388601,,,,
12625,3.471054792404175,5.007673535655374,,,,
12626,3.555117130279541,5.128949853633697,,,,
12627,3.549879312515259,5.1213932799200865,,,,
12628,3.5686681270599365,5.148499809487876,,,,
12629,3.602062940597534,5.19667834136998,,,,
12630,3.5570425987243652,5.131727717410433,,,,
12631,3.5017991065979004,5.0520282052781935,,,,
12632,3.5653414726257324,5.143700461632898,,,,
12633,3.598933458328247,5.192163452819529,,,,
12634,3.5286903381347656,5.090824051659826,,,,
12635,3.501444101333618,5.051516040943924,,,,
12636,3.5973310470581055,5.189851662026631,,,,
12637,3.6107473373413086,5.209207277485335,,,,
12638,3.507286548614502,5.05994491066271,,,,
12639,3.6100659370422363,5.208224224653003,,,,
12640,3.5472066402435303,5.117537428887743,,,,
12641,3.610959053039551,5.209512718673268,,,,
12642,3.554953098297119,5.128713205506109,,,,
12643,3.515672206878662,5.072042858255004,,,,
12644,3.459268093109131,4.990668923033964,,,,
12645,3.6691815853118896,5.293510077250568,,,,
12646,3.60107421875,5.1952519172637235,,,,
12647,3.5339150428771973,5.098361707281841,,,,
12648,3.587045431137085,5.1750126549448865,,,,
12649,3.5134565830230713,5.068846388706068,,,,
12650,3.532296657562256,5.096026870813728,,,,
12651,3.5017614364624023,5.051973858760521,,,,
12652,3.562648296356201,5.1398150295846055,,,,
12653,3.5692567825317383,5.149349059817836,,,,
12654,3.512152671813965,5.06696524247093,,,,
12655,3.61607027053833,5.216886646811662,,,,
12656,3.53306245803833,5.097131687362871,,,,
12657,3.528233051300049,5.0901643262111165,,,,
12658,3.6002418994903564,5.1940511343954,,,,
12659,3.5281996726989746,5.090116171068875,,,,
12660,3.625342845916748,5.230264145326374,,,,
12661,3.420759439468384,4.935112679395147,,,,
12662,3.5548453330993652,5.12855773318973,,,,
12663,3.5809555053710938,5.166226749242909,,,,
12664,3.5090818405151367,5.062534969384704,,,,
12665,3.6035873889923096,5.1988776555092135,,,,
12666,3.6156399250030518,5.216265789442047,,,,
12667,3.532503366470337,5.096325088730324,,,,
12668,3.560884714126587,5.137270718247741,,,,
12669,3.5059964656829834,5.058083714415073,,,,
12670,3.517075538635254,5.074067438020961,,,,
12671,3.6033530235290527,5.1985395376176164,,,,
12672,3.5676164627075195,5.146982578541964,,,,
12673,3.521885871887207,5.081007281948577,,,,
12674,3.6299591064453125,5.2369240014983856,,,,
12675,3.5116069316864014,5.06617790589528,,,,
12676,3.523164749145508,5.0828523118270335,,,,
12677,3.540583610534668,5.107982416771106,,,,
12678,3.5513060092926025,5.1234515682856125,,,,
12679,3.536667585372925,5.102332786690264,,,,
12680,3.500969886779785,5.050831893958792,,,,
12681,3.4491629600524902,4.976090297685626,,,,
12682,3.590254306793213,5.179642083940811,,,,
12683,3.541693687438965,5.109583919215941,,,,
12684,3.567577838897705,5.146926856163084,,,,
12685,3.528454065322876,5.090483182045816,,,,
12686,3.5680198669433594,5.147564567832484,,,,
12687,3.557008743286133,5.131678874337588,,,,
12688,3.448213577270508,4.974720627854154,,,,
12689,3.563629627227783,5.1412307907665085,,,,
12690,3.617640972137451,5.219152690219429,,,,
12691,3.5807197093963623,5.165886567559502,,,,
12692,3.5668845176696777,5.145926605065666,,,,
12693,3.5879907608032227,5.176376477366229,,,,
12694,3.4794929027557373,5.0198471556140465,,,,
12695,3.548327922821045,5.119155097701758,,,,
12696,3.5287370681762695,5.090891468858964,,,,
12697,3.5573809146881104,5.1322158041735815,,,,
12698,3.53010892868042,5.092870645205093,,,,
12699,3.4214301109313965,4.9360802537889015,,,,
12700,3.3906233310699463,4.891635465257029,,,,
12701,3.576807975769043,5.16024312885409,,,,
12702,3.527416706085205,5.088986589018008,,,,
12703,3.4378437995910645,4.9597602010209005,,,,
12704,3.5172481536865234,5.0743164688994105,,,,
12705,3.5119595527648926,5.066686630576532,,,,
12706,3.5251541137695312,5.085722358304632,,,,
12707,3.5258288383483887,5.086695780108515,,,,
12708,3.5855777263641357,5.172895204547464,,,,
12709,3.6072754859924316,5.204198454761607,,,,
12710,3.5033373832702637,5.0542474694049275,,,,
12711,3.5207345485687256,5.079346273506544,,,,
12712,3.6125450134277344,5.211800775860346,,,,
12713,3.5571389198303223,5.13186667939233,,,,
12714,3.552194118499756,5.12473283903454,,,,
12715,3.5523743629455566,5.124992876802645,,,,
12716,3.5083260536193848,5.061444599378234,,,,
12717,3.5925285816192627,5.182923168953972,,,,
12718,3.6167678833007812,5.217893089284511,,,,
12719,3.4947967529296875,5.041925944366512,,,,
12720,3.6896090507507324,5.322980680337118,,,,
12721,3.553165912628174,5.126134841604374,,,,
12722,3.646970272064209,5.261465925776508,,,,
12723,3.5670783519744873,5.146206248855969,,,,
12724,3.5604429244995117,5.136633350543644,,,,
12725,3.4418294429779053,4.965510268969847,,,,
12726,3.525014877319336,5.085521482568424,,,,
12727,3.5861220359802246,5.173680477331303,,,,
12728,3.5261130332946777,5.087105786748172,,,,
12729,3.4934864044189453,5.040035511068228,,,,
12730,3.5675628185272217,5.146905186349076,,,,
12731,3.545063018798828,5.114444836859928,,,,
12732,3.4488577842712402,4.975650022099416,,,,
12733,3.522256851196289,5.081542491958062,,,,
12734,3.6620445251464844,5.283213475943412,,,,
12735,3.5187630653381348,5.076502024426575,,,,
12736,3.5208420753479004,5.079501401857622,,,,
12737,3.578688621520996,5.1629563271541015,,,,
12738,3.615290641784668,5.215761880275019,,,,
12739,3.539146661758423,5.105909337897606,,,,
12740,3.6326675415039062,5.240831447325989,,,,
12741,3.706195116043091,5.3469093144822635,,,,
12742,3.5877609252929688,5.176044894815365,,,,
12743,3.5529439449310303,5.125814609908468,,,,
12744,3.5721006393432617,5.15345187793682,,,,
12745,3.557647943496704,5.132601045311514,,,,
12746,3.476644992828369,5.015738490084934,,,,
12747,3.5653395652770996,5.143697709910485,,,,
12748,3.546645402908325,5.116727734567481,,,,
12749,3.5563247203826904,5.130692037886937,,,,
12750,3.5466508865356445,5.11673564576942,,,,
12751,3.5008163452148438,5.05061038030448,,,,
12752,3.4612715244293213,4.993559263464364,,,,
12753,3.5282156467437744,5.09013921674409,,,,
12754,3.5765693187713623,5.159898819587062,,,,
12755,3.5704870223999023,5.15112392077474,,,,
12756,3.509765625,5.063521461870053,,,,
12757,3.572903633117676,5.154610353073031,,,,
12758,3.5586190223693848,5.134002015985443,,,,
12759,3.4954795837402344,5.0429110609906544,,,,
12760,3.5959367752075195,5.187840152942139,,,,
12761,3.4901154041290283,5.03517218566713,,,,
12762,3.6069343090057373,5.203706240414838,,,,
12763,3.402669906616211,4.90901500005732,,,,
12764,3.544650077819824,5.1138490889573385,,,,
12765,3.5941662788391113,5.185285866611525,,,,
12766,3.622702121734619,5.226454385644461,,,,
12767,3.5515921115875244,5.123864326647683,,,,
12768,3.4677438735961914,5.00289688951031,,,,
12769,3.6533074378967285,5.270608523496375,,,,
12770,3.615417242050171,5.215944525850235,,,,
12771,3.5851306915283203,5.172250269606728,,,,
12772,3.5505669116973877,5.122385275850263,,,,
12773,3.6021523475646973,5.196807328358126,,,,
12774,3.477778911590576,5.017374389059941,,,,
12775,3.5026984214782715,5.053325642396302,,,,
12776,3.443904161453247,4.968503455025464,,,,
12777,3.4832167625427246,5.025219549661699,,,,
12778,3.5899248123168945,5.179166723893827,,,,
12779,3.591765880584717,5.181822823953752,,,,
12780,3.5136213302612305,5.06908406872956,,,,
12781,3.523216724395752,5.08292729626281,,,,
12782,3.5134503841400146,5.068837445608223,,,,
12783,3.461047887802124,4.993236624011346,,,,
12784,3.564554214477539,5.1425646882066,,,,
12785,3.477047920227051,5.01631979144485,,,,
12786,3.5077528953552246,5.060617706792886,,,,
12787,3.563767910003662,5.141430290641509,,,,
12788,3.4334559440612793,4.953429863607942,,,,
12789,3.5328400135040283,5.09681076773636,,,,
12790,3.553767681121826,5.12700301002593,,,,
12791,3.5126240253448486,5.067645261872442,,,,
12792,3.4852561950683594,5.02816182885266,,,,
12793,3.539581775665283,5.1065370745732555,,,,
12794,3.4858551025390625,5.029025869690595,,,,
12795,3.5165820121765137,5.073355429846389,,,,
12796,3.5241332054138184,5.0842494988826425,,,,
12797,3.57047176361084,5.1511019069954305,,,,
12798,3.566270112991333,5.145040206483119,,,,
12799,3.5911457538604736,5.180928170203964,,,,
12800,3.5907111167907715,5.180301121458918,4.074052047729492,5.8776146855828655,,
12801,3.587841749191284,5.17616149905265,,,,
12802,3.521495819091797,5.080444554714954,,,,
12803,3.5242741107940674,5.084452782375962,,,,
12804,3.60577654838562,5.202035944909658,,,,
12805,3.520334243774414,5.078768755764947,,,,
12806,3.601728916168213,5.196196445982262,,,,
12807,3.523825168609619,5.083805095712813,,,,
12808,3.550715208053589,5.122599222267937,,,,
12809,3.4731907844543457,5.010755120793533,,,,
12810,3.550049304962158,5.121638527180217,,,,
12811,3.582374334335327,5.168273686753478,,,,
12812,3.4906678199768066,5.035969153271228,,,,
12813,3.3972227573394775,4.901156424808795,,,,
12814,3.457512378692627,4.9881359625520565,,,,
12815,3.472942352294922,5.010396708949135,,,,
12816,3.4434897899627686,4.967905643331065,,,,
12817,3.5278005599975586,5.089540373153786,,,,
12818,3.6188201904296875,5.220853942601765,,,,
12819,3.515003204345703,5.0710776916183615,,,,
12820,3.4531984329223633,4.9819122543826335,,,,
12821,3.4867329597473145,5.030292349931549,,,,
12822,3.57122802734375,5.152192964932504,,,,
12823,3.494541645050049,5.041557901493666,,,,
12824,3.5799050331115723,5.164711238123505,,,,
12825,3.5384225845336914,5.104864715276266,,,,
12826,3.609724998474121,5.207732354271536,,,,
12827,3.6123032569885254,5.2114519950443965,,,,
12828,3.446422576904297,4.972136760507591,,,,
12829,3.619614362716675,5.2219996910218125,,,,
12830,3.5610404014587402,5.137495327589768,,,,
12831,3.4713804721832275,5.008143392257531,,,,
12832,3.490570545196533,5.035828815428124,,,,
12833,3.54130220413208,5.109019128190508,,,,
12834,3.446807384490967,4.972691920504577,,,,
12835,3.58302640914917,5.169214431853698,,,,
12836,3.544585704803467,5.1137562183258725,,,,
12837,3.623729944229126,5.2279372200602,,,,
12838,3.5509519577026367,5.12294077981255,,,,
12839,3.5335943698883057,5.09789907395102,,,,
12840,3.5554256439208984,5.12939494473413,,,,
12841,3.495624542236328,5.043120191894103,,,,
12842,3.536677360534668,5.1023468892676345,,,,
12843,3.49141263961792,5.037043700873819,,,,
12844,3.507655620574951,5.0604773689497815,,,,
12845,3.4438161849975586,4.968376531829127,,,,
12846,3.5836806297302246,5.170158272641633,,,,
12847,3.561332941055298,5.137917373014986,,,,
12848,3.485581636428833,5.028631341489516,,,,
12849,3.567486524581909,5.146795117452523,,,,
12850,3.575068950653076,5.1577342459433035,,,,
12851,3.4372334480285645,4.958879649848483,,,,
12852,3.5756680965423584,5.15859863074654,,,,
12853,3.5407137870788574,5.108170221825849,,,,
12854,3.4716267585754395,5.008498708414213,,,,
12855,3.4905834197998047,5.035847389554417,,,,
12856,3.5415940284729004,5.10944014171982,,,,
12857,3.470695972442627,5.007155867876277,,,,
12858,3.525162696838379,5.085734741055494,,,,
12859,3.57855224609375,5.162759579001515,,,,
12860,3.561234951019287,5.1377760032759765,,,,
12861,3.5661821365356445,5.144913283286782,,,,
12862,3.488978862762451,5.033532503073804,,,,
12863,3.4899792671203613,5.034975781479845,,,,
12864,3.609833240509033,5.207888514518519,,,,
12865,3.60602068901062,5.202388165378625,,,,
12866,3.572126865386963,5.153489714120009,,,,
12867,3.549175977706909,5.120378582279996,,,,
12868,3.5234341621398926,5.083240992617983,,,,
12869,3.482034206390381,5.02351348176514,,,,
12870,3.5759458541870117,5.15899935032305,,,,
12871,3.512327194213867,5.067217025071794,,,,
12872,3.527172565460205,5.088634368549041,,,,
12873,3.538604974746704,5.105127848732086,,,,
12874,3.5800633430480957,5.164939631083851,,,,
12875,3.5331249237060547,5.097221806271922,,,,
12876,3.4922733306884766,5.038285415613048,,,,
12877,3.4606573581695557,4.992673208847119,,,,
12878,3.423426866531372,4.938960963190854,,,,
12879,3.613037586212158,5.212511408173712,,,,
12880,3.4708094596862793,5.007319595359898,,,,
12881,3.560342311859131,5.136488197186315,,,,
12882,3.456007957458496,4.985965541498168,,,,
12883,3.543344259262085,5.111965190999787,,,,
12884,3.5290474891662598,5.091339311681811,,,,
12885,3.4530253410339355,4.98166253557358,,,,
12886,3.486632823944092,5.0301478845048235,,,,
12887,3.4514002799987793,4.979318068077019,,,,
12888,3.5146517753601074,5.070570686763618,,,,
12889,3.597663402557373,5.190331149657236,,,,
12890,3.5231761932373047,5.082868822161516,,,,
12891,3.5485730171203613,5.119508694031932,,,,
12892,3.569260597229004,5.149354563262664,,,,
12893,3.4944286346435547,5.041394861940648,,,,
12894,3.576059341430664,5.159163077806672,,,,
12895,3.5597221851348877,5.135593543436527,,,,
12896,3.63187837600708,5.239692922177277,,,,
12897,3.4910218715667725,5.0364799417442905,,,,
12898,3.4753317832946777,5.01384392920303,,,,
12899,3.4959707260131836,5.043619629512209,,,,
12900,3.520782232284546,5.079415066566889,,,,
12901,3.576521396636963,5.159829682561416,,,,
12902,3.506208658218384,5.058389843533609,,,,
12903,3.566059112548828,5.1447357971910925,,,,
12904,3.6003870964050293,5.19426060926415,,,,
12905,3.4977760314941406,5.0462241347768755,,,,
12906,3.521717071533203,5.0807637545149555,,,,
12907,3.5264437198638916,5.087582866621665,,,,
12908,3.56589674949646,5.144501556820617,,,,
12909,3.4813990592956543,5.022597158201343,,,,
12910,3.5060529708862305,5.058165234191582,,,,
12911,3.611022472381592,5.2096042134435265,,,,
12912,3.581907033920288,5.167599514762096,,,,
12913,3.5290350914001465,5.091321425486122,,,,
12914,3.526000499725342,5.086943435125757,,,,
12915,3.5990259647369385,5.192296911356599,,,,
12916,3.45180606842041,4.979903497020556,,,,
12917,3.5704824924468994,5.1511173854340075,,,,
12918,3.575193405151367,5.157913795830805,,,,
12919,3.5408151149749756,5.108316407079082,,,,
12920,3.472227096557617,5.009364813043958,,,,
12921,3.4836392402648926,5.025829056176357,,,,
12922,3.5004281997680664,5.0500504047932715,,,,
12923,3.6575140953063965,5.276677447280022,,,,
12924,3.5073113441467285,5.05998068305409,,,,
12925,3.5788094997406006,5.163130717562076,,,,
12926,3.582383632659912,5.168287101400245,,,,
12927,3.502194404602051,5.052598499748455,,,,
12928,3.5024399757385254,5.052952784009232,,,,
12929,3.5475709438323975,5.11806300786878,,,,
12930,3.611301898956299,5.210007340777149,,,,
12931,3.541396379470825,5.1091549944846895,,,,
12932,3.528926134109497,5.091164233343233,,,,
12933,3.571993589401245,5.153297437516344,,,,
12934,3.4834213256835938,5.02551467189058,,,,
12935,3.57511568069458,5.1578016631424415,,,,
12936,3.5092713832855225,5.062808421799576,,,,
12937,3.543937921524048,5.112821664601085,,,,
12938,3.487812042236328,5.031849136887159,,,,
12939,3.409163475036621,4.918383239015119,,,,
12940,3.4718213081359863,5.008779384100421,,,,
12941,3.559566020965576,5.135368246163897,,,,
12942,3.5366597175598145,5.102321435835306,,,,
12943,3.521775722503662,5.080848369979179,,,,
12944,3.6309218406677246,5.238312933386753,,,,
12945,3.5010170936584473,5.050899999088534,,,,
12946,3.507993221282959,5.060964423817025,,,,
12947,3.5309464931488037,5.094078995310055,,,,
12948,3.5315122604370117,5.09489522497105,,,,
12949,3.5808138847351074,5.1660224338536835,,,,
12950,3.5137131214141846,5.069216495370725,,,,
12951,3.5245800018310547,5.084894089858076,,,,
12952,3.5154848098754883,5.071772501527848,,,,
12953,3.6036787033081055,5.199009394219774,,,,
12954,3.5746946334838867,5.157194220419594,,,,
12955,3.509751319885254,5.06350082395195,,,,
12956,3.6237740516662598,5.228000853641019,,,,
12957,3.536468029022217,5.102044887732719,,,,
12958,3.590014696121216,5.1792963988125775,,,,
12959,3.537867546081543,5.104063964053848,,,,
12960,3.5006020069122314,5.0503011554982296,,,,
12961,3.54913067817688,5.120313228872669,,,,
12962,3.486917495727539,5.030558579075084,,,,
12963,3.5272302627563477,5.088717608152058,,,,
12964,3.567025661468506,5.146130232524288,,,,
12965,3.6048836708068848,5.200747794854696,,,,
12966,3.5552656650543213,5.129164144016672,,,,
12967,3.5392544269561768,5.1060648102139865,,,,
12968,3.5501837730407715,5.12183252361039,,,,
12969,3.4946086406707764,5.041654555743451,,,,
12970,3.6569981575012207,5.275933106367088,,,,
12971,3.5202908515930176,5.078706154080033,,,,
12972,3.487332820892334,5.03115776663069,,,,
12973,3.5177359580993652,5.07502022190674,,,,
12974,3.551056146621704,5.123091092649404,,,,
12975,3.5593762397766113,5.135094449783724,,,,
12976,3.6164181232452393,5.2173884921868785,,,,
12977,3.5258824825286865,5.086773172301403,,,,
12978,3.581176519393921,5.166545605077609,,,,
12979,3.5749473571777344,5.157558823639423,,,,
12980,3.5153536796569824,5.071583320611898,,,,
12981,3.541179656982422,5.10884233002542,,,,
12982,3.449019432067871,4.975883230573987,,,,
12983,3.513350248336792,5.068692980181498,,,,
12984,3.4962158203125,5.043973225842383,,,,
12985,3.59798526763916,5.1907955028145665,,,,
12986,3.5157032012939453,5.072087573744228,,,,
12987,3.5016660690307617,5.0518362726398305,,,,
12988,3.5103774070739746,5.064404076834282,,,,
12989,3.5572707653045654,5.132056892204185,,,,
12990,3.529629707336426,5.0921792749486245,,,,
12991,3.481586456298828,5.0228675149285,,,,
12992,3.592911720275879,5.183475921193845,,,,
12993,3.4892170429229736,5.033876124410227,,,,
12994,3.4870145320892334,5.030698572952886,,,,
12995,3.5877890586853027,5.176085482720969,,,,
12996,3.440831422805786,4.964070430216824,,,,
12997,3.583220958709717,5.169495107539905,,,,
12998,3.56019926071167,5.13628181800528,,,,
12999,3.469200611114502,5.004998517503854,,,,
13000,3.4771692752838135,5.016494869783429,4.1219617366790775,5.946733756240964,,
13001,3.5076260566711426,5.060434717252368,,,,
13002,3.501141309738159,5.0510792050107325,,,,
13003,3.527538299560547,5.089162011321887,,,,
13004,3.559061050415039,5.134639727654842,,,,
13005,3.517988681793213,5.07538482512657,,,,
13006,3.5223937034606934,5.0817399280412525,,,,
13007,3.5568461418151855,5.131444290001811,,,,
13008,3.5563721656799316,5.1307604869819805,,,,
13009,3.5773682594299316,5.161051447313145,,,,
13010,3.5727906227111816,5.154447313520014,,,,
13011,3.5752933025360107,5.158057917292227,,,,
13012,3.6134185791015625,5.213061064725869,,,,
13013,3.5497641563415527,5.121227144679353,,,,
13014,3.4719204902648926,5.0089224736659395,,,,
13015,3.5599076747894287,5.135861148441269,,,,
13016,3.5184741020202637,5.076085138480884,,,,
13017,3.5068135261535645,5.059262483504087,,,,
13018,3.6108431816101074,5.209345551536629,,,,
13019,3.594689130783081,5.18604018251821,,,,
13020,3.452273368835449,4.980577669011938,,,,
13021,3.536479949951172,5.102062085997805,,,,
13022,3.4714653491973877,5.008265843904945,,,,
13023,3.555128574371338,5.128966363968179,,,,
13024,3.5897321701049805,5.178888799930032,,,,
13025,3.510105609893799,5.064011956390314,,,,
13026,3.5921390056610107,5.182361129650952,,,,
13027,3.558938503265381,5.1344629294897555,,,,
13028,3.5581283569335938,5.133294135394491,,,,
13029,3.551403045654297,5.123591562163416,,,,
13030,3.556882858276367,5.131497260658277,,,,
13031,3.4374442100524902,4.959183715175208,,,,
13032,3.5791308879852295,5.163594382788803,,,,
13033,3.5434582233428955,5.112129606414013,,,,
13034,3.6071219444274902,5.203976941107295,,,,
13035,3.5668580532073975,5.145888424917175,,,,
13036,3.5852582454681396,5.172434291043151,,,,
13037,3.608766794204712,5.2063499577239005,,,,
13038,3.5127906799316406,5.067885693618348,,,,
13039,3.6358513832092285,5.245424759965232,,,,
13040,3.5403709411621094,5.107675599721968,,,,
13041,3.578261137008667,5.162339597368108,,,,
13042,3.555466651916504,5.129454106766026,,,,
13043,3.603764772415161,5.199133565693697,,,,
13044,3.5072526931762695,5.059896067589865,,,,
13045,3.58895206451416,5.177763345462786,,,,
13046,3.500018835067749,5.0494598163702085,,,,
13047,3.526907444000244,5.088251879133522,,,,
13048,3.5166618824005127,5.073470658222467,,,,
13049,3.5647454261779785,5.142840548378584,,,,
13050,3.567526340484619,5.146852559657912,,,,
13051,3.4627485275268555,4.995690128508555,,,,
13052,3.5343587398529053,5.099001826708353,,,,
13053,3.527329444885254,5.0888606977175765,,,,
13054,3.485980987548828,5.029207483369905,,,,
13055,3.555575370788574,5.1296109549436135,,,,
13056,3.546940565109253,5.117153563611017,,,,
13057,3.4987823963165283,5.047676012315459,,,,
13058,3.529142141342163,5.091475865906596,,,,
13059,3.5366363525390625,5.102287727235737,,,,
13060,3.6173789501190186,5.218774672352833,,,,
13061,3.477018356323242,5.016277139747436,,,,
13062,3.535749912261963,5.101008864243921,,,,
13063,3.467947244644165,5.003190291912682,,,,
13064,3.474384307861328,5.012477011093972,,,,
13065,3.524282455444336,5.084464821161522,,,,
13066,3.458759307861328,4.9899349010800815,,,,
13067,3.553434371948242,5.126522146534118,,,,
13068,3.4371421337127686,4.958747911137921,,,,
13069,3.4433531761169434,4.967708551213176,,,,
13070,3.555774688720703,5.129898509935856,,,,
13071,3.706493377685547,5.3473396150747226,,,,
13072,3.6272475719451904,5.23301208412186,,,,
13073,3.488924026489258,5.033453391054407,,,,
13074,3.3772807121276855,4.8723861350765585,,,,
13075,3.524282693862915,5.084465165126825,,,,
13076,3.536604404449463,5.102241635885306,,,,
13077,3.470381021499634,5.006701489712697,,,,
13078,3.5757741928100586,5.158751695305808,,,,
13079,3.616074323654175,5.21689249422179,,,,
13080,3.485746383666992,5.028869021513008,,,,
13081,3.527073383331299,5.088491278983523,,,,
13082,3.497035026550293,5.0451550906191125,,,,
13083,3.5497913360595703,5.12126635672375,,,,
13084,3.5337634086608887,5.098142945349943,,,,
13085,3.5962071418762207,5.1882302095942965,,,,
13086,3.4489901065826416,4.975840922841875,,,,
13087,3.555262565612793,5.1291596724677495,,,,
13088,3.5360960960388184,5.101508301862027,,,,
13089,3.4708900451660156,5.007435855631881,,,,
13090,3.450103759765625,4.977447584766235,,,,
13091,3.4639034271240234,4.997356296430113,,,,
13092,3.5595152378082275,5.13529498155463,,,,
13093,3.5427145957946777,5.111056778637931,,,,
13094,3.5438733100891113,5.112728450004317,,,,
13095,3.5617737770080566,5.138553364857876,,,,
13096,3.5188424587249756,5.076616564872049,,,,
13097,3.5704026222229004,5.151002157057929,,,,
13098,3.4434943199157715,4.9679121786717975,,,,
13099,3.518928050994873,5.076740048415369,,,,
13100,3.4725892543792725,5.00988729633728,,,,
13101,3.575313091278076,5.1580864664122705,,,,
13102,3.4994559288024902,5.0486477142928345,,,,
13103,3.5798704624176025,5.164661363154756,,,,
13104,3.4736838340759277,5.011466441037502,,,,
13105,3.4343957901000977,4.954785774827345,,,,
13106,3.4870967864990234,5.030817240981982,,,,
13107,3.5656213760375977,5.144104276897124,,,,
13108,3.6001815795898438,5.193964111174063,,,,
13109,3.5227837562561035,5.082302655274876,,,,
13110,3.5450892448425293,5.114482673043117,,,,
13111,3.507108688354492,5.059688312547623,,,,
13112,3.5198588371276855,5.078082888953306,,,,
13113,3.5851802825927734,5.172321814389487,,,,
13114,3.4781928062438965,5.0179715128237365,,,,
13115,3.5795013904571533,5.164128904867685,,,,
13116,3.476475238800049,5.015493586790106,,,,
13117,3.5368964672088623,5.10266299337992,,,,
13118,3.5774519443511963,5.161172179134051,,,,
13119,3.5153121948242188,5.071523470649399,,,,
13120,3.6100430488586426,5.208191203984038,,,,
13121,3.621535301208496,5.224771019457815,,,,
13122,3.5788888931274414,5.163245258007551,,,,
13123,3.5110514163970947,5.06537646674226,,,,
13124,3.5501461029052734,5.121778177092717,,,,
13125,3.63192081451416,5.2397541480009835,,,,
13126,3.4784529209136963,5.01834677896792,,,,
13127,3.5640387535095215,5.141821035224269,,,,
13128,3.594514846801758,5.185788743882648,,,,
13129,3.5324625968933105,5.096266270663729,,,,
13130,3.6113429069519043,5.210066502809045,,,,
13131,3.5319664478302,5.0955504788708375,,,,
13132,3.562182903289795,5.139143609315637,,,,
13133,3.5223472118377686,5.081672854807416,,,,
13134,3.5296876430511475,5.0922628585169445,,,,
13135,3.502951145172119,5.0536902456161314,,,,
13136,3.5240020751953125,5.084060317966693,,,,
13137,3.537029266357422,5.102854582052982,,,,
13138,3.576911449432373,5.160392409795039,,,,
13139,3.486407995223999,5.0298235252252965,,,,
13140,3.549192190170288,5.120401971920513,,,,
13141,3.4489245414733887,4.9757463323839,,,,
13142,3.5218992233276367,5.081026544005473,,,,
13143,3.598902702331543,5.192119081295607,,,,
13144,3.489875078201294,5.034825468642991,,,,
13145,3.488621473312378,5.033016899086517,,,,
13146,3.427539825439453,4.9448947086109225,,,,
13147,3.523463487625122,5.083283300350096,,,,
13148,3.433979034423828,4.9541845234799275,,,,
13149,3.465334892272949,4.999421464101674,,,,
13150,3.5113582611083984,5.065819150085581,,,,
13151,3.520516872406006,5.0790322331860684,,,,
13152,3.516110420227051,5.072675066479576,,,,
13153,3.49222469329834,5.038215246691497,,,,
13154,3.5314884185791016,5.094860828440877,,,,
13155,3.536418914794922,5.101974030880563,,,,
13156,3.488513469696045,5.0328610828048355,,,,
13157,3.5189127922058105,5.076718034636058,,,,
13158,3.539461135864258,5.106363028130582,,,,
13159,3.588373899459839,5.176929229606102,,,,
13160,3.61238431930542,5.211568943246983,,,,
13161,3.5361626148223877,5.101604268181209,,,,
13162,3.5504603385925293,5.122231523360392,,,,
13163,3.469883918762207,5.005984322058599,,,,
13164,3.527167797088623,5.088627489243006,,,,
13165,3.525547981262207,5.086290588983083,,,,
13166,3.548579216003418,5.119517637129777,,,,
13167,3.586789131164551,5.174642892245531,,,,
13168,3.486604690551758,5.03010729659922,,,,
13169,3.5123331546783447,5.067225624204337,,,,
13170,3.4647202491760254,4.998534721553826,,,,
13171,3.5694165229797363,5.149579516569992,,,,
13172,3.6117262840270996,5.210619599014221,,,,
13173,3.6166791915893555,5.217765134192269,,,,
13174,3.512303352355957,5.067182628541621,,,,
13175,3.4698915481567383,5.005995328948254,,,,
13176,3.61091947555542,5.2094556204331814,,,,
13177,3.5526444911956787,5.125382589489501,,,,
13178,3.5599820613861084,5.135968465615408,,,,
13179,3.5573835372924805,5.132219587791901,,,,
13180,3.4086337089538574,4.917618948114685,,,,
13181,3.568887710571289,5.148816601530765,,,,
13182,3.5944106578826904,5.185638431045794,,,,
13183,3.4173712730407715,4.930224588492325,,,,
13184,3.518176317214966,5.075655525819028,,,,
13185,3.4665989875793457,5.001245168131423,,,,
13186,3.558748722076416,5.134189133109581,,,,
13187,3.5165812969207764,5.073354397950483,,,,
13188,3.4972758293151855,5.045502495573855,,,,
13189,3.5710716247558594,5.1519673236945716,,,,
13190,3.6032533645629883,5.198395760121495,,,,
13191,3.5727481842041016,5.154386087696306,,,,
13192,3.5101356506347656,5.064055296018331,,,,
13193,3.5132126808166504,5.0684945122024025,,,,
13194,3.5403456687927246,5.107639139399985,,,,
13195,3.5867416858673096,5.174574443150488,,,,
13196,3.6007211208343506,5.194742504651868,,,,
13197,3.4921786785125732,5.0381488613882635,,,,
13198,3.5738649368286133,5.1559972211695895,,,,
13199,3.5238559246063232,5.083849467236735,,,,
13200,3.4820451736450195,5.02352930416902,4.165164661407471,6.009062401498517,,
13201,3.517987012863159,5.0753824173694575,,,,
13202,3.6941468715667725,5.329527371924861,,,,
13203,3.606109380722046,5.202516120470866,,,,
13204,3.5055007934570312,5.0573686105527855,,,,
13205,3.5576820373535156,5.132650232349661,,,,
13206,3.480696439743042,5.021583492457157,,,,
13207,3.5944862365722656,5.185747468046441,,,,
13208,3.5275321006774902,5.089153068224043,,,,
13209,3.5433108806610107,5.111917035857546,,,,
13210,3.5315375328063965,5.094931685293033,,,,
13211,3.523944139480591,5.083976734398374,,,,
13212,3.44400691986084,4.968651704070507,,,,
13213,3.5551114082336426,5.128941598466455,,,,
13214,3.5477168560028076,5.118273514633436,,,,
13215,3.50018572807312,5.049700592081416,,,,
13216,3.544005870819092,5.112919694712076,,,,
13217,3.474581241607666,5.0127611264331975,,,,
13218,3.4961657524108887,5.043900993129021,,,,
13219,3.5565743446350098,5.131052169557844,,,,
13220,3.443683385848999,4.968184943156066,,,,
13221,3.522061824798584,5.08126112834125,,,,
13222,3.503375768661499,5.054302847818505,,,,
13223,3.6235969066619873,5.227745287421837,,,,
13224,3.4177584648132324,4.930783188142327,,,,
13225,3.595102548599243,5.186636618351402,,,,
13226,3.5608606338500977,5.137235977752267,,,,
13227,3.5111489295959473,5.065517148550666,,,,
13228,3.4894680976867676,5.034238319872944,,,,
13229,3.5328874588012695,5.096879216831404,,,,
13230,3.609665870666504,5.207647050876708,,,,
13231,3.4363365173339844,4.957585652383391,,,,
13232,3.5703084468841553,5.150866290763748,,,,
13233,3.5173182487487793,5.074417594698118,,,,
13234,3.5128984451293945,5.068041165934728,,,,
13235,3.44706392288208,4.973062027169234,,,,
13236,3.501789093017578,5.052013758735521,,,,
13237,3.551792860031128,5.124153945431736,,,,
13238,3.5681138038635254,5.147700090161364,,,,
13239,3.5100631713867188,5.063950730566607,,,,
13240,3.5226950645446777,5.082174700182634,,,,
13241,3.5962696075439453,5.188320328503349,,,,
13242,3.511331558227539,5.0657806259717875,,,,
13243,3.47086763381958,5.007403522893519,,,,
13244,3.4834423065185547,5.025544940837132,,,,
13245,3.4899139404296875,5.034881534987171,,,,
13246,3.509428024291992,5.06303440700281,,,,
13247,3.551095485687256,5.123147846924189,,,,
13248,3.5197882652282715,5.0779810752239944,,,,
13249,3.5735867023468018,5.155595813662475,,,,
13250,3.611586093902588,5.210417347416806,,,,
13251,3.37300705909729,4.866220557043127,,,,
13252,3.457822322845459,4.9885831174443,,,,
13253,3.5124173164367676,5.067347043955846,,,,
13254,3.572016716003418,5.153330802150612,,,,
13255,3.536159038543701,5.1015991087016825,,,,
13256,3.5599684715270996,5.13594885959321,,,,
13257,3.5648982524871826,5.14306103013699,,,,
13258,3.508789539337158,5.062113267924789,,,,
13259,3.5126633644104004,5.067702016147226,,,,
13260,3.5092625617980957,5.0627956950834125,,,,
13261,3.5800063610076904,5.1648574233767395,,,,
13262,3.512615203857422,5.067632535156278,,,,
13263,3.557159185409546,5.131895916442977,,,,
13264,3.4950389862060547,5.042275413113066,,,,
13265,3.4721083641052246,5.009193518323699,,,,
13266,3.5670065879821777,5.14610271530015,,,,
13267,3.48932147026062,5.034026781212384,,,,
13268,3.454108476638794,4.98322516993932,,,,
13269,3.4777283668518066,5.017301468415975,,,,
13270,3.5849099159240723,5.17193175773733,,,,
13271,3.541006565093994,5.108592611216368,,,,
13272,3.531916618347168,5.095478590122777,,,,
13273,3.4994618892669678,5.0486563134253775,,,,
13274,3.488881826400757,5.033392509196001,,,,
13275,3.4429879188537598,4.967181596370932,,,,
13276,3.4984207153320312,5.047154216952742,,,,
13277,3.588916301727295,5.177711750667528,,,,
13278,3.552510976791382,5.125189968920534,,,,
13279,3.465848445892334,5.000162365361591,,,,
13280,3.4790775775909424,5.0192479680584405,,,,
13281,3.514878273010254,5.070897453800257,,,,
13282,3.5529816150665283,5.125868956426141,,,,
13283,3.517561435699463,5.074768439305878,,,,
13284,3.4745981693267822,5.01278554796962,,,,
13285,3.4756150245666504,5.01425255998148,,,,
13286,3.5184593200683594,5.076063812632176,,,,
13287,3.4482078552246094,4.974712372686913,,,,
13288,3.5085816383361816,5.061813330181684,,,,
13289,3.5187299251556396,5.076454213249635,,,,
13290,3.4667563438415527,5.001472185230562,,,,
13291,3.4760799407958984,5.014923292319844,,,,
13292,3.524739980697632,5.085124890575535,,,,
13293,3.522892951965332,5.082460191383066,,,,
13294,3.5317556858062744,5.095246413544112,,,,
13295,3.5284905433654785,5.09053580873698,,,,
13296,3.5504894256591797,5.122273487127202,,,,
13297,3.4718313217163086,5.008793830643094,,,,
13298,3.459735870361328,4.9913437829559495,,,,
13299,3.6421995162963867,5.254583180088979,,,,
13300,3.484360694885254,5.026869895179378,,,,
13301,3.5677595138549805,5.1471889577229994,,,,
13302,3.557816982269287,5.132844916710438,,,,
13303,3.5494205951690674,5.1207314906795665,,,,
13304,3.600463628768921,5.194371022126004,,,,
13305,3.4884912967681885,5.032829094031775,,,,
13306,3.522674560546875,5.082145119166685,,,,
13307,3.51409912109375,5.0697733751942184,,,,
13308,3.5198862552642822,5.078122444963004,,,,
13309,3.544382095336914,5.113462471958199,,,,
13310,3.470968008041382,5.007548332285546,,,,
13311,3.4761810302734375,5.015069133607776,,,,
13312,3.494211196899414,5.041081165585474,,,,
13313,3.5026683807373047,5.053282302768285,,,,
13314,3.5678372383117676,5.147301090411362,,,,
13315,3.5039360523223877,5.055111166277561,,,,
13316,3.4341506958007812,4.9544321784971705,,,,
13317,3.5789260864257812,5.163298916594621,,,,
13318,3.4581899642944336,4.989113511939561,,,,
13319,3.51539945602417,5.07164936194983,,,,
13320,3.4849886894226074,5.027775899784124,,,,
13321,3.5812954902648926,5.16671724376317,,,,
13322,3.564664840698242,5.142724288106601,,,,
13323,3.473048686981201,5.010550117473705,,,,
13324,3.530940532684326,5.0940703961775124,,,,
13325,3.516751289367676,5.073599645210614,,,,
13326,3.3960700035095215,4.899493352574951,,,,
13327,3.6342334747314453,5.243090611427722,,,,
13328,3.506418228149414,5.058692189033826,,,,
13329,3.596301555633545,5.1883664198537796,,,,
13330,3.4607367515563965,4.992787749292594,,,,
13331,3.4709668159484863,5.007546612459037,,,,
13332,3.4815549850463867,5.022822111508671,,,,
13333,3.5440726280212402,5.11301600499656,,,,
13334,3.545901298522949,5.1156542188607945,,,,
13335,3.5305562019348145,5.093515924111131,,,,
13336,3.539602041244507,5.106566311623903,,,,
13337,3.545457363128662,5.115013755468982,,,,
13338,3.5271358489990234,5.088581397892575,,,,
13339,3.5621094703674316,5.139037668002706,,,,
13340,3.521359920501709,5.08024849449297,,,,
13341,3.493518352508545,5.04008160241866,,,,
13342,3.5279247760772705,5.089719579075985,,,,
13343,3.5262539386749268,5.087309070241492,,,,
13344,3.5637457370758057,5.141398301868449,,,,
13345,3.5001914501190186,5.049708847248658,,,,
13346,3.544018268585205,5.112937580907766,,,,
13347,3.518935441970825,5.076750711339723,,,,
13348,3.5100889205932617,5.063987878819193,,,,
13349,3.6433706283569336,5.256272737651055,,,,
13350,3.5241708755493164,5.084303845400315,,,,
13351,3.548577070236206,5.1195145414420615,,,,
13352,3.511131763458252,5.065492383048941,,,,
13353,3.5469155311584473,5.117117447254335,,,,
13354,3.480236053466797,5.020919295459525,,,,
13355,3.562897205352783,5.1401741293596075,,,,
13356,3.507058620452881,5.059616079834261,,,,
13357,3.461054801940918,4.993246599005096,,,,
13358,3.5322883129119873,5.0960148320281675,,,,
13359,3.5000712871551514,5.049535488736588,,,,
13360,3.4164743423461914,4.928930591027233,,,,
13361,3.591482400894165,5.18141384921,,,,
13362,3.4475321769714355,4.973737575021822,,,,
13363,3.5945346355438232,5.185817293002692,,,,
13364,3.598109245300293,5.1909743647714635,,,,
13365,3.5514445304870605,5.123651412125915,,,,
13366,3.5126585960388184,5.067695136841192,,,,
13367,3.591674327850342,5.181690741277889,,,,
13368,3.4981088638305664,5.046704310338084,,,,
13369,3.6035594940185547,5.1988374115689115,,,,
13370,3.4828431606292725,5.0246805560338945,,,,
13371,3.4746198654174805,5.012816848812077,,,,
13372,3.4816761016845703,5.022996845881948,,,,
13373,3.5995254516601562,5.193017518663714,,,,
13374,3.4640719890594482,4.997599479898434,,,,
13375,3.54927921295166,5.120527519255643,,,,
13376,3.4735374450683594,5.011255246342242,,,,
13377,3.4557132720947266,4.9855404003852355,,,,
13378,3.544677734375,5.113888988932339,,,,
13379,3.505093812942505,5.05678146178274,,,,
13380,3.5100250244140625,5.063895696118331,,,,
13381,3.631802558898926,5.239583541211328,,,,
13382,3.5073909759521484,5.060095567464867,,,,
13383,3.4466238021850586,4.972427067222248,,,,
13384,3.6862316131591797,5.318108067872872,,,,
13385,3.5305795669555664,5.0935496327107,,,,
13386,3.5330774784088135,5.097153357176879,,,,
13387,3.5847668647766113,5.171725378556294,,,,
13388,3.54731822013855,5.11769840464895,,,,
13389,3.503965377807617,5.055153474009672,,,,
13390,3.4904162883758545,5.035606269877907,,,,
13391,3.4934566020965576,5.039992515405513,,,,
13392,3.4592885971069336,4.990698504049913,,,,
13393,3.4421133995056152,4.965919931644202,,,,
13394,3.488101005554199,5.03226602283285,,,,
13395,3.5622997283935547,5.139312152313483,,,,
13396,3.44091534614563,4.964191506003031,,,,
13397,3.526294231414795,5.087367200377484,,,,
13398,3.494260787963867,5.041152710368233,,,,
13399,3.4498414993286133,4.977069222934337,,,,
13400,3.6044607162475586,5.200137600409434,4.099548244476319,5.914397922191041,,
13401,3.4549918174743652,4.984499561382213,,,,
13402,3.4736504554748535,5.01141828589526,,,,
13403,3.4707577228546143,5.007244954889424,,,,
13404,3.438833475112915,4.961188000988363,,,,
13405,3.4944324493408203,5.041400365385475,,,,
13406,3.528714179992676,5.090858448189999,,,,
13407,3.5152835845947266,5.071482194813191,,,,
13408,3.4954447746276855,5.042860842056602,,,,
13409,3.5090460777282715,5.062483374589445,,,,
13410,3.4908618927001953,5.036249141026833,,,,
13411,3.524444341659546,5.084698373601395,,,,
13412,3.5692672729492188,5.149364194291112,,,,
13413,3.5292415618896484,5.091619299437416,,,,
13414,3.4769463539123535,5.0161732622263155,,,,
13415,3.4361186027526855,4.957271268097614,,,,
13416,3.5019102096557617,5.0521884931087975,,,,
13417,3.678976535797119,5.307641203741362,,,,
13418,3.577343225479126,5.161015330956464,,,,
13419,3.5006396770477295,5.050355502015902,,,,
13420,3.4881205558776855,5.032294227987592,,,,
13421,3.585486888885498,5.172764153767506,,,,
13422,3.600961685180664,5.195089565641309,,,,
13423,3.5880579948425293,5.176473475581315,,,,
13424,3.521721363067627,5.0807699458903866,,,,
13425,3.5151519775390625,5.071292325966638,,,,
13426,3.5083422660827637,5.061467989018752,,,,
13427,3.5617141723632812,5.138467373532444,,,,
13428,3.5437474250793457,5.112546836325006,,,,
13429,3.4949498176574707,5.04214677009022,,,,
13430,3.5729687213897705,5.154704255600403,,,,
13431,3.6381587982177734,5.2487536561553325,,,,
13432,3.422837972640991,4.9381113688955915,,,,
13433,3.4764671325683594,5.015481891969847,,,,
13434,3.544727325439453,5.1139605337150975,,,,
13435,3.508418321609497,5.061577713950002,,,,
13436,3.4997220039367676,5.04903157956956,,,,
13437,3.4448671340942383,4.969892730879134,,,,
13438,3.516749143600464,5.0735965495228985,,,,
13439,3.555171251296997,5.129027933757189,,,,
13440,3.4899539947509766,5.034939321157862,,,,
13441,3.457608699798584,4.988274924533954,,,,
13442,3.425662040710449,4.942185637894531,,,,
13443,3.5982186794281006,5.1911322448449555,,,,
13444,3.475165367126465,5.013603841422425,,,,
13445,3.615849494934082,5.216568134942263,,,,
13446,3.5687243938446045,5.148580985299083,,,,
13447,3.4998881816864014,5.049271323384863,,,,
13448,3.5186047554016113,5.076273631466229,,,,
13449,3.524343252182007,5.084552532313463,,,,
13450,3.493236780166626,5.0396753793973215,,,,
13451,3.5081660747528076,5.061213798660776,,,,
13452,3.592817783355713,5.183340398864965,,,,
13453,3.5181751251220703,5.075653805992519,,,,
13454,3.583279609680176,5.16957972300413,,,,
13455,3.52498722076416,5.085481582593424,,,,
13456,3.5172393321990967,5.074303742183246,,,,
13457,3.5061793327331543,5.058347535801497,,,,
13458,3.5193231105804443,5.077309998920328,,,,
13459,3.4911842346191406,5.036714182114766,,,,
13460,3.545978546142578,5.115765663618554,,,,
13461,3.5174551010131836,5.074615030781308,,,,
13462,3.546412706375122,5.116392024432996,,,,
13463,3.430840492248535,4.949656564248012,,,,
13464,3.4195239543914795,4.933330251201606,,,,
13465,3.508667469024658,5.061937157690306,,,,
13466,3.389192581176758,4.889571329481374,,,,
13467,3.513200521469116,5.068476969972014,,,,
13468,3.513763904571533,5.069289759979992,,,,
13469,3.4665451049804688,5.001167431973234,,,,
13470,3.535789966583252,5.101066650414611,,,,
13471,3.4866111278533936,5.030116583662367,,,,
13472,3.5029518604278564,5.053691277512037,,,,
13473,3.4733757972717285,5.011022037867672,,,,
13474,3.5284786224365234,5.090518610471894,,,,
13475,3.488100051879883,5.032264646971643,,,,
13476,3.4963951110839844,5.044231887749281,,,,
13477,3.476378917694092,5.015354624808208,,,,
13478,3.5516653060913086,5.123969923995313,,,,
13479,3.561612129211426,5.1383201563833065,,,,
13480,3.51725697517395,5.074329195615574,,,,
13481,3.5220868587493896,5.081297244697931,,,,
13482,3.5263729095458984,5.087480708927053,,,,
13483,3.4830479621887207,5.024976022228077,,,,
13484,3.4854636192321777,5.028461078665162,,,,
13485,3.6088318824768066,5.206443860251271,,,,
13486,3.593287467956543,5.184018010509365,,,,
13487,3.5381574630737305,5.104482225860747,,,,
13488,3.4472532272338867,4.973335135618804,,,,
13489,3.552454948425293,5.125109137074628,,,,
13490,3.4737720489501953,5.011593708199141,,,,
13491,3.531033992767334,5.094205230575789,,,,
13492,3.456193447113037,4.986233146502911,,,,
13493,3.593900203704834,5.1849020013348,,,,
13494,3.458775043487549,4.989957602789995,,,,
13495,3.420621395111084,4.934913523485449,,,,
13496,3.5497210025787354,5.121164886959741,,,,
13497,3.3722517490386963,4.86513087496726,,,,
13498,3.49481463432312,5.041951741764142,,,,
13499,3.6183624267578125,5.220193529222452,,,,
13500,3.444338798522949,4.96913050377051,,,,
13501,3.4829607009887695,5.024850130927645,,,,
13502,3.550992012023926,5.122998565983241,,,,
13503,3.5011332035064697,5.051067510190474,,,,
13504,3.5316123962402344,5.095039690397775,,,,
13505,3.4324774742126465,4.95201823000966,,,,
13506,3.5376548767089844,5.10375714700471,,,,
13507,3.4899089336395264,5.034874311715836,,,,
13508,3.5492093563079834,5.120426737422238,,,,
13509,3.4221248626708984,4.937082568678131,,,,
13510,3.444814443588257,4.969816714547452,,,,
13511,3.515748977661133,5.07215361508216,,,,
13512,3.5040791034698486,5.055317545458595,,,,
13513,3.5997908115386963,5.193400352044534,,,,
13514,3.5050785541534424,5.0567594480034295,,,,
13515,3.5245301723480225,5.084822201110016,,,,
13516,3.565807819366455,5.144373257763074,,,,
13517,3.508939266204834,5.062329278134272,,,,
13518,3.4655327796936035,4.9997069553021065,,,,
13519,3.50528883934021,5.0570628253995515,,,,
13520,3.519097089767456,5.0769839198142925,,,,
13521,3.4676549434661865,5.002768590452766,,,,
13522,3.4771628379821777,5.016485582720282,,,,
13523,3.4756956100463867,5.014368820253463,,,,
13524,3.4014980792999268,4.9073244105993385,,,,
13525,3.4377827644348145,4.959672145903658,,,,
13526,3.5882456302642822,5.176744176273773,,,,
13527,3.572618007659912,5.154198282641564,,,,
13528,3.572521448135376,5.154058976694365,,,,
13529,3.504075527191162,5.05531238597907,,,,
13530,3.5017123222351074,5.051903001908365,,,,
13531,3.465899705886841,5.000236317901463,,,,
13532,3.461019277572632,4.9931953481751385,,,,
13533,3.504493474960327,5.055915357152995,,,,
13534,3.568702459335327,5.148549340491324,,,,
13535,3.4845807552337646,5.027187375152871,,,,
13536,3.597646951675415,5.190307416051418,,,,
13537,3.5009231567382812,5.050764476759654,,,,
13538,3.483888864517212,5.0261891878472635,,,,
13539,3.4975504875183105,5.045898743601443,,,,
13540,3.5061416625976562,5.058293189283824,,,,
13541,3.5292415618896484,5.091619299437416,,,,
13542,3.4832348823547363,5.02524569102463,,,,
13543,3.4682064056396484,5.003564182195658,,,,
13544,3.529081344604492,5.091388154754656,,,,
13545,3.4260201454162598,4.942702273777724,,,,
13546,3.524014949798584,5.084078892092987,,,,
13547,3.511986255645752,5.066725154690325,,,,
13548,3.4974923133850098,5.045814816067822,,,,
13549,3.4530434608459473,4.981688676936511,,,,
13550,3.4028868675231934,4.90932800848189,,,,
13551,3.5062873363494873,5.058503352083179,,,,
13552,3.5039870738983154,5.05518477485213,,,,
13553,3.479565382003784,5.019951721065771,,,,
13554,3.5555708408355713,5.129604419602881,,,,
13555,3.517897129058838,5.075252742450707,,,,
13556,3.5851964950561523,5.172345204030004,,,,
13557,3.4888968467712402,5.03341417901001,,,,
13558,3.4750571250915527,5.013447681175442,,,,
13559,3.4339892864227295,4.954199313987902,,,,
13560,3.5020360946655273,5.052370106788109,,,,
13561,3.4778192043304443,5.017432519195933,,,,
13562,3.4678902626037598,5.00310808420557,,,,
13563,3.5373694896698,5.103345420538544,,,,
13564,3.621279239654541,5.224401600723763,,,,
13565,3.460301160812378,4.992159324686341,,,,
13566,3.4910202026367188,5.036477533987179,,,,
13567,3.448880434036255,4.975682698803081,,,,
13568,3.4491000175476074,4.97599949084597,,,,
13569,3.5637264251708984,5.141370440679009,,,,
13570,3.5149991512298584,5.071071844208232,,,,
13571,3.4876062870025635,5.031552294831769,,,,
13572,3.5511372089385986,5.123208040851991,,,,
13573,3.5466928482055664,5.116796183662524,,,,
13574,3.4359660148620605,4.957051130304509,,,,
13575,3.561548948287964,5.138229005578348,,,,
13576,3.4728779792785645,5.010303838317669,,,,
13577,3.56520414352417,5.143502337619104,,,,
13578,3.5064268112182617,5.058704571784688,,,,
13579,3.5032248497009277,5.054085117782513,,,,
13580,3.551623821258545,5.123910074032813,,,,
13581,3.4553165435791016,4.984968042123164,,,,
13582,3.5501832962036133,5.121831835679787,,,,
13583,3.493534803390503,5.040105336024479,,,,
13584,3.365469455718994,4.855346094029072,,,,
13585,3.5077407360076904,5.060600164562498,,,,
13586,3.554509162902832,5.128072742114297,,,,
13587,3.5147387981414795,5.070696234098748,,,,
13588,3.581298828125,5.166722059277394,,,,
13589,3.4219789505004883,4.9368720619134745,,,,
13590,3.413814067840576,4.925092626190579,,,,
13591,3.5945522785186768,5.185842746435019,,,,
13592,3.5287327766418457,5.090885277483533,,,,
13593,3.637561321258545,5.247891679109208,,,,
13594,3.4765729904174805,5.015634612563813,,,,
13595,3.4240732192993164,4.939893453123832,,,,
13596,3.5312156677246094,5.094467332135704,,,,
13597,3.4314231872558594,4.950497215445429,,,,
13598,3.4597809314727783,4.991408792397976,,,,
13599,3.5015203952789307,5.051626109840476,,,,
13600,3.487936496734619,5.03202868677466,4.197701835632325,6.056003621397253,,
13601,3.4986777305603027,5.047525011548002,,,,
13602,3.4710869789123535,5.007719970971107,,,,
13603,3.5687575340270996,5.1486287964760225,,,,
13604,3.494110584259033,5.040936012228146,,,,
13605,3.491358757019043,5.036965964715629,,,,
13606,3.6128153800964355,5.212190832512503,,,,
13607,3.498875141143799,5.047809814817831,,,,
13608,3.5240678787231445,5.084155252389969,,,,
13609,3.53225040435791,5.095960141545193,,,,
13610,3.5492420196533203,5.120473860668574,,,,
13611,3.555534839630127,5.12955248084232,,,,
13612,3.510573387145996,5.0646868163122996,,,,
13613,3.5209012031555176,5.07958670525245,,,,
13614,3.4907116889953613,5.036032442886746,,,,
13615,3.4697425365448,5.005780350634676,,,,
13616,3.462761878967285,4.995709390565452,,,,
13617,3.5512609481811523,5.1233865588435865,,,,
13618,3.5273704528808594,5.088919859749473,,,,
13619,3.553847312927246,5.127117894436706,,,,
13620,3.482797622680664,5.024614858661265,,,,
13621,3.4560012817382812,4.98595591046972,,,,
13622,3.569211959838867,5.1492843943411115,,,,
13623,3.503890037536621,5.0550447809743275,,,,
13624,3.4378786087036133,4.959810419954952,,,,
13625,3.5043113231658936,5.055652567662476,,,,
13626,3.628812313079834,5.235269528397085,,,,
13627,3.5893971920013428,5.1784055286811075,,,,
13628,3.575399398803711,5.158210981851495,,,,
13629,3.4819869995117188,5.023445376635398,,,,
13630,3.554236888885498,5.127679933739726,,,,
13631,3.5928893089294434,5.183443588455483,,,,
13632,3.5885274410247803,5.1771507432604125,,,,
13633,3.4932122230529785,5.039639950971244,,,,
13634,3.52797532081604,5.089792499719951,,,,
13635,3.520331382751465,5.078764628181326,,,,
13636,3.459047317504883,4.990350411164567,,,,
13637,3.480292558670044,5.021000815236034,,,,
13638,3.5603833198547363,5.136547359218213,,,,
13639,3.4046220779418945,4.911831387947849,,,,
13640,3.429929733276367,4.94834261679542,,,,
13641,3.480238914489746,5.020923423043146,,,,
13642,3.4539639949798584,4.983016726966475,,,,
13643,3.5247445106506348,5.085131425916267,,,,
13644,3.4523987770080566,4.980758594760646,,,,
13645,3.453416347503662,4.98222663866841,,,,
13646,3.504204750061035,5.055498815172605,,,,
13647,3.4173240661621094,4.930156483362583,,,,
13648,3.4220097064971924,4.936916433437397,,,,
13649,3.4399282932281494,4.962767489653888,,,,
13650,3.4300343990325928,4.948493617562877,,,,
13651,3.5270328521728516,5.088432804882229,,,,
13652,3.477860689163208,5.017492369158433,,,,
13653,3.465674877166748,4.999911958621935,,,,
13654,3.514373779296875,5.0701696232218065,,,,
13655,3.4282517433166504,4.945921789001876,,,,
13656,3.5578064918518066,5.132829782237162,,,,
13657,3.4945297241210938,5.04154070322858,,,,
13658,3.520461082458496,5.0789517453054644,,,,
13659,3.5800628662109375,5.164938943153248,,,,
13660,3.595144271850586,5.186696812279203,,,,
13661,3.5086920261383057,5.061972586116383,,,,
13662,3.5219221115112305,5.081059564674439,,,,
13663,3.4744396209716797,5.012556811043972,,,,
13664,3.5439493656158447,5.112838174935567,,,,
13665,3.6275579929351807,5.233459926944707,,,,
13666,3.5113325119018555,5.065782001832994,,,,
13667,3.579129695892334,5.163592662962294,,,,
13668,3.543973207473755,5.11287257146574,,,,
13669,3.4821619987487793,5.023697847166865,,,,
13670,3.5523815155029297,5.125003195761697,,,,
13671,3.4796218872070312,5.02003324084228,,,,
13672,3.531851053237915,5.0953839996648025,,,,
13673,3.485340118408203,5.028282904638868,,,,
13674,3.41544246673584,4.927441909201365,,,,
13675,3.441354513168335,4.96482509008881,,,,
13676,3.5841822624206543,5.170881975636464,,,,
13677,3.5175743103027344,5.074787013432171,,,,
13678,3.498016119003296,5.046570507835713,,,,
13679,3.4693236351013184,5.005176003599543,,,,
13680,3.4142801761627197,4.925765078355452,,,,
13681,3.4524874687194824,4.980886549852888,,,,
13682,3.4434616565704346,4.967865055425461,,,,
13683,3.533649444580078,5.097978529935719,,,,
13684,3.5370612144470215,5.102900673403412,,,,
13685,3.536374568939209,5.101910053334443,,,,
13686,3.588608980178833,5.1772683793936025,,,,
13687,3.509413480758667,5.063013425119404,,,,
13688,3.4730587005615234,5.010564564016377,,,,
13689,3.5449118614196777,5.1142267628586335,,,,
13690,3.5646564960479736,5.142712249321041,,,,
13691,3.557715654373169,5.132698731457205,,,,
13692,3.4375061988830566,4.959273146153657,,,,
13693,3.516679286956787,5.073495767689493,,,,
13694,3.4811058044433594,5.02217408088022,,,,
13695,3.561056137084961,5.137518029299682,,,,
13696,3.444997787475586,4.970081223864479,,,,
13697,3.5448784828186035,5.114178607716392,,,,
13698,3.5027623176574707,5.053417825097165,,,,
13699,3.527409076690674,5.088975582128352,,,,
13700,3.4954960346221924,5.042934794596474,,,,
13701,3.5512747764587402,5.123406508831087,,,,
13702,3.473559617996216,5.011287235115303,,,,
13703,3.4982314109802246,5.046881108503172,,,,
13704,3.5610623359680176,5.137526972397527,,,,
13705,3.4522604942321777,4.980559094885645,,,,
13706,3.541217803955078,5.108897364473697,,,,
13707,3.5204877853393555,5.078990269419258,,,,
13708,3.638343095779419,5.249019541333567,,,,
13709,3.4726788997650146,5.010016627290728,,,,
13710,3.5137107372283936,5.069213055717707,,,,
13711,3.528437852859497,5.090459792405299,,,,
13712,3.597956418991089,5.190753883013057,,,,
13713,3.4778976440429688,5.017545683780201,,,,
13714,3.5372040271759033,5.103106708619146,,,,
13715,3.5351767539978027,5.100181971658573,,,,
13716,3.496107816696167,5.043817409560702,,,,
13717,3.54971981048584,5.121163167133233,,,,
13718,3.4499995708465576,4.97729727192938,,,,
13719,3.4859652519226074,5.029184781659992,,,,
13720,3.535085439682007,5.100050232948012,,,,
13721,3.537513256072998,5.103552831615485,,,,
13722,3.4659829139709473,5.000356361791765,,,,
13723,3.47470760345459,5.012943428043112,,,,
13724,3.425143241882324,4.941437169397976,,,,
13725,3.542860507965088,5.111267285402587,,,,
13726,3.5377392768859863,5.10387891072152,,,,
13727,3.4711709022521973,5.007841046757314,,,,
13728,3.467654228210449,5.002767558556861,,,,
13729,3.538454532623291,5.104910806626697,,,,
13730,3.5103001594543457,5.064292632076522,,,,
13731,3.479020118713379,5.019165072420725,,,,
13732,3.568901777267456,5.148836895483567,,,,
13733,3.4653749465942383,4.999479250272364,,,,
13734,3.5727524757385254,5.154392279071737,,,,
13735,3.5073485374450684,5.060034341641159,,,,
13736,3.5457465648651123,5.115430985379975,,,,
13737,3.542248249053955,5.110383982507755,,,,
13738,3.5223169326782227,5.081629171214097,,,,
13739,3.494286060333252,5.041189170690216,,,,
13740,3.468998908996582,5.0047075228585935,,,,
13741,3.5335633754730225,5.097854358461796,,,,
13742,3.546004295349121,5.1158028118711405,,,,
13743,3.559399127960205,5.135127470452689,,,,
13744,3.474579334259033,5.012758374710783,,,,
13745,3.4713797569274902,5.008142360361625,,,,
13746,3.5244526863098145,5.084710412386955,,,,
13747,3.5324385166168213,5.096231530168255,,,,
13748,3.5405683517456055,5.107960402991797,,,,
13749,3.4864602088928223,5.029898853626374,,,,
13750,3.407036304473877,4.915314380593123,,,,
13751,3.503397226333618,5.05433380469566,,,,
13752,3.570883274078369,5.151695591106209,,,,
13753,3.5313072204589844,5.094599414811566,,,,
13754,3.5386526584625244,5.105196641792431,,,,
13755,3.436394691467285,4.957669579917012,,,,
13756,3.5201869010925293,5.07855618520848,,,,
13757,3.4479498863220215,4.9743402022304455,,,,
13758,3.5141632556915283,5.069865901860382,,,,
13759,3.5168814659118652,5.073787450265356,,,,
13760,3.4813356399536133,5.022505663431084,,,,
13761,3.473118782043457,5.010651243272412,,,,
13762,3.4485318660736084,4.975179821531958,,,,
13763,3.5035929679870605,5.054616200208377,,,,
13764,3.4862232208251953,5.029556952116459,,,,
13765,3.4722511768341064,5.009399553539433,,,,
13766,3.475132465362549,5.013556374210787,,,,
13767,3.523585319519043,5.083459066619277,,,,
13768,3.4921040534973145,5.0380412002488235,,,,
13769,3.4447083473205566,4.969663649988184,,,,
13770,3.418489933013916,4.931838473688021,,,,
13771,3.4599783420562744,4.991693595667805,,,,
13772,3.608377456665039,5.205788262386182,,,,
13773,3.426452159881592,4.943325538904451,,,,
13774,3.531667709350586,5.095119490347775,,,,
13775,3.5794425010681152,5.164043945438158,,,,
13776,3.5678277015686035,5.147287331799293,,,,
13777,3.484769344329834,5.0274594517065365,,,,
13778,3.5217502117156982,5.080811565691895,,,,
13779,3.4315147399902344,4.950629298121292,,,,
13780,3.582620859146118,5.168629346875463,,,,
13781,3.617344379425049,5.218724797384083,,,,
13782,3.4588851928710938,4.990116514759393,,,,
13783,3.564945936203003,5.143129823197335,,,,
13784,3.483668804168701,5.025871707873771,,,,
13785,3.4981677532196045,5.04678926976761,,,,
13786,3.553886890411377,5.127174992676792,,,,
13787,3.517915964126587,5.075279915709544,,,,
13788,3.5473954677581787,5.11780984940671,,,,
13789,3.3900184631347656,4.890762825286552,,,,
13790,3.5377049446105957,5.103829379718071,,,,
13791,3.546597480773926,5.116658597541834,,,,
13792,3.432608127593994,4.9522067229950055,,,,
13793,3.536391496658325,5.101934474870865,,,,
13794,3.5870447158813477,5.175011623048981,,,,
13795,3.470017910003662,5.0061776305581684,,,,
13796,3.472446918487549,5.009681949052149,,,,
13797,3.5556552410125732,5.129726183319692,,,,
13798,3.3312125205993652,4.8059237836159285,,,,
13799,3.5517120361328125,5.124037341194452,,,,
13800,3.5306875705718994,5.093705448992382,4.099775695800782,5.914726065088887,,
13801,3.431126117706299,4.9500686346794796,,,,
13802,3.5417308807373047,5.10963757780301,,,,
13803,3.499680757522583,5.0489720735723616,,,,
13804,3.402336597442627,4.908534136565508,,,,
13805,3.5169923305511475,5.073947394130658,,,,
13806,3.6038613319396973,5.199272871640896,,,,
13807,3.538433074951172,5.104879849749541,,,,
13808,3.4807262420654297,5.021626488119873,,,,
13809,3.4876043796539307,5.031549543109356,,,,
13810,3.5248560905456543,5.085292401677474,,,,
13811,3.4606435298919678,4.992653258859619,,,,
13812,3.408623456954956,4.917604157606711,,,,
13813,3.495327949523926,5.042692299058757,,,,
13814,3.528527021408081,5.090588435428144,,,,
13815,3.5218505859375,5.080956375083922,,,,
13816,3.4700448513031006,5.006216498637264,,,,
13817,3.484999179840088,5.0277910342574,,,,
13818,3.435781955718994,4.956785589091577,,,,
13819,3.4610137939453125,4.993187436973199,,,,
13820,3.4005165100097656,4.905908305452134,,,,
13821,3.5667929649353027,5.145794522389804,,,,
13822,3.5373892784118652,5.103373969658587,,,,
13823,3.5203518867492676,5.078794209197274,,,,
13824,3.4798245429992676,5.020325611348747,,,,
13825,3.433271884918213,4.9531643223950095,,,,
13826,3.426046133041382,4.942739765995611,,,,
13827,3.5295677185058594,5.092089843970176,,,,
13828,3.483811616897583,5.0260777430895045,,,,
13829,3.5274972915649414,5.089102849289991,,,,
13830,3.5793113708496094,5.163854764522209,,,,
13831,3.5294535160064697,5.09192508459065,,,,
13832,3.5286974906921387,5.090834370618878,,,,
13833,3.5921108722686768,5.182320541745349,,,,
13834,3.5008673667907715,5.05068398887905,,,,
13835,3.5024640560150146,5.052987524504706,,,,
13836,3.4732213020324707,5.010799148352154,,,,
13837,3.514732599258423,5.070687291000903,,,,
13838,3.4970099925994873,5.045118974262431,,,,
13839,3.481346607208252,5.022521485834964,,,,
13840,3.5142593383789062,5.070004519876978,,,,
13841,3.567387819290161,5.146652715817609,,,,
13842,3.5239899158477783,5.084042775736306,,,,
13843,3.552976131439209,5.125861045224201,,,,
13844,3.536508083343506,5.102102673903409,,,,
13845,3.5184485912323,5.076048334193598,,,,
13846,3.489736557006836,5.034625624802688,,,,
13847,3.5902976989746094,5.179704685625725,,,,
13848,3.5208511352539062,5.0795144725390875,,,,
13849,3.486522674560547,5.029988972535427,,,,
13850,3.4792184829711914,5.01945125155176,,,,
13851,3.5470595359802246,5.117325202296578,,,,
13852,3.5511748790740967,5.123262387369664,,,,
13853,3.4415555000305176,4.965115052838165,,,,
13854,3.4559316635131836,4.9858554726016155,,,,
13855,3.5093679428100586,5.062947727746775,,,,
13856,3.4914140701293945,5.0370457646656295,,,,
13857,3.564279556274414,5.142168440179012,,,,
13858,3.4620862007141113,4.994734592900361,,,,
13859,3.489712715148926,5.034591228272515,,,,
13860,3.4149727821350098,4.926764297556965,,,,
13861,3.507032871246338,5.059578931581674,,,,
13862,3.5682010650634766,5.1478259814617955,,,,
13863,3.4554567337036133,4.985170293720579,,,,
13864,3.4972429275512695,5.045455028362217,,,,
13865,3.5071027278900146,5.05967971341508,,,,
13866,3.517587184906006,5.074805587558464,,,,
13867,3.517927646636963,5.075296770009328,,,,
13868,3.5355095863342285,5.100662147219782,,,,
13869,3.49354887008667,5.040125629977281,,,,
13870,3.535540819168091,5.100707206674308,,,,
13871,3.5089521408081055,5.062347852260565,,,,
13872,3.5001888275146484,5.049705063630339,,,,
13873,3.5486533641815186,5.119624610338613,,,,
13874,3.4811391830444336,5.022222236022462,,,,
13875,3.5198190212249756,5.078025446747917,,,,
13876,3.5405426025390625,5.10792325473921,,,,
13877,3.580580711364746,5.165686035788596,,,,
13878,3.546882152557373,5.117069292112094,,,,
13879,3.5180628299713135,5.075491798335406,,,,
13880,3.5010039806365967,5.050881080996938,,,,
13881,3.5519328117370605,5.124355853063849,,,,
13882,3.507510185241699,5.060267550115729,,,,
13883,3.4601879119873047,4.991995941168022,,,,
13884,3.50313401222229,5.053954067002556,,,,
13885,3.4672741889953613,5.00221927786591,,,,
13886,3.392538070678711,4.894397850595188,,,,
13887,3.4730615615844727,5.010568691599998,,,,
13888,3.4618821144104004,4.9944401586020835,,,,
13889,3.525099277496338,5.085643246285235,,,,
13890,3.425611734390259,4.942113061215867,,,,
13891,3.460526466369629,4.992484371896472,,,,
13892,3.557490110397339,5.132373340281772,,,,
13893,3.4665303230285645,5.001146106124526,,,,
13894,3.443685531616211,4.968188038843781,,,,
13895,3.4341793060302734,4.954473454333377,,,,
13896,3.435128688812256,4.955843124164849,,,,
13897,3.48099422454834,5.022013105119012,,,,
13898,3.577589511871338,5.161370647113147,,,,
13899,3.5019640922546387,5.052266229266988,,,,
13900,3.4689383506774902,5.004620155671955,,,,
13901,3.4645824432373047,4.998335909609429,,,,
13902,3.511120557785034,5.06547621667976,,,,
13903,3.5291459560394287,5.091481369351424,,,,
13904,3.4457645416259766,4.971187416274828,,,,
13905,3.4389889240264893,4.961412266365088,,,,
13906,3.5672051906585693,5.1463892383964875,,,,
13907,3.578378200531006,5.162508484331255,,,,
13908,3.541835069656372,5.109787890639865,,,,
13909,3.391754627227783,4.893267580613718,,,,
13910,3.5059051513671875,5.057951975704512,,,,
13911,3.4770989418029785,5.016393400019419,,,,
13912,3.5335304737091064,5.0978068912501575,,,,
13913,3.4564507007598877,4.986604285063472,,,,
13914,3.5792438983917236,5.163757422341821,,,,
13915,3.488798141479492,5.033271777375096,,,,
13916,3.4576878547668457,4.9883891210141265,,,,
13917,3.564567804336548,5.142584294228799,,,,
13918,3.526846408843994,5.08816382401628,,,,
13919,3.393955707550049,4.896443068279249,,,,
13920,3.5001230239868164,5.049610129207062,,,,
13921,3.43346905708313,4.953448781699537,,,,
13922,3.496697425842285,5.044668035751869,,,,
13923,3.5385265350341797,5.105014684147818,,,,
13924,3.5306901931762695,5.0937092326107,,,,
13925,3.437535285949707,4.9593151099204675,,,,
13926,3.5385141372680664,5.104996797952128,,,,
13927,3.543269634246826,5.111857529860347,,,,
13928,3.396456718444824,4.90005126429435,,,,
13929,3.521557569503784,5.080533641728101,,,,
13930,3.558157444000244,5.133336099161302,,,,
13931,3.541451930999756,5.109235138399991,,,,
13932,3.5494630336761475,5.120792716503273,,,,
13933,3.4298174381256104,4.948180609138308,,,,
13934,3.532135486602783,5.095794350269761,,,,
13935,3.5154166221618652,5.071674127451554,,,,
13936,3.4633147716522217,4.996507046100153,,,,
13937,3.47070574760437,5.007169970453647,,,,
13938,3.486447334289551,5.029880279500081,,,,
13939,3.5365614891052246,5.1021797221309955,,,,
13940,3.5687923431396484,5.1486790154100746,,,,
13941,3.500844717025757,5.050651312175386,,,,
13942,3.460665702819824,4.9926852476326795,,,,
13943,3.4798426628112793,5.020351752711678,,,,
13944,3.4219894409179688,4.93688719638675,,,,
13945,3.4139862060546875,4.925340969138425,,,,
13946,3.572479248046875,5.15399809483596,,,,
13947,3.5938351154327393,5.184808098807428,,,,
13948,3.4661359786987305,5.000577187515472,,,,
13949,3.4291391372680664,4.947202027854898,,,,
13950,3.484671115875244,5.027317738002226,,,,
13951,3.5243377685546875,5.084544621111523,,,,
13952,3.457016944885254,4.987421202655071,,,,
13953,3.487509250640869,5.031412300953967,,,,
13954,3.4560813903808594,4.9860714828110995,,,,
13955,3.6391754150390625,5.250220324201891,,,,
13956,3.54837965965271,5.1192297381722325,,,,
13957,3.479410409927368,5.019728143619649,,,,
13958,3.4600956439971924,4.991862826596254,,,,
13959,3.497073173522949,5.045210125067388,,,,
13960,3.4000470638275146,4.905231037773037,,,,
13961,3.416339874267578,4.92873659459706,,,,
13962,3.5583953857421875,5.133679376532424,,,,
13963,3.545109748840332,5.114512254059066,,,,
13964,3.526071071624756,5.087045248855068,,,,
13965,3.534600257873535,5.099350263559001,,,,
13966,3.426778554916382,4.943796427402512,,,,
13967,3.4326140880584717,4.9522153221275484,,,,
13968,3.506896495819092,5.059382183429087,,,,
13969,3.4986462593078613,5.047479608128174,,,,
13970,3.511910915374756,5.066616461654981,,,,
13971,3.5354208946228027,5.10053419212754,,,,
13972,3.518331289291382,5.07587910326515,,,,
13973,3.462669610977173,4.995576275993684,,,,
13974,3.576533317565918,5.159846880826502,,,,
13975,3.509711265563965,5.06344303778126,,,,
13976,3.4343509674072266,4.95472110935062,,,,
13977,3.5451343059539795,5.114547682485144,,,,
13978,3.5819156169891357,5.167611897512958,,,,
13979,3.5218496322631836,5.0809549992227145,,,,
13980,3.4680213928222656,5.003297265121518,,,,
13981,3.555845260620117,5.130000323665167,,,,
13982,3.6262400150299072,5.231558486756767,,,,
13983,3.5044918060302734,5.055912949395883,,,,
13984,3.4942715167999268,5.041168188806811,,,,
13985,3.5672965049743652,5.146520977107048,,,,
13986,3.5194687843322754,5.077520161719683,,,,
13987,3.5957298278808594,5.187541591060242,,,,
13988,3.534475803375244,5.0991707136715,,,,
13989,3.558697462081909,5.134115180569711,,,,
13990,3.483397960662842,5.0254809632910105,,,,
13991,3.5507454872131348,5.122642905861256,,,,
13992,3.491976261138916,5.037856834847098,,,,
13993,3.4466605186462402,4.9724800378787135,,,,
13994,3.5077877044677734,5.060667925726937,,,,
13995,3.490833282470703,5.036207865190626,,,,
13996,3.5715131759643555,5.152604347433368,,,,
13997,3.495760202407837,5.0433159081507855,,,,
13998,3.512295722961426,5.0671716216519656,,,,
13999,3.5275814533233643,5.0892242690415,,,,
14000,3.516181230545044,5.072777224174188,4.1549296379089355,5.994296383853798,,
14001,3.4898509979248047,5.034790728147516,,,,
14002,3.4474337100982666,4.9735955173522095,,,,
14003,3.4485220909118652,4.975165718954587,,,,
14004,3.563680648803711,5.141304399341077,,,,
14005,3.566415786743164,5.145250369282474,,,,
14006,3.472132682800293,5.009228602784475,,,,
14007,3.460970878601074,4.993125523218889,,,,
14008,3.4965741634368896,5.0444902056908765,,,,
14009,3.3988289833068848,4.90347371904652,,,,
14010,3.504054546356201,5.055282117032518,,,,
14011,3.510434627532959,5.064486628506695,,,,
14012,3.5288023948669434,5.090985715351637,,,,
14013,3.4429311752319336,4.967099732629121,,,,
14014,3.449803352355957,4.977014188486061,,,,
14015,3.483694076538086,5.025908168195754,,,,
14016,3.459644317626953,4.991211700280087,,,,
14017,3.439124584197998,4.9616079826217705,,,,
14018,3.517824172973633,5.075147489068379,,,,
14019,3.457984447479248,4.988817013849474,,,,
14020,3.654024124145508,5.271642483193363,,,,
14021,3.5334982872009277,5.0977604559344245,,,,
14022,3.46236515045166,4.99513703230338,,,,
14023,3.4937453269958496,5.040409057385903,,,,
14024,3.541449785232544,5.109232042712276,,,,
14025,3.509054660797119,5.062495757340308,,,,
14026,3.636361598968506,5.246160845710925,,,,
14027,3.47316312789917,5.0107152208185335,,,,
14028,3.5597176551818848,5.135587008095794,,,,
14029,3.6008706092834473,5.19495817089605,,,,
14030,3.56972074508667,5.150018416294994,,,,
14031,3.4776878356933594,5.017242994314682,,,,
14032,3.5078461170196533,5.0607521972258604,,,,
14033,3.462960958480835,4.995996601592393,,,,
14034,3.559795618057251,5.135699484749459,,,,
14035,3.513249158859253,5.068547138893567,,,,
14036,3.482738494873047,5.0245295552664375,,,,
14037,3.481536865234375,5.02279597014574,,,,
14038,3.484830856323242,5.027548194754382,,,,
14039,3.4406797885894775,4.963851668284926,,,,
14040,3.494521141052246,5.041528320477718,,,,
14041,3.4859509468078613,5.029164143741888,,,,
14042,3.4512109756469727,4.979044959627449,,,,
14043,3.5169081687927246,5.073825974379149,,,,
14044,3.4722015857696533,5.009328008756674,,,,
14045,3.4779882431030273,5.017676390594856,,,,
14046,3.5496673583984375,5.1210874947668525,,,,
14047,3.5032854080200195,5.054172484969151,,,,
14048,3.4771041870117188,5.016400967256057,,,,
14049,3.5023293495178223,5.052793184109231,,,,
14050,3.4914915561676025,5.03715755338869,,,,
14051,3.5601706504821777,5.136240542169073,,,,
14052,3.5455427169799805,5.115136895047,,,,
14053,3.453892946243286,4.98291422530656,,,,
14054,3.4310340881347656,4.949935864073013,,,,
14055,3.4795784950256348,5.019970639157366,,,,
14056,3.5252275466918945,5.085828299617563,,,,
14057,3.459261178970337,4.990658948040214,,,,
14058,3.433877468109131,4.954037994261393,,,,
14059,3.4685237407684326,5.004022000012254,,,,
14060,3.496702194213867,5.044674915057904,,,,
14061,3.453474521636963,4.982310566202032,,,,
14062,3.51542329788208,5.0716837584800025,,,,
14063,3.482299327850342,5.023895971180659,,,,
14064,3.5176658630371094,5.074919096108033,,,,
14065,3.4819159507751465,5.023342874975484,,,,
14066,3.483985424041748,5.026328493794463,,,,
14067,3.5113706588745117,5.065837036281271,,,,
14068,3.391727924346924,4.893229056499925,,,,
14069,3.546363115310669,5.116320479650238,,,,
14070,3.446392059326172,4.972092732948971,,,,
14071,3.4990766048431396,5.048100465497789,,,,
14072,3.5038750171661377,5.0550231111603185,,,,
14073,3.542173385620117,5.110275977403013,,,,
14074,3.461595058441162,4.994026024378806,,,,
14075,3.5068423748016357,5.059304103305595,,,,
14076,3.3604564666748047,4.848113879594989,,,,
14077,3.4628913402557373,4.9958961637242885,,,,
14078,3.4922561645507812,5.038260650111324,,,,
14079,3.4622278213500977,4.994938908289586,,,,
14080,3.5638694763183594,5.1415768198600444,,,,
14081,3.4956297874450684,5.0431277591307415,,,,
14082,3.4974241256713867,5.045716441991528,,,,
14083,3.5124475955963135,5.0673907275491645,,,,
14084,3.422696113586426,4.937906709541065,,,,
14085,3.437966823577881,4.95993768711659,,,,
14086,3.3650922775268555,4.8548019409217416,,,,
14087,3.442744016647339,4.966829719867267,,,,
14088,3.477264404296875,5.016632111938817,,,,
14089,3.3722336292266846,4.865104733604329,,,,
14090,3.471043109893799,5.007656681355589,,,,
14091,3.5128278732299805,5.067939352205417,,,,
14092,3.5281219482421875,5.0900040383805125,,,,
14093,3.4748799800872803,5.01319211495626,,,,
14094,3.4361345767974854,4.957294313772829,,,,
14095,3.5154824256896973,5.07176906187483,,,,
14096,3.5316381454467773,5.095076838650361,,,,
14097,3.478848934173584,5.018918105334086,,,,
14098,3.385084629058838,4.883644807332642,,,,
14099,3.431061267852783,4.9499750761174095,,,,
14100,3.496863603591919,5.044907779567172,,,,
14101,3.486110210418701,5.0293939125634415,,,,
14102,3.5012927055358887,5.051297622977328,,,,
14103,3.4849278926849365,5.027688188632184,,,,
14104,3.4555416107177734,4.9852927453679925,,,,
14105,3.591324806213379,5.18118648814556,,,,
14106,3.5440449714660645,5.112976105021559,,,,
14107,3.5006303787231445,5.050342087369135,,,,
14108,3.500425100326538,5.050045933244349,,,,
14109,3.495748996734619,5.043299741781604,,,,
14110,3.569103717803955,5.149128234094128,,,,
14111,3.4604525566101074,4.992377742652937,,,,
14112,3.472736358642578,5.010099522928444,,,,
14113,3.6048097610473633,5.20064116561116,,,,
14114,3.442081928253174,4.965874528224375,,,,
14115,3.433154344558716,4.9529947475012595,,,,
14116,3.523838758468628,5.083824701735011,,,,
14117,3.485355854034424,5.028305606348781,,,,
14118,3.4992902278900146,5.048408658408135,,,,
14119,3.5441887378692627,5.113183516098499,,,,
14120,3.5617172718048096,5.138471845081367,,,,
14121,3.3786861896514893,4.874413810530231,,,,
14122,3.496903896331787,5.044965909703163,,,,
14123,3.4820046424865723,5.023470830067726,,,,
14124,3.4861202239990234,5.029408359106114,,,,
14125,3.576127529144287,5.159261451882965,,,,
14126,3.4757165908813477,5.0143990892000145,,,,
14127,3.353759288787842,4.838451894269516,,,,
14128,3.477571964263916,5.017075827178044,,,,
14129,3.4503955841064453,4.977868598295547,,,,
14130,3.5442819595336914,5.1133180065314745,,,,
14131,3.462000608444214,4.994611109357042,,,,
14132,3.495938301086426,5.0435728502311745,,,,
14133,3.4305965900421143,4.9493046877443465,,,,
14134,3.5357460975646973,5.101003360799094,,,,
14135,3.5154905319213867,5.071780756695089,,,,
14136,3.4594194889068604,4.99088734100056,,,,
14137,3.432842254638672,4.9525444969213,,,,
14138,3.4706268310546875,5.0070561179387765,,,,
14139,3.5633926391601562,5.140888889256593,,,,
14140,3.5033488273620605,5.05426397973941,,,,
14141,3.558345317840576,5.133607143819062,,,,
14142,3.454730987548828,4.984123263342125,,,,
14143,3.4469494819641113,4.972896923824405,,,,
14144,3.5546836853027344,5.128324524715159,,,,
14145,3.399653434753418,4.9046631510598875,,,,
14146,3.5100293159484863,5.063901887493762,,,,
14147,3.418752908706665,4.932217867415825,,,,
14148,3.51415753364563,5.069857646693141,,,,
14149,3.452322483062744,4.980648525864093,,,,
14150,3.509485960006714,5.063117990571129,,,,
14151,3.476016044616699,5.0148311096189815,,,,
14152,3.5055222511291504,5.057399567429941,,,,
14153,3.4431164264678955,4.967366993668562,,,,
14154,3.520003080368042,5.07829098796085,,,,
14155,3.4691946506500244,5.004989918371311,,,,
14156,3.5292434692382812,5.091622051159829,,,,
14157,3.5413320064544678,5.1090621238532234,,,,
14158,3.536588191986084,5.102218246244789,,,,
14159,3.6258416175842285,5.2309837207375836,,,,
14160,3.482536792755127,5.0242385606211775,,,,
14161,3.454501152038574,4.983791680791263,,,,
14162,3.4714488983154297,5.008242110299126,,,,
14163,3.531590461730957,5.095008045590016,,,,
14164,3.542243480682373,5.110377103201721,,,,
14165,3.4242587089538574,4.940161058128575,,,,
14166,3.517298936843872,5.074389733508678,,,,
14167,3.52052903175354,5.079049775416457,,,,
14168,3.541790008544922,5.109722881197838,,,,
14169,3.470611333847046,5.0070337601941635,,,,
14170,3.4924559593200684,5.03854889303417,,,,
14171,3.4849724769592285,5.027752510143606,,,,
14172,3.4932596683502197,5.039708400066287,,,,
14173,3.4669861793518066,5.001803767781426,,,,
14174,3.413085460662842,4.924041468228506,,,,
14175,3.4722039699554443,5.009331448409691,,,,
14176,3.4817545413970947,5.023110010466215,,,,
14177,3.4626307487487793,4.995520209649502,,,,
14178,3.5912647247314453,5.181099808889525,,,,
14179,3.503098726272583,5.0539031601379,,,,
14180,3.464287757873535,4.997910768496495,,,,
14181,3.463773727416992,4.997169179305975,,,,
14182,3.4716153144836426,5.00848219807973,,,,
14183,3.5346367359161377,5.099402890250165,,,,
14184,3.536564826965332,5.102184537645219,,,,
14185,3.501556873321533,5.05167873653164,,,,
14186,3.4468650817871094,4.972775160107594,,,,
14187,3.4605231285095215,4.992479556382248,,,,
14188,3.445920467376709,4.971412369582157,,,,
14189,3.5584933757781982,5.133820746271433,,,,
14190,3.4536123275756836,4.982509378146429,,,,
14191,3.517533779144287,5.074728539330877,,,,
14192,3.5612666606903076,5.1378217506611055,,,,
14193,3.4886889457702637,5.033114241266905,,,,
14194,3.4453177452087402,4.970542825299395,,,,
14195,3.465782642364502,5.000067430938315,,,,
14196,3.408977746963501,4.918115290045074,,,,
14197,3.4787662029266357,5.018798749374387,,,,
14198,3.436964988708496,4.9584923449187395,,,,
14199,3.536707878112793,5.102390916826255,,,,
14200,3.559321641921997,5.135015681729628,4.144904041290284,5.979832505330116,,
14201,3.5237698554992676,5.083725295762813,,,,
14202,3.52291202545166,5.082487708607204,,,,
14203,3.3709871768951416,4.863306483006908,,,,
14204,3.433924436569214,4.954105755425833,,,,
14205,3.480837821960449,5.021787463881081,,,,
14206,3.5172832012176514,5.074367031798764,,,,
14207,3.499861717224121,5.049233143236371,,,,
14208,3.5134775638580322,5.06887665765262,,,,
14209,3.5135016441345215,5.068911398148094,,,,
14210,3.5047616958618164,5.056302318117436,,,,
14211,3.5474460124969482,5.1178827700506755,,,,
14212,3.5528364181518555,5.125659481557389,,,,
14213,3.465031385421753,4.998983596272578,,,,
14214,3.4700727462768555,5.006256742577566,,,,
14215,3.547863483428955,5.1184850532939965,,,,
14216,3.375425338745117,4.86970939709853,,,,
14217,3.4467878341674805,4.972663715349835,,,,
14218,3.5471692085266113,5.1174834263353715,,,,
14219,3.4171152114868164,4.929855169758271,,,,
14220,3.4323301315307617,4.951805659453194,,,,
14221,3.502565622329712,5.053134053723242,,,,
14222,3.4707775115966797,5.007273504009467,,,,
14223,3.554260492324829,5.127713986304597,,,,
14224,3.5654373168945312,5.1438387356841915,,,,
14225,3.4380648136138916,4.9600790568556,,,,
14226,3.4725236892700195,5.009792705879305,,,,
14227,3.5380663871765137,5.104350831115488,,,,
14228,3.471019744873047,5.00762297275602,,,,
14229,3.487511396408081,5.031415396641682,,,,
14230,3.483194589614868,5.0251875608886385,,,,
14231,3.4428114891052246,4.966927062047655,,,,
14232,3.5206985473632812,5.079294334745983,,,,
14233,3.522104501724243,5.0813226981302595,,,,
14234,3.555678606033325,5.129759891919261,,,,
14235,3.478940963745117,5.019050875940552,,,,
14236,3.594193935394287,5.1853257665865256,,,,
14237,3.441918134689331,4.965638224062089,,,,
14238,3.5996806621551514,5.193241440075137,,,,
14239,3.546980381011963,5.117211005816405,,,,
14240,3.4975016117095947,5.045828230714589,,,,
14241,3.5433716773986816,5.112004747009486,,,,
14242,3.4827628135681152,5.024564639727213,,,,
14243,3.4445576667785645,4.969446263917494,,,,
14244,3.46177339553833,4.994283310424497,,,,
14245,3.484503746032715,5.027076274360414,,,,
14246,3.4864416122436523,5.02987202433284,,,,
14247,3.494497776031494,5.041494611878148,,,,
14248,3.4469830989837646,4.972945422931948,,,,
14249,3.466402053833008,5.000961052792198,,,,
14250,3.447373151779175,4.973508150165571,,,,
14251,3.396857500076294,4.900629469966551,,,,
14252,3.417145013809204,4.929898165420988,,,,
14253,3.410557508468628,4.920394404134308,,,,
14254,3.503199577331543,5.0540486574605294,,,,
14255,3.5080418586730957,5.061034592738578,,,,
14256,3.5405616760253906,5.107950771963348,,,,
14257,3.4881696701049805,5.032365084839747,,,,
14258,3.5367417335510254,5.1024397598991005,,,,
14259,3.486499071121216,5.029954919970556,,,,
14260,3.4382901191711426,4.960404104065731,,,,
14261,3.4080615043640137,4.916793431390543,,,,
14262,3.5349931716918945,5.099917118376244,,,,
14263,3.4292678833007812,4.94738776911783,,,,
14264,3.4906089305877686,5.035884193841702,,,,
14265,3.499197483062744,5.048274855905763,,,,
14266,3.495342969894409,5.042713968872766,,,,
14267,3.5402073860168457,5.1074396395249835,,,,
14268,3.5750861167907715,5.157759011445028,,,,
14269,3.476165771484375,5.015047119828465,,,,
14270,3.4421823024749756,4.966019337616402,,,,
14271,3.5103249549865723,5.064328404467902,,,,
14272,3.444110155105591,4.968800641046155,,,,
14273,3.488852024078369,5.0333495135332855,,,,
14274,3.6145148277282715,5.214642617183204,,,,
14275,3.4811437129974365,5.022228771363195,,,,
14276,3.5540552139282227,5.127417832179811,,,,
14277,3.4136064052581787,4.924793032412776,,,,
14278,3.518044948577881,5.0754660009377774,,,,
14279,3.420473098754883,4.934699577067775,,,,
14280,3.465639114379883,4.999860363826676,,,,
14281,3.477156400680542,5.016476295657135,,,,
14282,3.362776279449463,4.851460661980779,,,,
14283,3.5667786598205566,5.1457738844717005,,,,
14284,3.5119075775146484,5.066611646140756,,,,
14285,3.5279722213745117,5.089788028171029,,,,
14286,3.5072031021118164,5.059824522807107,,,,
14287,3.4931671619415283,5.039574941529217,,,,
14288,3.349238872528076,4.831930312148799,,,,
14289,3.513162136077881,5.068421591558437,,,,
14290,3.388612747192383,4.8887348058675775,,,,
14291,3.4560067653656006,4.9859638216716595,,,,
14292,3.427391529083252,4.944680762193249,,,,
14293,3.5156307220458984,5.071983008292504,,,,
14294,3.6087467670440674,5.206321064638556,,,,
14295,3.4501466751098633,4.977509498520545,,,,
14296,3.3980135917663574,4.902297357714619,,,,
14297,3.543034076690674,5.111517692142242,,,,
14298,3.4514975547790527,4.979458405920123,,,,
14299,3.475045680999756,5.013431170840959,,,,
14300,3.5134029388427734,5.068768996513179,,,,
14301,3.4457266330718994,4.971132725791854,,,,
14302,3.483236789703369,5.025248442747044,,,,
14303,3.497073173522949,5.045210125067388,,,,
14304,3.49747371673584,5.045787986774288,,,,
14305,3.4737696647644043,5.011590268546123,,,,
14306,3.521425247192383,5.0803427409856425,,,,
14307,3.4565601348876953,4.986762165136964,,,,
14308,3.5646915435791016,5.142762812220394,,,,
14309,3.547062397003174,5.1173293298801985,,,,
14310,3.504154682159424,5.055426582459242,,,,
14311,3.428953170776367,4.946933734919552,,,,
14312,3.510499954223633,5.064580874999368,,,,
14313,3.521185874938965,5.079997399822711,,,,
14314,3.470026969909668,5.0061907012396345,,,,
14315,3.5013790130615234,5.051422138416553,,,,
14316,3.4938342571258545,5.040537356443446,,,,
14317,3.5064666271209717,5.058762013990076,,,,
14318,3.557349920272827,5.132171088684357,,,,
14319,3.470778465270996,5.007274879870674,,,,
14320,3.525965690612793,5.086893216191705,,,,
14321,3.45324969291687,4.981986206922504,,,,
14322,3.4772191047668457,5.016566758531489,,,,
14323,3.438079833984375,4.960100726669609,,,,
14324,3.4220077991485596,4.936913681714983,,,,
14325,3.537999153137207,5.104253832900401,,,,
14326,3.5073652267456055,5.06005841921228,,,,
14327,3.503694534301758,5.054762729426912,,,,
14328,3.5072550773620605,5.059899507242883,,,,
14329,3.4346656799316406,4.955175143548898,,,,
14330,3.494220733642578,5.041094924197544,,,,
14331,3.4749908447265625,5.013352058821562,,,,
14332,3.5402040481567383,5.10743482401076,,,,
14333,3.404672622680664,4.911904308591815,,,,
14334,3.483792304992676,5.0260498819000645,,,,
14335,3.4816651344299316,5.022981023478069,,,,
14336,3.4903082847595215,5.0354504535962255,,,,
14337,3.515275716781616,5.0714708439582346,,,,
14338,3.384456157684326,4.882738114797293,,,,
14339,3.41426420211792,4.925742032680237,,,,
14340,3.4374570846557617,4.959202289301501,,,,
14341,3.3546814918518066,4.8397823520565915,,,,
14342,3.5987753868103027,5.191935403824485,,,,
14343,3.401832103729248,4.907806305987056,,,,
14344,3.462455987930298,4.995268083083338,,,,
14345,3.4952683448791504,5.042606307733325,,,,
14346,3.4518651962280273,4.979988800415383,,,,
14347,3.3573427200317383,4.843621692754453,,,,
14348,3.534966230392456,5.09987825029715,,,,
14349,3.642489433288574,5.255001441895877,,,,
14350,3.5025792121887207,5.05315365974544,,,,
14351,3.5451879501342773,5.114625074678032,,,,
14352,3.520111560821533,5.078447492173135,,,,
14353,3.5039148330688477,5.055080553365706,,,,
14354,3.5144388675689697,5.070263525749177,,,,
14355,3.5414397716522217,5.109217596169604,,,,
14356,3.4643173217773438,4.997953420193909,,,,
14357,3.5231077671051025,5.082770104119921,,,,
14358,3.455718517303467,4.985547967621873,,,,
14359,3.4416470527648926,4.965247135514027,,,,
14360,3.489013195037842,5.033582034077252,,,,
14361,3.4376680850982666,4.959506698593528,,,,
14362,3.540454149246216,5.10779564361227,,,,
14363,3.5251874923706055,5.085770513446874,,,,
14364,3.4766275882720947,5.015713380617908,,,,
14365,3.534433364868164,5.099109487847793,,,,
14366,3.498354196548462,5.04705825063356,,,,
14367,3.483781337738037,5.026034059496185,,,,
14368,3.535583972930908,5.10076946439392,,,,
14369,3.481825351715088,5.023212168160828,,,,
14370,3.4944698810577393,5.041454367937846,,,,
14371,3.5346429347991943,5.099411833348009,,,,
14372,3.4314756393432617,4.950572887811809,,,,
14373,3.3971996307373047,4.901123060174528,,,,
14374,3.4795851707458496,5.0199802701858145,,,,
14375,3.519458770751953,5.07750571517701,,,,
14376,3.528282642364502,5.090235870993875,,,,
14377,3.5292136669158936,5.091579055497114,,,,
14378,3.4619598388671875,4.9945522912904465,,,,
14379,3.5159051418304443,5.0723789123547895,,,,
14380,3.4847910404205322,5.027490752548993,,,,
14381,3.3284788131713867,4.8019798774663425,,,,
14382,3.5786328315734863,5.162875839273498,,,,
14383,3.571033000946045,5.1519116013156925,,,,
14384,3.450533151626587,4.978067066274643,,,,
14385,3.4686760902404785,5.004241793840057,,,,
14386,3.4914350509643555,5.037076033612181,,,,
14387,3.520925521850586,5.079621789713226,,,,
14388,3.542522430419922,5.11077954260474,,,,
14389,3.3788013458251953,4.874579945770965,,,,
14390,3.4997997283935547,5.049143712257923,,,,
14391,3.399841785430908,4.9049348836482505,,,,
14392,3.476649284362793,5.015744681460365,,,,
14393,3.471362352371216,5.0081172508946,,,,
14394,3.477452278137207,5.016903156596577,,,,
14395,3.4707162380218506,5.007185104926923,,,,
14396,3.4900407791137695,5.03506452452769,,,,
14397,3.4672279357910156,5.002152548597375,,,,
14398,3.505753517150879,5.0577332137726145,,,,
14399,3.4449925422668457,4.970073656627841,,,,
14400,3.4902472496032715,5.035362398478984,4.13877649307251,5.970992321903526,,
14401,3.468994140625,5.004700643552559,,,,
14402,3.5301926136016846,5.092991377025999,,,,
14403,3.449413537979126,4.9764518052177396,,,,
14404,3.458467483520508,4.989513887550769,,,,
14405,3.498746871948242,5.047624761485502,,,,
14406,3.475168228149414,5.0136079690060456,,,,
14407,3.4489550590515137,4.975790359942521,,,,
14408,3.5140137672424316,5.0696502356162005,,,,
14409,3.5928702354431152,5.183416071231345,,,,
14410,3.531276226043701,5.094554699322342,,,,
14411,3.5386722087860107,5.105224846947173,,,,
14412,3.50171160697937,5.0519019700124606,,,,
14413,3.461459159851074,4.993829964156823,,,,
14414,3.4187753200531006,4.932250200154187,,,,
14415,3.4388232231140137,4.961173210480389,,,,
14416,3.4582114219665527,4.989144468816717,,,,
14417,3.4114654064178467,4.92170422400328,,,,
14418,3.4662466049194336,5.000736787415473,,,,
14419,3.449899196624756,4.977152462537354,,,,
14420,3.4447529315948486,4.969727971499607,,,,
14421,3.514265537261963,5.070013462974822,,,,
14422,3.507913589477539,5.060849539406249,,,,
14423,3.438810348510742,4.961154636354096,,,,
14424,3.4758543968200684,5.014597901144412,,,,
14425,3.4432997703552246,4.967631502985589,,,,
14426,3.4725022315979004,5.009761749002149,,,,
14427,3.4846396446228027,5.027272334582397,,,,
14428,3.3314554691314697,4.806274284258387,,,,
14429,3.5035715103149414,5.054585243331222,,,,
14430,3.484325408935547,5.026818988314723,,,,
14431,3.441540241241455,4.965093039058854,,,,
14432,3.4432125091552734,4.967505611685158,,,,
14433,3.5216708183288574,5.080697025246421,,,,
14434,3.4337475299835205,4.953850533171952,,,,
14435,3.363612651824951,4.852667292259233,,,,
14436,3.496406078338623,5.04424771015316,,,,
14437,3.4489989280700684,4.975853649558038,,,,
14438,3.5379505157470703,5.104183663978849,,,,
14439,3.490842342376709,5.036220935872091,,,,
14440,3.4502716064453125,4.977689736338649,,,,
14441,3.540344476699829,5.107637419573476,,,,
14442,3.4649853706359863,4.998917210969345,,,,
14443,3.484879493713379,5.027618363675933,,,,
14444,3.4900755882263184,5.035114743461741,,,,
14445,3.4858665466308594,5.029042380025078,,,,
14446,3.505523681640625,5.057401631221751,,,,
14447,3.5879859924316406,5.176369598060194,,,,
14448,3.36592960357666,4.856009947061402,,,,
14449,3.400792360305786,4.906306273306231,,,,
14450,3.451021194458008,4.978771163247275,,,,
14451,3.4410533905029297,4.964390661912731,,,,
14452,3.537126302719116,5.102994575930784,,,,
14453,3.451373815536499,4.979279887928527,,,,
14454,3.517451286315918,5.07460952733648,,,,
14455,3.518333911895752,5.075882886883469,,,,
14456,3.5233547687530518,5.083126452172508,,,,
14457,3.5228922367095947,5.08245915948716,,,,
14458,3.4495019912719727,4.97657941634468,,,,
14459,3.474081039428711,5.012039487230177,,,,
14460,3.4313554763793945,4.950399529299739,,,,
14461,3.488990545272827,5.033549357373588,,,,
14462,3.512770175933838,5.067856112602399,,,,
14463,3.46124267578125,4.993517643662856,,,,
14464,3.49269962310791,5.038900425572534,,,,
14465,3.5681304931640625,5.147724167732484,,,,
14466,3.421311378479004,4.935908959068643,,,,
14467,3.492227554321289,5.038219374275117,,,,
14468,3.5373380184173584,5.103300017118716,,,,
14469,3.5546841621398926,5.1283252126457635,,,,
14470,3.4392590522766113,4.961801979051944,,,,
14471,3.4535951614379883,4.982484612644705,,,,
14472,3.3912434577941895,4.892530119006818,,,,
14473,3.496943950653076,5.045023695873853,,,,
14474,3.4835684299468994,5.025726898481745,,,,
14475,3.5124449729919434,5.067386943930845,,,,
14476,3.5148653984069824,5.070878879673964,,,,
14477,3.5464744567871094,5.116481111446143,,,,
14478,3.519986629486084,5.078267254355031,,,,
14479,3.369882583618164,4.861712891764013,,,,
14480,3.498838424682617,5.0477568441613645,,,,
14481,3.443857192993164,4.968435693861024,,,,
14482,3.3897948265075684,4.890440185833533,,,,
14483,3.316877841949463,4.785243213814978,,,,
14484,3.611724615097046,5.210617191257109,,,,
14485,3.507681369781494,5.0605145172023684,,,,
14486,3.515951156616211,5.072445297658023,,,,
14487,3.4847264289855957,5.0273975379522255,,,,
14488,3.4807331562042236,5.021636463113623,,,,
14489,3.4606142044067383,4.992610951127507,,,,
14490,3.50626277923584,5.0584679236571,,,,
14491,3.411205291748047,4.921328957859097,,,,
14492,3.477769374847412,5.017360630447872,,,,
14493,3.3761849403381348,4.870805270549828,,,,
14494,3.549561023712158,5.120934086242283,,,,
14495,3.5245847702026367,5.084900969164111,,,,
14496,3.424546480178833,4.940576224247757,,,,
14497,3.426553249359131,4.943471380192382,,,,
14498,3.503378391265869,5.054306631436824,,,,
14499,3.5581531524658203,5.133329907785871,,,,
14500,3.475863456726074,5.014610971825878,,,,
14501,3.365701198577881,4.855680428302349,,,,
14502,3.5460281372070312,5.115837208401313,,,,
14503,3.4501147270202637,4.977463407170115,,,,
14504,3.4947214126586914,5.0418172513311665,,,,
14505,3.423072099685669,4.938449142821886,,,,
14506,3.490248203277588,5.035363774340191,,,,
14507,3.446183681488037,4.971792107275262,,,,
14508,3.4701738357543945,5.006402583865498,,,,
14509,3.4447436332702637,4.96971455685284,,,,
14510,3.3463187217712402,4.8277174251332635,,,,
14511,3.495657205581665,5.04316731514044,,,,
14512,3.5006563663482666,5.050379579587022,,,,
14513,3.3712220191955566,4.863645288829107,,,,
14514,3.439126968383789,4.961611422274787,,,,
14515,3.4060940742492676,4.913955029720703,,,,
14516,3.472808599472046,5.010203744414867,,,,
14517,3.4748709201812744,5.013179044274794,,,,
14518,3.503467082977295,5.054434586529066,,,,
14519,3.423210382461548,4.938648642696887,,,,
14520,3.454505681991577,4.983798216131995,,,,
14521,3.5071797370910645,5.059790814207537,,,,
14522,3.56834077835083,5.148027545128606,,,,
14523,3.582533836364746,5.168503799540333,,,,
14524,3.485196828842163,5.02807618149253,,,,
14525,3.6148979663848877,5.215195369423077,,,,
14526,3.4318084716796875,4.951053063373018,,,,
14527,3.4784352779388428,5.018321325535592,,,,
14528,3.4044675827026367,4.911608498432331,,,,
14529,3.5235252380371094,5.083372387363243,,,,
14530,3.506382703781128,5.058640938203869,,,,
14531,3.4677786827087402,5.002947108444362,,,,
14532,3.48952317237854,5.034317775857644,,,,
14533,3.413487195968628,4.924621049761913,,,,
14534,3.4060938358306885,4.913954685755401,,,,
14535,3.373514175415039,4.866952171239897,,,,
14536,3.5207953453063965,5.0794339846584835,,,,
14537,3.491023302078247,5.036482005536101,,,,
14538,3.509672164916992,5.063386627471777,,,,
14539,3.590266227722168,5.179659282205898,,,,
14540,3.491081476211548,5.036565933069722,,,,
14541,3.5044965744018555,5.055919828701917,,,,
14542,3.3941025733947754,4.896654950905112,,,,
14543,3.452425479888916,4.980797118874439,,,,
14544,3.4831881523132324,5.0251782738254915,,,,
14545,3.40584135055542,4.913590426500874,,,,
14546,3.5025856494903564,5.053162946808587,,,,
14547,3.491022825241089,5.036481317605498,,,,
14548,3.489014148712158,5.033583409938459,,,,
14549,3.4334254264831543,4.953385836049321,,,,
14550,3.450005054473877,4.97730518313132,,,,
14551,3.511962413787842,5.066690758160153,,,,
14552,3.4862220287323,5.02955523228995,,,,
14553,3.4107327461242676,4.920647218631077,,,,
14554,3.466595411300659,5.001240008651898,,,,
14555,3.538386344909668,5.104812432550403,,,,
14556,3.4251978397369385,4.941515937452071,,,,
14557,3.4528839588165283,4.981458564149658,,,,
14558,3.4639806747436523,4.997467741187873,,,,
14559,3.4236207008361816,4.939240606981157,,,,
14560,3.377467155456543,4.872655115942508,,,,
14561,3.456007480621338,4.985964853567564,,,,
14562,3.5357885360717773,5.101064586622801,,,,
14563,3.4673285484313965,5.002297701954704,,,,
14564,3.4610347747802734,4.993217705919751,,,,
14565,3.514871120452881,5.070887134841206,,,,
14566,3.4003071784973145,4.905606303917219,,,,
14567,3.4530961513519287,4.981764693268193,,,,
14568,3.4565083980560303,4.986687524666491,,,,
14569,3.504030704498291,5.055247720502345,,,,
14570,3.408837080001831,4.9179123505170566,,,,
14571,3.4920425415039062,5.037952457200978,,,,
14572,3.5247087478637695,5.085079831121008,,,,
14573,3.450547218322754,4.978087360227445,,,,
14574,3.483388900756836,5.025467892609545,,,,
14575,3.4918205738067627,5.037632225505071,,,,
14576,3.4426937103271484,4.966757143188603,,,,
14577,3.4591917991638184,4.990558854137412,,,,
14578,3.513923168182373,5.069519528801544,,,,
14579,3.3932151794433594,4.895374712052089,,,,
14580,3.397397994995117,4.901409239305563,,,,
14581,3.444979190826416,4.970054394570944,,,,
14582,3.4986605644226074,5.047500246046278,,,,
14583,3.4406797885894775,4.963851668284926,,,,
14584,3.384678840637207,4.883059378389105,,,,
14585,3.4259653091430664,4.942623161758327,,,,
14586,3.4853129386901855,5.0282436925944705,,,,
14587,3.422863006591797,4.938147485252273,,,,
14588,3.5442938804626465,5.11333520479656,,,,
14589,3.443274974822998,4.96759573059421,,,,
14590,3.4363698959350586,4.9576338075256325,,,,
14591,3.4911298751831055,5.036635758025972,,,,
14592,3.4654674530029297,4.999612708809433,,,,
14593,3.488476514816284,5.032807768183067,,,,
14594,3.5575318336486816,5.132433534209574,,,,
14595,3.4959802627563477,5.043633388124278,,,,
14596,3.53981614112854,5.106875192464852,,,,
14597,3.597309112548828,5.189820017218873,,,,
14598,3.5037591457366943,5.0548559440236795,,,,
14599,3.4734554290771484,5.011136922278449,,,,
14600,3.4231414794921875,4.938549236724688,4.144575881958008,5.97935907148882,,
14601,3.33569598197937,4.8123920511148786,,,,
14602,3.4536848068237305,4.982613943598154,,,,
14603,3.396763324737549,4.90049360367237,,,,
14604,3.4310991764068604,4.950029766600384,,,,
14605,3.571176052093506,5.152117980496728,,,,
14606,3.4470877647399902,4.973096423699406,,,,
14607,3.448486328125,4.975114124159329,,,,
14608,3.457777261734009,4.988518108002274,,,,
14609,3.5775985717773438,5.161383717794612,,,,
14610,3.4110777378082275,4.921144936422674,,,,
14611,3.4793519973754883,5.019643872120727,,,,
14612,3.44460391998291,4.9695129931860285,,,,
14613,3.4727187156677246,5.010074069496117,,,,
14614,3.6077017784118652,5.204813464721092,,,,
14615,3.48504900932312,5.02786292300546,,,,
14616,3.546542167663574,5.116578797591833,,,,
14617,3.457345724105835,4.98789553080615,,,,
14618,3.4709482192993164,5.0075197831655025,,,,
14619,3.46734356880188,5.002319371768713,,,,
14620,3.4318032264709473,4.95104549613638,,,,
14621,3.4849605560302734,5.02773531187852,,,,
14622,3.4955532550811768,5.043017346268887,,,,
14623,3.4070403575897217,4.915320228003252,,,,
14624,3.5260212421417236,5.086973360107008,,,,
14625,3.4004292488098145,4.905782414151703,,,,
14626,3.382917881011963,4.880518850670559,,,,
14627,3.5119779109954834,5.066713115904766,,,,
14628,3.478241443634033,5.018041681745289,,,,
14629,3.476658821105957,5.015758440072434,,,,
14630,3.55659556388855,5.131082782469697,,,,
14631,3.41418719291687,4.925630931887779,,,,
14632,3.464622735977173,4.99839403974542,,,,
14633,3.4613444805145264,4.993664516846692,,,,
14634,3.4476797580718994,4.973950489543591,,,,
14635,3.5022754669189453,5.052715447951042,,,,
14636,3.480767011642456,5.021685306186468,,,,
14637,3.4113621711730957,4.9215552870276325,,,,
14638,3.543285846710205,5.111880919500865,,,,
14639,3.3963098526000977,4.899839381668487,,,,
14640,3.40840482711792,4.917288741425028,,,,
14641,3.4841370582580566,5.02654725572636,,,,
14642,3.547557830810547,5.118044089777184,,,,
14643,3.478670358657837,5.0186604753230935,,,,
14644,3.5765023231506348,5.159802165337278,,,,
14645,3.472109079360962,5.009194550219604,,,,
14646,3.410536289215088,4.920363791222455,,,,
14647,3.4379937648773193,4.959976555195686,,,,
14648,3.5336742401123047,5.0980143023270985,,,,
14649,3.519709587097168,5.077867566674425,,,,
14650,3.5123589038848877,5.067262772456923,,,,
14651,3.3879032135009766,4.887711165129642,,,,
14652,3.408386707305908,4.917262600062097,,,,
14653,3.504857301712036,5.056440248203428,,,,
14654,3.4990546703338623,5.04806882069003,,,,
14655,3.455976963043213,4.985920826008944,,,,
14656,3.378868341445923,4.8746766000207495,,,,
14657,3.393608570098877,4.8959422547999365,,,,
14658,3.4935224056243896,5.040087449828789,,,,
14659,3.498810291290283,5.047716256255761,,,,
14660,3.5199592113494873,5.078227698345332,,,,
14661,3.51444149017334,5.070267309367496,,,,
14662,3.430701494216919,4.949456032477106,,,,
14663,3.473404884338379,5.011064001634483,,,,
14664,3.4812591075897217,5.02239525056923,,,,
14665,3.485750913619995,5.02887555685374,,,,
14666,3.4950499534606934,5.042291235516945,,,,
14667,3.5176076889038086,5.074835168574412,,,,
14668,3.44517183303833,4.970332318534739,,,,
14669,3.5002760887145996,5.04983095493077,,,,
14670,3.4359095096588135,4.956969610528001,,,,
14671,3.5195674896240234,5.077662563354597,,,,
14672,3.5225470066070557,5.081961097730262,,,,
14673,3.4743127822875977,5.012373821503454,,,,
14674,3.443019151687622,4.967226655825458,,,,
14675,3.5661580562591553,5.144878542791308,,,,
14676,3.463608741760254,4.9969311553171805,,,,
14677,3.4017696380615234,4.907716187078004,,,,
14678,3.450810670852661,4.978467441885852,,,,
14679,3.4382851123809814,4.960396880794394,,,,
14680,3.4322309494018555,4.9516625698876755,,,,
14681,3.4357681274414062,4.956765639104077,,,,
14682,3.4577410221099854,4.988465825276411,,,,
14683,3.4672889709472656,5.002240603714617,,,,
14684,3.379673480987549,4.875838170844677,,,,
14685,3.4645657539367676,4.998311832038308,,,,
14686,3.3820650577545166,4.879288486786287,,,,
14687,3.517514228820801,5.074700334176136,,,,
14688,3.417104482650757,4.929839691319694,,,,
14689,3.516631603240967,5.073426974629148,,,,
14690,3.518411636352539,5.075995019571831,,,,
14691,3.506303310394287,5.058526397758394,,,,
14692,3.463315486907959,4.996508077996058,,,,
14693,3.4406495094299316,4.9638079846916074,,,,
14694,3.4818108081817627,5.0231911862774234,,,,
14695,3.4909253120422363,5.0363406357970915,,,,
14696,3.512181520462036,5.067006862272439,,,,
14697,3.4593029022216797,4.990719141968016,,,,
14698,3.4093141555786133,4.918600625085809,,,,
14699,3.5454580783843994,5.115014787364887,,,,
14700,3.4746623039245605,5.0128780746357835,,,,
14701,3.5034055709838867,5.0543458434812205,,,,
14702,3.5166680812835693,5.073479601320312,,,,
14703,3.46665358543396,5.001323936185519,,,,
14704,3.4826862812042236,5.02445422686536,,,,
14705,3.431121349334717,4.9500617553734445,,,,
14706,3.465883255004883,5.000212584295643,,,,
14707,3.3547234535217285,4.839842889949695,,,,
14708,3.601529598236084,5.19590889099002,,,,
14709,3.451439380645752,4.979374478386502,,,,
14710,3.435047149658203,4.955725488031659,,,,
14711,3.420637607574463,4.9349369131259655,,,,
14712,3.4454150199890137,4.970683163142499,,,,
14713,3.408522367477417,4.917458316318779,,,,
14714,3.441361427307129,4.96483506508256,,,,
14715,3.510770797729492,5.064971619582129,,,,
14716,3.490753412246704,5.036092636814548,,,,
14717,3.487231731414795,5.031011925342758,,,,
14718,3.4875664710998535,5.031494852626381,,,,
14719,3.426697254180908,4.943679135234624,,,,
14720,3.5131897926330566,5.068461491533436,,,,
14721,3.47775936126709,5.017346183905199,,,,
14722,3.484666347503662,5.0273108586961905,,,,
14723,3.462286949157715,4.995024211684414,,,,
14724,3.518397331237793,5.075974381653728,,,,
14725,3.34505033493042,4.825887529728083,,,,
14726,3.494234085083008,5.04111418625444,,,,
14727,3.5339226722717285,5.0983727141714965,,,,
14728,3.5432019233703613,5.111759843714657,,,,
14729,3.4404473304748535,4.963516302115744,,,,
14730,3.4242985248565674,4.9402185003339625,,,,
14731,3.4069862365722656,4.91524214787976,,,,
14732,3.493051528930664,5.039408118357881,,,,
14733,3.4660582542419434,5.00046505482711,,,,
14734,3.5014538764953613,5.051530143521295,,,,
14735,3.4908108711242676,5.036175532452264,,,,
14736,3.4672658443450928,5.00220723908035,,,,
14737,3.5159552097320557,5.072451145068152,,,,
14738,3.5195236206054688,5.07759927373908,,,,
14739,3.405055522918701,4.912456716866386,,,,
14740,3.404932975769043,4.9122799187013,,,,
14741,3.453378200531006,4.9821716042201345,,,,
14742,3.444692611694336,4.96964094827827,,,,
14743,3.3683202266693115,4.859458887141805,,,,
14744,3.371725082397461,4.864371055615749,,,,
14745,3.5379905700683594,5.104241450149539,,,,
14746,3.5344462394714355,5.099128061974086,,,,
14747,3.4663949012756348,5.000950733833147,,,,
14748,3.418203592300415,4.931425371360649,,,,
14749,3.4750852584838867,5.013488269081045,,,,
14750,3.4362857341766357,4.957512387774123,,,,
14751,3.485774040222168,5.028908921488008,,,,
14752,3.4928345680236816,5.03909510993331,,,,
14753,3.5241775512695312,5.084313476428764,,,,
14754,3.3552892208099365,4.84065911961069,,,,
14755,3.4947361946105957,5.041838577179874,,,,
14756,3.4860644340515137,5.02932787122551,,,,
14757,3.4120535850524902,4.922552786402637,,,,
14758,3.449726104736328,4.976902743728301,,,,
14759,3.4550352096557617,4.984562163067127,,,,
14760,3.4441933631896973,4.968920684936457,,,,
14761,3.5379858016967773,5.104234570843504,,,,
14762,3.421903610229492,4.936763368878129,,,,
14763,3.5595664978027344,5.1353689340945,,,,
14764,3.3815016746520996,4.87847569677831,,,,
14765,3.4523746967315674,4.980723854265172,,,,
14766,3.4687209129333496,5.004306459316782,,,,
14767,3.501260280609131,5.051250843696294,,,,
14768,3.4441473484039307,4.9688542996332234,,,,
14769,3.409489870071411,4.918854127513181,,,,
14770,3.435802936553955,4.956815858038129,,,,
14771,3.403543472290039,4.9102752889228425,,,,
14772,3.410017728805542,4.919615666691202,,,,
14773,3.332125663757324,4.807241170721538,,,,
14774,3.474879264831543,5.013191083060354,,,,
14775,3.4701294898986816,5.006338606319376,,,,
14776,3.424609661102295,4.940667375052715,,,,
14777,3.532545328140259,5.0963856266234275,,,,
14778,3.5191447734832764,5.077052712874638,,,,
14779,3.468332052230835,5.003745451909667,,,,
14780,3.424814224243164,4.940962497281595,,,,
14781,3.3495986461639404,4.832449355789103,,,,
14782,3.4367995262145996,4.958253632999342,,,,
14783,3.4507899284362793,4.978437516904601,,,,
14784,3.445718765258789,4.971121374936898,,,,
14785,3.494541883468628,5.041558245458967,,,,
14786,3.5122203826904297,5.06706292861662,,,,
14787,3.4206995964050293,4.935026344104415,,,,
14788,3.4539108276367188,4.98294002270419,,,,
14789,3.4966540336608887,5.044605434066955,,,,
14790,3.524733304977417,5.085115259547086,,,,
14791,3.552258014678955,5.124825021735403,,,,
14792,3.4698567390441895,5.005945110014203,,,,
14793,3.5440800189971924,5.113026667920913,,,,
14794,3.4960904121398926,5.043792300093675,,,,
14795,3.457737922668457,4.988461353727489,,,,
14796,3.4458229541778564,4.9712716877737515,,,,
14797,3.476512908935547,5.015547933307778,,,,
14798,3.5141656398773193,5.0698693415133995,,,,
14799,3.4134061336517334,4.924504101559326,,,,
14800,3.380735158920288,4.877369848333261,4.17652006149292,6.025444780889105,,
14801,3.514716386795044,5.070663901360386,,,,
14802,3.4165048599243164,4.928974618585854,,,,
14803,3.527838706970215,5.089595407602062,,,,
14804,3.4859418869018555,5.029151073060423,,,,
14805,3.4836087226867676,5.025785028617736,,,,
14806,3.5607454776763916,5.137069842511534,,,,
14807,3.47279691696167,5.010186890115083,,,,
14808,3.439042568206787,4.961489658557976,,,,
14809,3.4940438270568848,5.040839701943662,,,,
14810,3.5582668781280518,5.133493979234794,,,,
14811,3.4188778400421143,4.932398105233929,,,,
14812,3.4607033729553223,4.992739594150352,,,,
14813,3.4374821186065674,4.959238405658183,,,,
14814,3.438009023666382,4.959998568974996,,,,
14815,3.4562582969665527,4.98632670506498,,,,
14816,3.4074740409851074,4.915945900887091,,,,
14817,3.456382989883423,4.986506598917782,,,,
14818,3.4263408184051514,4.943164907108544,,,,
14819,3.4062583446502686,4.914192021813593,,,,
14820,3.444551467895508,4.969437320819649,,,,
14821,3.4496045112609863,4.976727321424422,,,,
14822,3.4127914905548096,4.923617359011478,,,,
14823,3.499063014984131,5.048080859475591,,,,
14824,3.5276403427124023,5.089309228471026,,,,
14825,3.4626197814941406,4.995504387245623,,,,
14826,3.4413223266601562,4.964778654773077,,,,
14827,3.350627899169922,4.833934253996652,,,,
14828,3.5447616577148438,5.1140100647185465,,,,
14829,3.5153727531433105,5.071610837836037,,,,
14830,3.532588005065918,5.096447196412436,,,,
14831,3.513911247253418,5.069502330536459,,,,
14832,3.585956573486328,5.173441765411906,,,,
14833,3.516178607940674,5.072773440555869,,,,
14834,3.4504318237304688,4.97792088102141,,,,
14835,3.432224750518799,4.951653626789831,,,,
14836,3.430975914001465,4.9498519365393925,,,,
14837,3.5480117797851562,5.11869899971167,,,,
14838,3.4526495933532715,4.981120446258061,,,,
14839,3.4509215354919434,4.978627385751154,,,,
14840,3.4391531944274902,4.961649258457977,,,,
14841,3.482504367828369,5.024191781340143,,,,
14842,3.43890118598938,4.961285687134053,,,,
14843,3.525961399078369,5.086887024816274,,,,
14844,3.4748940467834473,5.0132124089090615,,,,
14845,3.434358596801758,4.954732116240275,,,,
14846,3.5375170707702637,5.1035583350603115,,,,
14847,3.42826247215271,4.945937267440453,,,,
14848,3.4787116050720215,5.018719981320292,,,,
14849,3.5451717376708984,5.114601685037514,,,,
14850,3.4568679332733154,4.9872062243414925,,,,
14851,3.394287586212158,4.896921867979251,,,,
14852,3.4673194885253906,5.0022846312732385,,,,
14853,3.407703161239624,4.91627645154205,,,,
14854,3.445896863937378,4.971378317017287,,,,
14855,3.5370233058929443,5.102845982920438,,,,
14856,3.554011344909668,5.1273545425642935,,,,
14857,3.4509575366973877,4.978679324511714,,,,
14858,3.435762643814087,4.956757727902137,,,,
14859,3.335200786590576,4.8116776351831945,,,,
14860,3.5108144283294678,5.065034565232344,,,,
14861,3.520151138305664,5.078504590413221,,,,
14862,3.4192023277282715,4.9328662420095775,,,,
14863,3.4542694091796875,4.9834573465179846,,,,
14864,3.379850387573242,4.876093393098557,,,,
14865,3.545017957687378,5.114379827417902,,,,
14866,3.5338284969329834,5.098236847877315,,,,
14867,3.4933691024780273,5.039866280139779,,,,
14868,3.5508408546447754,5.122780491981946,,,,
14869,3.481200695037842,5.0223109790703075,,,,
14870,3.3726391792297363,4.865689818582565,,,,
14871,3.4547946453094482,4.984215102077687,,,,
14872,3.4240455627441406,4.939853553148832,,,,
14873,3.437711715698242,4.959569644243744,,,,
14874,3.4555749893188477,4.985340900510234,,,,
14875,3.4716644287109375,5.008553054931886,,,,
14876,3.478914260864258,5.019012351826759,,,,
14877,3.4316561222076416,4.950833269545215,,,,
14878,3.539246082305908,5.106052771428426,,,,
14879,3.451618194580078,4.979632452362796,,,,
14880,3.518237352371216,5.07574358093627,,,,
14881,3.479307174682617,5.019579206644003,,,,
14882,3.3716230392456055,4.86422383846661,,,,
14883,3.507241725921631,5.059880245185986,,,,
14884,3.4700963497161865,5.006290795142436,,,,
14885,3.4509389400482178,4.97865249521818,,,,
14886,3.4641528129577637,4.997716084135718,,,,
14887,3.493760824203491,5.040431415130515,,,,
14888,3.439474582672119,4.962112923684703,,,,
14889,3.3940329551696777,4.896554513037008,,,,
14890,3.5368881225585938,5.10265095459436,,,,
14891,3.48952317237854,5.034317775857644,,,,
14892,3.442620277404785,4.966651201875671,,,,
14893,3.3834128379821777,4.881232922636942,,,,
14894,3.3236582279205322,4.795025243030752,,,,
14895,3.46110463142395,4.9933184877531565,,,,
14896,3.393345594406128,4.895562861072133,,,,
14897,3.4002089500427246,4.905464590212908,,,,
14898,3.4439425468444824,4.968558833439041,,,,
14899,3.505627393722534,5.057551256128002,,,,
14900,3.3212156295776367,4.791501318514573,,,,
14901,3.510953903198242,5.065235784933854,,,,
14902,3.4714818000793457,5.008289577510764,,,,
14903,3.3594985008239746,4.846731827012656,,,,
14904,3.5024147033691406,5.052916323687249,,,,
14905,3.3645105361938477,4.853962665585532,,,,
14906,3.3787941932678223,4.874569626811913,,,,
14907,3.4928359985351562,5.0390971737251204,,,,
14908,3.5246634483337402,5.08501447771368,,,,
14909,3.4137253761291504,4.924964671098337,,,,
14910,3.4515318870544434,4.9795079369235715,,,,
14911,3.5783157348632812,5.1624183654222024,,,,
14912,3.5105602741241455,5.064667898220705,,,,
14913,3.4865541458129883,5.030034375955254,,,,
14914,3.4401564598083496,4.963096664447638,,,,
14915,3.4853997230529785,5.028368895964299,,,,
14916,3.3583157062530518,4.845025415150794,,,,
14917,3.4607772827148438,4.9928462233938875,,,,
14918,3.4309701919555664,4.94984368137215,,,,
14919,3.546835422515869,5.1170018749129556,,,,
14920,3.4004576206207275,4.905823346022608,,,,
14921,3.372549533843994,4.865560487629116,,,,
14922,3.4165453910827637,4.929033092687147,,,,
14923,3.5492262840270996,5.1204511589586605,,,,
14924,3.502091884613037,5.052450594668713,,,,
14925,3.453908681869507,4.982936927016474,,,,
14926,3.4686532020568848,5.004208773171092,,,,
14927,3.4628374576568604,4.995818427566099,,,,
14928,3.4305367469787598,4.949218352453613,,,,
14929,3.4821131229400635,5.023627334280011,,,,
14930,3.4463133811950684,4.971979224399401,,,,
14931,3.4694948196411133,5.005422970686183,,,,
14932,3.4384822845458984,4.960681340098922,,,,
14933,3.406766414642334,4.91492501187157,,,,
14934,3.5143275260925293,5.070102893953272,,,,
14935,3.470548629760742,5.00694329731981,,,,
14936,3.489795207977295,5.034710240266913,,,,
14937,3.455371379852295,4.985047154142561,,,,
14938,3.4339418411254883,4.954130864892859,,,,
14939,3.4676191806793213,5.002716995657507,,,,
14940,3.3896703720092773,4.890260635946032,,,,
14941,3.511521339416504,5.066054422351961,,,,
14942,3.399923086166382,4.905052175816139,,,,
14943,3.420987606048584,4.935441854188899,,,,
14944,3.4462814331054688,4.97193313304897,,,,
14945,3.4308619499206543,4.949687521125167,,,,
14946,3.4076266288757324,4.9161660386801955,,,,
14947,3.3901572227478027,4.890963013092156,,,,
14948,3.432912826538086,4.952646310650611,,,,
14949,3.405545949935913,4.913164253492036,,,,
14950,3.4918065071105957,5.037611931552269,,,,
14951,3.479846715927124,5.020357600121807,,,,
14952,3.406461238861084,4.9144847362853605,,,,
14953,3.3825907707214355,4.880046930276592,,,,
14954,3.5107595920562744,5.0649554532129475,,,,
14955,3.4630112648010254,4.996069178271056,,,,
14956,3.439276695251465,4.961827432484271,,,,
14957,3.4068031311035156,4.914977982528035,,,,
14958,3.492624044418335,5.0387913885718865,,,,
14959,3.4722142219543457,5.009346238917665,,,,
14960,3.5127131938934326,5.0677739048952875,,,,
14961,3.5248172283172607,5.085236335333294,,,,
14962,3.454684257507324,4.984055846142987,,,,
14963,3.555250644683838,5.129142474202663,,,,
14964,3.381190299987793,4.878026478094256,,,,
14965,3.4324731826782227,4.952012038634229,,,,
14966,3.4186038970947266,4.932002889102247,,,,
14967,3.446284294128418,4.971937260632591,,,,
14968,3.358367443084717,4.845100055621269,,,,
14969,3.486265182495117,5.029617490009563,,,,
14970,3.479015827178955,5.019158881045294,,,,
14971,3.3939132690429688,4.896381842455542,,,,
14972,3.499579429626465,5.048825888319128,,,,
14973,3.4033803939819336,4.910040016656462,,,,
14974,3.5081820487976074,5.061236844335991,,,,
14975,3.4445157051086426,4.96938572602439,,,,
14976,3.3992443084716797,4.904072906602126,,,,
14977,3.41255521774292,4.923276489397468,,,,
14978,3.489626884460449,5.034467400763894,,,,
14979,3.5196614265441895,5.077798085683477,,,,
14980,3.4134199619293213,4.924524051546826,,,,
14981,3.5097217559814453,5.063458172254536,,,,
14982,3.53812837600708,5.104440262093936,,,,
14983,3.5153648853302,5.071599486981079,,,,
14984,3.3988308906555176,4.9034764707689344,,,,
14985,3.4108800888061523,4.920859789187543,,,,
14986,3.436107873916626,4.957255789659036,,,,
14987,3.5210342407226562,5.079778637890813,,,,
14988,3.3727900981903076,4.865907548618557,,,,
14989,3.4768965244293213,5.0161013734782545,,,,
14990,3.4559524059295654,4.985885397582866,,,,
14991,3.5266265869140625,5.087846688008089,,,,
14992,3.4961163997650146,5.043829792311564,,,,
14993,3.5237302780151367,5.0836681975227265,,,,
14994,3.4948065280914307,5.041940046943883,,,,
14995,3.524214029312134,5.084366103119928,,,,
14996,3.557814598083496,5.13284147705742,,,,
14997,3.436556339263916,4.957902788391582,,,,
14998,3.4482345581054688,4.974750896800706,,,,
14999,3.511838436126709,5.066511896203256,,,,
15000,3.4048757553100586,4.912197367028885,4.070004558563232,5.87177539303465,,
